RVA	VA	节	编码	置信	用字比	字符串
CEO.exe+13FE	0x4013FE	.text	ascii	高	1.00	PSQRW
CEO.exe+1513	0x401513	.text	ascii	高	1.00	RSWj
CEO.exe+1A1D	0x401A1D	.text	ascii	高	1.00	PSWQR
CEO.exe+1A49	0x401A49	.text	ascii	高	1.00	QSWRP
CEO.exe+1D26	0x401D26	.text	ascii	高	1.00	Au\t_
CEO.exe+1E13	0x401E13	.text	ascii	高	1.00	RSVj
CEO.exe+1E33	0x401E33	.text	ascii	高	1.00	=8-L
CEO.exe+1EB5	0x401EB5	.text	ascii	高	1.00	QSRP
CEO.exe+215A	0x40215A	.text	ascii	高	1.00	50'J
CEO.exe+2184	0x402184	.text	ascii	高	1.00	50'J
CEO.exe+2606	0x402606	.text	ascii	高	1.00	f;CVt"
CEO.exe+2672	0x402672	.text	ascii	高	1.00	tn@;
CEO.exe+2C85	0x402C85	.text	ascii	高	1.00	5dCL
CEO.exe+2C8B	0x402C8B	.text	ascii	高	1.00	5xCL
CEO.exe+3A3B	0x403A3B	.text	ascii	高	1.00	}\tF;5
CEO.exe+3CA6	0x403CA6	.text	ascii	高	1.00	RPWQ
CEO.exe+3DD3	0x403DD3	.text	ascii	高	1.00	RPVQ
CEO.exe+3E8F	0x403E8F	.text	ascii	高	1.00	~;f9N
CEO.exe+3EBE	0x403EBE	.text	ascii	高	1.00	RPWQ
CEO.exe+3FA9	0x403FA9	.text	ascii	高	1.00	RPWQ
CEO.exe+4011	0x404011	.text	ascii	高	1.00	SVWP
CEO.exe+402B	0x40402B	.text	ascii	高	1.00	hp'J
CEO.exe+405F	0x40405F	.text	ascii	高	1.00	~eVW
CEO.exe+40CB	0x4040CB	.text	ascii	高	1.00	h`'J
CEO.exe+420A	0x40420A	.text	ascii	高	1.00	F4G;
CEO.exe+425B	0x40425B	.text	ascii	高	1.00	Y_^[
CEO.exe+4279	0x404279	.text	ascii	高	1.00	jMh`'J
CEO.exe+44C8	0x4044C8	.text	ascii	高	1.00	5P'J
CEO.exe+4803	0x404803	.text	ascii	高	1.00	QSW3
CEO.exe+4B6A	0x404B6A	.text	ascii	高	1.00	SVW3
CEO.exe+4E75	0x404E75	.text	ascii	高	1.00	SQRP
CEO.exe+4EF3	0x404EF3	.text	ascii	高	1.00	VPQR
CEO.exe+4F84	0x404F84	.text	ascii	高	1.00	SQRP
CEO.exe+501F	0x40501F	.text	ascii	高	1.00	VQRP
CEO.exe+50CD	0x4050CD	.text	ascii	高	1.00	<}T*L
CEO.exe+523C	0x40523C	.text	ascii	高	1.00	$PQV
CEO.exe+52B3	0x4052B3	.text	ascii	高	1.00	z=SV
CEO.exe+568D	0x40568D	.text	ascii	高	1.00	SQRP
CEO.exe+56E0	0x4056E0	.text	ascii	高	1.00	58'J
CEO.exe+57C8	0x4057C8	.text	ascii	高	1.00	$SQR
CEO.exe+5808	0x405808	.text	ascii	高	1.00	tdSj
CEO.exe+5972	0x405972	.text	ascii	高	1.00	$PQR
CEO.exe+5AA1	0x405AA1	.text	ascii	高	1.00	NOKu
CEO.exe+5E77	0x405E77	.text	ascii	高	1.00	SVWhP
CEO.exe+619A	0x40619A	.text	ascii	高	1.00	u%f9
CEO.exe+6283	0x406283	.text	ascii	高	1.00	u(+L
CEO.exe+62A9	0x4062A9	.text	ascii	高	1.00	uT*L
CEO.exe+646B	0x40646B	.text	ascii	高	1.00	uT*L
CEO.exe+6489	0x406489	.text	ascii	高	1.00	58'J
CEO.exe+64D8	0x4064D8	.text	ascii	高	1.00	58'J
CEO.exe+6C6A	0x406C6A	.text	ascii	高	1.00	hT*L
CEO.exe+6C7E	0x406C7E	.text	ascii	高	1.00	h(+L
CEO.exe+6D71	0x406D71	.text	ascii	高	1.00	E(+L
CEO.exe+6DF6	0x406DF6	.text	ascii	高	1.00	G;=|
CEO.exe+6E42	0x406E42	.text	ascii	高	1.00	MT*L
CEO.exe+6E71	0x406E71	.text	ascii	高	1.00	M(+L
CEO.exe+7261	0x407261	.text	ascii	高	1.00	$WQSP
CEO.exe+7555	0x407555	.text	ascii	高	1.00	f9<E
CEO.exe+7DF2	0x407DF2	.text	ascii	高	1.00	f+C f+C
CEO.exe+8B7A	0x408B7A	.text	ascii	高	1.00	j PQ
CEO.exe+90FE	0x4090FE	.text	ascii	高	1.00	58-L
CEO.exe+9145	0x409145	.text	ascii	高	1.00	=8-L
CEO.exe+9153	0x409153	.text	ascii	高	1.00	u$h`KC
CEO.exe+91B2	0x4091B2	.text	ascii	高	1.00	j/h{
CEO.exe+9234	0x409234	.text	ascii	高	1.00	=<-L
CEO.exe+9793	0x409793	.text	ascii	高	1.00	=8-L
CEO.exe+9937	0x409937	.text	ascii	高	1.00	=8-L
CEO.exe+9AB0	0x409AB0	.text	ascii	高	1.00	=8-L
CEO.exe+9B75	0x409B75	.text	ascii	高	1.00	=8-L
CEO.exe+9C40	0x409C40	.text	ascii	高	1.00	=8-L
CEO.exe+9D0B	0x409D0B	.text	ascii	高	1.00	=8-L
CEO.exe+9D77	0x409D77	.text	ascii	高	1.00	=8-L
CEO.exe+A097	0x40A097	.text	ascii	高	1.00	}\tF;5
CEO.exe+A0D2	0x40A0D2	.text	ascii	高	1.00	~uVW
CEO.exe+A11C	0x40A11C	.text	ascii	高	1.00	FPh_J
CEO.exe+A13D	0x40A13D	.text	ascii	高	1.00	}\tG;=
CEO.exe+A501	0x40A501	.text	ascii	高	1.00	=<-L
CEO.exe+A54A	0x40A54A	.text	ascii	高	1.00	=8-L
CEO.exe+A581	0x40A581	.text	ascii	高	1.00	=<-L
CEO.exe+A691	0x40A691	.text	ascii	高	1.00	=<-L
CEO.exe+A7CB	0x40A7CB	.text	ascii	高	1.00	=<-L
CEO.exe+A887	0x40A887	.text	ascii	高	1.00	VQRP
CEO.exe+A8E8	0x40A8E8	.text	ascii	高	1.00	VRPj
CEO.exe+A90A	0x40A90A	.text	ascii	高	1.00	VQRP
CEO.exe+A997	0x40A997	.text	ascii	高	1.00	=<-L
CEO.exe+A9E9	0x40A9E9	.text	ascii	高	1.00	PX)U
CEO.exe+A9EF	0x40A9EF	.text	ascii	高	1.00	@\)E
CEO.exe+AB71	0x40AB71	.text	ascii	高	1.00	=<-L
CEO.exe+ABB1	0x40ABB1	.text	ascii	高	1.00	=<-L
CEO.exe+ACDF	0x40ACDF	.text	ascii	高	1.00	=HCL
CEO.exe+AD06	0x40AD06	.text	ascii	高	1.00	RPPPPh
CEO.exe+AE7E	0x40AE7E	.text	ascii	高	1.00	5 -L
CEO.exe+AE93	0x40AE93	.text	ascii	高	1.00	QSSSh
CEO.exe+AEC8	0x40AEC8	.text	ascii	高	1.00	5t J
CEO.exe+AEF6	0x40AEF6	.text	ascii	高	1.00	5TCL
CEO.exe+AF1B	0x40AF1B	.text	ascii	高	1.00	=<-L
CEO.exe+AF7D	0x40AF7D	.text	ascii	高	1.00	5PCL
CEO.exe+B191	0x40B191	.text	ascii	高	1.00	~zSV
CEO.exe+B1D9	0x40B1D9	.text	ascii	高	1.00	s ;=
CEO.exe+B318	0x40B318	.text	ascii	高	1.00	=4-L
CEO.exe+B34E	0x40B34E	.text	ascii	高	1.00	=8-L
CEO.exe+B507	0x40B507	.text	ascii	高	1.00	jdh`
CEO.exe+B529	0x40B529	.text	ascii	高	1.00	QPPh
CEO.exe+B536	0x40B536	.text	ascii	高	1.00	hx-L
CEO.exe+B57F	0x40B57F	.text	ascii	高	1.00	ht(J
CEO.exe+B5D9	0x40B5D9	.text	ascii	高	1.00	hl(J
CEO.exe+B6AC	0x40B6AC	.text	ascii	高	1.00	Shi(J
CEO.exe+B6B2	0x40B6B2	.text	ascii	高	1.00	hX(J
CEO.exe+BA00	0x40BA00	.text	ascii	高	1.00	=8-L
CEO.exe+BA80	0x40BA80	.text	ascii	高	1.00	=t J
CEO.exe+BE3F	0x40BE3F	.text	ascii	高	1.00	PQRj
CEO.exe+BE63	0x40BE63	.text	ascii	高	1.00	5dCL
CEO.exe+BE75	0x40BE75	.text	ascii	高	1.00	5xCL
CEO.exe+BE84	0x40BE84	.text	ascii	高	1.00	PQRj
CEO.exe+BF69	0x40BF69	.text	ascii	高	1.00	5dCL
CEO.exe+BF73	0x40BF73	.text	ascii	高	1.00	5xCL
CEO.exe+C16F	0x40C16F	.text	ascii	高	1.00	PVWj
CEO.exe+C247	0x40C247	.text	ascii	高	1.00	PVWj
CEO.exe+C341	0x40C341	.text	ascii	高	1.00	5dCL
CEO.exe+C351	0x40C351	.text	ascii	高	1.00	5xCL
CEO.exe+C671	0x40C671	.text	ascii	高	1.00	5dCL
CEO.exe+C67A	0x40C67A	.text	ascii	高	1.00	5xCL
CEO.exe+C73A	0x40C73A	.text	ascii	高	1.00	958-L
CEO.exe+CB67	0x40CB67	.text	ascii	高	1.00	T:\tR
CEO.exe+CB99	0x40CB99	.text	ascii	高	1.00	}$@PV
CEO.exe+D082	0x40D082	.text	ascii	高	1.00	xV;U
CEO.exe+D0BF	0x40D0BF	.text	ascii	高	1.00	B@;U
CEO.exe+D0E3	0x40D0E3	.text	ascii	高	1.00	}S;U
CEO.exe+D120	0x40D120	.text	ascii	高	1.00	B@;U
CEO.exe+D12A	0x40D12A	.text	ascii	高	1.00	~\t[^3
CEO.exe+D454	0x40D454	.text	ascii	高	1.00	tDG;~
CEO.exe+D718	0x40D718	.text	ascii	高	1.00	sy;=
CEO.exe+D764	0x40D764	.text	ascii	高	1.00	B|,f
CEO.exe+D98F	0x40D98F	.text	ascii	高	1.00	F>)A
CEO.exe+DA66	0x40DA66	.text	ascii	高	1.00	3F;s
CEO.exe+DE08	0x40DE08	.text	ascii	高	1.00	=8-L
CEO.exe+DE58	0x40DE58	.text	ascii	高	1.00	=8-L
CEO.exe+E105	0x40E105	.text	ascii	高	1.00	$hi(J
CEO.exe+E7BA	0x40E7BA	.text	ascii	高	1.00	FD_^
CEO.exe+EAAD	0x40EAAD	.text	ascii	高	1.00	!hi(J
CEO.exe+ECE4	0x40ECE4	.text	ascii	高	1.00	s\t;{
CEO.exe+ED54	0x40ED54	.text	ascii	高	1.00	s!;S
CEO.exe+EF99	0x40EF99	.text	ascii	高	1.00	WXPj
CEO.exe+F17B	0x40F17B	.text	ascii	高	1.00	T@&f
CEO.exe+F184	0x40F184	.text	ascii	高	1.00	D@%f
CEO.exe+F18D	0x40F18D	.text	ascii	高	1.00	L@$f
CEO.exe+F1BC	0x40F1BC	.text	ascii	高	1.00	NPPQ
CEO.exe+F3C8	0x40F3C8	.text	ascii	高	1.00	f9T1
CEO.exe+F910	0x40F910	.text	ascii	高	1.00	PN[_^
CEO.exe+FAE1	0x40FAE1	.text	ascii	高	1.00	VPQR
CEO.exe+FB6B	0x40FB6B	.text	ascii	高	1.00	RPQS
CEO.exe+FECD	0x40FECD	.text	ascii	高	1.00	Y_^[
CEO.exe+FEF0	0x40FEF0	.text	ascii	高	1.00	Y_^[
CEO.exe+100D6	0x4100D6	.text	ascii	高	1.00	FPRj
CEO.exe+10200	0x410200	.text	ascii	高	1.00	!F !F(!F0!F8!F@
CEO.exe+102F3	0x4102F3	.text	ascii	高	1.00	f9~ 
CEO.exe+10353	0x410353	.text	ascii	高	1.00	QRSW
CEO.exe+1038B	0x41038B	.text	ascii	高	1.00	Q"VR
CEO.exe+10417	0x410417	.text	ascii	高	1.00	VRQP
CEO.exe+10453	0x410453	.text	ascii	高	1.00	B"QP
CEO.exe+10536	0x410536	.text	ascii	高	1.00	B"QP
CEO.exe+1066A	0x41066A	.text	ascii	高	1.00	sJ;=
CEO.exe+10683	0x410683	.text	ascii	高	1.00	QRWV
CEO.exe+1078F	0x41078F	.text	ascii	高	1.00	QRWV
CEO.exe+10D21	0x410D21	.text	ascii	高	1.00	SVWP
CEO.exe+10D39	0x410D39	.text	ascii	高	1.00	hD)J
CEO.exe+10D70	0x410D70	.text	ascii	高	1.00	~^Vj
CEO.exe+10DDB	0x410DDB	.text	ascii	高	1.00	h0)J
CEO.exe+110AD	0x4110AD	.text	ascii	高	1.00	upWj
CEO.exe+11427	0x411427	.text	ascii	高	1.00	t\tC;
CEO.exe+114F0	0x4114F0	.text	ascii	高	1.00	~`Vj
CEO.exe+11547	0x411547	.text	ascii	高	1.00	t\tF;
CEO.exe+1160D	0x41160D	.text	ascii	高	1.00	Y_^[
CEO.exe+1162E	0x41162E	.text	ascii	高	1.00	h0)J
CEO.exe+11686	0x411686	.text	ascii	高	1.00	hX)J
CEO.exe+11864	0x411864	.text	ascii	高	1.00	t7j$h
CEO.exe+11886	0x411886	.text	ascii	高	1.00	h *J
CEO.exe+118D4	0x4118D4	.text	ascii	高	1.00	t7j)h
CEO.exe+118F6	0x4118F6	.text	ascii	高	1.00	h@*J
CEO.exe+11954	0x411954	.text	ascii	高	1.00	t7j2h
CEO.exe+11976	0x411976	.text	ascii	高	1.00	hp*J
CEO.exe+119C1	0x4119C1	.text	ascii	高	1.00	=HDL
CEO.exe+11A11	0x411A11	.text	ascii	高	1.00	=LDL
CEO.exe+11A74	0x411A74	.text	ascii	高	1.00	t7jPh
CEO.exe+11AF4	0x411AF4	.text	ascii	高	1.00	t7jUh
CEO.exe+11B64	0x411B64	.text	ascii	高	1.00	t7jZh
CEO.exe+11C04	0x411C04	.text	ascii	高	1.00	t7jnh
CEO.exe+11C74	0x411C74	.text	ascii	高	1.00	t7jvh
CEO.exe+11C96	0x411C96	.text	ascii	高	1.00	hD+J
CEO.exe+11D29	0x411D29	.text	ascii	高	1.00	hp+J
CEO.exe+11DC9	0x411DC9	.text	ascii	高	1.00	hp+J
CEO.exe+12248	0x412248	.text	ascii	高	1.00	f9>t
CEO.exe+1241E	0x41241E	.text	ascii	高	1.00	tH;}
CEO.exe+124E5	0x4124E5	.text	ascii	高	1.00	58'J
CEO.exe+12A0B	0x412A0B	.text	ascii	高	1.00	58'J
CEO.exe+132C3	0x4132C3	.text	ascii	高	1.00	58'J
CEO.exe+132FF	0x4132FF	.text	ascii	高	1.00	h`#A
CEO.exe+133A4	0x4133A4	.text	ascii	高	1.00	58'J
CEO.exe+137D4	0x4137D4	.text	ascii	高	1.00	Y_^[
CEO.exe+13A61	0x413A61	.text	ascii	高	1.00	PQRj
CEO.exe+13AA4	0x413AA4	.text	ascii	高	1.00	PQRj
CEO.exe+13C9F	0x413C9F	.text	ascii	高	1.00	PVWj
CEO.exe+13D49	0x413D49	.text	ascii	高	1.00	PVWj
CEO.exe+13F29	0x413F29	.text	ascii	高	1.00	58'J
CEO.exe+1444F	0x41444F	.text	ascii	高	1.00	}\tG;=
CEO.exe+14540	0x414540	.text	ascii	高	1.00	\tG;=
CEO.exe+1462F	0x41462F	.text	ascii	高	1.00	}\tG;=
CEO.exe+1471F	0x41471F	.text	ascii	高	1.00	}\tG;=
CEO.exe+1480F	0x41480F	.text	ascii	高	1.00	}\tG;=
CEO.exe+14903	0x414903	.text	ascii	高	1.00	}\tG;=
CEO.exe+14BA9	0x414BA9	.text	ascii	高	1.00	}\tC;
CEO.exe+14C99	0x414C99	.text	ascii	高	1.00	}\tC;
CEO.exe+154D9	0x4154D9	.text	ascii	高	1.00	VPWR
CEO.exe+155F0	0x4155F0	.text	ascii	高	1.00	,_^3
CEO.exe+156E1	0x4156E1	.text	ascii	高	1.00	,_^3
CEO.exe+15A35	0x415A35	.text	ascii	高	1.00	f9L0
CEO.exe+15AF5	0x415AF5	.text	ascii	高	1.00	f9L0
CEO.exe+15B58	0x415B58	.text	ascii	高	1.00	f9t9
CEO.exe+15BED	0x415BED	.text	ascii	高	1.00	PQWR
CEO.exe+15DB1	0x415DB1	.text	ascii	高	1.00	5dCL
CEO.exe+15DBA	0x415DBA	.text	ascii	高	1.00	5xCL
CEO.exe+15EA8	0x415EA8	.text	ascii	高	1.00	VWuE
CEO.exe+15FE1	0x415FE1	.text	ascii	高	1.00	8F\tu18F
CEO.exe+15FF4	0x415FF4	.text	ascii	高	1.00	u!f9~
CEO.exe+15FFC	0x415FFC	.text	ascii	高	1.00	f9~"u
CEO.exe+16040	0x416040	.text	ascii	高	1.00	h `A
CEO.exe+16126	0x416126	.text	ascii	高	1.00	hP`A
CEO.exe+16160	0x416160	.text	ascii	高	1.00	h@aA
CEO.exe+1661D	0x41661D	.text	ascii	高	1.00	WVRP
CEO.exe+16660	0x416660	.text	ascii	高	1.00	_$p0A
CEO.exe+17318	0x417318	.text	ascii	高	1.00	N|WPj
CEO.exe+17F2E	0x417F2E	.text	ascii	高	1.00	W;5(
CEO.exe+17F44	0x417F44	.text	ascii	高	1.00	=8-L
CEO.exe+180BD	0x4180BD	.text	ascii	高	1.00	h ~A
CEO.exe+182EE	0x4182EE	.text	ascii	高	1.00	s3;q
CEO.exe+18A08	0x418A08	.text	ascii	高	1.00	5f9p
CEO.exe+18DE8	0x418DE8	.text	ascii	高	1.00	=\CL
CEO.exe+19465	0x419465	.text	ascii	高	1.00	QPh0
CEO.exe+19471	0x419471	.text	ascii	高	1.00	j)j\t
CEO.exe+194B8	0x4194B8	.text	ascii	高	1.00	=8-L
CEO.exe+19531	0x419531	.text	ascii	高	1.00	QRPj
CEO.exe+197BF	0x4197BF	.text	ascii	高	1.00	PSWVQ
CEO.exe+19CD3	0x419CD3	.text	ascii	高	1.00	SWJ#
CEO.exe+1A07B	0x41A07B	.text	ascii	高	1.00	$_^3
CEO.exe+1AD0D	0x41AD0D	.text	ascii	高	1.00	t=VW
CEO.exe+1B382	0x41B382	.text	ascii	高	1.00	=8-L
CEO.exe+1B3A4	0x41B3A4	.text	ascii	高	1.00	j/h{
CEO.exe+1B4E7	0x41B4E7	.text	ascii	高	1.00	j QR
CEO.exe+1B500	0x41B500	.text	ascii	高	1.00	j)j\t
CEO.exe+1B546	0x41B546	.text	ascii	高	1.00	NxPj
CEO.exe+1B6F1	0x41B6F1	.text	ascii	高	1.00	RPWQS
CEO.exe+1B7BC	0x41B7BC	.text	ascii	高	1.00	958-L
CEO.exe+1C1B8	0x41C1B8	.text	ascii	高	1.00	NPPQ
CEO.exe+1C20A	0x41C20A	.text	ascii	高	1.00	=8-L
CEO.exe+1C22C	0x41C22C	.text	ascii	高	1.00	j/h{
CEO.exe+1C2F0	0x41C2F0	.text	ascii	高	1.00	j PS
CEO.exe+1C31B	0x41C31B	.text	ascii	高	1.00	j)j\t
CEO.exe+1C358	0x41C358	.text	ascii	高	1.00	NxSj
CEO.exe+1C3CF	0x41C3CF	.text	ascii	高	1.00	jPRf
CEO.exe+1C535	0x41C535	.text	ascii	高	1.00	$SVW
CEO.exe+1CAE3	0x41CAE3	.text	ascii	高	1.00	N\tQj
CEO.exe+1CB21	0x41CB21	.text	ascii	高	1.00	F1Pj
CEO.exe+1CB41	0x41CB41	.text	ascii	高	1.00	NCQj
CEO.exe+1CB61	0x41CB61	.text	ascii	高	1.00	VJRj
CEO.exe+1CB81	0x41CB81	.text	ascii	高	1.00	FVPj
CEO.exe+1CBA1	0x41CBA1	.text	ascii	高	1.00	N\Qj
CEO.exe+1CBC1	0x41CBC1	.text	ascii	高	1.00	VdRj
CEO.exe+1CC01	0x41CC01	.text	ascii	高	1.00	FwPj
CEO.exe+1CD3C	0x41CD3C	.text	ascii	高	1.00	h\,J
CEO.exe+1CD54	0x41CD54	.text	ascii	高	1.00	hL,J
CEO.exe+1CD80	0x41CD80	.text	ascii	高	1.00	j}h<,J
CEO.exe+1CDC7	0x41CDC7	.text	ascii	高	1.00	h<,J
CEO.exe+1CF13	0x41CF13	.text	ascii	高	1.00	j h,,J
CEO.exe+1CF2F	0x41CF2F	.text	ascii	高	1.00	j h ,J
CEO.exe+1D011	0x41D011	.text	ascii	高	1.00	h<,J
CEO.exe+1D037	0x41D037	.text	ascii	高	1.00	h<,J
CEO.exe+1D091	0x41D091	.text	ascii	高	1.00	SVWP
CEO.exe+1D0BB	0x41D0BB	.text	ascii	高	1.00	Wu$h
CEO.exe+1D0D2	0x41D0D2	.text	ascii	高	1.00	h|,J
CEO.exe+1D0FD	0x41D0FD	.text	ascii	高	1.00	hl,J
CEO.exe+1D510	0x41D510	.text	ascii	高	1.00	|:hn
CEO.exe+1D517	0x41D517	.text	ascii	高	1.00	h<,J
CEO.exe+1D5EC	0x41D5EC	.text	ascii	高	1.00	RjpP
CEO.exe+1D659	0x41D659	.text	ascii	高	1.00	Y_^[
CEO.exe+1D7D1	0x41D7D1	.text	ascii	高	1.00	SVWP
CEO.exe+1D81F	0x41D81F	.text	ascii	高	1.00	h|,J
CEO.exe+1D84A	0x41D84A	.text	ascii	高	1.00	hl,J
CEO.exe+1D8E0	0x41D8E0	.text	ascii	高	1.00	h<,J
CEO.exe+1D8FD	0x41D8FD	.text	ascii	高	1.00	h<,J
CEO.exe+1DA9A	0x41DA9A	.text	ascii	高	1.00	}\tF;5
CEO.exe+1DE04	0x41DE04	.text	ascii	高	1.00	h<,J
CEO.exe+1DE2A	0x41DE2A	.text	ascii	高	1.00	h<,J
CEO.exe+1DE8D	0x41DE8D	.text	ascii	高	1.00	t$hy
CEO.exe+1DE94	0x41DE94	.text	ascii	高	1.00	h<,J
CEO.exe+1DEC1	0x41DEC1	.text	ascii	高	1.00	h<,J
CEO.exe+1DEF6	0x41DEF6	.text	ascii	高	1.00	SjpR
CEO.exe+1DF5A	0x41DF5A	.text	ascii	高	1.00	u1hh
CEO.exe+1E06E	0x41E06E	.text	ascii	高	1.00	=8-L
CEO.exe+1E0A7	0x41E0A7	.text	ascii	高	1.00	t$SS
CEO.exe+1E112	0x41E112	.text	ascii	高	1.00	Y_^[
CEO.exe+1E66F	0x41E66F	.text	ascii	高	1.00	=<-L
CEO.exe+1E6AB	0x41E6AB	.text	ascii	高	1.00	=8-L
CEO.exe+1E707	0x41E707	.text	ascii	高	1.00	j}jd
CEO.exe+1E73F	0x41E73F	.text	ascii	高	1.00	t=9=,
CEO.exe+1E74A	0x41E74A	.text	ascii	高	1.00	=8-L
CEO.exe+1E7B3	0x41E7B3	.text	ascii	高	1.00	=8-L
CEO.exe+1EAB3	0x41EAB3	.text	ascii	高	1.00	SVW3
CEO.exe+1EB83	0x41EB83	.text	ascii	高	1.00	SVW3
CEO.exe+1ED50	0x41ED50	.text	ascii	高	1.00	VWhP
CEO.exe+1EDCD	0x41EDCD	.text	ascii	高	1.00	~xSW3
CEO.exe+1EE94	0x41EE94	.text	ascii	高	1.00	Gf9X
CEO.exe+1EE9B	0x41EE9B	.text	ascii	高	1.00	Gf9X
CEO.exe+1EF71	0x41EF71	.text	ascii	高	1.00	SVWP
CEO.exe+1F058	0x41F058	.text	ascii	高	1.00	hh.J
CEO.exe+1F077	0x41F077	.text	ascii	高	1.00	hX.J
CEO.exe+1F0B3	0x41F0B3	.text	ascii	高	1.00	hH.J
CEO.exe+1F0F9	0x41F0F9	.text	ascii	高	1.00	h8.J
CEO.exe+1F139	0x41F139	.text	ascii	高	1.00	h(.J
CEO.exe+1F2D8	0x41F2D8	.text	ascii	高	1.00	hh-J
CEO.exe+1F380	0x41F380	.text	ascii	高	1.00	$Sh0-J
CEO.exe+1F40A	0x41F40A	.text	ascii	高	1.00	Y_^[
CEO.exe+1F500	0x41F500	.text	ascii	高	1.00	SVW3
CEO.exe+1F54D	0x41F54D	.text	ascii	高	1.00	}\tF;5
CEO.exe+1F76D	0x41F76D	.text	ascii	高	1.00	h|.J
CEO.exe+1F80D	0x41F80D	.text	ascii	高	1.00	h|.J
CEO.exe+202C5	0x4202C5	.text	ascii	高	1.00	CG;=
CEO.exe+202CD	0x4202CD	.text	ascii	高	1.00	}\tF;5
CEO.exe+204B5	0x4204B5	.text	ascii	高	1.00	f9\0
CEO.exe+204E6	0x4204E6	.text	ascii	高	1.00	95hCL
CEO.exe+2054C	0x42054C	.text	ascii	高	1.00	GF;5hCL
CEO.exe+20590	0x420590	.text	ascii	高	1.00	95hCL
CEO.exe+205FC	0x4205FC	.text	ascii	高	1.00	GF;5hCL
CEO.exe+2061E	0x42061E	.text	ascii	高	1.00	95hCL
CEO.exe+2068D	0x42068D	.text	ascii	高	1.00	GF;5hCL
CEO.exe+206AF	0x4206AF	.text	ascii	高	1.00	95hCL
CEO.exe+2071D	0x42071D	.text	ascii	高	1.00	GF;5hCL
CEO.exe+2081D	0x42081D	.text	ascii	高	1.00	NOKu
CEO.exe+20E01	0x420E01	.text	ascii	高	1.00	5dCL
CEO.exe+20E0A	0x420E0A	.text	ascii	高	1.00	5xCL
CEO.exe+21842	0x421842	.text	ascii	高	1.00	t_Pj
CEO.exe+21B67	0x421B67	.text	ascii	高	1.00	t%Hu]
CEO.exe+21BDF	0x421BDF	.text	ascii	高	1.00	t!HuU
CEO.exe+21F6B	0x421F6B	.text	ascii	高	1.00	j SPQh
CEO.exe+21FD0	0x421FD0	.text	ascii	高	1.00	jCSRPh
CEO.exe+2214F	0x42214F	.text	ascii	高	1.00	j PQR
CEO.exe+22165	0x422165	.text	ascii	高	1.00	jCPQR
CEO.exe+2232F	0x42232F	.text	ascii	高	1.00	SPQh
CEO.exe+22384	0x422384	.text	ascii	高	1.00	SPQh
CEO.exe+223DC	0x4223DC	.text	ascii	高	1.00	Qj j
CEO.exe+22409	0x422409	.text	ascii	高	1.00	j.PQR
CEO.exe+22546	0x422546	.text	ascii	高	1.00	QRPh
CEO.exe+226F3	0x4226F3	.text	ascii	高	1.00	j)QRP
CEO.exe+228BE	0x4228BE	.text	ascii	高	1.00	h0'B
CEO.exe+22D3E	0x422D3E	.text	ascii	高	1.00	54DL
CEO.exe+22EA5	0x422EA5	.text	ascii	高	1.00	N;=,
CEO.exe+2314D	0x42314D	.text	ascii	高	1.00	PQRV
CEO.exe+23310	0x423310	.text	ascii	高	1.00	hP+B
CEO.exe+2391A	0x42391A	.text	ascii	高	1.00	PQRV
CEO.exe+23985	0x423985	.text	ascii	高	1.00	_}$j
CEO.exe+23BB1	0x423BB1	.text	ascii	高	1.00	SVWP
CEO.exe+24ADA	0x424ADA	.text	ascii	高	1.00	|I;=@
CEO.exe+24AE2	0x424AE2	.text	ascii	高	1.00	|A;5D
CEO.exe+24AEA	0x424AEA	.text	ascii	高	1.00	}9;=H
CEO.exe+24D26	0x424D26	.text	ascii	高	1.00	Rj~WV
CEO.exe+24FE1	0x424FE1	.text	ascii	高	1.00	Y_^[
CEO.exe+250EF	0x4250EF	.text	ascii	高	1.00	h(/J
CEO.exe+2512F	0x42512F	.text	ascii	高	1.00	FG;u
CEO.exe+25192	0x425192	.text	ascii	高	1.00	h(/J
CEO.exe+251CC	0x4251CC	.text	ascii	高	1.00	t6Wj
CEO.exe+25228	0x425228	.text	ascii	高	1.00	Y_^[
CEO.exe+25243	0x425243	.text	ascii	高	1.00	|SVW
CEO.exe+2534D	0x42534D	.text	ascii	高	1.00	f;H@
CEO.exe+2565E	0x42565E	.text	ascii	高	1.00	f;H@
CEO.exe+257E4	0x4257E4	.text	ascii	高	1.00	50'J
CEO.exe+25912	0x425912	.text	ascii	高	1.00	Y_^[
CEO.exe+25955	0x425955	.text	ascii	高	1.00	h(/J
CEO.exe+259F5	0x4259F5	.text	ascii	高	1.00	Y_^[
CEO.exe+25A21	0x425A21	.text	ascii	高	1.00	SVWP
CEO.exe+25A5B	0x425A5B	.text	ascii	高	1.00	h(/J
CEO.exe+25BB0	0x425BB0	.text	ascii	高	1.00	hi(J
CEO.exe+25BB5	0x425BB5	.text	ascii	高	1.00	hl/J
CEO.exe+25C24	0x425C24	.text	ascii	高	1.00	hX/J
CEO.exe+25D27	0x425D27	.text	ascii	高	1.00	T0hA
CEO.exe+25D72	0x425D72	.text	ascii	高	1.00	Y_^[
CEO.exe+25DB1	0x425DB1	.text	ascii	高	1.00	SVWP
CEO.exe+25DFF	0x425DFF	.text	ascii	高	1.00	~eVW
CEO.exe+25F4E	0x425F4E	.text	ascii	高	1.00	^@Wj
CEO.exe+25F5F	0x425F5F	.text	ascii	高	1.00	^HWj
CEO.exe+25F70	0x425F70	.text	ascii	高	1.00	^PWj
CEO.exe+262A5	0x4262A5	.text	ascii	高	1.00	Y_^[
CEO.exe+26424	0x426424	.text	ascii	高	1.00	tCC;]
CEO.exe+26974	0x426974	.text	ascii	高	1.00	QPRS
CEO.exe+26A4D	0x426A4D	.text	ascii	高	1.00	PQRS
CEO.exe+26BDB	0x426BDB	.text	ascii	高	1.00	?f3N
CEO.exe+26F98	0x426F98	.text	ascii	高	1.00	u 8B
CEO.exe+27038	0x427038	.text	ascii	高	1.00	u%8A
CEO.exe+2707B	0x42707B	.text	ascii	高	1.00	;E t
CEO.exe+2719E	0x42719E	.text	ascii	高	1.00	_[uCP
CEO.exe+2722E	0x42722E	.text	ascii	高	1.00	5xCL
CEO.exe+27390	0x427390	.text	ascii	高	1.00	hPsB
CEO.exe+27A39	0x427A39	.text	ascii	高	1.00	tbVW%
CEO.exe+27BC1	0x427BC1	.text	ascii	高	1.00	j<PS
CEO.exe+27BEF	0x427BEF	.text	ascii	高	1.00	j<QS
CEO.exe+27E76	0x427E76	.text	ascii	高	1.00	j<RS
CEO.exe+28286	0x428286	.text	ascii	高	1.00	QRPj
CEO.exe+28370	0x428370	.text	ascii	高	1.00	j<PQ
CEO.exe+2849D	0x42849D	.text	ascii	高	1.00	j<PQ
CEO.exe+28720	0x428720	.text	ascii	高	1.00	RWPj
CEO.exe+287D5	0x4287D5	.text	ascii	高	1.00	j<RP
CEO.exe+28964	0x428964	.text	ascii	高	1.00	RWPj
CEO.exe+28A19	0x428A19	.text	ascii	高	1.00	j<QR
CEO.exe+28C95	0x428C95	.text	ascii	高	1.00	58'J
CEO.exe+28CA6	0x428CA6	.text	ascii	高	1.00	% 'J
CEO.exe+28D1F	0x428D1F	.text	ascii	高	1.00	QRPj
CEO.exe+2907A	0x42907A	.text	ascii	高	1.00	j<QS
CEO.exe+290CF	0x4290CF	.text	ascii	高	1.00	Pj<QS
CEO.exe+291B1	0x4291B1	.text	ascii	高	1.00	Pj<QS
CEO.exe+29631	0x429631	.text	ascii	高	1.00	SVWP
CEO.exe+2967E	0x42967E	.text	ascii	高	1.00	~]VS
CEO.exe+29816	0x429816	.text	ascii	高	1.00	ABC;
CEO.exe+29861	0x429861	.text	ascii	高	1.00	D2@G
CEO.exe+298A7	0x4298A7	.text	ascii	高	1.00	Y_^[
CEO.exe+29971	0x429971	.text	ascii	高	1.00	SVWP
CEO.exe+299BF	0x4299BF	.text	ascii	高	1.00	~eVW
CEO.exe+2A040	0x42A040	.text	ascii	高	1.00	FOG;
CEO.exe+2A091	0x42A091	.text	ascii	高	1.00	Y_^[
CEO.exe+2A1D3	0x42A1D3	.text	ascii	高	1.00	h@1J
CEO.exe+2A1F3	0x42A1F3	.text	ascii	高	1.00	hP1J
CEO.exe+2A213	0x42A213	.text	ascii	高	1.00	h`1J
CEO.exe+2A233	0x42A233	.text	ascii	高	1.00	hp1J
CEO.exe+2A250	0x42A250	.text	ascii	高	1.00	h41K
CEO.exe+2A290	0x42A290	.text	ascii	高	1.00	h@1K
CEO.exe+2A763	0x42A763	.text	ascii	高	1.00	QRPV
CEO.exe+2A980	0x42A980	.text	ascii	高	1.00	PQSVW
CEO.exe+2AA47	0x42AA47	.text	ascii	高	1.00	h(1K
CEO.exe+2AA86	0x42AA86	.text	ascii	高	1.00	Y_^[
CEO.exe+2AAB0	0x42AAB0	.text	ascii	高	1.00	hT4J
CEO.exe+2AB70	0x42AB70	.text	ascii	高	1.00	u5h<4J
CEO.exe+2ABE7	0x42ABE7	.text	ascii	高	1.00	hp3J
CEO.exe+2AC12	0x42AC12	.text	ascii	高	1.00	h\3J
CEO.exe+2AC1D	0x42AC1D	.text	ascii	高	1.00	Ph|,J
CEO.exe+2ACB7	0x42ACB7	.text	ascii	高	1.00	h@3J
CEO.exe+2ACC2	0x42ACC2	.text	ascii	高	1.00	h@3J
CEO.exe+2AD8A	0x42AD8A	.text	ascii	高	1.00	jnh0
CEO.exe+2AD95	0x42AD95	.text	ascii	高	1.00	Qh,3J
CEO.exe+2ADB0	0x42ADB0	.text	ascii	高	1.00	Vj(jxj
CEO.exe+2ADD1	0x42ADD1	.text	ascii	高	1.00	Vj(jxj
CEO.exe+2ADF5	0x42ADF5	.text	ascii	高	1.00	Vj(jxj
CEO.exe+2AE19	0x42AE19	.text	ascii	高	1.00	Vj(jxj
CEO.exe+2AEFD	0x42AEFD	.text	ascii	高	1.00	RPPj
CEO.exe+2AF74	0x42AF74	.text	ascii	高	1.00	h|2J
CEO.exe+2AFA3	0x42AFA3	.text	ascii	高	1.00	hp2J
CEO.exe+2AFBE	0x42AFBE	.text	ascii	高	1.00	h`2J
CEO.exe+2AFD9	0x42AFD9	.text	ascii	高	1.00	hp2J
CEO.exe+2B277	0x42B277	.text	ascii	高	1.00	j)j\t
CEO.exe+2B317	0x42B317	.text	ascii	高	1.00	hp4J
CEO.exe+2B338	0x42B338	.text	ascii	高	1.00	h`4J
CEO.exe+2B4C1	0x42B4C1	.text	ascii	高	1.00	PQRhb
CEO.exe+2B507	0x42B507	.text	ascii	高	1.00	PQRhb
CEO.exe+2B701	0x42B701	.text	ascii	高	1.00	SVWP
CEO.exe+2B752	0x42B752	.text	ascii	高	1.00	~JVW
CEO.exe+2B7A5	0x42B7A5	.text	ascii	高	1.00	Xj%h
CEO.exe+2B8E1	0x42B8E1	.text	ascii	高	1.00	Y_^[
CEO.exe+2B907	0x42B907	.text	ascii	高	1.00	t$j?h
CEO.exe+2B999	0x42B999	.text	ascii	高	1.00	d|7h
CEO.exe+2BA61	0x42BA61	.text	ascii	高	1.00	PjXh
CEO.exe+2C12B	0x42C12B	.text	ascii	高	1.00	Tp>f
CEO.exe+2C23C	0x42C23C	.text	ascii	高	1.00	y$c~
CEO.exe+2C481	0x42C481	.text	ascii	高	1.00	s9SWQ
CEO.exe+2C868	0x42C868	.text	ascii	高	1.00	j<PQ
CEO.exe+2CB21	0x42CB21	.text	ascii	高	1.00	j<RS
CEO.exe+2CCBA	0x42CCBA	.text	ascii	高	1.00	j<PS
CEO.exe+2CFBC	0x42CFBC	.text	ascii	高	1.00	Qj<R
CEO.exe+2D0E0	0x42D0E0	.text	ascii	高	1.00	Rj<PS
CEO.exe+2D15D	0x42D15D	.text	ascii	高	1.00	j<RW
CEO.exe+2D50C	0x42D50C	.text	ascii	高	1.00	Rj<PS
CEO.exe+2DECC	0x42DECC	.text	ascii	高	1.00	RPQW
CEO.exe+2E1F8	0x42E1F8	.text	ascii	高	1.00	tM;E
CEO.exe+2E432	0x42E432	.text	ascii	高	1.00	~_Vj
CEO.exe+2E613	0x42E613	.text	ascii	高	1.00	QSVWh`
CEO.exe+2E63D	0x42E63D	.text	ascii	高	1.00	~_Sj
CEO.exe+2E7F2	0x42E7F2	.text	ascii	高	1.00	5 -J
CEO.exe+2EB7E	0x42EB7E	.text	ascii	高	1.00	AHhh
CEO.exe+2EC69	0x42EC69	.text	ascii	高	1.00	tHSV
CEO.exe+2ED6F	0x42ED6F	.text	ascii	高	1.00	58'J
CEO.exe+2ED91	0x42ED91	.text	ascii	高	1.00	58'J
CEO.exe+2EDD5	0x42EDD5	.text	ascii	高	1.00	FTu4
CEO.exe+2EF15	0x42EF15	.text	ascii	高	1.00	t}VW
CEO.exe+2F04C	0x42F04C	.text	ascii	高	1.00	tKSV
CEO.exe+2F2C0	0x42F2C0	.text	ascii	高	1.00	58'J
CEO.exe+2F30A	0x42F30A	.text	ascii	高	1.00	~/W3
CEO.exe+2F33C	0x42F33C	.text	ascii	高	1.00	50'J
CEO.exe+2FE66	0x42FE66	.text	ascii	高	1.00	tff;
CEO.exe+30000	0x430000	.text	ascii	高	1.00	uAPj
CEO.exe+30090	0x430090	.text	ascii	高	1.00	zAQj
CEO.exe+302E3	0x4302E3	.text	ascii	高	1.00	tXWWj
CEO.exe+30356	0x430356	.text	ascii	高	1.00	+CT=
CEO.exe+30364	0x430364	.text	ascii	高	1.00	f9{Xt
CEO.exe+3037D	0x43037D	.text	ascii	高	1.00	f9{Xu
CEO.exe+303D7	0x4303D7	.text	ascii	高	1.00	}\tF;5
CEO.exe+30541	0x430541	.text	ascii	高	1.00	PQRj
CEO.exe+30584	0x430584	.text	ascii	高	1.00	PQRj
CEO.exe+3078F	0x43078F	.text	ascii	高	1.00	WSVj
CEO.exe+3083F	0x43083F	.text	ascii	高	1.00	SSSSSWPQj
CEO.exe+3088B	0x43088B	.text	ascii	高	1.00	WPQj
CEO.exe+308FE	0x4308FE	.text	ascii	高	1.00	@QPV
CEO.exe+30923	0x430923	.text	ascii	高	1.00	HQPV
CEO.exe+3096D	0x43096D	.text	ascii	高	1.00	PQOV
CEO.exe+30AF7	0x430AF7	.text	ascii	高	1.00	SVWf
CEO.exe+30B25	0x430B25	.text	ascii	高	1.00	f97t
CEO.exe+30D8A	0x430D8A	.text	ascii	高	1.00	RPQh~
CEO.exe+30DD8	0x430DD8	.text	ascii	高	1.00	QRPh}
CEO.exe+31044	0x431044	.text	ascii	高	1.00	@f9Q
CEO.exe+3104B	0x43104B	.text	ascii	高	1.00	@f9Q
CEO.exe+31268	0x431268	.text	ascii	高	1.00	jZQR
CEO.exe+312C8	0x4312C8	.text	ascii	高	1.00	jZRP
CEO.exe+31323	0x431323	.text	ascii	高	1.00	j<RP
CEO.exe+31E4F	0x431E4F	.text	ascii	高	1.00	RjZQ
CEO.exe+31E7B	0x431E7B	.text	ascii	高	1.00	jZRP
CEO.exe+32490	0x432490	.text	ascii	高	1.00	SWjP
CEO.exe+3258C	0x43258C	.text	ascii	高	1.00	hP$C
CEO.exe+325E1	0x4325E1	.text	ascii	高	1.00	SVWP
CEO.exe+325F9	0x4325F9	.text	ascii	高	1.00	h<5J
CEO.exe+326E9	0x4326E9	.text	ascii	高	1.00	h(5J
CEO.exe+326FC	0x4326FC	.text	ascii	高	1.00	pj`h(5J
CEO.exe+32A68	0x432A68	.text	ascii	高	1.00	FFG;
CEO.exe+32ABE	0x432ABE	.text	ascii	高	1.00	Y_^[
CEO.exe+32AE1	0x432AE1	.text	ascii	高	1.00	h(5J
CEO.exe+32B03	0x432B03	.text	ascii	高	1.00	h(5J
CEO.exe+32B41	0x432B41	.text	ascii	高	1.00	SVWP
CEO.exe+32B59	0x432B59	.text	ascii	高	1.00	hP5J
CEO.exe+32B91	0x432B91	.text	ascii	高	1.00	~mVj
CEO.exe+32C08	0x432C08	.text	ascii	高	1.00	h(5J
CEO.exe+32EAD	0x432EAD	.text	ascii	高	1.00	Y_^[
CEO.exe+32ECE	0x432ECE	.text	ascii	高	1.00	h(5J
CEO.exe+32F8C	0x432F8C	.text	ascii	高	1.00	F:WP
CEO.exe+33053	0x433053	.text	ascii	高	1.00	f;F@}F
CEO.exe+33165	0x433165	.text	ascii	高	1.00	Vl^[]
CEO.exe+339BC	0x4339BC	.text	ascii	高	1.00	uU9D
CEO.exe+339C2	0x4339C2	.text	ascii	高	1.00	uO9D
CEO.exe+33AD3	0x433AD3	.text	ascii	高	1.00	toJ@
CEO.exe+33C7A	0x433C7A	.text	ascii	高	1.00	WPQR
CEO.exe+33DE3	0x433DE3	.text	ascii	高	1.00	QSVW
CEO.exe+33E2A	0x433E2A	.text	ascii	高	1.00	PQRh
CEO.exe+34070	0x434070	.text	ascii	高	1.00	h0@C
CEO.exe+34461	0x434461	.text	ascii	高	1.00	tOSW
CEO.exe+346DE	0x4346DE	.text	ascii	高	1.00	hd5J
CEO.exe+34AE6	0x434AE6	.text	ascii	高	1.00	RPSQ
CEO.exe+34B00	0x434B00	.text	ascii	高	1.00	h0GC
CEO.exe+34B99	0x434B99	.text	ascii	高	1.00	T} f
CEO.exe+34D04	0x434D04	.text	ascii	高	1.00	4MN\t
CEO.exe+350F1	0x4350F1	.text	ascii	高	1.00	<u \t
CEO.exe+3537A	0x43537A	.text	ascii	高	1.00	Y_^[
CEO.exe+35397	0x435397	.text	ascii	高	1.00	=<-L
CEO.exe+353CC	0x4353CC	.text	ascii	高	1.00	=8-L
CEO.exe+359D5	0x4359D5	.text	ascii	高	1.00	O\t2N
CEO.exe+35B3C	0x435B3C	.text	ascii	高	1.00	G;=t
CEO.exe+35B8E	0x435B8E	.text	ascii	高	1.00	F\G;=
CEO.exe+35C90	0x435C90	.text	ascii	高	1.00	d*T9*
CEO.exe+35DD4	0x435DD4	.text	ascii	高	1.00	VPSj
CEO.exe+35E0D	0x435E0D	.text	ascii	高	1.00	NPPQ
CEO.exe+3616A	0x43616A	.text	ascii	高	1.00	^$3W
CEO.exe+361A1	0x4361A1	.text	ascii	高	1.00	^,3W 
CEO.exe+361D8	0x4361D8	.text	ascii	高	1.00	V83W$
CEO.exe+3620F	0x43620F	.text	ascii	高	1.00	^<3W(
CEO.exe+3626F	0x43626F	.text	ascii	高	1.00	VPWSR
CEO.exe+366BE	0x4366BE	.text	ascii	高	1.00	PQRW
CEO.exe+3675E	0x43675E	.text	ascii	高	1.00	RPSW
CEO.exe+367AE	0x4367AE	.text	ascii	高	1.00	PQSW
CEO.exe+368C5	0x4368C5	.text	ascii	高	1.00	QRPW
CEO.exe+3692E	0x43692E	.text	ascii	高	1.00	RPQW
CEO.exe+3695E	0x43695E	.text	ascii	高	1.00	PQSW
CEO.exe+369DE	0x4369DE	.text	ascii	高	1.00	RPQW
CEO.exe+36A1D	0x436A1D	.text	ascii	高	1.00	RQPW
CEO.exe+36EAC	0x436EAC	.text	ascii	高	1.00	Y_^[
CEO.exe+36ECF	0x436ECF	.text	ascii	高	1.00	Y_^[
CEO.exe+36FBB	0x436FBB	.text	ascii	高	1.00	Hu1Pj
CEO.exe+37256	0x437256	.text	ascii	高	1.00	_^[t
CEO.exe+37551	0x437551	.text	ascii	高	1.00	SVWP
CEO.exe+37896	0x437896	.text	ascii	高	1.00	<"t;
CEO.exe+37C48	0x437C48	.text	ascii	高	1.00	Y_^[
CEO.exe+37CD2	0x437CD2	.text	ascii	高	1.00	<0||<9
CEO.exe+37D9F	0x437D9F	.text	ascii	高	1.00	A<)u
CEO.exe+3823B	0x43823B	.text	ascii	高	1.00	RPVQ
CEO.exe+38294	0x438294	.text	ascii	高	1.00	RPVQ
CEO.exe+382E3	0x4382E3	.text	ascii	高	1.00	RPVQ
CEO.exe+383C3	0x4383C3	.text	ascii	高	1.00	AFHy
CEO.exe+383D3	0x4383D3	.text	ascii	高	1.00	I^x,
CEO.exe+38869	0x438869	.text	ascii	高	1.00	VRVW
CEO.exe+38879	0x438879	.text	ascii	高	1.00	SWVW
CEO.exe+38888	0x438888	.text	ascii	高	1.00	VPVW
CEO.exe+38B29	0x438B29	.text	ascii	高	1.00	RPQj
CEO.exe+38EF3	0x438EF3	.text	ascii	高	1.00	H ^]
CEO.exe+38F24	0x438F24	.text	ascii	高	1.00	H(^]
CEO.exe+38F55	0x438F55	.text	ascii	高	1.00	H0^]
CEO.exe+38F86	0x438F86	.text	ascii	高	1.00	H8^]
CEO.exe+38FB7	0x438FB7	.text	ascii	高	1.00	H@^]
CEO.exe+3906A	0x43906A	.text	ascii	高	1.00	f)X"[]
CEO.exe+39367	0x439367	.text	ascii	高	1.00	t2;5
CEO.exe+3966F	0x43966F	.text	ascii	高	1.00	t<958-L
CEO.exe+396A1	0x4396A1	.text	ascii	高	1.00	j<QV
CEO.exe+39A16	0x439A16	.text	ascii	高	1.00	HtSH
CEO.exe+3A017	0x43A017	.text	ascii	高	1.00	f)H"
CEO.exe+3A0BD	0x43A0BD	.text	ascii	高	1.00	f)P"
CEO.exe+3A2E1	0x43A2E1	.text	ascii	高	1.00	SVWP
CEO.exe+3A414	0x43A414	.text	ascii	高	1.00	SSQR
CEO.exe+3A754	0x43A754	.text	ascii	高	1.00	Y_^[
CEO.exe+3A8EF	0x43A8EF	.text	ascii	高	1.00	h07J
CEO.exe+3A9A0	0x43A9A0	.text	ascii	高	1.00	h(7J
CEO.exe+3A9D9	0x43A9D9	.text	ascii	高	1.00	Ph ,J
CEO.exe+3AB23	0x43AB23	.text	ascii	高	1.00	h 7J
CEO.exe+3ABDD	0x43ABDD	.text	ascii	高	1.00	h 7J
CEO.exe+3AC0A	0x43AC0A	.text	ascii	高	1.00	hi(J
CEO.exe+3AC83	0x43AC83	.text	ascii	高	1.00	h 7J
CEO.exe+3ACB0	0x43ACB0	.text	ascii	高	1.00	hi(J
CEO.exe+3ACD8	0x43ACD8	.text	ascii	高	1.00	Ph ,J
CEO.exe+3AD26	0x43AD26	.text	ascii	高	1.00	hi(J
CEO.exe+3AD46	0x43AD46	.text	ascii	高	1.00	hi(J
CEO.exe+3AD5C	0x43AD5C	.text	ascii	高	1.00	hi(J
CEO.exe+3AD72	0x43AD72	.text	ascii	高	1.00	hi(J
CEO.exe+3AD88	0x43AD88	.text	ascii	高	1.00	hi(J
CEO.exe+3AD9E	0x43AD9E	.text	ascii	高	1.00	hi(J
CEO.exe+3ADB4	0x43ADB4	.text	ascii	高	1.00	hi(J
CEO.exe+3ADCA	0x43ADCA	.text	ascii	高	1.00	hi(J
CEO.exe+3ADE0	0x43ADE0	.text	ascii	高	1.00	hi(J
CEO.exe+3ADF6	0x43ADF6	.text	ascii	高	1.00	hi(J
CEO.exe+3AEE5	0x43AEE5	.text	ascii	高	1.00	$SV3
CEO.exe+3AF0F	0x43AF0F	.text	ascii	高	1.00	h87J
CEO.exe+3B03B	0x43B03B	.text	ascii	高	1.00	jdhP
CEO.exe+3B04C	0x43B04C	.text	ascii	高	1.00	RVVVhp
CEO.exe+3B135	0x43B135	.text	ascii	高	1.00	$SV3
CEO.exe+3B15F	0x43B15F	.text	ascii	高	1.00	hP7J
CEO.exe+3B1BF	0x43B1BF	.text	ascii	高	1.00	RVVVh
CEO.exe+3B235	0x43B235	.text	ascii	高	1.00	hh7J
CEO.exe+3B78E	0x43B78E	.text	ascii	高	1.00	hi(J
CEO.exe+3B7A4	0x43B7A4	.text	ascii	高	1.00	hi(J
CEO.exe+3B7BA	0x43B7BA	.text	ascii	高	1.00	hi(J
CEO.exe+3B7E8	0x43B7E8	.text	ascii	高	1.00	hi(J
CEO.exe+3B7FE	0x43B7FE	.text	ascii	高	1.00	hi(J
CEO.exe+3B88A	0x43B88A	.text	ascii	高	1.00	u@RQ
CEO.exe+3BAA4	0x43BAA4	.text	ascii	高	1.00	58'J
CEO.exe+3BED4	0x43BED4	.text	ascii	高	1.00	f;S@}d
CEO.exe+3C345	0x43C345	.text	ascii	高	1.00	$SV3
CEO.exe+3C421	0x43C421	.text	ascii	高	1.00	jdh0
CEO.exe+3C432	0x43C432	.text	ascii	高	1.00	RVVVh
CEO.exe+3C489	0x43C489	.text	ascii	高	1.00	t8hH
CEO.exe+3C8FE	0x43C8FE	.text	ascii	高	1.00	h(7J
CEO.exe+3C9C5	0x43C9C5	.text	ascii	高	1.00	$SV3
CEO.exe+3CA3E	0x43CA3E	.text	ascii	高	1.00	jdhp
CEO.exe+3CA4F	0x43CA4F	.text	ascii	高	1.00	RVVVh@
CEO.exe+3CBE0	0x43CBE0	.text	ascii	高	1.00	hi(J
CEO.exe+3CF7B	0x43CF7B	.text	ascii	高	1.00	hi(J
CEO.exe+3CF91	0x43CF91	.text	ascii	高	1.00	hi(J
CEO.exe+3CFA7	0x43CFA7	.text	ascii	高	1.00	hi(J
CEO.exe+3CFBD	0x43CFBD	.text	ascii	高	1.00	hi(J
CEO.exe+3CFD3	0x43CFD3	.text	ascii	高	1.00	hi(J
CEO.exe+3CFE9	0x43CFE9	.text	ascii	高	1.00	hi(J
CEO.exe+3CFFF	0x43CFFF	.text	ascii	高	1.00	hi(J
CEO.exe+3D665	0x43D665	.text	ascii	高	1.00	$SV3
CEO.exe+3D692	0x43D692	.text	ascii	高	1.00	h 8J
CEO.exe+3D750	0x43D750	.text	ascii	高	1.00	RVVVh
CEO.exe+3D7D9	0x43D7D9	.text	ascii	高	1.00	hi(J
CEO.exe+3D871	0x43D871	.text	ascii	高	1.00	u,j2j
CEO.exe+3D88C	0x43D88C	.text	ascii	高	1.00	hi(J
CEO.exe+3DF83	0x43DF83	.text	ascii	高	1.00	f;V@}ISW
CEO.exe+3E1EF	0x43E1EF	.text	ascii	高	1.00	h<8J
CEO.exe+3E2ED	0x43E2ED	.text	ascii	高	1.00	tfh0
CEO.exe+3E374	0x43E374	.text	ascii	高	1.00	hX8J
CEO.exe+3E404	0x43E404	.text	ascii	高	1.00	hh8J
CEO.exe+3E495	0x43E495	.text	ascii	高	1.00	hx8J
CEO.exe+3EA2B	0x43EA2B	.text	ascii	高	1.00	f;S@}l
CEO.exe+3EE97	0x43EE97	.text	ascii	高	1.00	Ph@G
CEO.exe+3EF48	0x43EF48	.text	ascii	高	1.00	f;K@}z
CEO.exe+3EFC1	0x43EFC1	.text	ascii	高	1.00	C@G;
CEO.exe+3F6A5	0x43F6A5	.text	ascii	高	1.00	$SV3
CEO.exe+3F6F1	0x43F6F1	.text	ascii	高	1.00	RVVVh@
CEO.exe+3F778	0x43F778	.text	ascii	高	1.00	t*Vj
CEO.exe+3F98E	0x43F98E	.text	ascii	高	1.00	t0Ht
CEO.exe+3FB65	0x43FB65	.text	ascii	高	1.00	$SV3
CEO.exe+3FB7E	0x43FB7E	.text	ascii	高	1.00	95 ^
CEO.exe+3FBA8	0x43FBA8	.text	ascii	高	1.00	VVh0
CEO.exe+3FBB8	0x43FBB8	.text	ascii	高	1.00	RVVVh
CEO.exe+3FC03	0x43FC03	.text	ascii	高	1.00	95 ^
CEO.exe+3FD9B	0x43FD9B	.text	ascii	高	1.00	<uP`
CEO.exe+3FF03	0x43FF03	.text	ascii	高	1.00	8P\tu
CEO.exe+3FF98	0x43FF98	.text	ascii	高	1.00	_^[9
CEO.exe+3FFEB	0x43FFEB	.text	ascii	高	1.00	t'h&
CEO.exe+401D9	0x4401D9	.text	ascii	高	1.00	hp2J
CEO.exe+405D0	0x4405D0	.text	ascii	高	1.00	h,9J
CEO.exe+40676	0x440676	.text	ascii	高	1.00	95 b
CEO.exe+40687	0x440687	.text	ascii	高	1.00	hL9J
CEO.exe+406D5	0x4406D5	.text	ascii	高	1.00	h89J
CEO.exe+40734	0x440734	.text	ascii	高	1.00	h89J
CEO.exe+40771	0x440771	.text	ascii	高	1.00	PVVh
CEO.exe+407F4	0x4407F4	.text	ascii	高	1.00	95 b
CEO.exe+408F4	0x4408F4	.text	ascii	高	1.00	SVW3
CEO.exe+412E5	0x4412E5	.text	ascii	高	1.00	$SV3
CEO.exe+41310	0x441310	.text	ascii	高	1.00	hd9J
CEO.exe+41338	0x441338	.text	ascii	高	1.00	PVVh
CEO.exe+41557	0x441557	.text	ascii	高	1.00	u58X
CEO.exe+4169A	0x44169A	.text	ascii	高	1.00	t28X\tt-
CEO.exe+41D80	0x441D80	.text	ascii	高	1.00	PVh|9J
CEO.exe+41E3B	0x441E3B	.text	ascii	高	1.00	+5hi
CEO.exe+41EE7	0x441EE7	.text	ascii	高	1.00	+5hi
CEO.exe+41F9B	0x441F9B	.text	ascii	高	1.00	+5hi
CEO.exe+41FF8	0x441FF8	.text	ascii	高	1.00	+5hi
CEO.exe+42255	0x442255	.text	ascii	高	1.00	$SV3
CEO.exe+422CF	0x4422CF	.text	ascii	高	1.00	SVVVh
CEO.exe+422E7	0x4422E7	.text	ascii	高	1.00	jdVVj
CEO.exe+422ED	0x4422ED	.text	ascii	高	1.00	VWSVVVh@
CEO.exe+4241B	0x44241B	.text	ascii	高	1.00	t'h&
CEO.exe+424A9	0x4424A9	.text	ascii	高	1.00	hp2J
CEO.exe+4271B	0x44271B	.text	ascii	高	1.00	SVW3
CEO.exe+428B4	0x4428B4	.text	ascii	高	1.00	Whpi
CEO.exe+42AF0	0x442AF0	.text	ascii	高	1.00	tj95hn
CEO.exe+42B2B	0x442B2B	.text	ascii	高	1.00	PVVhP$D
CEO.exe+42B33	0x442B33	.text	ascii	高	1.00	hp#D
CEO.exe+42B5C	0x442B5C	.text	ascii	高	1.00	95hn
CEO.exe+42D4B	0x442D4B	.text	ascii	高	1.00	t'h&
CEO.exe+42DD9	0x442DD9	.text	ascii	高	1.00	hp2J
CEO.exe+43210	0x443210	.text	ascii	高	1.00	tj95Pq
CEO.exe+4324B	0x44324B	.text	ascii	高	1.00	PVVh
CEO.exe+4327C	0x44327C	.text	ascii	高	1.00	95Pq
CEO.exe+4346B	0x44346B	.text	ascii	高	1.00	t'h&
CEO.exe+434F9	0x4434F9	.text	ascii	高	1.00	hp2J
CEO.exe+43940	0x443940	.text	ascii	高	1.00	tj958t
CEO.exe+4397B	0x44397B	.text	ascii	高	1.00	PVVh
CEO.exe+439AC	0x4439AC	.text	ascii	高	1.00	958t
CEO.exe+43A89	0x443A89	.text	ascii	高	1.00	h(7J
CEO.exe+43B4A	0x443B4A	.text	ascii	高	1.00	^hi(J
CEO.exe+43BE9	0x443BE9	.text	ascii	高	1.00	tD~?
CEO.exe+43D34	0x443D34	.text	ascii	高	1.00	X\tt:
CEO.exe+43EC6	0x443EC6	.text	ascii	高	1.00	u!_^
CEO.exe+44252	0x444252	.text	ascii	高	1.00	9u!_^
CEO.exe+44339	0x444339	.text	ascii	高	1.00	jdhp<D
CEO.exe+4434B	0x44434B	.text	ascii	高	1.00	QSSSh
CEO.exe+443F9	0x4443F9	.text	ascii	高	1.00	t@Hu;
CEO.exe+443FF	0x4443FF	.text	ascii	高	1.00	=4-L
CEO.exe+444A4	0x4444A4	.text	ascii	高	1.00	QSSSh
CEO.exe+445B3	0x4445B3	.text	ascii	高	1.00	QSVW
CEO.exe+445CE	0x4445CE	.text	ascii	高	1.00	ugF;
CEO.exe+44608	0x444608	.text	ascii	高	1.00	t$C;
CEO.exe+45099	0x445099	.text	ascii	高	1.00	hX@J
CEO.exe+4509F	0x44509F	.text	ascii	高	1.00	!hH@J
CEO.exe+450A7	0x4450A7	.text	ascii	高	1.00	h8@J
CEO.exe+450AE	0x4450AE	.text	ascii	高	1.00	h(@J
CEO.exe+451C7	0x4451C7	.text	ascii	高	1.00	u`95
CEO.exe+451CF	0x4451CF	.text	ascii	高	1.00	uX95 
CEO.exe+451D7	0x4451D7	.text	ascii	高	1.00	uP95
CEO.exe+451DF	0x4451DF	.text	ascii	高	1.00	uH95
CEO.exe+45357	0x445357	.text	ascii	高	1.00	=4-L
CEO.exe+45408	0x445408	.text	ascii	高	1.00	hh@J
CEO.exe+45429	0x445429	.text	ascii	高	1.00	jdh0RD
CEO.exe+4543B	0x44543B	.text	ascii	高	1.00	QSSSh
CEO.exe+45676	0x445676	.text	ascii	高	1.00	h VD
CEO.exe+45ADA	0x445ADA	.text	ascii	高	1.00	hi(J
CEO.exe+473CE	0x4473CE	.text	ascii	高	1.00	u)Pj
CEO.exe+47539	0x447539	.text	ascii	高	1.00	h0AJ
CEO.exe+4756B	0x44756B	.text	ascii	高	1.00	QPPPh
CEO.exe+475BD	0x4475BD	.text	ascii	高	1.00	t6h(
CEO.exe+47909	0x447909	.text	ascii	高	1.00	% 'J
CEO.exe+47A54	0x447A54	.text	ascii	高	1.00	hDAJ
CEO.exe+47AE2	0x447AE2	.text	ascii	高	1.00	hTAJ
CEO.exe+47C42	0x447C42	.text	ascii	高	1.00	htAJ
CEO.exe+47EA9	0x447EA9	.text	ascii	高	1.00	tfHt'Hu"Pj>
CEO.exe+47F35	0x447F35	.text	ascii	高	1.00	$SV3
CEO.exe+48006	0x448006	.text	ascii	高	1.00	RVVVh
CEO.exe+488E4	0x4488E4	.text	ascii	高	1.00	t"Ht
CEO.exe+48935	0x448935	.text	ascii	高	1.00	jdPQ
CEO.exe+4893E	0x44893E	.text	ascii	高	1.00	WVRP
CEO.exe+4894F	0x44894F	.text	ascii	高	1.00	h 7J
CEO.exe+48983	0x448983	.text	ascii	高	1.00	jdQR
CEO.exe+4898C	0x44898C	.text	ascii	高	1.00	WVRP
CEO.exe+4899D	0x44899D	.text	ascii	高	1.00	h 7J
CEO.exe+489D1	0x4489D1	.text	ascii	高	1.00	jdRP
CEO.exe+489DA	0x4489DA	.text	ascii	高	1.00	WVRP
CEO.exe+489EB	0x4489EB	.text	ascii	高	1.00	h 7J
CEO.exe+48A1F	0x448A1F	.text	ascii	高	1.00	jdPQ
CEO.exe+48A28	0x448A28	.text	ascii	高	1.00	WVRP
CEO.exe+48A39	0x448A39	.text	ascii	高	1.00	h 7J
CEO.exe+48A6D	0x448A6D	.text	ascii	高	1.00	jdQR
CEO.exe+48A76	0x448A76	.text	ascii	高	1.00	WVRP
CEO.exe+48A87	0x448A87	.text	ascii	高	1.00	h 7J
CEO.exe+48DAF	0x448DAF	.text	ascii	高	1.00	Ht_H
CEO.exe+48FC0	0x448FC0	.text	ascii	高	1.00	RVVh@
CEO.exe+49008	0x449008	.text	ascii	高	1.00	Pj(Q
CEO.exe+49238	0x449238	.text	ascii	高	1.00	$h(BJ
CEO.exe+4939D	0x44939D	.text	ascii	高	1.00	"t1HuoPj
CEO.exe+49501	0x449501	.text	ascii	高	1.00	t|Wj
CEO.exe+49705	0x449705	.text	ascii	高	1.00	h0BJ
CEO.exe+497D5	0x4497D5	.text	ascii	高	1.00	58'J
CEO.exe+49D3C	0x449D3C	.text	ascii	高	1.00	SVW;
CEO.exe+49EC7	0x449EC7	.text	ascii	高	1.00	u5Vhp
CEO.exe+4A0E2	0x44A0E2	.text	ascii	高	1.00	Hu-Pj
CEO.exe+4A226	0x44A226	.text	ascii	高	1.00	RPPh
CEO.exe+4A7E9	0x44A7E9	.text	ascii	高	1.00	hxBJ
CEO.exe+4A862	0x44A862	.text	ascii	高	1.00	h\BJ
CEO.exe+4A887	0x44A887	.text	ascii	高	1.00	h@BJ
CEO.exe+4A8CF	0x44A8CF	.text	ascii	高	1.00	jdh0
CEO.exe+4A8EB	0x44A8EB	.text	ascii	高	1.00	QPPhp
CEO.exe+4A91A	0x44A91A	.text	ascii	高	1.00	=8-L
CEO.exe+4AA16	0x44AA16	.text	ascii	高	1.00	^u'j
CEO.exe+4AB33	0x44AB33	.text	ascii	高	1.00	\twoj
CEO.exe+4AB8C	0x44AB8C	.text	ascii	高	1.00	95$8K
CEO.exe+4AB95	0x44AB95	.text	ascii	高	1.00	5$8K
CEO.exe+4ABA9	0x44ABA9	.text	ascii	高	1.00	5t J
CEO.exe+4AD0B	0x44AD0B	.text	ascii	高	1.00	5$8K
CEO.exe+4AFEB	0x44AFEB	.text	ascii	高	1.00	Hu1Pj
CEO.exe+4B2F3	0x44B2F3	.text	ascii	高	1.00	hl(J
CEO.exe+4B888	0x44B888	.text	ascii	高	1.00	tPNt(Num
CEO.exe+4BAAA	0x44BAAA	.text	ascii	高	1.00	+A(]
CEO.exe+4BAB8	0x44BAB8	.text	ascii	高	1.00	+A,]
CEO.exe+4BB03	0x44BB03	.text	ascii	高	1.00	j0Ph
CEO.exe+4BBA8	0x44BBA8	.text	ascii	高	1.00	=,8K
CEO.exe+4BE7A	0x44BE7A	.text	ascii	高	1.00	=,8K
CEO.exe+4BF2C	0x44BF2C	.text	ascii	高	1.00	=,8K
CEO.exe+4C1FE	0x44C1FE	.text	ascii	高	1.00	=,8K
CEO.exe+4C2B0	0x44C2B0	.text	ascii	高	1.00	=,8K
CEO.exe+4C582	0x44C582	.text	ascii	高	1.00	=,8K
CEO.exe+4C650	0x44C650	.text	ascii	高	1.00	=,8K
CEO.exe+4C922	0x44C922	.text	ascii	高	1.00	=,8K
CEO.exe+4C9D4	0x44C9D4	.text	ascii	高	1.00	=,8K
CEO.exe+4CCA6	0x44CCA6	.text	ascii	高	1.00	=,8K
CEO.exe+4CD58	0x44CD58	.text	ascii	高	1.00	=,8K
CEO.exe+4D02A	0x44D02A	.text	ascii	高	1.00	=,8K
CEO.exe+4D0F8	0x44D0F8	.text	ascii	高	1.00	=,8K
CEO.exe+4D3CA	0x44D3CA	.text	ascii	高	1.00	=,8K
CEO.exe+4D47C	0x44D47C	.text	ascii	高	1.00	=,8K
CEO.exe+4D74E	0x44D74E	.text	ascii	高	1.00	=,8K
CEO.exe+4D800	0x44D800	.text	ascii	高	1.00	=,8K
CEO.exe+4DAD2	0x44DAD2	.text	ascii	高	1.00	=,8K
CEO.exe+4DB94	0x44DB94	.text	ascii	高	1.00	=,8K
CEO.exe+4E0FC	0x44E0FC	.text	ascii	高	1.00	=,8K
CEO.exe+4E1A2	0x44E1A2	.text	ascii	高	1.00	=,8K
CEO.exe+4E70A	0x44E70A	.text	ascii	高	1.00	=,8K
CEO.exe+4E7B0	0x44E7B0	.text	ascii	高	1.00	=,8K
CEO.exe+4ED18	0x44ED18	.text	ascii	高	1.00	=,8K
CEO.exe+4EDE6	0x44EDE6	.text	ascii	高	1.00	=,8K
CEO.exe+4F0B8	0x44F0B8	.text	ascii	高	1.00	=,8K
CEO.exe+4F16A	0x44F16A	.text	ascii	高	1.00	=,8K
CEO.exe+4F43C	0x44F43C	.text	ascii	高	1.00	=,8K
CEO.exe+4F4EE	0x44F4EE	.text	ascii	高	1.00	=,8K
CEO.exe+4F7C0	0x44F7C0	.text	ascii	高	1.00	=,8K
CEO.exe+4F882	0x44F882	.text	ascii	高	1.00	=,8K
CEO.exe+4FDEA	0x44FDEA	.text	ascii	高	1.00	=,8K
CEO.exe+4FE90	0x44FE90	.text	ascii	高	1.00	=,8K
CEO.exe+503F8	0x4503F8	.text	ascii	高	1.00	=,8K
CEO.exe+5049E	0x45049E	.text	ascii	高	1.00	=,8K
CEO.exe+50A06	0x450A06	.text	ascii	高	1.00	=,8K
CEO.exe+50AD4	0x450AD4	.text	ascii	高	1.00	=,8K
CEO.exe+50DA6	0x450DA6	.text	ascii	高	1.00	=,8K
CEO.exe+50E58	0x450E58	.text	ascii	高	1.00	=,8K
CEO.exe+5112A	0x45112A	.text	ascii	高	1.00	=,8K
CEO.exe+511DC	0x4511DC	.text	ascii	高	1.00	=,8K
CEO.exe+514AE	0x4514AE	.text	ascii	高	1.00	=,8K
CEO.exe+5157C	0x45157C	.text	ascii	高	1.00	=,8K
CEO.exe+5184E	0x45184E	.text	ascii	高	1.00	=,8K
CEO.exe+51900	0x451900	.text	ascii	高	1.00	=,8K
CEO.exe+51BD2	0x451BD2	.text	ascii	高	1.00	=,8K
CEO.exe+51C84	0x451C84	.text	ascii	高	1.00	=,8K
CEO.exe+51F52	0x451F52	.text	ascii	高	1.00	=,8K
CEO.exe+52003	0x452003	.text	ascii	高	1.00	QSV3
CEO.exe+520B2	0x4520B2	.text	ascii	高	1.00	uqVj
CEO.exe+52CB7	0x452CB7	.text	ascii	高	1.00	hi(J
CEO.exe+52CC9	0x452CC9	.text	ascii	高	1.00	hi(J
CEO.exe+52CE0	0x452CE0	.text	ascii	高	1.00	hi(J
CEO.exe+52CF6	0x452CF6	.text	ascii	高	1.00	hi(J
CEO.exe+52D0D	0x452D0D	.text	ascii	高	1.00	hi(J
CEO.exe+52D24	0x452D24	.text	ascii	高	1.00	hi(J
CEO.exe+52D3A	0x452D3A	.text	ascii	高	1.00	hi(J
CEO.exe+52D51	0x452D51	.text	ascii	高	1.00	hi(J
CEO.exe+5320F	0x45320F	.text	ascii	高	1.00	_^[tAh
CEO.exe+53746	0x453746	.text	ascii	高	1.00	h89J
CEO.exe+53780	0x453780	.text	ascii	高	1.00	h89J
CEO.exe+53807	0x453807	.text	ascii	高	1.00	t"Ht
CEO.exe+5383F	0x45383F	.text	ascii	高	1.00	=,8K
CEO.exe+53906	0x453906	.text	ascii	高	1.00	PPhp2E
CEO.exe+5391D	0x45391D	.text	ascii	高	1.00	QPPh
CEO.exe+53A8B	0x453A8B	.text	ascii	高	1.00	t"Ht
CEO.exe+55C68	0x455C68	.text	ascii	高	1.00	h@CJ
CEO.exe+55C90	0x455C90	.text	ascii	高	1.00	PVVhPAE
CEO.exe+55D49	0x455D49	.text	ascii	高	1.00	h(CJ
CEO.exe+55ECF	0x455ECF	.text	ascii	高	1.00	Wh@BE
CEO.exe+55ED5	0x455ED5	.text	ascii	高	1.00	WWWWWWWhP[E
CEO.exe+560AC	0x4560AC	.text	ascii	高	1.00	9508K
CEO.exe+560B5	0x4560B5	.text	ascii	高	1.00	508K
CEO.exe+560CB	0x4560CB	.text	ascii	高	1.00	5t J
CEO.exe+56126	0x456126	.text	ascii	高	1.00	hl(J
CEO.exe+5616B	0x45616B	.text	ascii	高	1.00	hXCJ
CEO.exe+561FF	0x4561FF	.text	ascii	高	1.00	jWhxCJ
CEO.exe+56243	0x456243	.text	ascii	高	1.00	hhCJ
CEO.exe+562A7	0x4562A7	.text	ascii	高	1.00	508K
CEO.exe+562EE	0x4562EE	.text	ascii	高	1.00	jihxCJ
CEO.exe+565F6	0x4565F6	.text	ascii	高	1.00	;=,F
CEO.exe+567C4	0x4567C4	.text	ascii	高	1.00	hi(J
CEO.exe+567DB	0x4567DB	.text	ascii	高	1.00	hi(J
CEO.exe+567ED	0x4567ED	.text	ascii	高	1.00	hi(J
CEO.exe+56803	0x456803	.text	ascii	高	1.00	hi(J
CEO.exe+5681A	0x45681A	.text	ascii	高	1.00	hi(J
CEO.exe+56831	0x456831	.text	ascii	高	1.00	hi(J
CEO.exe+56847	0x456847	.text	ascii	高	1.00	hi(J
CEO.exe+5685E	0x45685E	.text	ascii	高	1.00	hi(J
CEO.exe+56875	0x456875	.text	ascii	高	1.00	hi(J
CEO.exe+56A5C	0x456A5C	.text	ascii	高	1.00	j8RP
CEO.exe+56D39	0x456D39	.text	ascii	高	1.00	Sjqh
CEO.exe+570A5	0x4570A5	.text	ascii	高	1.00	t,h(
CEO.exe+5763E	0x45763E	.text	ascii	高	1.00	PQj"h
CEO.exe+576D5	0x4576D5	.text	ascii	高	1.00	$SV3
CEO.exe+577C8	0x4577C8	.text	ascii	高	1.00	RVVh@pE
CEO.exe+57844	0x457844	.text	ascii	高	1.00	548K
CEO.exe+57940	0x457940	.text	ascii	高	1.00	VWj?h
CEO.exe+579D8	0x4579D8	.text	ascii	高	1.00	h<5J
CEO.exe+57A0F	0x457A0F	.text	ascii	高	1.00	~pVj
CEO.exe+57A42	0x457A42	.text	ascii	高	1.00	t/Vj
CEO.exe+57AEB	0x457AEB	.text	ascii	高	1.00	tdWj
CEO.exe+57BC0	0x457BC0	.text	ascii	高	1.00	VWjmh
CEO.exe+57D37	0x457D37	.text	ascii	高	1.00	Y_^[
CEO.exe+58572	0x458572	.text	ascii	高	1.00	_[t4
CEO.exe+58D10	0x458D10	.text	ascii	高	1.00	VWhdDJ
CEO.exe+58D2C	0x458D2C	.text	ascii	高	1.00	hPDJ
CEO.exe+58D6E	0x458D6E	.text	ascii	高	1.00	h<DJ
CEO.exe+58DCE	0x458DCE	.text	ascii	高	1.00	h89J
CEO.exe+58E59	0x458E59	.text	ascii	高	1.00	h89J
CEO.exe+58F4F	0x458F4F	.text	ascii	高	1.00	h89J
CEO.exe+58FAE	0x458FAE	.text	ascii	高	1.00	h89J
CEO.exe+5905A	0x45905A	.text	ascii	高	1.00	h89J
CEO.exe+590CF	0x4590CF	.text	ascii	高	1.00	h(DJ
CEO.exe+59255	0x459255	.text	ascii	高	1.00	)=xY
CEO.exe+592E6	0x4592E6	.text	ascii	高	1.00	)=|Y
CEO.exe+59979	0x459979	.text	ascii	高	1.00	uahXt
CEO.exe+59A52	0x459A52	.text	ascii	高	1.00	htDJ
CEO.exe+59A7E	0x459A7E	.text	ascii	高	1.00	hP+F
CEO.exe+59FEC	0x459FEC	.text	ascii	高	1.00	`VWh
CEO.exe+5A055	0x45A055	.text	ascii	高	1.00	(SVWj
CEO.exe+5A127	0x45A127	.text	ascii	高	1.00	QPPhp
CEO.exe+5A31D	0x45A31D	.text	ascii	高	1.00	`VWh
CEO.exe+5A383	0x45A383	.text	ascii	高	1.00	SVWj
CEO.exe+5A613	0x45A613	.text	ascii	高	1.00	QPPh
CEO.exe+5A960	0x45A960	.text	ascii	高	1.00	PQSR
CEO.exe+5A9A0	0x45A9A0	.text	ascii	高	1.00	RPSQ
CEO.exe+5AC9F	0x45AC9F	.text	ascii	高	1.00	t#hx
CEO.exe+5AD2C	0x45AD2C	.text	ascii	高	1.00	h@8K
CEO.exe+5ADD6	0x45ADD6	.text	ascii	高	1.00	58-L
CEO.exe+5B068	0x45B068	.text	ascii	高	1.00	h,EJ
CEO.exe+5B104	0x45B104	.text	ascii	高	1.00	=\8K
CEO.exe+5B14F	0x45B14F	.text	ascii	高	1.00	5\8K
CEO.exe+5B5C2	0x45B5C2	.text	ascii	高	1.00	hHEJ
CEO.exe+5B604	0x45B604	.text	ascii	高	1.00	h<DJ
CEO.exe+5B814	0x45B814	.text	ascii	高	1.00	h(7J
CEO.exe+5B8AB	0x45B8AB	.text	ascii	高	1.00	Et*HuHj
CEO.exe+5B955	0x45B955	.text	ascii	高	1.00	PhdEJ
CEO.exe+5B96A	0x45B96A	.text	ascii	高	1.00	h\EJ
CEO.exe+5BA17	0x45BA17	.text	ascii	高	1.00	hpEJ
CEO.exe+5C3B9	0x45C3B9	.text	ascii	高	1.00	hi(J
CEO.exe+5C4A2	0x45C4A2	.text	ascii	高	1.00	hi(J
CEO.exe+5C4CB	0x45C4CB	.text	ascii	高	1.00	hi(J
CEO.exe+5C567	0x45C567	.text	ascii	高	1.00	hi(J
CEO.exe+5C57D	0x45C57D	.text	ascii	高	1.00	hi(J
CEO.exe+5C598	0x45C598	.text	ascii	高	1.00	hi(J
CEO.exe+5C5CA	0x45C5CA	.text	ascii	高	1.00	hi(J
CEO.exe+5C5E0	0x45C5E0	.text	ascii	高	1.00	hi(J
CEO.exe+5C5F6	0x45C5F6	.text	ascii	高	1.00	hi(J
CEO.exe+5C841	0x45C841	.text	ascii	高	1.00	5`8K
CEO.exe+5C958	0x45C958	.text	ascii	高	1.00	SVWj
CEO.exe+5CA65	0x45CA65	.text	ascii	高	1.00	u&Vh
CEO.exe+5CA73	0x45CA73	.text	ascii	高	1.00	h\EJ
CEO.exe+5CB08	0x45CB08	.text	ascii	高	1.00	Pj2Q
CEO.exe+5CC0F	0x45CC0F	.text	ascii	高	1.00	5`8K
CEO.exe+5D00E	0x45D00E	.text	ascii	高	1.00	u1Pj
CEO.exe+5D173	0x45D173	.text	ascii	高	1.00	SVWh
CEO.exe+5D17D	0x45D17D	.text	ascii	高	1.00	hp2J
CEO.exe+5D20D	0x45D20D	.text	ascii	高	1.00	(QWhI
CEO.exe+5D24A	0x45D24A	.text	ascii	高	1.00	<RWh
CEO.exe+5D306	0x45D306	.text	ascii	高	1.00	PWhU
CEO.exe+5D34D	0x45D34D	.text	ascii	高	1.00	`QWh
CEO.exe+5D3DB	0x45D3DB	.text	ascii	高	1.00	Hu1Pj
CEO.exe+5D543	0x45D543	.text	ascii	高	1.00	SVWh
CEO.exe+5D54D	0x45D54D	.text	ascii	高	1.00	hp2J
CEO.exe+5D5DD	0x45D5DD	.text	ascii	高	1.00	(QWhI
CEO.exe+5D61A	0x45D61A	.text	ascii	高	1.00	<RWh
CEO.exe+5D6E7	0x45D6E7	.text	ascii	高	1.00	QWhd
CEO.exe+5D7C7	0x45D7C7	.text	ascii	高	1.00	h$FJ
CEO.exe+5D8F7	0x45D8F7	.text	ascii	高	1.00	h<FJ
CEO.exe+5E20B	0x45E20B	.text	ascii	高	1.00	Hu1Pj
CEO.exe+5E2D3	0x45E2D3	.text	ascii	高	1.00	SVWj
CEO.exe+5E2D8	0x45E2D8	.text	ascii	高	1.00	htFJ
CEO.exe+5E32C	0x45E32C	.text	ascii	高	1.00	PhhFJ
CEO.exe+5EC34	0x45EC34	.text	ascii	高	1.00	t!G;=
CEO.exe+5EC3D	0x45EC3D	.text	ascii	高	1.00	}\tF;5
CEO.exe+5EEF5	0x45EEF5	.text	ascii	高	1.00	$SV3
CEO.exe+5EF0E	0x45EF0E	.text	ascii	高	1.00	tl95
CEO.exe+5EF3A	0x45EF3A	.text	ascii	高	1.00	jdhP
CEO.exe+5EF4B	0x45EF4B	.text	ascii	高	1.00	RVVh
CEO.exe+5F099	0x45F099	.text	ascii	高	1.00	+5@7
CEO.exe+5F54E	0x45F54E	.text	ascii	高	1.00	=t J
CEO.exe+5F5DD	0x45F5DD	.text	ascii	高	1.00	t-h0]
CEO.exe+5F803	0x45F803	.text	ascii	高	1.00	hi(J
CEO.exe+5F97A	0x45F97A	.text	ascii	高	1.00	Pj\tj
CEO.exe+5F9F3	0x45F9F3	.text	ascii	高	1.00	SVW3
CEO.exe+5FF2D	0x45FF2D	.text	ascii	高	1.00	SVtV
CEO.exe+60179	0x460179	.text	ascii	高	1.00	 G=t`
CEO.exe+606B5	0x4606B5	.text	ascii	高	1.00	hi(J
CEO.exe+606C7	0x4606C7	.text	ascii	高	1.00	hi(J
CEO.exe+606DE	0x4606DE	.text	ascii	高	1.00	hi(J
CEO.exe+606F5	0x4606F5	.text	ascii	高	1.00	hi(J
CEO.exe+607AD	0x4607AD	.text	ascii	高	1.00	t4Ht
CEO.exe+607FD	0x4607FD	.text	ascii	高	1.00	hi(J
CEO.exe+60814	0x460814	.text	ascii	高	1.00	hi(J
CEO.exe+6082A	0x46082A	.text	ascii	高	1.00	hi(J
CEO.exe+60B30	0x460B30	.text	ascii	高	1.00	=8-L
CEO.exe+60B3F	0x460B3F	.text	ascii	高	1.00	95p`
CEO.exe+60BAA	0x460BAA	.text	ascii	高	1.00	95t`
CEO.exe+60C3F	0x460C3F	.text	ascii	高	1.00	95p`
CEO.exe+60C7B	0x460C7B	.text	ascii	高	1.00	95t`
CEO.exe+60CB9	0x460CB9	.text	ascii	高	1.00	tQHup9
CEO.exe+60CC4	0x460CC4	.text	ascii	高	1.00	thPj
CEO.exe+60D0D	0x460D0D	.text	ascii	高	1.00	=<-L
CEO.exe+61043	0x461043	.text	ascii	高	1.00	QSV3
CEO.exe+613AC	0x4613AC	.text	ascii	高	1.00	=8-L
CEO.exe+614D8	0x4614D8	.text	ascii	高	1.00	tBHt#H
CEO.exe+61826	0x461826	.text	ascii	高	1.00	=4-L
CEO.exe+61941	0x461941	.text	ascii	高	1.00	=<-L
CEO.exe+61CB4	0x461CB4	.text	ascii	高	1.00	=8-L
CEO.exe+61D15	0x461D15	.text	ascii	高	1.00	$SV3
CEO.exe+61D34	0x461D34	.text	ascii	高	1.00	95Xz
CEO.exe+61D5D	0x461D5D	.text	ascii	高	1.00	h89J
CEO.exe+61D77	0x461D77	.text	ascii	高	1.00	h89J
CEO.exe+61D93	0x461D93	.text	ascii	高	1.00	jdhp
CEO.exe+61DA4	0x461DA4	.text	ascii	高	1.00	RVVh@
CEO.exe+61DE2	0x461DE2	.text	ascii	高	1.00	WSSShp
CEO.exe+61DFF	0x461DFF	.text	ascii	高	1.00	SVWSSSh
CEO.exe+61E2F	0x461E2F	.text	ascii	高	1.00	hlIJ
CEO.exe+61E5D	0x461E5D	.text	ascii	高	1.00	95Xz
CEO.exe+61F2B	0x461F2B	.text	ascii	高	1.00	tyPj
CEO.exe+624CF	0x4624CF	.text	ascii	高	1.00	tvPj
CEO.exe+6254E	0x46254E	.text	ascii	高	1.00	tvPj
CEO.exe+62B2D	0x462B2D	.text	ascii	高	1.00	hi(J
CEO.exe+62BC4	0x462BC4	.text	ascii	高	1.00	hP+F
CEO.exe+62D21	0x462D21	.text	ascii	高	1.00	tyPj
CEO.exe+63307	0x463307	.text	ascii	高	1.00	}\tG;=
CEO.exe+635A6	0x4635A6	.text	ascii	高	1.00	hi(J
CEO.exe+635BD	0x4635BD	.text	ascii	高	1.00	hi(J
CEO.exe+636F3	0x4636F3	.text	ascii	高	1.00	SVWj
CEO.exe+6412B	0x46412B	.text	ascii	高	1.00	<a|\t<z
CEO.exe+64147	0x464147	.text	ascii	高	1.00	SVW3
CEO.exe+6428E	0x46428E	.text	ascii	高	1.00	WVPQ
CEO.exe+642CC	0x4642CC	.text	ascii	高	1.00	VRCP
CEO.exe+643A1	0x4643A1	.text	ascii	高	1.00	<8 u
CEO.exe+6455B	0x46455B	.text	ascii	高	1.00	tU@;E
CEO.exe+6457B	0x46457B	.text	ascii	高	1.00	?"u0
CEO.exe+645C5	0x4645C5	.text	ascii	高	1.00	?"u0
CEO.exe+6463B	0x46463B	.text	ascii	高	1.00	Y_^[
CEO.exe+64A7D	0x464A7D	.text	ascii	高	1.00	5t J
CEO.exe+64DA6	0x464DA6	.text	ascii	高	1.00	B@;A
CEO.exe+64E39	0x464E39	.text	ascii	高	1.00	<F_tGf\tDV
CEO.exe+64F0A	0x464F0A	.text	ascii	高	1.00	uGC;]
CEO.exe+64F10	0x464F10	.text	ascii	高	1.00	}AG;~
CEO.exe+64F78	0x464F78	.text	ascii	高	1.00	\tSVW
CEO.exe+64FDB	0x464FDB	.text	ascii	高	1.00	wF;u
CEO.exe+650F2	0x4650F2	.text	ascii	高	1.00	|pSh-
CEO.exe+653B3	0x4653B3	.text	ascii	高	1.00	u\t[_3
CEO.exe+655CD	0x4655CD	.text	ascii	高	1.00	tDG;
CEO.exe+657CE	0x4657CE	.text	ascii	高	1.00	5T J
CEO.exe+657EC	0x4657EC	.text	ascii	高	1.00	5D"J
CEO.exe+657F3	0x4657F3	.text	ascii	高	1.00	t(QP
CEO.exe+6582A	0x46582A	.text	ascii	高	1.00	t(QP
CEO.exe+65844	0x465844	.text	ascii	高	1.00	hPJJ
CEO.exe+6586A	0x46586A	.text	ascii	高	1.00	~1W3
CEO.exe+65880	0x465880	.text	ascii	高	1.00	@<Ph0JJ
CEO.exe+65893	0x465893	.text	ascii	高	1.00	@;5L
CEO.exe+659C0	0x4659C0	.text	ascii	高	1.00	PSVW
CEO.exe+65A10	0x465A10	.text	ascii	高	1.00	hi(J
CEO.exe+65B10	0x465B10	.text	ascii	高	1.00	Y_^[
CEO.exe+65B7E	0x465B7E	.text	ascii	高	1.00	hi(J
CEO.exe+65BA0	0x465BA0	.text	ascii	高	1.00	N<99t8@
CEO.exe+65BB4	0x465BB4	.text	ascii	高	1.00	RPWh
CEO.exe+65C00	0x465C00	.text	ascii	高	1.00	PSVW
CEO.exe+65C52	0x465C52	.text	ascii	高	1.00	hi(J
CEO.exe+65C73	0x465C73	.text	ascii	高	1.00	K<91tKG
CEO.exe+65C98	0x465C98	.text	ascii	高	1.00	PQVh
CEO.exe+65CBC	0x465CBC	.text	ascii	高	1.00	Y_^[
CEO.exe+65D0E	0x465D0E	.text	ascii	高	1.00	SVWP
CEO.exe+65D5C	0x465D5C	.text	ascii	高	1.00	h\KJ
CEO.exe+65DD3	0x465DD3	.text	ascii	高	1.00	hHKJ
CEO.exe+65DE3	0x465DE3	.text	ascii	高	1.00	h8KJ
CEO.exe+65E1F	0x465E1F	.text	ascii	高	1.00	Y_^[
CEO.exe+65E46	0x465E46	.text	ascii	高	1.00	SVWP
CEO.exe+65E6D	0x465E6D	.text	ascii	高	1.00	WSQhdKJ
CEO.exe+66017	0x466017	.text	ascii	高	1.00	PWSh
CEO.exe+6602A	0x46602A	.text	ascii	高	1.00	PWSVh
CEO.exe+66050	0x466050	.text	ascii	高	1.00	PSVW
CEO.exe+66115	0x466115	.text	ascii	高	1.00	Y_^[
CEO.exe+66154	0x466154	.text	ascii	高	1.00	SRPWh
CEO.exe+66544	0x466544	.text	ascii	高	1.00	h4LJ
CEO.exe+665AB	0x4665AB	.text	ascii	高	1.00	h4LJ
CEO.exe+66C7E	0x466C7E	.text	ascii	高	1.00	j hLLJ
CEO.exe+66CC5	0x466CC5	.text	ascii	高	1.00	;x }[
CEO.exe+66CD3	0x466CD3	.text	ascii	高	1.00	~P;X
CEO.exe+66CEB	0x466CEB	.text	ascii	高	1.00	QRWSP
CEO.exe+66D08	0x466D08	.text	ascii	高	1.00	PQWSR
CEO.exe+66D55	0x466D55	.text	ascii	高	1.00	;x }e
CEO.exe+66D63	0x466D63	.text	ascii	高	1.00	~Z;X
CEO.exe+66D80	0x466D80	.text	ascii	高	1.00	QRWSP
CEO.exe+66D9D	0x466D9D	.text	ascii	高	1.00	h0hF
CEO.exe+66DA2	0x466DA2	.text	ascii	高	1.00	PQWSR
CEO.exe+66DF5	0x466DF5	.text	ascii	高	1.00	;x }n
CEO.exe+66E03	0x466E03	.text	ascii	高	1.00	~c;X
CEO.exe+66E29	0x466E29	.text	ascii	高	1.00	RQWSP
CEO.exe+66E46	0x466E46	.text	ascii	高	1.00	h jF
CEO.exe+66E4B	0x466E4B	.text	ascii	高	1.00	RPWSQ
CEO.exe+66EB7	0x466EB7	.text	ascii	高	1.00	~u;Y
CEO.exe+66EEF	0x466EEF	.text	ascii	高	1.00	PRWSQ
CEO.exe+66F0C	0x466F0C	.text	ascii	高	1.00	hPkF
CEO.exe+66F11	0x466F11	.text	ascii	高	1.00	PQWSR
CEO.exe+66F65	0x466F65	.text	ascii	高	1.00	;x }e
CEO.exe+66F73	0x466F73	.text	ascii	高	1.00	~Z;X
CEO.exe+66F8B	0x466F8B	.text	ascii	高	1.00	h0fF
CEO.exe+66F90	0x466F90	.text	ascii	高	1.00	QRWSP
CEO.exe+66FB2	0x466FB2	.text	ascii	高	1.00	PQWSR
CEO.exe+67005	0x467005	.text	ascii	高	1.00	;y }{
CEO.exe+67013	0x467013	.text	ascii	高	1.00	~p;Y
CEO.exe+67046	0x467046	.text	ascii	高	1.00	PRWSQ
CEO.exe+67063	0x467063	.text	ascii	高	1.00	hPkF
CEO.exe+67068	0x467068	.text	ascii	高	1.00	PQWSR
CEO.exe+670B1	0x4670B1	.text	ascii	高	1.00	W;F }:
CEO.exe+670C0	0x4670C0	.text	ascii	高	1.00	~/;V
CEO.exe+670D8	0x4670D8	.text	ascii	高	1.00	WQPRV
CEO.exe+67511	0x467511	.text	ascii	高	1.00	SVWP
CEO.exe+675E1	0x4675E1	.text	ascii	高	1.00	~&h^
CEO.exe+675E8	0x4675E8	.text	ascii	高	1.00	hLLJ
CEO.exe+6766A	0x46766A	.text	ascii	高	1.00	Y_^[
CEO.exe+676B1	0x4676B1	.text	ascii	高	1.00	hLLJ
CEO.exe+676C3	0x4676C3	.text	ascii	高	1.00	hLLJ
CEO.exe+676F7	0x4676F7	.text	ascii	高	1.00	hLLJ
CEO.exe+6770D	0x46770D	.text	ascii	高	1.00	hLLJ
CEO.exe+67723	0x467723	.text	ascii	高	1.00	hLLJ
CEO.exe+67739	0x467739	.text	ascii	高	1.00	hLLJ
CEO.exe+67A20	0x467A20	.text	ascii	高	1.00	hpLJ
CEO.exe+67AD1	0x467AD1	.text	ascii	高	1.00	SVWP
CEO.exe+67B54	0x467B54	.text	ascii	高	1.00	hLLJ
CEO.exe+67B82	0x467B82	.text	ascii	高	1.00	hLLJ
CEO.exe+67C50	0x467C50	.text	ascii	高	1.00	hLLJ
CEO.exe+67D15	0x467D15	.text	ascii	高	1.00	hLLJ
CEO.exe+67D53	0x467D53	.text	ascii	高	1.00	Y_^[
CEO.exe+67DA1	0x467DA1	.text	ascii	高	1.00	SVWP
CEO.exe+67E73	0x467E73	.text	ascii	高	1.00	?hLLJ
CEO.exe+67EA3	0x467EA3	.text	ascii	高	1.00	hLLJ
CEO.exe+67EBF	0x467EBF	.text	ascii	高	1.00	hLLJ
CEO.exe+680EE	0x4680EE	.text	ascii	高	1.00	hLLJ
CEO.exe+68104	0x468104	.text	ascii	高	1.00	hLLJ
CEO.exe+6811A	0x46811A	.text	ascii	高	1.00	hLLJ
CEO.exe+68148	0x468148	.text	ascii	高	1.00	hLLJ
CEO.exe+6815F	0x46815F	.text	ascii	高	1.00	hLLJ
CEO.exe+68221	0x468221	.text	ascii	高	1.00	Y_^[
CEO.exe+6823A	0x46823A	.text	ascii	高	1.00	hLLJ
CEO.exe+68360	0x468360	.text	ascii	高	1.00	~XSV
CEO.exe+68420	0x468420	.text	ascii	高	1.00	~XSV
CEO.exe+68827	0x468827	.text	ascii	高	1.00	y$_^]
CEO.exe+689A8	0x4689A8	.text	ascii	高	1.00	I$Pj
CEO.exe+689E2	0x4689E2	.text	ascii	高	1.00	A ^9Q
CEO.exe+68A02	0x468A02	.text	ascii	高	1.00	9A ~
CEO.exe+68B18	0x468B18	.text	ascii	高	1.00	|9;w
CEO.exe+68B1D	0x468B1D	.text	ascii	高	1.00	}4;G }/
CEO.exe+68C08	0x468C08	.text	ascii	高	1.00	|:;O
CEO.exe+68C0D	0x468C0D	.text	ascii	高	1.00	}5;_ }0
CEO.exe+68CC2	0x468CC2	.text	ascii	高	1.00	PQSQ
CEO.exe+68CDA	0x468CDA	.text	ascii	高	1.00	RWPQP
CEO.exe+68CEC	0x468CEC	.text	ascii	高	1.00	RWSPS
CEO.exe+68CFE	0x468CFE	.text	ascii	高	1.00	QWSWR
CEO.exe+68F7C	0x468F7C	.text	ascii	高	1.00	~LSVW
CEO.exe+6913A	0x46913A	.text	ascii	高	1.00	|g;^ }b
CEO.exe+6970F	0x46970F	.text	ascii	高	1.00	 u(9A
CEO.exe+69715	0x469715	.text	ascii	高	1.00	u#h`
CEO.exe+6975C	0x46975C	.text	ascii	高	1.00	 u(9A
CEO.exe+69762	0x469762	.text	ascii	高	1.00	u#h`
CEO.exe+697BF	0x4697BF	.text	ascii	高	1.00	 u09A
CEO.exe+697C5	0x4697C5	.text	ascii	高	1.00	u+h`
CEO.exe+6981C	0x46981C	.text	ascii	高	1.00	 u09A
CEO.exe+69822	0x469822	.text	ascii	高	1.00	u+h`
CEO.exe+69923	0x469923	.text	ascii	高	1.00	8SVW
CEO.exe+69975	0x469975	.text	ascii	高	1.00	Y_^[
CEO.exe+699D8	0x4699D8	.text	ascii	高	1.00	}8h%
CEO.exe+69A08	0x469A08	.text	ascii	高	1.00	Y_^[
CEO.exe+69B95	0x469B95	.text	ascii	高	1.00	@AG;
CEO.exe+69CAA	0x469CAA	.text	ascii	高	1.00	AFOu
CEO.exe+69D3D	0x469D3D	.text	ascii	高	1.00	Y_^[
CEO.exe+69F98	0x469F98	.text	ascii	高	1.00	h$MJ
CEO.exe+69FB4	0x469FB4	.text	ascii	高	1.00	h$MJ
CEO.exe+69FF0	0x469FF0	.text	ascii	高	1.00	=x9K
CEO.exe+6A057	0x46A057	.text	ascii	高	1.00	WhlMJ
CEO.exe+6A10D	0x46A10D	.text	ascii	高	1.00	hPMJ
CEO.exe+6A14D	0x46A14D	.text	ascii	高	1.00	hPMJ
CEO.exe+6A167	0x46A167	.text	ascii	高	1.00	=x9K
CEO.exe+6A197	0x46A197	.text	ascii	高	1.00	RVh<MJ
CEO.exe+6A1C6	0x46A1C6	.text	ascii	高	1.00	Vh(MJ
CEO.exe+6A208	0x46A208	.text	ascii	高	1.00	PhpMJ
CEO.exe+6A24E	0x46A24E	.text	ascii	高	1.00	hPMJ
CEO.exe+6A27D	0x46A27D	.text	ascii	高	1.00	u4SWP
CEO.exe+6A3B1	0x46A3B1	.text	ascii	高	1.00	SVQ3
CEO.exe+6A3DF	0x46A3DF	.text	ascii	高	1.00	>F;u
CEO.exe+6A5AD	0x46A5AD	.text	ascii	高	1.00	=x9K
CEO.exe+6A5DD	0x46A5DD	.text	ascii	高	1.00	PWh|MJ
CEO.exe+6A620	0x46A620	.text	ascii	高	1.00	t,QP
CEO.exe+6A736	0x46A736	.text	ascii	高	1.00	~];7r
CEO.exe+6A7B4	0x46A7B4	.text	ascii	高	1.00	~];7r
CEO.exe+6A8D4	0x46A8D4	.text	ascii	高	1.00	~b;7r
CEO.exe+6A9EC	0x46A9EC	.text	ascii	高	1.00	uR;E
CEO.exe+6AC47	0x46AC47	.text	ascii	高	1.00	|^;E
CEO.exe+6B031	0x46B031	.text	ascii	高	1.00	SVWP
CEO.exe+6B090	0x46B090	.text	ascii	高	1.00	t.SW
CEO.exe+6B242	0x46B242	.text	ascii	高	1.00	Y_^[
CEO.exe+6B4E1	0x46B4E1	.text	ascii	高	1.00	SVWP
CEO.exe+6B961	0x46B961	.text	ascii	高	1.00	Y_^[
CEO.exe+6B9D1	0x46B9D1	.text	ascii	高	1.00	SVWP
CEO.exe+6BC92	0x46BC92	.text	ascii	高	1.00	hpLJ
CEO.exe+6BCFD	0x46BCFD	.text	ascii	高	1.00	Y_^[
CEO.exe+6BD38	0x46BD38	.text	ascii	高	1.00	hX`J
CEO.exe+6BD70	0x46BD70	.text	ascii	高	1.00	hx`J
CEO.exe+6BD86	0x46BD86	.text	ascii	高	1.00	hh`J
CEO.exe+6BEE6	0x46BEE6	.text	ascii	高	1.00	PQWV
CEO.exe+6C062	0x46C062	.text	ascii	高	1.00	h(NJ
CEO.exe+6C072	0x46C072	.text	ascii	高	1.00	hi(J
CEO.exe+6C1D5	0x46C1D5	.text	ascii	高	1.00	RWSP
CEO.exe+6C236	0x46C236	.text	ascii	高	1.00	ALRV
CEO.exe+6C349	0x46C349	.text	ascii	高	1.00	htNJ
CEO.exe+6C38B	0x46C38B	.text	ascii	高	1.00	htNJ
CEO.exe+6C4EB	0x46C4EB	.text	ascii	高	1.00	htNJ
CEO.exe+6C501	0x46C501	.text	ascii	高	1.00	htNJ
CEO.exe+6C5FD	0x46C5FD	.text	ascii	高	1.00	W<QV
CEO.exe+6C7EC	0x46C7EC	.text	ascii	高	1.00	RWSP
CEO.exe+6C84E	0x46C84E	.text	ascii	高	1.00	ALRV
CEO.exe+6C9A0	0x46C9A0	.text	ascii	高	1.00	F(PS|
CEO.exe+6CBCA	0x46CBCA	.text	ascii	高	1.00	SVWh
CEO.exe+6CC3E	0x46CC3E	.text	ascii	高	1.00	F(PS
CEO.exe+6CDD7	0x46CDD7	.text	ascii	高	1.00	=T J
CEO.exe+6CE36	0x46CE36	.text	ascii	高	1.00	W<QV
CEO.exe+6CF25	0x46CF25	.text	ascii	高	1.00	0VWj
CEO.exe+6CF36	0x46CF36	.text	ascii	高	1.00	= "J
CEO.exe+6CFC9	0x46CFC9	.text	ascii	高	1.00	E QRPVVj
CEO.exe+6D063	0x46D063	.text	ascii	高	1.00	SWRPV
CEO.exe+6D0B1	0x46D0B1	.text	ascii	高	1.00	58"J
CEO.exe+6D15B	0x46D15B	.text	ascii	高	1.00	hpOJ
CEO.exe+6D16E	0x46D16E	.text	ascii	高	1.00	hDOJ
CEO.exe+6D20F	0x46D20F	.text	ascii	高	1.00	SVWPQR
CEO.exe+6D283	0x46D283	.text	ascii	高	1.00	t)VW
CEO.exe+6D326	0x46D326	.text	ascii	高	1.00	] VW
CEO.exe+6D35D	0x46D35D	.text	ascii	高	1.00	SVRP
CEO.exe+6D3AC	0x46D3AC	.text	ascii	高	1.00	SVQR
CEO.exe+6D3E3	0x46D3E3	.text	ascii	高	1.00	=( J
CEO.exe+6D3EB	0x46D3EB	.text	ascii	高	1.00	taPj
CEO.exe+6D4AD	0x46D4AD	.text	ascii	高	1.00	U +E
CEO.exe+6D4B2	0x46D4B2	.text	ascii	高	1.00	RSPQV
CEO.exe+6D4F3	0x46D4F3	.text	ascii	高	1.00	\SVW
CEO.exe+6D539	0x46D539	.text	ascii	高	1.00	G 9F
CEO.exe+6D60E	0x46D60E	.text	ascii	高	1.00	QRPWj
CEO.exe+6D633	0x46D633	.text	ascii	高	1.00	VQRP
CEO.exe+6D665	0x46D665	.text	ascii	高	1.00	RWPQ
CEO.exe+6D6DA	0x46D6DA	.text	ascii	高	1.00	Y_^[
CEO.exe+6D8DD	0x46D8DD	.text	ascii	高	1.00	Y_^[
CEO.exe+6DA8E	0x46DA8E	.text	ascii	高	1.00	|4;E
CEO.exe+6DB9E	0x46DB9E	.text	ascii	高	1.00	|5;U
CEO.exe+6DBA6	0x46DBA6	.text	ascii	高	1.00	<2;}
CEO.exe+6DD62	0x46DD62	.text	ascii	高	1.00	Y_^[
CEO.exe+6DD7B	0x46DD7B	.text	ascii	高	1.00	h$PJ
CEO.exe+6DD8D	0x46DD8D	.text	ascii	高	1.00	h$PJ
CEO.exe+6DDC1	0x46DDC1	.text	ascii	高	1.00	h$PJ
CEO.exe+6DDEF	0x46DDEF	.text	ascii	高	1.00	h$PJ
CEO.exe+6DE14	0x46DE14	.text	ascii	高	1.00	hDPJ
CEO.exe+6DE5F	0x46DE5F	.text	ascii	高	1.00	j*h$PJ
CEO.exe+6DE8D	0x46DE8D	.text	ascii	高	1.00	j-h$PJ
CEO.exe+6DEB4	0x46DEB4	.text	ascii	高	1.00	hDPJ
CEO.exe+6DFB3	0x46DFB3	.text	ascii	高	1.00	$SVW
CEO.exe+6DFDD	0x46DFDD	.text	ascii	高	1.00	Y_^[
CEO.exe+6E15F	0x46E15F	.text	ascii	高	1.00	|U;]
CEO.exe+6E18D	0x46E18D	.text	ascii	高	1.00	VQGS
CEO.exe+6E298	0x46E298	.text	ascii	高	1.00	|x;]
CEO.exe+6E30A	0x46E30A	.text	ascii	高	1.00	Y_^[
CEO.exe+6E411	0x46E411	.text	ascii	高	1.00	|S;]
CEO.exe+6E44F	0x46E44F	.text	ascii	高	1.00	VQJR
CEO.exe+6E513	0x46E513	.text	ascii	高	1.00	6QRP
CEO.exe+6E883	0x46E883	.text	ascii	高	1.00	|6;U
CEO.exe+6E9B5	0x46E9B5	.text	ascii	高	1.00	|-;M
CEO.exe+6EA62	0x46EA62	.text	ascii	高	1.00	Y_^[
CEO.exe+6EAF3	0x46EAF3	.text	ascii	高	1.00	 SVW
CEO.exe+6ECDC	0x46ECDC	.text	ascii	高	1.00	|6;M
CEO.exe+6EFA0	0x46EFA0	.text	ascii	高	1.00	Y_^[
CEO.exe+6F017	0x46F017	.text	ascii	高	1.00	~J_^3
CEO.exe+6F0E7	0x46F0E7	.text	ascii	高	1.00	~M_^3
CEO.exe+6F208	0x46F208	.text	ascii	高	1.00	hTPJ
CEO.exe+6F2C6	0x46F2C6	.text	ascii	高	1.00	hTPJ
CEO.exe+6F41C	0x46F41C	.text	ascii	高	1.00	>F;u
CEO.exe+6F580	0x46F580	.text	ascii	高	1.00	;RIFF
CEO.exe+6F58E	0x46F58E	.text	ascii	高	1.00	WAVE
CEO.exe+6F5A3	0x46F5A3	.text	ascii	高	1.00	fmt 
CEO.exe+6F5C2	0x46F5C2	.text	ascii	高	1.00	5T"J
CEO.exe+6F5F6	0x46F5F6	.text	ascii	高	1.00	hhPJ
CEO.exe+6F681	0x46F681	.text	ascii	高	1.00	9_^[
CEO.exe+6F6A6	0x46F6A6	.text	ascii	高	1.00	hhPJ
CEO.exe+6F725	0x46F725	.text	ascii	高	1.00	data
CEO.exe+6F7FC	0x46F7FC	.text	ascii	高	1.00	:_^3
CEO.exe+6F87E	0x46F87E	.text	ascii	高	1.00	hhPJ
CEO.exe+6F8C3	0x46F8C3	.text	ascii	高	1.00	hhPJ
CEO.exe+6F8DB	0x46F8DB	.text	ascii	高	1.00	t#hC
CEO.exe+6F8E2	0x46F8E2	.text	ascii	高	1.00	hhPJ
CEO.exe+6F94B	0x46F94B	.text	ascii	高	1.00	hxPJ
CEO.exe+6F9F0	0x46F9F0	.text	ascii	高	1.00	hxPJ
CEO.exe+6FDE9	0x46FDE9	.text	ascii	高	1.00	N$RP
CEO.exe+6FE49	0x46FE49	.text	ascii	高	1.00	W0VQR
CEO.exe+6FF1D	0x46FF1D	.text	ascii	高	1.00	O0SV
CEO.exe+6FF75	0x46FF75	.text	ascii	高	1.00	Wl9U
CEO.exe+7005B	0x47005B	.text	ascii	高	1.00	Ol^[;
CEO.exe+700BC	0x4700BC	.text	ascii	高	1.00	F<)^h)^d
CEO.exe+70365	0x470365	.text	ascii	高	1.00	Ndf+Nh
CEO.exe+70404	0x470404	.text	ascii	高	1.00	Nl;FxwS
CEO.exe+7057B	0x47057B	.text	ascii	高	1.00	_^[H
CEO.exe+7063D	0x47063D	.text	ascii	高	1.00	Vp;VxsT
CEO.exe+70687	0x470687	.text	ascii	高	1.00	Fd+Fh=
CEO.exe+706C2	0x4706C2	.text	ascii	高	1.00	f+V\
CEO.exe+706C7	0x4706C7	.text	ascii	高	1.00	Fpf+
CEO.exe+708A8	0x4708A8	.text	ascii	高	1.00	Nl9Y
CEO.exe+70951	0x470951	.text	ascii	高	1.00	_^[H
CEO.exe+70982	0x470982	.text	ascii	高	1.00	tX9H tS9H$tN
CEO.exe+70A31	0x470A31	.text	ascii	高	1.00	9O u
CEO.exe+70A3E	0x470A3E	.text	ascii	高	1.00	O(9O$u
CEO.exe+70AA8	0x470AA8	.text	ascii	高	1.00	G Vh
CEO.exe+70CB0	0x470CB0	.text	ascii	高	1.00	V$PQ
CEO.exe+70D03	0x470D03	.text	ascii	高	1.00	9~ u
CEO.exe+70D10	0x470D10	.text	ascii	高	1.00	~(9~$u
CEO.exe+72080	0x472080	.text	ascii	高	1.00	tz+4
CEO.exe+7292F	0x47292F	.text	ascii	高	1.00	~iSV
CEO.exe+729E4	0x4729E4	.text	ascii	高	1.00	SVWf\t
CEO.exe+72C50	0x472C50	.text	ascii	高	1.00	WSPV
CEO.exe+72CDF	0x472CDF	.text	ascii	高	1.00	hxWJ
CEO.exe+72D74	0x472D74	.text	ascii	高	1.00	@PAQBR
CEO.exe+72E1A	0x472E1A	.text	ascii	高	1.00	O$RP
CEO.exe+72E68	0x472E68	.text	ascii	高	1.00	G0_^]
CEO.exe+72E7C	0x472E7C	.text	ascii	高	1.00	O j@j
CEO.exe+72EAC	0x472EAC	.text	ascii	高	1.00	W$VQ
CEO.exe+72EDC	0x472EDC	.text	ascii	高	1.00	O$RP
CEO.exe+72EE6	0x472EE6	.text	ascii	高	1.00	G$VR
CEO.exe+72F6B	0x472F6B	.text	ascii	高	1.00	V,+U
CEO.exe+72F77	0x472F77	.text	ascii	高	1.00	\tv9j
CEO.exe+73127	0x473127	.text	ascii	高	1.00	V,9U
CEO.exe+7317F	0x47317F	.text	ascii	高	1.00	F,+E
CEO.exe+7318A	0x47318A	.text	ascii	高	1.00	F,9E
CEO.exe+7335E	0x47335E	.text	ascii	高	1.00	V$SR
CEO.exe+73585	0x473585	.text	ascii	高	1.00	C(RP
CEO.exe+7376F	0x47376F	.text	ascii	高	1.00	K$RP
CEO.exe+737B7	0x4737B7	.text	ascii	高	1.00	C$QR
CEO.exe+73860	0x473860	.text	ascii	高	1.00	9N0t3
CEO.exe+73884	0x473884	.text	ascii	高	1.00	N4PSV
CEO.exe+7390B	0x47390B	.text	ascii	高	1.00	V$PQ
CEO.exe+73918	0x473918	.text	ascii	高	1.00	V$PQ
CEO.exe+73922	0x473922	.text	ascii	高	1.00	N$WP
CEO.exe+73D09	0x473D09	.text	ascii	高	1.00	+N(;
CEO.exe+73D11	0x473D11	.text	ascii	高	1.00	F,+F(
CEO.exe+73D42	0x473D42	.text	ascii	高	1.00	uz;V,u
CEO.exe+73D92	0x473D92	.text	ascii	高	1.00	;V,u
CEO.exe+73DD8	0x473DD8	.text	ascii	高	1.00	;N,u
CEO.exe+73DFA	0x473DFA	.text	ascii	高	1.00	uz;V,u
CEO.exe+73E4A	0x473E4A	.text	ascii	高	1.00	;V,u
CEO.exe+73F5E	0x473F5E	.text	ascii	高	1.00	9V0t0
CEO.exe+742E2	0x4742E2	.text	ascii	高	1.00	s*A;
CEO.exe+745A8	0x4745A8	.text	ascii	高	1.00	VSRPQ
CEO.exe+745F0	0x4745F0	.text	ascii	高	1.00	O$SP
CEO.exe+7461C	0x47461C	.text	ascii	高	1.00	K Wj
CEO.exe+7465B	0x47465B	.text	ascii	高	1.00	hx]J
CEO.exe+7468D	0x47468D	.text	ascii	高	1.00	E WQ
CEO.exe+746A1	0x4746A1	.text	ascii	高	1.00	hx^J
CEO.exe+746D0	0x4746D0	.text	ascii	高	1.00	C$WR
CEO.exe+746EB	0x4746EB	.text	ascii	高	1.00	S$WQ
CEO.exe+7470D	0x47470D	.text	ascii	高	1.00	S$WQ
CEO.exe+74740	0x474740	.text	ascii	高	1.00	S$WQ
CEO.exe+74775	0x474775	.text	ascii	高	1.00	K$WP
CEO.exe+74845	0x474845	.text	ascii	高	1.00	9V4u
CEO.exe+74AA4	0x474AA4	.text	ascii	高	1.00	GFIu
CEO.exe+74B1C	0x474B1C	.text	ascii	高	1.00	{4_^3
CEO.exe+74B74	0x474B74	.text	ascii	高	1.00	{4_^
CEO.exe+74BC5	0x474BC5	.text	ascii	高	1.00	{4_^
CEO.exe+74D01	0x474D01	.text	ascii	高	1.00	Ht`Ht
CEO.exe+75096	0x475096	.text	ascii	高	1.00	h aJ
CEO.exe+75129	0x475129	.text	ascii	高	1.00	Fh;F
CEO.exe+751D9	0x4751D9	.text	ascii	高	1.00	F<Ht&Ht
CEO.exe+75246	0x475246	.text	ascii	高	1.00	h aJ
CEO.exe+752D9	0x4752D9	.text	ascii	高	1.00	Fh;F
CEO.exe+75524	0x475524	.text	ascii	高	1.00	5P'J
CEO.exe+756FE	0x4756FE	.text	ascii	高	1.00	tAHt(Ht
CEO.exe+75FAA	0x475FAA	.text	ascii	高	1.00	5haJ
CEO.exe+76070	0x476070	.text	ascii	高	1.00	5@/J
CEO.exe+768E3	0x4768E3	.text	ascii	高	1.00	Wj\tH
CEO.exe+76BDF	0x476BDF	.text	ascii	高	1.00	F\j\t
CEO.exe+77561	0x477561	.text	ascii	高	1.00	9PLu
CEO.exe+78FEA	0x478FEA	.text	ascii	高	1.00	;A@|
CEO.exe+7916B	0x47916B	.text	ascii	高	1.00	WRVQ
CEO.exe+7969E	0x47969E	.text	ascii	高	1.00	SVW3
CEO.exe+79D0D	0x479D0D	.text	ascii	高	1.00	t'BR
CEO.exe+79D43	0x479D43	.text	ascii	高	1.00	t'BR
CEO.exe+79D9D	0x479D9D	.text	ascii	高	1.00	t'BR
CEO.exe+7A4F7	0x47A4F7	.text	ascii	高	1.00	t!@P
CEO.exe+7AD34	0x47AD34	.text	ascii	高	1.00	@_^3
CEO.exe+7BA00	0x47BA00	.text	ascii	高	1.00	PSVW
CEO.exe+7BA2C	0x47BA2C	.text	ascii	高	1.00	Y_^[
CEO.exe+7BA88	0x47BA88	.text	ascii	高	1.00	VhHbJ
CEO.exe+7BB9D	0x47BB9D	.text	ascii	高	1.00	M$PPj
CEO.exe+7BCED	0x47BCED	.text	ascii	高	1.00	M$PPj
CEO.exe+7BD67	0x47BD67	.text	ascii	高	1.00	Y_^[
CEO.exe+7BDEC	0x47BDEC	.text	ascii	高	1.00	hPbJ
CEO.exe+7BE8A	0x47BE8A	.text	ascii	高	1.00	x%BG
CEO.exe+7BF30	0x47BF30	.text	ascii	高	1.00	PVQR
CEO.exe+7C01E	0x47C01E	.text	ascii	高	1.00	PVQR
CEO.exe+7C117	0x47C117	.text	ascii	高	1.00	PVQR
CEO.exe+7C1C3	0x47C1C3	.text	ascii	高	1.00	SVPQ
CEO.exe+7C206	0x47C206	.text	ascii	高	1.00	Y_^[
CEO.exe+7C2A2	0x47C2A2	.text	ascii	高	1.00	hXbJ
CEO.exe+7C350	0x47C350	.text	ascii	高	1.00	WVPR
CEO.exe+7C3A9	0x47C3A9	.text	ascii	高	1.00	] Ht0HuT
CEO.exe+7C455	0x47C455	.text	ascii	高	1.00	Y_^[
CEO.exe+7C861	0x47C861	.text	ascii	高	1.00	RPQh
CEO.exe+7C8AB	0x47C8AB	.text	ascii	高	1.00	WSPQRP
CEO.exe+7D0BD	0x47D0BD	.text	ascii	高	1.00	,QPR
CEO.exe+7D2D6	0x47D2D6	.text	ascii	高	1.00	_t\tj
CEO.exe+7D71D	0x47D71D	.text	ascii	高	1.00	RPQh
CEO.exe+7D866	0x47D866	.text	ascii	高	1.00	uk8F
CEO.exe+7DA72	0x47DA72	.text	ascii	高	1.00	VSWR
CEO.exe+7DE36	0x47DE36	.text	ascii	高	1.00	dvYf
CEO.exe+7E091	0x47E091	.text	ascii	高	1.00	PQh 
CEO.exe+7E0FC	0x47E0FC	.text	ascii	高	1.00	RVSh
CEO.exe+7E2B2	0x47E2B2	.text	ascii	高	1.00	t#jCh`bJ
CEO.exe+7E812	0x47E812	.text	ascii	高	1.00	tH;8|Dj
CEO.exe+7E880	0x47E880	.text	ascii	高	1.00	WRPQ
CEO.exe+7EAAE	0x47EAAE	.text	ascii	高	1.00	PQRS
CEO.exe+7EBEE	0x47EBEE	.text	ascii	高	1.00	PQRS
CEO.exe+7F12D	0x47F12D	.text	ascii	高	1.00	tG;8|Cj
CEO.exe+7F152	0x47F152	.text	ascii	高	1.00	WPQR
CEO.exe+7F188	0x47F188	.text	ascii	高	1.00	j%PS
CEO.exe+7F4B8	0x47F4B8	.text	ascii	高	1.00	SPWV
CEO.exe+7F4D9	0x47F4D9	.text	ascii	高	1.00	SPWV
CEO.exe+7F4F6	0x47F4F6	.text	ascii	高	1.00	2PWV
CEO.exe+7F597	0x47F597	.text	ascii	高	1.00	SRWV
CEO.exe+7F5BA	0x47F5BA	.text	ascii	高	1.00	} h`y
CEO.exe+7F668	0x47F668	.text	ascii	高	1.00	SRWV
CEO.exe+7F7B8	0x47F7B8	.text	ascii	高	1.00	^$S+
CEO.exe+7F801	0x47F801	.text	ascii	高	1.00	^$S+
CEO.exe+7F855	0x47F855	.text	ascii	高	1.00	v*V+
CEO.exe+7F9B8	0x47F9B8	.text	ascii	高	1.00	f9T7
CEO.exe+7FC13	0x47FC13	.text	ascii	高	1.00	RPSQ
CEO.exe+80073	0x480073	.text	ascii	高	1.00	N@;M
CEO.exe+800E8	0x4800E8	.text	ascii	高	1.00	VB;U
CEO.exe+801C9	0x4801C9	.text	ascii	高	1.00	RPSW
CEO.exe+801E6	0x4801E6	.text	ascii	高	1.00	9A4t
CEO.exe+80353	0x480353	.text	ascii	高	1.00	N@;M
CEO.exe+803F4	0x4803F4	.text	ascii	高	1.00	|x;^4u
CEO.exe+80404	0x480404	.text	ascii	高	1.00	$;^8u
CEO.exe+8046E	0x48046E	.text	ascii	高	1.00	;^4u
CEO.exe+804C6	0x4804C6	.text	ascii	高	1.00	j$WP
CEO.exe+80551	0x480551	.text	ascii	高	1.00	FD_[;E
CEO.exe+80643	0x480643	.text	ascii	高	1.00	;~,}T
CEO.exe+8068D	0x48068D	.text	ascii	高	1.00	G;~,|
CEO.exe+806A3	0x4806A3	.text	ascii	高	1.00	9^8t
CEO.exe+806C8	0x4806C8	.text	ascii	高	1.00	t3Hum9^8th9E
CEO.exe+806FD	0x4806FD	.text	ascii	高	1.00	;~,s
CEO.exe+80702	0x480702	.text	ascii	高	1.00	9~8t
CEO.exe+8071C	0x48071C	.text	ascii	高	1.00	9^8t
CEO.exe+80886	0x480886	.text	ascii	高	1.00	;A,s
CEO.exe+80A2F	0x480A2F	.text	ascii	高	1.00	RSWV
CEO.exe+80CD9	0x480CD9	.text	ascii	高	1.00	9J ~
CEO.exe+8134E	0x48134E	.text	ascii	高	1.00	PQWV
CEO.exe+813AF	0x4813AF	.text	ascii	高	1.00	N SWf
CEO.exe+81603	0x481603	.text	ascii	高	1.00	f9T;
CEO.exe+81A35	0x481A35	.text	ascii	高	1.00	f9T;
CEO.exe+81B29	0x481B29	.text	ascii	高	1.00	t#Ht
CEO.exe+81C49	0x481C49	.text	ascii	高	1.00	9F$t!
CEO.exe+81D00	0x481D00	.text	ascii	高	1.00	h`bJ
CEO.exe+81E01	0x481E01	.text	ascii	高	1.00	Y_^[
CEO.exe+81E23	0x481E23	.text	ascii	高	1.00	Y_^[
CEO.exe+823C5	0x4823C5	.text	ascii	高	1.00	VWt0
CEO.exe+829F1	0x4829F1	.text	ascii	高	1.00	f9T;
CEO.exe+82BBB	0x482BBB	.text	ascii	高	1.00	[f9~
CEO.exe+82DE7	0x482DE7	.text	ascii	高	1.00	}/W3
CEO.exe+82EFD	0x482EFD	.text	ascii	高	1.00	RPSW
CEO.exe+83107	0x483107	.text	ascii	高	1.00	}\S3
CEO.exe+83410	0x483410	.text	ascii	高	1.00	PQVW
CEO.exe+8346B	0x48346B	.text	ascii	高	1.00	~@9=
CEO.exe+83473	0x483473	.text	ascii	高	1.00	u3j%h|bJ
CEO.exe+834D7	0x4834D7	.text	ascii	高	1.00	jDh|bJ
CEO.exe+834F1	0x4834F1	.text	ascii	高	1.00	jFh|bJ
CEO.exe+83516	0x483516	.text	ascii	高	1.00	jJh|bJ
CEO.exe+83726	0x483726	.text	ascii	高	1.00	+AXV
CEO.exe+838F1	0x4838F1	.text	ascii	高	1.00	Ad+A
CEO.exe+839FA	0x4839FA	.text	ascii	高	1.00	BRPQ
CEO.exe+83A18	0x483A18	.text	ascii	高	1.00	@PQR
CEO.exe+83A86	0x483A86	.text	ascii	高	1.00	h|bJ
CEO.exe+83AC5	0x483AC5	.text	ascii	高	1.00	h|bJ
CEO.exe+83ADE	0x483ADE	.text	ascii	高	1.00	h|bJ
CEO.exe+83AFC	0x483AFC	.text	ascii	高	1.00	h|bJ
CEO.exe+83B52	0x483B52	.text	ascii	高	1.00	h|bJ
CEO.exe+83EC5	0x483EC5	.text	ascii	高	1.00	h|bJ
CEO.exe+83F2F	0x483F2F	.text	ascii	高	1.00	Y_^[
CEO.exe+83F50	0x483F50	.text	ascii	高	1.00	PQSV
CEO.exe+83F86	0x483F86	.text	ascii	高	1.00	j4h|bJ
CEO.exe+84249	0x484249	.text	ascii	高	1.00	9AXu
CEO.exe+8424E	0x48424E	.text	ascii	高	1.00	9Q\t
CEO.exe+84289	0x484289	.text	ascii	高	1.00	;A`u
CEO.exe+8428E	0x48428E	.text	ascii	高	1.00	;Qdt
CEO.exe+842DE	0x4842DE	.text	ascii	高	1.00	SVWP
CEO.exe+8432A	0x48432A	.text	ascii	高	1.00	9^ u
CEO.exe+84341	0x484341	.text	ascii	高	1.00	u\t9^ 
CEO.exe+8443B	0x48443B	.text	ascii	高	1.00	h|bJ
CEO.exe+84459	0x484459	.text	ascii	高	1.00	h|bJ
CEO.exe+84490	0x484490	.text	ascii	高	1.00	h|bJ
CEO.exe+844AE	0x4844AE	.text	ascii	高	1.00	h|bJ
CEO.exe+84535	0x484535	.text	ascii	高	1.00	Y_^[
CEO.exe+8479D	0x48479D	.text	ascii	高	1.00	fNfIfJf
CEO.exe+84853	0x484853	.text	ascii	高	1.00	h|bJ
CEO.exe+84A13	0x484A13	.text	ascii	高	1.00	h|bJ
CEO.exe+84B2D	0x484B2D	.text	ascii	高	1.00	QRPW
CEO.exe+84B61	0x484B61	.text	ascii	高	1.00	Fd+F
CEO.exe+84BC1	0x484BC1	.text	ascii	高	1.00	NDSP
CEO.exe+84C77	0x484C77	.text	ascii	高	1.00	F )E
CEO.exe+84C7F	0x484C7F	.text	ascii	高	1.00	V )U
CEO.exe+851F2	0x4851F2	.text	ascii	高	1.00	F )E
CEO.exe+851FA	0x4851FA	.text	ascii	高	1.00	F )E
CEO.exe+85254	0x485254	.text	ascii	高	1.00	}3;^
CEO.exe+85495	0x485495	.text	ascii	高	1.00	|I;E
CEO.exe+854E5	0x4854E5	.text	ascii	高	1.00	h|bJ
CEO.exe+855CA	0x4855CA	.text	ascii	高	1.00	y\t_^3
CEO.exe+85773	0x485773	.text	ascii	高	1.00	xq;E
CEO.exe+85812	0x485812	.text	ascii	高	1.00	xj;E
CEO.exe+858A2	0x4858A2	.text	ascii	高	1.00	xQ;}
CEO.exe+858B3	0x4858B3	.text	ascii	高	1.00	x:;M
CEO.exe+85918	0x485918	.text	ascii	高	1.00	xR;}
CEO.exe+85929	0x485929	.text	ascii	高	1.00	x;;M
CEO.exe+8595B	0x48595B	.text	ascii	高	1.00	u\t;}
CEO.exe+85996	0x485996	.text	ascii	高	1.00	x:;M
CEO.exe+85A09	0x485A09	.text	ascii	高	1.00	x7;M
CEO.exe+85A37	0x485A37	.text	ascii	高	1.00	u\t;M
CEO.exe+85AE3	0x485AE3	.text	ascii	高	1.00	QSVW
CEO.exe+85DAA	0x485DAA	.text	ascii	高	1.00	F hJ)
CEO.exe+85DF2	0x485DF2	.text	ascii	高	1.00	h|bJ
CEO.exe+85FFC	0x485FFC	.text	ascii	高	1.00	y:hQ
CEO.exe+86003	0x486003	.text	ascii	高	1.00	h|bJ
CEO.exe+8608E	0x48608E	.text	ascii	高	1.00	u1_^[
CEO.exe+866F4	0x4866F4	.text	ascii	高	1.00	W\t;U
CEO.exe+869E5	0x4869E5	.text	ascii	高	1.00	_^[3
CEO.exe+869FB	0x4869FB	.text	ascii	高	1.00	_^[3
CEO.exe+86CB6	0x486CB6	.text	ascii	高	1.00	|8;~ }3;^$}.
CEO.exe+86D76	0x486D76	.text	ascii	高	1.00	PRWW
CEO.exe+86F75	0x486F75	.text	ascii	高	1.00	tuPQR
CEO.exe+86FAE	0x486FAE	.text	ascii	高	1.00	|<;~ }7;F$}2
CEO.exe+870CA	0x4870CA	.text	ascii	高	1.00	+F\^
CEO.exe+8722F	0x48722F	.text	ascii	高	1.00	N4PRj
CEO.exe+872E1	0x4872E1	.text	ascii	高	1.00	Fd9E
CEO.exe+872EE	0x4872EE	.text	ascii	高	1.00	Fh9E
CEO.exe+872FB	0x4872FB	.text	ascii	高	1.00	Fl9E
CEO.exe+87308	0x487308	.text	ascii	高	1.00	Fp9E
CEO.exe+8734F	0x48734F	.text	ascii	高	1.00	N4QRP
CEO.exe+87391	0x487391	.text	ascii	高	1.00	Ad+A\
CEO.exe+873A1	0x4873A1	.text	ascii	高	1.00	A`+AX
CEO.exe+8742A	0x48742A	.text	ascii	高	1.00	PRSW
CEO.exe+8797D	0x48797D	.text	ascii	高	1.00	}U;5
CEO.exe+879D9	0x4879D9	.text	ascii	高	1.00	xR;5
CEO.exe+87A7F	0x487A7F	.text	ascii	高	1.00	h`vH
CEO.exe+87B33	0x487B33	.text	ascii	高	1.00	;5$+
CEO.exe+88097	0x488097	.text	ascii	高	1.00	QRPV
CEO.exe+880F8	0x4880F8	.text	ascii	高	1.00	JPWV
CEO.exe+88289	0x488289	.text	ascii	高	1.00	|\t_[3
CEO.exe+88391	0x488391	.text	ascii	高	1.00	SVWP
CEO.exe+88573	0x488573	.text	ascii	高	1.00	9C t
CEO.exe+885CF	0x4885CF	.text	ascii	高	1.00	=D"J
CEO.exe+885DD	0x4885DD	.text	ascii	高	1.00	hi(J
CEO.exe+885F5	0x4885F5	.text	ascii	高	1.00	hi(J
CEO.exe+88623	0x488623	.text	ascii	高	1.00	Y_^[
CEO.exe+88A59	0x488A59	.text	ascii	高	1.00	<$Xf
CEO.exe+88BB9	0x488BB9	.text	ascii	高	1.00	QQSVWd
CEO.exe+88DEC	0x488DEC	.text	ascii	高	1.00	QSVW
CEO.exe+89542	0x489542	.text	ascii	高	1.00	 SW3
CEO.exe+896FE	0x4896FE	.text	ascii	高	1.00	h(cJ
CEO.exe+897E4	0x4897E4	.text	ascii	高	1.00	uTVWhl
CEO.exe+89F18	0x489F18	.text	ascii	高	1.00	 SW3
CEO.exe+89FF8	0x489FF8	.text	ascii	高	1.00	^[_3
CEO.exe+8A140	0x48A140	.text	ascii	高	1.00	@j:f
CEO.exe+8A14C	0x48A14C	.text	ascii	高	1.00	j\Xf
CEO.exe+8A1FB	0x48A1FB	.text	ascii	高	1.00	E\t:.
CEO.exe+8A27F	0x48A27F	.text	ascii	高	1.00	t\t;E
CEO.exe+8A381	0x48A381	.text	ascii	高	1.00	8csm
CEO.exe+8A560	0x48A560	.text	ascii	高	1.00	WVS3
CEO.exe+8A6AB	0x48A6AB	.text	ascii	高	1.00	<$tPf
CEO.exe+8A7DB	0x48A7DB	.text	ascii	高	1.00	<$tPf
CEO.exe+8A99E	0x48A99E	.text	ascii	高	1.00	YQPVh
CEO.exe+8AB3D	0x48AB3D	.text	ascii	高	1.00	@uoW
CEO.exe+8AC49	0x48AC49	.text	ascii	高	1.00	@uoW
CEO.exe+8B035	0x48B035	.text	ascii	高	1.00	woVW
CEO.exe+8B119	0x48B119	.text	ascii	高	1.00	~,WPV
CEO.exe+8B1D7	0x48B1D7	.text	ascii	高	1.00	98t^
CEO.exe+8B1E1	0x48B1E1	.text	ascii	高	1.00	tVPV
CEO.exe+8B200	0x48B200	.text	ascii	高	1.00	t/9U
CEO.exe+8B5DC	0x48B5DC	.text	ascii	高	1.00	SVW3
CEO.exe+8B95A	0x48B95A	.text	ascii	高	1.00	t/9u
CEO.exe+8B95F	0x48B95F	.text	ascii	高	1.00	t*9u
CEO.exe+8BB59	0x48BB59	.text	ascii	高	1.00	t!9u
CEO.exe+8BC06	0x48BC06	.text	ascii	高	1.00	@uoV
CEO.exe+8BD0C	0x48BD0C	.text	ascii	高	1.00	TSj$h
CEO.exe+8BE66	0x48BE66	.text	ascii	高	1.00	j<SW
CEO.exe+8BE82	0x48BE82	.text	ascii	高	1.00	j<SW
CEO.exe+8BEB7	0x48BEB7	.text	ascii	高	1.00	j<SW
CEO.exe+8C0F5	0x48C0F5	.text	ascii	高	1.00	YYVj
CEO.exe+8C2FB	0x48C2FB	.text	ascii	高	1.00	<$tTf
CEO.exe+8C6D5	0x48C6D5	.text	ascii	高	1.00	hdcJ
CEO.exe+8C730	0x48C730	.text	ascii	高	1.00	oV f
CEO.exe+8C735	0x48C735	.text	ascii	高	1.00	o^0f
CEO.exe+8C74D	0x48C74D	.text	ascii	高	1.00	of@f
CEO.exe+8C752	0x48C752	.text	ascii	高	1.00	onPf
CEO.exe+8C757	0x48C757	.text	ascii	高	1.00	ov`f
CEO.exe+8C75C	0x48C75C	.text	ascii	高	1.00	o~pf
CEO.exe+8C7CA	0x48C7CA	.text	ascii	高	1.00	FGIu
CEO.exe+8C7CF	0x48C7CF	.text	ascii	高	1.00	X^_]
CEO.exe+8C7EB	0x48C7EB	.text	ascii	高	1.00	FGIu
CEO.exe+8CA98	0x48CA98	.text	ascii	高	1.00	hlcJ
CEO.exe+8CABA	0x48CABA	.text	ascii	高	1.00	80t/
CEO.exe+8CF0B	0x48CF0B	.text	ascii	高	1.00	SQRP
CEO.exe+8CF31	0x48CF31	.text	ascii	高	1.00	jdRP
CEO.exe+8D00C	0x48D00C	.text	ascii	高	1.00	@PVS
CEO.exe+8D030	0x48D030	.text	ascii	高	1.00	@PVS
CEO.exe+8D06C	0x48D06C	.text	ascii	高	1.00	Wj0S
CEO.exe+8D1E0	0x48D1E0	.text	ascii	高	1.00	|-;E
CEO.exe+8D4D3	0x48D4D3	.text	ascii	高	1.00	<Xt\t
CEO.exe+8D5A7	0x48D5A7	.text	ascii	高	1.00	u+9u
CEO.exe+8D6DD	0x48D6DD	.text	ascii	高	1.00	=RCC
CEO.exe+8D6E4	0x48D6E4	.text	ascii	高	1.00	=MOC
CEO.exe+8D6EB	0x48D6EB	.text	ascii	高	1.00	=csm
CEO.exe+8D7FF	0x48D7FF	.text	ascii	高	1.00	8csm
CEO.exe+8D855	0x48D855	.text	ascii	高	1.00	9csm
CEO.exe+8D8E0	0x48D8E0	.text	ascii	高	1.00	~SSV
CEO.exe+8DA5B	0x48DA5B	.text	ascii	高	1.00	~A;L
CEO.exe+8DAD5	0x48DAD5	.text	ascii	高	1.00	>csm
CEO.exe+8DC16	0x48DC16	.text	ascii	高	1.00	taSV
CEO.exe+8DC37	0x48DC37	.text	ascii	高	1.00	YYPV
CEO.exe+8DC4E	0x48DC4E	.text	ascii	高	1.00	t)SV
CEO.exe+8DCDF	0x48DCDF	.text	ascii	高	1.00	Hu4j
CEO.exe+8DDDB	0x48DDDB	.text	ascii	高	1.00	=MOC
CEO.exe+8DDE0	0x48DDE0	.text	ascii	高	1.00	t*=RCC
CEO.exe+8DE44	0x48DE44	.text	ascii	高	1.00	;7|G;p
CEO.exe+8DF61	0x48DF61	.text	ascii	高	1.00	9>u&
CEO.exe+8E2C1	0x48E2C1	.text	ascii	高	1.00	tR99u2
CEO.exe+8E2CB	0x48E2CB	.text	ascii	高	1.00	r,9Y
CEO.exe+8E59E	0x48E59E	.text	ascii	高	1.00	F\=@
CEO.exe+8E66F	0x48E66F	.text	ascii	高	1.00	5`!J
CEO.exe+8E71C	0x48E71C	.text	ascii	高	1.00	5d!J
CEO.exe+8F5FD	0x48F5FD	.text	big5	候选	0.67	贊濟摛
CEO.exe+8FAF2	0x48FAF2	.text	ascii	高	1.00	u:9U
CEO.exe+8FB31	0x48FB31	.text	ascii	高	1.00	u@9U
CEO.exe+8FB78	0x48FB78	.text	ascii	高	1.00	u(9U
CEO.exe+8FBA5	0x48FBA5	.text	ascii	高	1.00	uU9U
CEO.exe+900CA	0x4900CA	.text	ascii	高	1.00	@u^V
CEO.exe+901E7	0x4901E7	.text	ascii	高	1.00	t%HHt
CEO.exe+90429	0x490429	.text	ascii	高	1.00	HHtXHHt
CEO.exe+90519	0x490519	.text	ascii	高	1.00	HHty+
CEO.exe+9091F	0x49091F	.text	ascii	高	1.00	RPSW
CEO.exe+9096A	0x49096A	.text	ascii	高	1.00	90tW
CEO.exe+9097F	0x49097F	.text	ascii	高	1.00	?If90t
CEO.exe+90C88	0x490C88	.text	ascii	高	1.00	u,9E
CEO.exe+90CDA	0x490CDA	.text	ascii	高	1.00	u,9E
CEO.exe+90D9F	0x490D9F	.text	ascii	高	1.00	Y__^[
CEO.exe+90E93	0x490E93	.text	ascii	高	1.00	9csm
CEO.exe+90E9B	0x490E9B	.text	ascii	高	1.00	=tcJ
CEO.exe+90EA1	0x490EA1	.text	ascii	高	1.00	t htcJ
CEO.exe+9114E	0x49114E	.text	ascii	高	1.00	j hH
CEO.exe+911BF	0x4911BF	.text	ascii	高	1.00	t!Ht
CEO.exe+914B3	0x4914B3	.text	ascii	高	1.00	Y_^[
CEO.exe+914E4	0x4914E4	.text	ascii	高	1.00	Y_^[
CEO.exe+915E6	0x4915E6	.text	ascii	高	1.00	<v*V
CEO.exe+91C08	0x491C08	.text	ascii	高	1.00	95p6
CEO.exe+91F1B	0x491F1B	.text	ascii	高	1.00	to=`
CEO.exe+9204B	0x49204B	.text	ascii	高	1.00	Y_^[]
CEO.exe+920B7	0x4920B7	.text	ascii	高	1.00	Fpt"
CEO.exe+922B9	0x4922B9	.text	ascii	高	1.00	9M$u
CEO.exe+92378	0x492378	.text	ascii	高	1.00	<+t"<-t
CEO.exe+9247F	0x49247F	.text	ascii	高	1.00	+t HHt
CEO.exe+929E8	0x4929E8	.text	ascii	高	1.00	t&:a
CEO.exe+92B34	0x492B34	.text	ascii	高	1.00	^_[3
CEO.exe+92E4B	0x492E4B	.text	ascii	高	1.00	v\tN+D$
CEO.exe+92EA7	0x492EA7	.text	ascii	高	1.00	f-00f=
CEO.exe+93077	0x493077	.text	ascii	高	1.00	f-00f=
CEO.exe+93207	0x493207	.text	ascii	高	1.00	8csm
CEO.exe+933C4	0x4933C4	.text	ascii	高	1.00	t$<"u\t3
CEO.exe+9346C	0x49346C	.text	ascii	高	1.00	t?VSP
CEO.exe+934A8	0x4934A8	.text	ascii	高	1.00	Y[_^
CEO.exe+935AB	0x4935AB	.text	ascii	高	1.00	>"u&
CEO.exe+935F7	0x4935F7	.text	ascii	高	1.00	< tK<\ttG
CEO.exe+93741	0x493741	.text	ascii	高	1.00	wf93t
CEO.exe+9374A	0x49374A	.text	ascii	高	1.00	f90u
CEO.exe+93752	0x493752	.text	ascii	高	1.00	f90u
CEO.exe+93759	0x493759	.text	ascii	高	1.00	=d J
CEO.exe+93766	0x493766	.text	ascii	高	1.00	@PSVV
CEO.exe+93783	0x493783	.text	ascii	高	1.00	t*VV
CEO.exe+937D0	0x4937D0	.text	ascii	高	1.00	j@j ^V
CEO.exe+93836	0x493836	.text	ascii	高	1.00	SWf9M
CEO.exe+93872	0x493872	.text	ascii	高	1.00	j@j 
CEO.exe+93CB9	0x493CB9	.text	ascii	高	1.00	uNSW
CEO.exe+93D6C	0x493D6C	.text	ascii	高	1.00	<at,<rt"<wt
CEO.exe+93DDE	0x493DDE	.text	ascii	高	1.00	tRHtC
CEO.exe+93E6B	0x493E6B	.text	ascii	高	1.00	tEHt0
CEO.exe+93EA4	0x493EA4	.text	ascii	高	1.00	u%\tU
CEO.exe+93F0E	0x493F0E	.text	ascii	高	1.00	>=unF
CEO.exe+9411F	0x49411F	.text	ascii	高	1.00	URPQQh
CEO.exe+9414A	0x49414A	.text	ascii	高	1.00	L$,3
CEO.exe+94202	0x494202	.text	ascii	高	1.00	UVWS
CEO.exe+94235	0x494235	.text	ascii	高	1.00	SVWj
CEO.exe+9423A	0x49423A	.text	ascii	高	1.00	RhFBI
CEO.exe+9442B	0x49442B	.text	ascii	高	1.00	@SurP
CEO.exe+94765	0x494765	.text	ascii	高	1.00	jdX;
CEO.exe+94D86	0x494D86	.text	ascii	高	1.00	F<-uq
CEO.exe+94D93	0x494D93	.text	ascii	高	1.00	]tfF:
CEO.exe+94EEB	0x494EEB	.text	ascii	高	1.00	YYj0[
CEO.exe+95285	0x495285	.text	ascii	高	1.00	d<%u
CEO.exe+952F4	0x4952F4	.text	ascii	高	1.00	?%uN
CEO.exe+9594B	0x49594B	.text	ascii	高	1.00	VVhU
CEO.exe+960E7	0x4960E7	.text	ascii	高	1.00	j@j 
CEO.exe+96217	0x496217	.text	ascii	高	1.00	_^[u
CEO.exe+96474	0x496474	.text	ascii	高	1.00	t$WV
CEO.exe+9688E	0x49688E	.text	ascii	高	1.00	Ht%C
CEO.exe+969E1	0x4969E1	.text	ascii	高	1.00	Ht(f
CEO.exe+96C13	0x496C13	.text	ascii	高	1.00	j,h0
CEO.exe+96CB8	0x496CB8	.text	ascii	高	1.00	t!PV
CEO.exe+96DA1	0x496DA1	.text	ascii	高	1.00	PSj?
CEO.exe+96DB5	0x496DB5	.text	ascii	高	1.00	=d J
CEO.exe+96DD9	0x496DD9	.text	ascii	高	1.00	PSj?
CEO.exe+96EA0	0x496EA0	.text	ascii	高	1.00	>:u8FV
CEO.exe+96FA1	0x496FA1	.text	ascii	高	1.00	jd_Fj
CEO.exe+97161	0x497161	.text	ascii	高	1.00	95\8
CEO.exe+9718B	0x49718B	.text	ascii	高	1.00	Pf95H8
CEO.exe+971B1	0x4971B1	.text	ascii	高	1.00	PVVRV
CEO.exe+971E4	0x4971E4	.text	ascii	高	1.00	Pf95
CEO.exe+9724D	0x49724D	.text	ascii	高	1.00	VVVVVQRSSj
CEO.exe+97302	0x497302	.text	ascii	高	1.00	95d8
CEO.exe+97315	0x497315	.text	ascii	高	1.00	95d8
CEO.exe+97832	0x497832	.text	ascii	高	1.00	tCHt(Ht 
CEO.exe+978D6	0x4978D6	.text	ascii	高	1.00	3t(;
CEO.exe+979DB	0x4979DB	.text	ascii	高	1.00	=l J
CEO.exe+97F85	0x497F85	.text	ascii	高	1.00	t(9}
CEO.exe+98087	0x498087	.text	ascii	高	1.00	f- 8f=
CEO.exe+9814B	0x49814B	.text	ascii	高	1.00	(H0f
CEO.exe+98154	0x498154	.text	ascii	高	1.00	(``f
CEO.exe+9816D	0x49816D	.text	ascii	高	1.00	XH f
CEO.exe+98176	0x498176	.text	ascii	高	1.00	X`Pf
CEO.exe+9817F	0x49817F	.text	ascii	高	1.00	(Hpf
CEO.exe+98190	0x498190	.text	ascii	高	1.00	(H@f
CEO.exe+988B1	0x4988B1	.text	ascii	高	1.00	@PWV
CEO.exe+98A10	0x498A10	.text	ascii	高	1.00	WVU3
CEO.exe+98AB6	0x498AB6	.text	ascii	高	1.00	v\tN+D$
CEO.exe+98BC3	0x498BC3	.text	ascii	高	1.00	SVWUj
CEO.exe+98C64	0x498C64	.text	ascii	高	1.00	;t$,v-
CEO.exe+98CE9	0x498CE9	.text	ascii	高	1.00	UQPXY]Y[
CEO.exe+98E5D	0x498E5D	.text	ascii	高	1.00	tWItHIt9It 
CEO.exe+98FFE	0x498FFE	.text	ascii	高	1.00	tRHtCHt4Ht%HtFHHt
CEO.exe+9913B	0x49913B	.text	ascii	高	1.00	HYYt
CEO.exe+9949F	0x49949F	.text	ascii	高	1.00	QSWVj
CEO.exe+995DE	0x4995DE	.text	ascii	高	1.00	VW9]
CEO.exe+9963B	0x49963B	.text	ascii	高	1.00	t"Ou
CEO.exe+998FA	0x4998FA	.text	ascii	高	1.00	t'Ou
CEO.exe+99A53	0x499A53	.text	ascii	高	1.00	9]$u
CEO.exe+99A64	0x499A64	.text	ascii	高	1.00	5` J
CEO.exe+99A6B	0x499A6B	.text	ascii	高	1.00	9](SS
CEO.exe+99BB1	0x499BB1	.text	ascii	高	1.00	t"SS9] u
CEO.exe+99C6A	0x499C6A	.text	ascii	高	1.00	5` J
CEO.exe+99C71	0x499C71	.text	ascii	高	1.00	9] SS
CEO.exe+9A133	0x49A133	.text	ascii	高	1.00	v4;5
CEO.exe+9A231	0x49A231	.text	ascii	高	1.00	vL;5
CEO.exe+9A365	0x49A365	.text	ascii	高	1.00	r"9U
CEO.exe+9A8B6	0x49A8B6	.text	ascii	高	1.00	r"9U
CEO.exe+9B05F	0x49B05F	.text	ascii	高	1.00	te9]
CEO.exe+9B0B3	0x49B0B3	.text	ascii	高	1.00	1f;p
CEO.exe+9B0B8	0x49B0B8	.text	ascii	高	1.00	r+f;p
CEO.exe+9B0F4	0x49B0F4	.text	ascii	高	1.00	tG9]
CEO.exe+9B12A	0x49B12A	.text	ascii	高	1.00	1f;H
CEO.exe+9B12F	0x49B12F	.text	ascii	高	1.00	r+f;H
CEO.exe+9B15F	0x49B15F	.text	ascii	高	1.00	u!f;
CEO.exe+9B164	0x49B164	.text	ascii	高	1.00	t\t9]
CEO.exe+9B327	0x49B327	.text	ascii	高	1.00	@uoV
CEO.exe+9B477	0x49B477	.text	ascii	高	1.00	~%9M
CEO.exe+9B48A	0x49B48A	.text	ascii	高	1.00	QVj\t
CEO.exe+9B4A7	0x49B4A7	.text	ascii	高	1.00	r 8^
CEO.exe+9B589	0x49B589	.text	ascii	高	1.00	95X+
CEO.exe+9B5C5	0x49B5C5	.text	ascii	高	1.00	<8=u
CEO.exe+9B750	0x49B750	.text	ascii	高	1.00	u-hD
CEO.exe+9B75B	0x49B75B	.text	ascii	高	1.00	u"9U
CEO.exe+9B8E5	0x49B8E5	.text	ascii	高	1.00	u\t9p
CEO.exe+9BB7C	0x49BB7C	.text	ascii	高	1.00	u\t9E
CEO.exe+9BEDE	0x49BEDE	.text	ascii	高	1.00	;9u\t
CEO.exe+9BEE4	0x49BEE4	.text	ascii	高	1.00	0K;]
CEO.exe+9C41C	0x49C41C	.text	ascii	高	1.00	tR:Q
CEO.exe+9C428	0x49C428	.text	ascii	高	1.00	t<:Q
CEO.exe+9C434	0x49C434	.text	ascii	高	1.00	t&:Q
CEO.exe+9C48F	0x49C48F	.text	ascii	高	1.00	@FA;
CEO.exe+9C4B4	0x49C4B4	.text	ascii	高	1.00	SVW3
CEO.exe+9C656	0x49C656	.text	ascii	高	1.00	\tX 9} 
CEO.exe+9C710	0x49C710	.text	ascii	高	1.00	t/Ht
CEO.exe+9C76F	0x49C76F	.text	ascii	高	1.00	9] t
CEO.exe+9CA76	0x49CA76	.text	ascii	高	1.00	@tH9
CEO.exe+9CBEB	0x49CBEB	.text	ascii	高	1.00	u09E
CEO.exe+9CD64	0x49CD64	.text	ascii	高	1.00	QQSV3
CEO.exe+9CDA1	0x49CDA1	.text	ascii	高	1.00	tCVV
CEO.exe+9CF93	0x49CF93	.text	ascii	高	1.00	5` J
CEO.exe+9D037	0x49D037	.text	ascii	高	1.00	tx~?j
CEO.exe+9D07E	0x49D07E	.text	ascii	高	1.00	t1SW
CEO.exe+9D2E0	0x49D2E0	.text	ascii	高	1.00	tSj=V
CEO.exe+9D31D	0x49D31D	.text	ascii	高	1.00	u`9]
CEO.exe+9D3D6	0x49D3D6	.text	ascii	高	1.00	?sjj
CEO.exe+9D463	0x49D463	.text	ascii	高	1.00	tPVV
CEO.exe+9F24A	0x49F24A	.text	ascii	高	1.00	h \tJ
CEO.exe+9F27A	0x49F27A	.text	ascii	高	1.00	h0\tJ
CEO.exe+9F29A	0x49F29A	.text	ascii	高	1.00	h@\tJ
CEO.exe+9F2CA	0x49F2CA	.text	ascii	高	1.00	hP\tJ
CEO.exe+9F2EA	0x49F2EA	.text	ascii	高	1.00	h`\tJ
CEO.exe+9F30A	0x49F30A	.text	ascii	高	1.00	hp\tJ
CEO.exe+A275F	0x4A275F	.rdata	ascii	高	1.00	@AI_style.cpp
CEO.exe+A2770	0x4A2770	.rdata	ascii	高	1.00	data\AI_style.csv
CEO.exe+A27D6	0x4A27D6	.rdata	ascii	高	1.00	2@buffer full
CEO.exe+A27E4	0x4A27E4	.rdata	ascii	高	1.00	error
CEO.exe+A27EC	0x4A27EC	.rdata	ascii	高	1.00	x=%d y=%d  Cycle=%d Turbo=%d
CEO.exe+A280C	0x4A280C	.rdata	ascii	高	1.00	x=%d y=%d  mx=%d my=%d vx=%d vy=%d Cycle=%d Turbo=%d fisht0=%d
CEO.exe+A2858	0x4A2858	.rdata	big5	高	1.00	要不要預蓋民房
CEO.exe+A286C	0x4A286C	.rdata	ascii	高	1.00	%d.sav
CEO.exe+A2874	0x4A2874	.rdata	ascii	高	1.00	face\task_arrow.fce
CEO.exe+A2888	0x4A2888	.rdata	ascii	高	1.00	face\face_task.fce
CEO.exe+A289C	0x4A289C	.rdata	ascii	高	1.00	face\main1.fce
CEO.exe+A28AC	0x4A28AC	.rdata	ascii	高	1.00	pics\num1
CEO.exe+A28B8	0x4A28B8	.rdata	ascii	高	1.00	pics\loading_door
CEO.exe+A28D6	0x4A28D6	.rdata	ascii	高	1.00	b@building.cpp
CEO.exe+A28E8	0x4A28E8	.rdata	ascii	高	1.00	data\build_relation.csv
CEO.exe+A2900	0x4A2900	.rdata	big5	高	1.00	新廠房
CEO.exe+A2908	0x4A2908	.rdata	big5	高	1.00	舊廠房
CEO.exe+A2928	0x4A2928	.rdata	big5	高	1.00	待售地
CEO.exe+A2930	0x4A2930	.rdata	ascii	高	1.00	building_type.cpp
CEO.exe+A2944	0x4A2944	.rdata	ascii	高	1.00	data\building.csv
CEO.exe+A2958	0x4A2958	.rdata	ascii	高	1.00	script error , 
CEO.exe+A296B	0x4A296B	.rdata	ascii	高	1.00	 bigger 
CEO.exe+A2973	0x4A2973	.rdata	big5	高	1.00	的參數數量不對
CEO.exe+A2987	0x4A2987	.rdata	ascii	高	1.00	line%d
CEO.exe+A2990	0x4A2990	.rdata	ascii	高	1.00	ceo_tasks.cpp
CEO.exe+A29A0	0x4A29A0	.rdata	ascii	高	1.00	script error , 
CEO.exe+A29B3	0x4A29B3	.rdata	ascii	高	1.00	 nobigger 
CEO.exe+A29BD	0x4A29BD	.rdata	big5	高	1.00	的參數數量不對
CEO.exe+A29CC	0x4A29CC	.rdata	ascii	高	1.00	script error , 
CEO.exe+A29DF	0x4A29DF	.rdata	ascii	高	1.00	 equal 
CEO.exe+A29E6	0x4A29E6	.rdata	big5	高	1.00	的參數數量不對
CEO.exe+A29F8	0x4A29F8	.rdata	ascii	高	1.00	script error , 
CEO.exe+A2A0B	0x4A2A0B	.rdata	ascii	高	1.00	 not 
CEO.exe+A2A10	0x4A2A10	.rdata	big5	高	1.00	的參數數量不對
CEO.exe+A2A20	0x4A2A20	.rdata	ascii	高	1.00	script error , money 
CEO.exe+A2A35	0x4A2A35	.rdata	big5	高	1.00	不該有參數
CEO.exe+A2A40	0x4A2A40	.rdata	ascii	高	1.00	script error , 
CEO.exe+A2A53	0x4A2A53	.rdata	ascii	高	1.00	 set_money 
CEO.exe+A2A5E	0x4A2A5E	.rdata	big5	高	1.00	的參數數量不對
CEO.exe+A2A70	0x4A2A70	.rdata	ascii	高	1.00	script error , fact_sum 
CEO.exe+A2A88	0x4A2A88	.rdata	big5	高	1.00	不該有參數
CEO.exe+A2A98	0x4A2A98	.rdata	ascii	高	1.00	test task
CEO.exe+A2AA4	0x4A2AA4	.rdata	ascii	高	1.00	LOSE
CEO.exe+A2AAC	0x4A2AAC	.rdata	ascii	高	1.00	script error , company_val 
CEO.exe+A2AC7	0x4A2AC7	.rdata	big5	高	1.00	不該有參數
CEO.exe+A2AD4	0x4A2AD4	.rdata	ascii	高	1.00	script error , loan 
CEO.exe+A2AE8	0x4A2AE8	.rdata	big5	高	1.00	不該有參數
CEO.exe+A2AF4	0x4A2AF4	.rdata	ascii	高	1.00	script error , land_sum 
CEO.exe+A2B0C	0x4A2B0C	.rdata	big5	高	1.00	不該有參數
CEO.exe+A2B18	0x4A2B18	.rdata	ascii	高	1.00	script error , selected_factory 
CEO.exe+A2B38	0x4A2B38	.rdata	big5	高	1.00	不該有參數
CEO.exe+A2B44	0x4A2B44	.rdata	ascii	高	1.00	script error , 
CEO.exe+A2B57	0x4A2B57	.rdata	ascii	高	1.00	 crash 
CEO.exe+A2B5E	0x4A2B5E	.rdata	big5	高	1.00	的參數數量不對
CEO.exe+A2B70	0x4A2B70	.rdata	ascii	高	1.00	script error , 
CEO.exe+A2B83	0x4A2B83	.rdata	ascii	高	1.00	 own_land 
CEO.exe+A2B8D	0x4A2B8D	.rdata	big5	高	1.00	的參數數量不對
CEO.exe+A2BDF	0x4A2BDF	.rdata	ascii	高	1.00	@%lf
CEO.exe+A2BE4	0x4A2BE4	.rdata	ascii	高	1.00	data\mur.csv
CEO.exe+A2BFC	0x4A2BFC	.rdata	ascii	高	1.00	data\formula.csv
CEO.exe+A2C10	0x4A2C10	.rdata	ascii	高	1.00	pics\buildings
CEO.exe+A2C20	0x4A2C20	.rdata	ascii	高	1.00	pics\items
CEO.exe+A2C2C	0x4A2C2C	.rdata	ascii	高	1.00	pics\machines
CEO.exe+A2C3C	0x4A2C3C	.rdata	ascii	高	1.00	game_data.cpp
CEO.exe+A2C4C	0x4A2C4C	.rdata	ascii	高	1.00	pics\road64x32
CEO.exe+A2C5C	0x4A2C5C	.rdata	ascii	高	1.00	pics\gnd64x32
CEO.exe+A2C6C	0x4A2C6C	.rdata	ascii	高	1.00	%s\slot%d\%s
CEO.exe+A2C7C	0x4A2C7C	.rdata	ascii	高	1.00	%s\%s
CEO.exe+A2C84	0x4A2C84	.rdata	ascii	高	1.00	save
CEO.exe+A2C8C	0x4A2C8C	.rdata	ascii	高	1.00	Empty
CEO.exe+A2C94	0x4A2C94	.rdata	ascii	高	1.00	%s\slot%d\%d.sav
CEO.exe+A2CA8	0x4A2CA8	.rdata	ascii	高	1.00	%s\%d.sav
CEO.exe+A2CB4	0x4A2CB4	.rdata	ascii	高	1.00	pics\road32x16
CEO.exe+A2CC4	0x4A2CC4	.rdata	ascii	高	1.00	pics\gnd32x16
CEO.exe+A2CD4	0x4A2CD4	.rdata	ascii	高	1.00	pics\32x16
CEO.exe+A2CE0	0x4A2CE0	.rdata	ascii	高	1.00	pics\64x32
CEO.exe+A2CEC	0x4A2CEC	.rdata	ascii	高	1.00	data\txts.csv
CEO.exe+A2CFC	0x4A2CFC	.rdata	ascii	高	1.00	data\mapcity.csv
CEO.exe+A2D2F	0x4A2D2F	.rdata	ascii	高	1.00	@%10s:\t%.2lf\t%.2lf\t%.0lf\t%.0lf\t%.2lf\t%.0lf\t%.0lf\t%.0lf
CEO.exe+A2D68	0x4A2D68	.rdata	big5	高	1.00	沒利潤
CEO.exe+A2D70	0x4A2D70	.rdata	big5	高	1.00	需調整需求指數
CEO.exe+A2D80	0x4A2D80	.rdata	ascii	高	1.00	%10s:\t%s\t%s\t%s\t%s\t%s\t%s\t%s\t%s
CEO.exe+A2DA0	0x4A2DA0	.rdata	big5	高	1.00	產品名稱
CEO.exe+A2DAC	0x4A2DAC	.rdata	big5	高	1.00	原始需求
CEO.exe+A2DBC	0x4A2DBC	.rdata	big5	高	1.00	累計需求
CEO.exe+A2DCC	0x4A2DCC	.rdata	big5	高	1.00	標準價
CEO.exe+A2DD8	0x4A2DD8	.rdata	big5	高	1.00	建材需求
CEO.exe+A2DE1	0x4A2DE1	.rdata	big5	高	1.00	目前總數
CEO.exe+A2DF8	0x4A2DF8	.rdata	big5	高	1.00	總零售利潤
CEO.exe+A2E10	0x4A2E10	.rdata	big5	高	1.00	總批售利潤
CEO.exe+A2E28	0x4A2E28	.rdata	big5	高	1.00	學生人口
CEO.exe+A2E2F	0x4A2E2F	.rdata	ascii	高	1.00	f:\t%d
CEO.exe+A2E38	0x4A2E38	.rdata	big5	高	1.00	活動人口
CEO.exe+A2E3F	0x4A2E3F	.rdata	ascii	高	1.00	f:\t%d
CEO.exe+A2E48	0x4A2E48	.rdata	big5	高	1.00	工作人口
CEO.exe+A2E4F	0x4A2E4F	.rdata	ascii	高	1.00	f:\t%d
CEO.exe+A2E58	0x4A2E58	.rdata	big5	高	1.00	居住人口
CEO.exe+A2E5F	0x4A2E5F	.rdata	ascii	高	1.00	f:\t%d
CEO.exe+A2E68	0x4A2E68	.rdata	ascii	高	1.00	log\prod_need.csv
CEO.exe+A2E7C	0x4A2E7C	.rdata	ascii	高	1.00	option.dat
CEO.exe+A2EDE	0x4A2EDE	.rdata	ascii	高	1.00	@@save\slot%d.lif
CEO.exe+A2EF0	0x4A2EF0	.rdata	ascii	高	1.00	c.tga
CEO.exe+A2EF8	0x4A2EF8	.rdata	ascii	高	1.00	maps\
CEO.exe+A2F00	0x4A2F00	.rdata	ascii	高	1.00	t.tga
CEO.exe+A2F08	0x4A2F08	.rdata	ascii	高	1.00	h.tga
CEO.exe+A2F10	0x4A2F10	.rdata	ascii	高	1.00	s.tga
CEO.exe+A2F18	0x4A2F18	.rdata	ascii	高	1.00	r.tga
CEO.exe+A2F20	0x4A2F20	.rdata	ascii	高	1.00	g.tga
CEO.exe+A2F28	0x4A2F28	.rdata	ascii	高	1.00	data\maps.csv
CEO.exe+A2F56	0x4A2F56	.rdata	ascii	高	1.00	.@file not fond
CEO.exe+A2F6C	0x4A2F6C	.rdata	big5	候选	0.75	地圖尺寸請調整為
CEO.exe+A2F7F	0x4A2F7F	.rdata	big5	高	1.00	的倍數
CEO.exe+A2F88	0x4A2F88	.rdata	ascii	高	1.00	loadstage.cpp
CEO.exe+A2F98	0x4A2F98	.rdata	ascii	高	1.00	data\stages.csv
CEO.exe+A2FBC	0x4A2FBC	.rdata	ascii	高	1.00	vH7Bmachine_type.cpp
CEO.exe+A2FD4	0x4A2FD4	.rdata	ascii	高	1.00	data\Machine_group.csv
CEO.exe+A2FEC	0x4A2FEC	.rdata	ascii	高	1.00	data\Machine_type.csv
CEO.exe+A3004	0x4A3004	.rdata	ascii	高	1.00	CEO_STAGE_19
CEO.exe+A3014	0x4A3014	.rdata	ascii	高	1.00	CEO_STAGE_18
CEO.exe+A3024	0x4A3024	.rdata	ascii	高	1.00	CEO_STAGE_17
CEO.exe+A3034	0x4A3034	.rdata	ascii	高	1.00	CEO_STAGE_16
CEO.exe+A3044	0x4A3044	.rdata	ascii	高	1.00	CEO_STAGE_15
CEO.exe+A3054	0x4A3054	.rdata	ascii	高	1.00	CEO_STAGE_14
CEO.exe+A3064	0x4A3064	.rdata	ascii	高	1.00	CEO_STAGE_13
CEO.exe+A3074	0x4A3074	.rdata	ascii	高	1.00	CEO_STAGE_12
CEO.exe+A3084	0x4A3084	.rdata	ascii	高	1.00	CEO_STAGE_11
CEO.exe+A3094	0x4A3094	.rdata	ascii	高	1.00	CEO_STAGE_10
CEO.exe+A30A4	0x4A30A4	.rdata	ascii	高	1.00	CEO_STAGE_9
CEO.exe+A30B0	0x4A30B0	.rdata	ascii	高	1.00	CEO_STAGE_8
CEO.exe+A30BC	0x4A30BC	.rdata	ascii	高	1.00	CEO_STAGE_7
CEO.exe+A30C8	0x4A30C8	.rdata	ascii	高	1.00	CEO_STAGE_6
CEO.exe+A30D4	0x4A30D4	.rdata	ascii	高	1.00	CEO_STAGE_5
CEO.exe+A30E0	0x4A30E0	.rdata	ascii	高	1.00	CEO_STAGE_4
CEO.exe+A30EC	0x4A30EC	.rdata	ascii	高	1.00	CEO_STAGE_3
CEO.exe+A30F8	0x4A30F8	.rdata	ascii	高	1.00	CEO_STAGE_2
CEO.exe+A3104	0x4A3104	.rdata	ascii	高	1.00	CEO_STAGE_1
CEO.exe+A3110	0x4A3110	.rdata	ascii	高	1.00	CEO_STAGE_0
CEO.exe+A311C	0x4A311C	.rdata	ascii	高	1.00	STEAMUSERSTATS_INTERFACE_VERSION012
CEO.exe+A3140	0x4A3140	.rdata	ascii	高	1.00	SteamClient020
CEO.exe+A3150	0x4A3150	.rdata	ascii	高	1.00	SteamUser021
CEO.exe+A3160	0x4A3160	.rdata	ascii	高	1.00	SteamUtils010
CEO.exe+A3170	0x4A3170	.rdata	ascii	高	1.00	STEAMAPPS_INTERFACE_VERSION008
CEO.exe+A3190	0x4A3190	.rdata	ascii	高	1.00	SteamInput006
CEO.exe+A31A0	0x4A31A0	.rdata	ascii	高	1.00	desc
CEO.exe+A31AC	0x4A31AC	.rdata	ascii	高	1.00	name
CEO.exe+A31B4	0x4A31B4	.rdata	ascii	高	1.00	+connect_lobby 
CEO.exe+A31C4	0x4A31C4	.rdata	ascii	高	1.00	+connect 
CEO.exe+A3260	0x4A3260	.rdata	ascii	高	1.00	fonts\font16
CEO.exe+A3270	0x4A3270	.rdata	ascii	高	1.00	fonts\12ns
CEO.exe+A327C	0x4A327C	.rdata	ascii	高	1.00	pics\32X16
CEO.exe+A3288	0x4A3288	.rdata	ascii	高	1.00	pics\cur1
CEO.exe+A3294	0x4A3294	.rdata	ascii	高	1.00	Video\open.wmv
CEO.exe+A3310	0x4A3310	.rdata	big5	高	1.00	創業王
CEO.exe+A3316	0x4A3316	.rdata	ascii	高	1.00	CEO STEAM
CEO.exe+A3320	0x4A3320	.rdata	ascii	高	1.00	CEO STEAM
CEO.exe+A332C	0x4A332C	.rdata	ascii	高	1.00	selectWindowClass
CEO.exe+A3340	0x4A3340	.rdata	ascii	高	1.00	SteamInput()->Init failed.
CEO.exe+A335C	0x4A335C	.rdata	ascii	高	1.00	controller.vdf
CEO.exe+A3370	0x4A3370	.rdata	ascii	高	1.00	Steam user must be logged in to play this game (SteamUser()->BLoggedOn() returned false).
CEO.exe+A33CC	0x4A33CC	.rdata	ascii	高	1.00	Steam user is not logged in
CEO.exe+A33EC	0x4A33EC	.rdata	ascii	高	1.00	Fatal Error
CEO.exe+A33F8	0x4A33F8	.rdata	ascii	高	1.00	Steam must be running to play this game (SteamAPI_Init() failed).
CEO.exe+A343C	0x4A343C	.rdata	ascii	高	1.00	SteamAPI_Init() failed
CEO.exe+A3454	0x4A3454	.rdata	ascii	高	1.00	TTIME_CEO
CEO.exe+A3460	0x4A3460	.rdata	ascii	高	1.00	data\road32x16
CEO.exe+A3470	0x4A3470	.rdata	ascii	高	1.00	data\gnd32x16
CEO.exe+A3480	0x4A3480	.rdata	ascii	高	1.00	news.cpp
CEO.exe+A348C	0x4A348C	.rdata	ascii	高	1.00	data\news.csv
CEO.exe+A34A6	0x4A34A6	.rdata	ascii	高	1.00	PAerror: machine_type.txt 
CEO.exe+A34C0	0x4A34C0	.rdata	big5	高	0.88	機器入口座標錯誤
CEO.exe+A34D4	0x4A34D4	.rdata	ascii	高	1.00	%d %s
CEO.exe+A34DC	0x4A34DC	.rdata	ascii	高	1.00	people_type.cpp
CEO.exe+A34EC	0x4A34EC	.rdata	ascii	高	1.00	data\people_type.csv
CEO.exe+A351E	0x4A351E	.rdata	ascii	高	1.00	.A333333
CEO.exe+A3527	0x4A3527	.rdata	ascii	高	1.00	?product_type.cpp
CEO.exe+A353C	0x4A353C	.rdata	ascii	高	1.00	data\product1.csv
CEO.exe+A3550	0x4A3550	.rdata	ascii	高	1.00	data\product2.csv
CEO.exe+A3564	0x4A3564	.rdata	big5	高	0.92	零售機的世界座標計算錯誤
CEO.exe+A3580	0x4A3580	.rdata	ascii	高	1.00	shop.cpp
CEO.exe+A358C	0x4A358C	.rdata	ascii	高	1.00	data\smapclr.csv
CEO.exe+A35A0	0x4A35A0	.rdata	ascii	高	1.00	sounds.cpp
CEO.exe+A35AC	0x4A35AC	.rdata	ascii	高	1.00	sound\e%s.wav
CEO.exe+A35BC	0x4A35BC	.rdata	ascii	高	1.00	music\mu%d.mp3
CEO.exe+A35CC	0x4A35CC	.rdata	ascii	高	1.00	stage\
CEO.exe+A35D4	0x4A35D4	.rdata	ascii	高	1.00	data\talk.csv
CEO.exe+A35E4	0x4A35E4	.rdata	ascii	高	1.00	data\talk_idx.csv
CEO.exe+A35F8	0x4A35F8	.rdata	ascii	高	1.00	TALK.CPP
CEO.exe+A3604	0x4A3604	.rdata	ascii	高	1.00	face\face_talk.fce
CEO.exe+A3618	0x4A3618	.rdata	ascii	高	1.00	task.cpp
CEO.exe+A3628	0x4A3628	.rdata	ascii	高	1.00	event:
CEO.exe+A3630	0x4A3630	.rdata	ascii	高	1.00	lose_do:
CEO.exe+A363C	0x4A363C	.rdata	ascii	高	1.00	lose_req:
CEO.exe+A3648	0x4A3648	.rdata	ascii	高	1.00	win_do:
CEO.exe+A3650	0x4A3650	.rdata	ascii	高	1.00	win_req:
CEO.exe+A365C	0x4A365C	.rdata	ascii	高	1.00	hinttxt:
CEO.exe+A3668	0x4A3668	.rdata	ascii	高	1.00	infopos:
CEO.exe+A3674	0x4A3674	.rdata	ascii	高	1.00	maphintpos:
CEO.exe+A3680	0x4A3680	.rdata	ascii	高	1.00	hintpos:
CEO.exe+A368C	0x4A368C	.rdata	ascii	高	1.00	taskname:
CEO.exe+A3698	0x4A3698	.rdata	ascii	高	1.00	error function not exist
CEO.exe+A36B4	0x4A36B4	.rdata	ascii	高	1.00	load task .. fail
CEO.exe+A36CC	0x4A36CC	.rdata	big5	候选	0.50	語法錯誤
CEO.exe+A36E4	0x4A36E4	.rdata	ascii	高	1.00	famehall2.dat
CEO.exe+A36F4	0x4A36F4	.rdata	ascii	高	1.00	Video\win.wmv
CEO.exe+A3704	0x4A3704	.rdata	ascii	高	1.00	famehall1.dat
CEO.exe+A3728	0x4A3728	.rdata	ascii	高	1.00	%d/%d
CEO.exe+A3730	0x4A3730	.rdata	ascii	高	1.00	%d..%d
CEO.exe+A3738	0x4A3738	.rdata	ascii	高	1.00	face\factinf_board.fce
CEO.exe+A3750	0x4A3750	.rdata	ascii	高	1.00	face\factinf_dorm.fce
CEO.exe+A3768	0x4A3768	.rdata	ascii	高	1.00	face\FirmMachineSell.fce
CEO.exe+A3784	0x4A3784	.rdata	ascii	高	1.00	face\FirmMachineStop.fce
CEO.exe+A37A0	0x4A37A0	.rdata	ascii	高	1.00	%.2f
CEO.exe+A37AC	0x4A37AC	.rdata	ascii	高	1.00	face\factinf_clrsel.fce
CEO.exe+A37C4	0x4A37C4	.rdata	ascii	高	1.00	face\face_machine.fce
CEO.exe+A37DC	0x4A37DC	.rdata	ascii	高	1.00	face\factinf_mine.fce
CEO.exe+A37F4	0x4A37F4	.rdata	ascii	高	1.00	face\factinf_port.fce
CEO.exe+A3820	0x4A3820	.rdata	ascii	高	1.00	face\face_RetailMachine.fce
CEO.exe+A383C	0x4A383C	.rdata	ascii	高	1.00	face\face_buymachine.fce
CEO.exe+A3858	0x4A3858	.rdata	ascii	高	1.00	face\Board.fce
CEO.exe+A3868	0x4A3868	.rdata	ascii	高	1.00	face\dorm.fce
CEO.exe+A3878	0x4A3878	.rdata	ascii	高	1.00	face\buystuff_confirm.fce
CEO.exe+A3894	0x4A3894	.rdata	ascii	高	1.00	face\LoadArea.fce
CEO.exe+A38A8	0x4A38A8	.rdata	ascii	高	1.00	face\face_license.fce
CEO.exe+A38C0	0x4A38C0	.rdata	ascii	高	1.00	%d+%d
CEO.exe+A38C8	0x4A38C8	.rdata	ascii	高	1.00	face\face_machine_introduce.fce
CEO.exe+A38E8	0x4A38E8	.rdata	ascii	高	1.00	face\face_put_machine.fce
CEO.exe+A3904	0x4A3904	.rdata	ascii	高	1.00	face\face_btn1.fce
CEO.exe+A3918	0x4A3918	.rdata	ascii	高	1.00	face\factinf.fce
CEO.exe+A392C	0x4A392C	.rdata	ascii	高	1.00	%3d/%3d/%3d
CEO.exe+A3938	0x4A3938	.rdata	ascii	高	1.00	face\face_list.fce
CEO.exe+A394C	0x4A394C	.rdata	ascii	高	1.00	face\factinf_buy.fce
CEO.exe+A3964	0x4A3964	.rdata	ascii	高	1.00	face\factinf_chart.fce
CEO.exe+A397C	0x4A397C	.rdata	ascii	高	1.00	%d , %d
CEO.exe+A3984	0x4A3984	.rdata	ascii	高	1.00	face\factinf_pro.fce
CEO.exe+A399C	0x4A399C	.rdata	ascii	高	1.00	face\factinf_profit.fce
CEO.exe+A39B4	0x4A39B4	.rdata	ascii	高	1.00	%3d/%3d
CEO.exe+A39BC	0x4A39BC	.rdata	ascii	高	1.00	face\factinf_retail.fce
CEO.exe+A39D4	0x4A39D4	.rdata	ascii	高	1.00	face\factinf_sale.fce
CEO.exe+A39EC	0x4A39EC	.rdata	big5	高	1.00	接下來就交給你了，加油！
CEO.exe+A3A08	0x4A3A08	.rdata	big5	高	1.00	我們還需要蓋「紅色上下貨區」，並指定一些工人給「紅色上下貨區」，這樣鋁送到時才能順利卸貨。
CEO.exe+A3A68	0x4A3A68	.rdata	big5	高	0.97	當外務員報到時，需要離開工廠界面回到世界地圖來指派外務員的拜訪目標。
CEO.exe+A3AAF	0x4A3AAF	.rdata	big5	高	0.89	在左上人員薪資界面中，發現外務員報到時，按右下角「退出箭頭」回到世界地圖。
CEO.exe+A3B00	0x4A3B00	.rdata	big5	高	0.97	把「鋁」的採購策略設為「正常採購」後，我們還需要外務員去與採購對象連絡。
CEO.exe+A3B4B	0x4A3B4B	.rdata	big5	高	0.97	在左上人員薪資界面中，「車子」那行就是外務員，調整薪資僱用一名外務員。
CEO.exe+A3B98	0x4A3B98	.rdata	big5	高	0.97	要向其他企業採購鋁，需要先在工廠選單（就是右邊那張）中增加「鋁」為採購項目。
CEO.exe+A3BE7	0x4A3BE7	.rdata	big5	高	1.00	調整「鋁」的採購策略為「正常採購」。
CEO.exe+A3C0C	0x4A3C0C	.rdata	big5	高	1.00	接下來交給你了，如現金足夠，可以再蓋其他機器來提高產能。
CEO.exe+A3C48	0x4A3C48	.rdata	big5	高	1.00	隨時注意棧板是否足夠，不要讓生產線因為無棧板可堆放而停住。
CEO.exe+A3C84	0x4A3C84	.rdata	big5	高	0.94	記得把新到的工人或管理者抓到機器上。
CEO.exe+A3CB0	0x4A3CB0	.rdata	big5	高	0.95	點選每台機器可以查詢這台機器的資料，特別注意「加工機」除了工人外還需要管理者（黑帽子）。
CEO.exe+A3D10	0x4A3D10	.rdata	big5	高	0.98	把木材送入「加工機」就能做出「紙」，「加工機」也在「礦料」分頁中，讓我們先買一台「加工機」！
CEO.exe+A3D70	0x4A3D70	.rdata	big5	高	1.00	接下來就交給你囉！
CEO.exe+A3D88	0x4A3D88	.rdata	big5	高	1.00	每個「棧板」只能放一箱木材，任務目標需要做出
CEO.exe+A3DB6	0x4A3DB6	.rdata	big5	高	1.00	箱木材，所以至少需要
CEO.exe+A3DCC	0x4A3DCC	.rdata	big5	高	1.00	個「紅色棧板」喔。
CEO.exe+A3DE0	0x4A3DE0	.rdata	big5	高	0.96	「採礦機」做出的木材需要「紅色棧板」來存放，點選右下的「齒輪」進入購買設備選單購買「紅色棧板」。
CEO.exe+A3E48	0x4A3E48	.rdata	big5	高	0.89	設好預算要稍等一下，工人來報到時，人員表單中的工人按鈕會閃爍，按下工人按鈕把工人抓到「採礦機」上就完成了工人指派。
CEO.exe+A3EC0	0x4A3EC0	.rdata	big5	高	1.00	「小型採礦機」需要３位工人，按下工人薪資預算旁的
CEO.exe+A3EF3	0x4A3EF3	.rdata	big5	高	1.00	號３次把預計要僱用的工人數提昇到３。
CEO.exe+A3F18	0x4A3F18	.rdata	big5	高	0.93	選擇「礦料」分頁，買一台「小型採礦機」，緊鄰木材礦擺放。
CEO.exe+A3F58	0x4A3F58	.rdata	big5	高	0.95	準備開始採木材礦，讓我們先買一台「採礦機」。點選右下的「齒輪」進入購買設備選單。
CEO.exe+A3FAC	0x4A3FAC	.rdata	ascii	高	1.00	face\ExitButton.fce
CEO.exe+A3FC0	0x4A3FC0	.rdata	ascii	高	1.00	face\face_btn2.fce
CEO.exe+A3FD4	0x4A3FD4	.rdata	ascii	高	1.00	face\face_fix_machine.fce
CEO.exe+A3FF0	0x4A3FF0	.rdata	ascii	高	1.00	face\infact_name.fce
CEO.exe+A4008	0x4A4008	.rdata	ascii	高	1.00	pics\cur_wkr2
CEO.exe+A4018	0x4A4018	.rdata	ascii	高	1.00	pics\cur_wkr1
CEO.exe+A4028	0x4A4028	.rdata	ascii	高	1.00	pics\cur_wkr0
CEO.exe+A4038	0x4A4038	.rdata	ascii	高	1.00	pics\cur_mgr2
CEO.exe+A4048	0x4A4048	.rdata	ascii	高	1.00	pics\cur_mgr1
CEO.exe+A4058	0x4A4058	.rdata	ascii	高	1.00	pics\cur_mgr0
CEO.exe+A4068	0x4A4068	.rdata	ascii	高	1.00	face\face_salary_0.fce
CEO.exe+A4080	0x4A4080	.rdata	ascii	高	1.00	face\ToBuildFirm-1.fce
CEO.exe+A4098	0x4A4098	.rdata	ascii	高	1.00	face\ToBuildFirm-Mine.fce
CEO.exe+A40B4	0x4A40B4	.rdata	ascii	高	1.00	face\ToBuildFirm.fce
CEO.exe+A40CC	0x4A40CC	.rdata	ascii	高	1.00	face\forsale-mine.fce
CEO.exe+A40E4	0x4A40E4	.rdata	ascii	高	1.00	face\forsale.fce
CEO.exe+A40F8	0x4A40F8	.rdata	ascii	高	1.00	%d x %d
CEO.exe+A4100	0x4A4100	.rdata	ascii	高	1.00	face\BuyLandConfirm.fce
CEO.exe+A4118	0x4A4118	.rdata	ascii	高	1.00	face\BuildingFirm.fce
CEO.exe+A4130	0x4A4130	.rdata	ascii	高	1.00	face\MyFirmInfo.fce
CEO.exe+A4144	0x4A4144	.rdata	ascii	高	1.00	face\Home.fce
CEO.exe+A4154	0x4A4154	.rdata	ascii	高	1.00	face\face_buildfact_confirm.fce
CEO.exe+A4174	0x4A4174	.rdata	ascii	高	1.00	face\face_cancel_build_confirm.fce
CEO.exe+A4198	0x4A4198	.rdata	ascii	高	1.00	face\face_saleland_confirm.fce
CEO.exe+A41B8	0x4A41B8	.rdata	ascii	高	1.00	face\MyFirmManage.fce
CEO.exe+A41D0	0x4A41D0	.rdata	ascii	高	1.00	face\MyFirmRemove.fce
CEO.exe+A41E8	0x4A41E8	.rdata	ascii	高	1.00	face\MyFirmRename.fce
CEO.exe+A4200	0x4A4200	.rdata	ascii	高	1.00	face\list2.fce
CEO.exe+A4210	0x4A4210	.rdata	ascii	高	1.00	face\balance_info.fce
CEO.exe+A4228	0x4A4228	.rdata	ascii	高	1.00	%2.2f
CEO.exe+A4230	0x4A4230	.rdata	ascii	高	1.00	face\Bank.fce
CEO.exe+A4240	0x4A4240	.rdata	ascii	高	1.00	face\ProductBook_list.fce
CEO.exe+A425C	0x4A425C	.rdata	ascii	高	1.00	face\ProductBook_Board.fce
CEO.exe+A4278	0x4A4278	.rdata	ascii	高	1.00	face\ProductBook.fce
CEO.exe+A4290	0x4A4290	.rdata	ascii	高	1.00	face\Load.fce
CEO.exe+A42A0	0x4A42A0	.rdata	ascii	高	1.00	face_Load.cpp
CEO.exe+A42B0	0x4A42B0	.rdata	ascii	高	1.00	face\LoadConfirm.fce
CEO.exe+A42C8	0x4A42C8	.rdata	ascii	高	1.00	face\MenuConfirm.fce
CEO.exe+A42E0	0x4A42E0	.rdata	ascii	高	1.00	face\new_Option.fce
CEO.exe+A42F4	0x4A42F4	.rdata	ascii	高	1.00	%7.0f
CEO.exe+A42FC	0x4A42FC	.rdata	ascii	高	1.00	face\prod_info.fce
CEO.exe+A4310	0x4A4310	.rdata	ascii	高	1.00	face_profit_info.cpp
CEO.exe+A4328	0x4A4328	.rdata	ascii	高	1.00	face\scroll_list1.fce
CEO.exe+A4340	0x4A4340	.rdata	ascii	高	1.00	face\profit_info.fce
CEO.exe+A4358	0x4A4358	.rdata	ascii	高	1.00	%d.%d.%d %d:%d
CEO.exe+A4368	0x4A4368	.rdata	ascii	高	1.00	face\Save.fce
CEO.exe+A4378	0x4A4378	.rdata	ascii	高	1.00	face_Save.cpp
CEO.exe+A4388	0x4A4388	.rdata	ascii	高	1.00	face\SaveConfirm.fce
CEO.exe+A43A0	0x4A43A0	.rdata	ascii	高	1.00	face_score_info.cpp
CEO.exe+A43B4	0x4A43B4	.rdata	ascii	高	1.00	face\score_info.fce
CEO.exe+A43C8	0x4A43C8	.rdata	ascii	高	1.00	face_freeplay.cpp
CEO.exe+A43DC	0x4A43DC	.rdata	ascii	高	1.00	init_prodlist failed
CEO.exe+A43F4	0x4A43F4	.rdata	ascii	高	1.00	load city set failed
CEO.exe+A440C	0x4A440C	.rdata	ascii	高	1.00	data\citys.csv
CEO.exe+A441C	0x4A441C	.rdata	ascii	高	1.00	pics\smap
CEO.exe+A4428	0x4A4428	.rdata	ascii	高	1.00	face\ceo_info.fce
CEO.exe+A443C	0x4A443C	.rdata	ascii	高	1.00	face\colorlist.fce
CEO.exe+A4450	0x4A4450	.rdata	ascii	高	1.00	face\freeplay.fce
CEO.exe+A4464	0x4A4464	.rdata	ascii	高	1.00	data\AIinfo.csv
CEO.exe+A4474	0x4A4474	.rdata	ascii	高	1.00	face\freeplay_menu.fce
CEO.exe+A448C	0x4A448C	.rdata	ascii	高	1.00	face\lose_face.fce
CEO.exe+A44A0	0x4A44A0	.rdata	ascii	高	1.00	Video\lose.wmv
CEO.exe+A44B0	0x4A44B0	.rdata	ascii	高	1.00	face\win_face.fce
CEO.exe+A44C4	0x4A44C4	.rdata	ascii	高	1.00	buildokall
CEO.exe+A44D0	0x4A44D0	.rdata	ascii	高	1.00	buildok
CEO.exe+A44D8	0x4A44D8	.rdata	ascii	高	1.00	talk
CEO.exe+A44E0	0x4A44E0	.rdata	ascii	高	1.00	notalk
CEO.exe+A44E8	0x4A44E8	.rdata	ascii	高	1.00	wkrfill
CEO.exe+A44F0	0x4A44F0	.rdata	ascii	高	1.00	money1
CEO.exe+A44F8	0x4A44F8	.rdata	ascii	高	1.00	money
CEO.exe+A4500	0x4A4500	.rdata	ascii	高	1.00	face\face_cheat.fce
CEO.exe+A4514	0x4A4514	.rdata	ascii	高	1.00	face\face_mapedit.fce
CEO.exe+A452C	0x4A452C	.rdata	ascii	高	1.00	face\extface_putland.fce
CEO.exe+A4548	0x4A4548	.rdata	ascii	高	1.00	face\ceo_regist.fce
CEO.exe+A455C	0x4A455C	.rdata	ascii	高	1.00	%s%d
CEO.exe+A4564	0x4A4564	.rdata	ascii	高	1.00	save\slot
CEO.exe+A4570	0x4A4570	.rdata	ascii	高	1.00	face\taskmenu.fce
CEO.exe+A4584	0x4A4584	.rdata	ascii	高	1.00	face_taskmenu.cpp
CEO.exe+A4598	0x4A4598	.rdata	ascii	高	1.00	%s   %12s    %3d/%3d      %7d
CEO.exe+A45C0	0x4A45C0	.rdata	ascii	高	1.00	CEO_STAGE_
CEO.exe+A45CC	0x4A45CC	.rdata	ascii	高	1.00	face_taskplay.cpp
CEO.exe+A45E0	0x4A45E0	.rdata	ascii	高	1.00	%s(%s)
CEO.exe+A45E8	0x4A45E8	.rdata	ascii	高	1.00	face\taskplay.fce
CEO.exe+A45FC	0x4A45FC	.rdata	ascii	高	1.00	face\famhall2.fce
CEO.exe+A4610	0x4A4610	.rdata	ascii	高	1.00	face\famhall1.fce
CEO.exe+A4624	0x4A4624	.rdata	ascii	高	1.00	face\load_prograss.fce
CEO.exe+A463C	0x4A463C	.rdata	ascii	高	1.00	face\save_prograss.fce
CEO.exe+A4665	0x4A4665	.rdata	ascii	高	1.00	!\t@%s --- %s
CEO.exe+A4674	0x4A4674	.rdata	ascii	高	1.00	face\buyfact.fce
CEO.exe+A4688	0x4A4688	.rdata	ascii	高	1.00	face\CompanyInfo.fce
CEO.exe+A46A0	0x4A46A0	.rdata	ascii	高	1.00	face\face_event.fce
CEO.exe+A46B4	0x4A46B4	.rdata	ascii	高	1.00	face\face_hint.fce
CEO.exe+A46C8	0x4A46C8	.rdata	ascii	高	1.00	face\face_salesman.fce
CEO.exe+A46E0	0x4A46E0	.rdata	ascii	高	1.00	%3d/%2d
CEO.exe+A46E8	0x4A46E8	.rdata	ascii	高	1.00	face\inoutinfo.fce
CEO.exe+A46FC	0x4A46FC	.rdata	ascii	高	1.00	face\MapRotate.fce
CEO.exe+A4710	0x4A4710	.rdata	ascii	高	1.00	face\NoMoney.fce
CEO.exe+A4724	0x4A4724	.rdata	big5	高	0.93	把業務員派到鋁工廠後，找到我們的工廠，雙擊它回到工廠界面。
CEO.exe+A4760	0x4A4760	.rdata	big5	高	0.94	把右上的小地圖切到「產品供需」，篩選出「鋁」的供應廠，在大地圖上找到它。
CEO.exe+A47AB	0x4A47AB	.rdata	big5	高	0.91	把右下閃動的「車子」丟到生產「鋁」的工廠上面。
CEO.exe+A47E0	0x4A47E0	.rdata	big5	高	1.00	蓋廠房需要等建材送到。
CEO.exe+A47F9	0x4A47F9	.rdata	big5	高	1.00	你可以按幾次
CEO.exe+A4808	0x4A4808	.rdata	big5	高	0.95	號把遊戲速度加到最快，稍等一下就過關囉！
CEO.exe+A4840	0x4A4840	.rdata	big5	高	1.00	點選剛買下的木材礦，蓋一座「礦場」。
CEO.exe+A4867	0x4A4867	.rdata	big5	高	1.00	（強調一下：「礦場」）
CEO.exe+A4880	0x4A4880	.rdata	big5	高	1.00	小地圖上的白點就是有木材的地方。點選小地圖上的每個白點可以切換大地圖位置。
CEO.exe+A48CD	0x4A48CD	.rdata	big5	高	0.96	在大地圖上點選「木材礦」查詢地價，找一個買得起的買下去！
CEO.exe+A4908	0x4A4908	.rdata	big5	高	0.93	按下小地圖上「所有資源」旁的「眼睛符號」，再選擇「木材」。
CEO.exe+A4944	0x4A4944	.rdata	big5	高	1.00	先利用小地圖找出有「木材資源」的地方。
CEO.exe+A496C	0x4A496C	.rdata	ascii	高	1.00	data\smapmenu.csv
CEO.exe+A4980	0x4A4980	.rdata	ascii	高	1.00	face\face_SmallMap.fce
CEO.exe+A4998	0x4A4998	.rdata	ascii	高	1.00	%3d%%
CEO.exe+A49A0	0x4A49A0	.rdata	ascii	高	1.00	face\taskhint.fce
CEO.exe+A49B4	0x4A49B4	.rdata	ascii	高	1.00	1.10
CEO.exe+A49BC	0x4A49BC	.rdata	ascii	高	1.00	face\MainMenu.fce
CEO.exe+A49D0	0x4A49D0	.rdata	ascii	高	1.00	face\sreport.fce
CEO.exe+A49E8	0x4A49E8	.rdata	ascii	高	1.00	log.txt
CEO.exe+A49F4	0x4A49F4	.rdata	ascii	高	1.00	a_lib\a_util.cpp
CEO.exe+A4A08	0x4A4A08	.rdata	ascii	高	1.00	a_lib\a_block.cpp
CEO.exe+A4A1C	0x4A4A1C	.rdata	ascii	高	1.00	mem_use > block_sum
CEO.exe+A4A30	0x4A4A30	.rdata	ascii	高	1.00	unfree memory %X: %s line:%d
CEO.exe+A4A50	0x4A4A50	.rdata	ascii	高	1.00	alloc_size != free_size
CEO.exe+A4A68	0x4A4A68	.rdata	ascii	高	1.00	alloc_size=%d
CEO.exe+A4A76	0x4A4A76	.rdata	ascii	高	1.00	free_size=%d
CEO.exe+A4A84	0x4A4A84	.rdata	ascii	高	1.00	alloc_sum != free_sum
CEO.exe+A4A9C	0x4A4A9C	.rdata	ascii	高	1.00	alloc_count=%d
CEO.exe+A4AAB	0x4A4AAB	.rdata	ascii	高	1.00	free_count=%d
CEO.exe+A4ABC	0x4A4ABC	.rdata	ascii	高	1.00	unknown memory block
CEO.exe+A4AD4	0x4A4AD4	.rdata	ascii	高	1.00	ptr:%x
CEO.exe+A4ADC	0x4A4ADC	.rdata	ascii	高	1.00	realloc unknow memory %X: %s %d
CEO.exe+A4AFC	0x4A4AFC	.rdata	ascii	高	1.00	free unknow memory %X: %s %d
CEO.exe+A4B1C	0x4A4B1C	.rdata	ascii	高	1.00	no more unfree memory !!
CEO.exe+A4B38	0x4A4B38	.rdata	ascii	高	1.00	alloc failure
CEO.exe+A4B48	0x4A4B48	.rdata	ascii	高	1.00	size=%d an=%d as=%d
CEO.exe+A4B5C	0x4A4B5C	.rdata	ascii	高	1.00	.m1.
CEO.exe+A4B64	0x4A4B64	.rdata	ascii	高	1.00	error!! a_alloc(%d,%s,%d)
CEO.exe+A4B80	0x4A4B80	.rdata	ascii	高	1.00	alloc fail in %s %d
CEO.exe+A4B98	0x4A4B98	.rdata	ascii	高	1.00	free unknown memory
CEO.exe+A4BAC	0x4A4BAC	.rdata	ascii	高	1.00	.m2.
CEO.exe+A4BB4	0x4A4BB4	.rdata	ascii	高	1.00	error!! a_free1(%x,%s,%d) size:%d
CEO.exe+A4BD8	0x4A4BD8	.rdata	ascii	高	1.00	free fail in %s %d size:%d
CEO.exe+A4BF4	0x4A4BF4	.rdata	ascii	高	1.00	.m3.
CEO.exe+A4BFC	0x4A4BFC	.rdata	ascii	高	1.00	error!! a_realloc1(%x,%d,%s,%d)
CEO.exe+A4C1C	0x4A4C1C	.rdata	ascii	高	1.00	realloc fail in %s %d
CEO.exe+A4C34	0x4A4C34	.rdata	ascii	高	1.00	a_lib\a_loadsave.cpp
CEO.exe+A4C4C	0x4A4C4C	.rdata	ascii	高	1.00	a_lib\a_pic2.cpp
CEO.exe+A4C60	0x4A4C60	.rdata	ascii	高	1.00	.idx2
CEO.exe+A4C68	0x4A4C68	.rdata	ascii	高	1.00	.pic2
CEO.exe+A4C70	0x4A4C70	.rdata	ascii	高	1.00	Already fix , please restart this program.
CEO.exe+A4C9C	0x4A4C9C	.rdata	ascii	高	1.00	Cache Index Error !!
CEO.exe+A4CB4	0x4A4CB4	.rdata	ascii	高	1.00	.ch2
CEO.exe+A4CBC	0x4A4CBC	.rdata	ascii	高	1.00	cache too small
CEO.exe+A4CCC	0x4A4CCC	.rdata	ascii	高	1.00	a_lib\a_graph.cpp
CEO.exe+A4CE0	0x4A4CE0	.rdata	ascii	高	1.00	Some file is not close
CEO.exe+A4D04	0x4A4D04	.rdata	ascii	高	1.00	New("%s") ok:%d
CEO.exe+A4D14	0x4A4D14	.rdata	ascii	高	1.00	New("%s") fail
CEO.exe+A4D28	0x4A4D28	.rdata	ascii	高	1.00	OpenRO("%s") fail
CEO.exe+A4D3C	0x4A4D3C	.rdata	ascii	高	1.00	OpenRO("%s") ok:%d
CEO.exe+A4D50	0x4A4D50	.rdata	ascii	高	1.00	a_lib\a_file.cpp
CEO.exe+A4D64	0x4A4D64	.rdata	ascii	高	1.00	.apkg
CEO.exe+A4D70	0x4A4D70	.rdata	ascii	高	1.00	Close("%d")
CEO.exe+A4D7C	0x4A4D7C	.rdata	ascii	高	1.00	Open("%s") ok:%d
CEO.exe+A4D98	0x4A4D98	.rdata	ascii	高	1.00	a_pic_load_count != free_count !!
CEO.exe+A4DBC	0x4A4DBC	.rdata	ascii	高	1.00	picload_count=%d
CEO.exe+A4DCD	0x4A4DCD	.rdata	ascii	高	1.00	picfree_count=%d
CEO.exe+A4DE0	0x4A4DE0	.rdata	ascii	高	1.00	a_lib\a_pic.cpp
CEO.exe+A4DF0	0x4A4DF0	.rdata	ascii	高	1.00	.idx1
CEO.exe+A4DF8	0x4A4DF8	.rdata	ascii	高	1.00	.pic1
CEO.exe+A4E00	0x4A4E00	.rdata	ascii	高	1.00	[load second time : %s : %d]
CEO.exe+A4E20	0x4A4E20	.rdata	ascii	高	1.00	.ch1
CEO.exe+A4E28	0x4A4E28	.rdata	ascii	高	1.00	Play movie error:%x
CEO.exe+A4E3D	0x4A4E3D	.rdata	ascii	高	1.00	The most common cause is not connected to the headset.
CEO.exe+A4E74	0x4A4E74	.rdata	ascii	高	1.00	a_lib\a_dsound.cpp
CEO.exe+A4E88	0x4A4E88	.rdata	ascii	高	1.00	.WBV
CEO.exe+A4E90	0x4A4E90	.rdata	ascii	高	1.00	.WAV
CEO.exe+A4E98	0x4A4E98	.rdata	ascii	高	1.00	Init Direct Sound failed
CEO.exe+A4EB4	0x4A4EB4	.rdata	ascii	高	1.00	failed to open MP3
CEO.exe+A4EC8	0x4A4EC8	.rdata	ascii	高	1.00	ChangeDisplaySettings OTHERS
CEO.exe+A4EE8	0x4A4EE8	.rdata	ascii	高	1.00	ChangeDisplaySettings DISP_CHANGE_NOTUPDATED
CEO.exe+A4F18	0x4A4F18	.rdata	ascii	高	1.00	ChangeDisplaySettings DISP_CHANGE_FAILED
CEO.exe+A4F44	0x4A4F44	.rdata	ascii	高	1.00	ChangeDisplaySettings DISP_CHANGE_BADPARAM
CEO.exe+A4F70	0x4A4F70	.rdata	ascii	高	1.00	ChangeDisplaySettings DISP_CHANGE_BADMODE
CEO.exe+A4F9C	0x4A4F9C	.rdata	ascii	高	1.00	ChangeDisplaySettings DISP_CHANGE_BADFLAGS
CEO.exe+A4FC8	0x4A4FC8	.rdata	ascii	高	1.00	ChangeDisplaySettings DISP_CHANGE_BADDUALVIEW
CEO.exe+A4FF8	0x4A4FF8	.rdata	ascii	高	1.00	Error
CEO.exe+A5000	0x4A5000	.rdata	ascii	高	1.00	a_lib\a_wingdi.cpp
CEO.exe+A5014	0x4A5014	.rdata	ascii	高	1.00	.z2.
CEO.exe+A501C	0x4A501C	.rdata	ascii	高	1.00	.unz.
CEO.exe+A5024	0x4A5024	.rdata	ascii	高	1.00	a_lib\a_pic16_uncompress.cpp
CEO.exe+A5044	0x4A5044	.rdata	ascii	高	1.00	realloc fail
CEO.exe+A5054	0x4A5054	.rdata	ascii	高	1.00	a_lib\a_filepkg.cpp
CEO.exe+A5068	0x4A5068	.rdata	ascii	高	1.00	a_lib\wave.cpp
CEO.exe+A5078	0x4A5078	.rdata	ascii	高	1.00	1.1.3
CEO.exe+A5080	0x4A5080	.rdata	ascii	高	1.00	 deflate 1.1.3 Copyright 1995-1998 Jean-loup Gailly 
CEO.exe+A5134	0x4A5134	.rdata	ascii	高	1.00	need dictionary
CEO.exe+A5144	0x4A5144	.rdata	ascii	高	1.00	incorrect data check
CEO.exe+A515C	0x4A515C	.rdata	ascii	高	1.00	incorrect header check
CEO.exe+A5174	0x4A5174	.rdata	ascii	高	1.00	invalid window size
CEO.exe+A5188	0x4A5188	.rdata	ascii	高	1.00	unknown compression method
CEO.exe+A5BE0	0x4A5BE0	.rdata	ascii	高	1.00	incompatible version
CEO.exe+A5BF8	0x4A5BF8	.rdata	ascii	高	1.00	buffer error
CEO.exe+A5C08	0x4A5C08	.rdata	ascii	高	1.00	insufficient memory
CEO.exe+A5C1C	0x4A5C1C	.rdata	ascii	高	1.00	data error
CEO.exe+A5C28	0x4A5C28	.rdata	ascii	高	1.00	stream error
CEO.exe+A5C38	0x4A5C38	.rdata	ascii	高	1.00	file error
CEO.exe+A5C44	0x4A5C44	.rdata	ascii	高	1.00	stream end
CEO.exe+A5C9C	0x4A5C9C	.rdata	ascii	高	1.00	invalid bit length repeat
CEO.exe+A5CB8	0x4A5CB8	.rdata	ascii	高	1.00	too many length or distance symbols
CEO.exe+A5CDC	0x4A5CDC	.rdata	ascii	高	1.00	invalid stored block lengths
CEO.exe+A5CFC	0x4A5CFC	.rdata	ascii	高	1.00	invalid block type
CEO.exe+A5D10	0x4A5D10	.rdata	ascii	高	1.00	invalid literal/length code
CEO.exe+A5D2C	0x4A5D2C	.rdata	ascii	高	1.00	invalid distance code
CEO.exe+A5D48	0x4A5D48	.rdata	ascii	高	1.00	 inflate 1.1.3 Copyright 1995-1998 Mark Adler 
CEO.exe+A5F68	0x4A5F68	.rdata	ascii	高	1.00	incomplete dynamic bit lengths tree
CEO.exe+A5F8C	0x4A5F8C	.rdata	ascii	高	1.00	oversubscribed dynamic bit lengths tree
CEO.exe+A5FB4	0x4A5FB4	.rdata	ascii	高	1.00	incomplete literal/length tree
CEO.exe+A5FD4	0x4A5FD4	.rdata	ascii	高	1.00	oversubscribed literal/length tree
CEO.exe+A5FF8	0x4A5FF8	.rdata	ascii	高	1.00	empty distance tree with lengths
CEO.exe+A601C	0x4A601C	.rdata	ascii	高	1.00	incomplete distance tree
CEO.exe+A6038	0x4A6038	.rdata	ascii	高	1.00	oversubscribed distance tree
CEO.exe+A60A7	0x4A60A7	.rdata	ascii	高	1.00	pSorry, unknown layer type.
CEO.exe+A60C4	0x4A60C4	.rdata	ascii	高	1.00	Free format not supported.
CEO.exe+A60E0	0x4A60E0	.rdata	ascii	高	1.00	Stream error
CEO.exe+A60F0	0x4A60F0	.rdata	ascii	高	1.00	Out of memory!
CEO.exe+A6100	0x4A6100	.rdata	ascii	高	1.00	Fatal error in read_buf_byte!
CEO.exe+A6120	0x4A6120	.rdata	ascii	高	1.00	Not enough output buffer space
CEO.exe+A6157	0x4A6157	.rdata	ascii	高	1.00	?es-8R
CEO.exe+A615F	0x4A615F	.rdata	ascii	高	1.00	?es-8R
CEO.exe+A6177	0x4A6177	.rdata	ascii	高	1.00	?es-8R
CEO.exe+A61A8	0x4A61A8	.rdata	ascii	高	1.00	Blocktype == 0 and window-switching == 1 not allowed.
CEO.exe+A61E0	0x4A61E0	.rdata	ascii	高	1.00	big_values too large!
CEO.exe+A61F8	0x4A61F8	.rdata	ascii	高	1.00	mpg123: Can't rewind stream by %d bits!
CEO.exe+A623F	0x4A623F	.rdata	ascii	高	1.00	@.fts
CEO.exe+A6248	0x4A6248	.rdata	ascii	高	1.00	.f1.
CEO.exe+A6250	0x4A6250	.rdata	ascii	高	1.00	.f2.
CEO.exe+A6258	0x4A6258	.rdata	ascii	高	1.00	.f3.
CEO.exe+A6260	0x4A6260	.rdata	ascii	高	1.00	a_prog\a_interface.cpp
CEO.exe+A627C	0x4A627C	.rdata	ascii	高	1.00	a_map\a_map.cpp
CEO.exe+A628C	0x4A628C	.rdata	ascii	高	1.00	wrong objid
CEO.exe+A6298	0x4A6298	.rdata	ascii	高	1.00	show_objs realloc %X -> %X
CEO.exe+A62B4	0x4A62B4	.rdata	ascii	高	1.00	.mpi
CEO.exe+A62BC	0x4A62BC	.rdata	ascii	高	1.00	unputobj failure
CEO.exe+A62D0	0x4A62D0	.rdata	ascii	高	1.00	putobj failure
CEO.exe+A62E0	0x4A62E0	.rdata	ascii	高	1.00	.glt
CEO.exe+A62E8	0x4A62E8	.rdata	ascii	高	1.00	a_map\a_map_gnd.cpp
CEO.exe+A62FC	0x4A62FC	.rdata	big5	候选	0.80	方向數不符
CEO.exe+A6318	0x4A6318	.rdata	ascii	高	1.00	CorExitProcess
CEO.exe+A6354	0x4A6354	.rdata	ascii	高	1.00	bad allocation
CEO.exe+A636C	0x4A636C	.rdata	ascii	高	1.00	e+000
CEO.exe+A6384	0x4A6384	.rdata	ascii	高	1.00	bad exception
CEO.exe+A63B0	0x4A63B0	.rdata	ascii	高	1.00	FlsFree
CEO.exe+A63B8	0x4A63B8	.rdata	ascii	高	1.00	FlsSetValue
CEO.exe+A63C4	0x4A63C4	.rdata	ascii	高	1.00	FlsGetValue
CEO.exe+A63D0	0x4A63D0	.rdata	ascii	高	1.00	FlsAlloc
CEO.exe+A6897	0x4A6897	.rdata	ascii	高	1.00	?X&eB
CEO.exe+A68C7	0x4A68C7	.rdata	ascii	高	1.00	?Ltm
CEO.exe+A68E2	0x4A68E2	.rdata	ascii	高	1.00	tLVv
CEO.exe+A68F7	0x4A68F7	.rdata	ascii	高	1.00	?h6_~
CEO.exe+A693C	0x4A693C	.rdata	ascii	高	1.00	37.=
CEO.exe+A6977	0x4A6977	.rdata	ascii	高	1.00	?7Tf(
CEO.exe+A6A1B	0x4A6A1B	.rdata	ascii	高	1.00	=\uI=
CEO.exe+A6A29	0x4A6A29	.rdata	ascii	高	1.00	g:"(
CEO.exe+A6A3C	0x4A6A3C	.rdata	ascii	高	1.00	$O1=
CEO.exe+A6A9C	0x4A6A9C	.rdata	ascii	高	1.00	uXO=
CEO.exe+A6AAC	0x4A6AAC	.rdata	ascii	高	1.00	1w<=
CEO.exe+A6AB2	0x4A6AB2	.rdata	ascii	高	1.00	>'eH
CEO.exe+A6B3C	0x4A6B3C	.rdata	ascii	高	1.00	pnJ=
CEO.exe+A6BA1	0x4A6BA1	.rdata	ascii	高	1.00	Ht=c
CEO.exe+A6F59	0x4A6F59	.rdata	ascii	高	1.00	]vQ<)8
CEO.exe+A6FB2	0x4A6FB2	.rdata	ascii	高	1.00	z1}B
CEO.exe+A6FDB	0x4A6FDB	.rdata	ascii	高	1.00	X4I+
CEO.exe+A7423	0x4A7423	.rdata	ascii	高	1.00	|)P!?Ua0
CEO.exe+A7434	0x4A7434	.rdata	ascii	高	1.00	+34?
CEO.exe+A7446	0x4A7446	.rdata	ascii	高	1.00	??7;
CEO.exe+A7464	0x4A7464	.rdata	ascii	高	1.00	MkK?
CEO.exe+A7494	0x4A7494	.rdata	ascii	高	1.00	R_V?
CEO.exe+A74B4	0x4A74B4	.rdata	ascii	高	1.00	9&\?
CEO.exe+A74CA	0x4A74CA	.rdata	ascii	高	1.00	Eb2]A=
CEO.exe+A74DC	0x4A74DC	.rdata	ascii	高	1.00	f#I=
CEO.exe+A74E5	0x4A74E5	.rdata	ascii	高	1.00	hb?O2
CEO.exe+A74EC	0x4A74EC	.rdata	ascii	高	1.00	H`3=
CEO.exe+A74F6	0x4A74F6	.rdata	ascii	高	1.00	c?e2
CEO.exe+A7505	0x4A7505	.rdata	ascii	高	1.00	Le?2
CEO.exe+A7525	0x4A7525	.rdata	ascii	高	1.00	0h?[
CEO.exe+A752B	0x4A752B	.rdata	ascii	高	1.00	2ieO=
CEO.exe+A756B	0x4A756B	.rdata	ascii	高	1.00	|W8A=
CEO.exe+A7585	0x4A7585	.rdata	ascii	高	1.00	np?z 
CEO.exe+A7594	0x4A7594	.rdata	ascii	高	1.00	)(q?
CEO.exe+A75B9	0x4A75B9	.rdata	ascii	高	1.00	}~:f
CEO.exe+A75D6	0x4A75D6	.rdata	ascii	高	1.00	t?,&
CEO.exe+A75F6	0x4A75F6	.rdata	ascii	高	1.00	u?^p?o4
CEO.exe+A7604	0x4A7604	.rdata	ascii	高	1.00	!9v?
CEO.exe+A761C	0x4A761C	.rdata	ascii	高	1.00	GYM=
CEO.exe+A7634	0x4A7634	.rdata	ascii	高	1.00	Pex?0
CEO.exe+A7674	0x4A7674	.rdata	ascii	高	1.00	6K{?
CEO.exe+A767C	0x4A767C	.rdata	ascii	高	1.00	E\tM=
CEO.exe+A769C	0x4A769C	.rdata	ascii	高	1.00	X-F=
CEO.exe+A76A5	0x4A76A5	.rdata	ascii	高	1.00	w}?0
CEO.exe+A76B4	0x4A76B4	.rdata	ascii	高	1.00	y1~?|"
CEO.exe+A770B	0x4A770B	.rdata	ascii	高	1.00	V%A+=
CEO.exe+A77AC	0x4A77AC	.rdata	ascii	高	1.00	4';=
CEO.exe+A787B	0x4A787B	.rdata	ascii	高	1.00	q\t! 
CEO.exe+A7943	0x4A7943	.rdata	ascii	高	1.00	#D5p
CEO.exe+A79E3	0x4A79E3	.rdata	ascii	高	1.00	La8i
CEO.exe+A7A23	0x4A7A23	.rdata	ascii	高	1.00	{4Wf
CEO.exe+A7B33	0x4A7B33	.rdata	ascii	高	1.00	Ai0T
CEO.exe+A7B53	0x4A7B53	.rdata	ascii	高	1.00	@VNQ
CEO.exe+A7B88	0x4A7B88	.rdata	ascii	高	1.00	p4"%
CEO.exe+A849C	0x4A849C	.rdata	ascii	高	1.00	P'E=
CEO.exe+A859C	0x4A859C	.rdata	ascii	高	1.00	ls1=
CEO.exe+A85D7	0x4A85D7	.rdata	ascii	高	1.00	?PiB
CEO.exe+A85DC	0x4A85DC	.rdata	ascii	高	1.00	{^C=
CEO.exe+A870C	0x4A870C	.rdata	ascii	高	1.00	n{;=
CEO.exe+A874C	0x4A874C	.rdata	ascii	高	1.00	3<L=
CEO.exe+A87B7	0x4A87B7	.rdata	ascii	高	1.00	?|I7Z#
CEO.exe+A87CC	0x4A87CC	.rdata	ascii	高	1.00	aDJ=
CEO.exe+A87DA	0x4A87DA	.rdata	ascii	高	1.00	>,'1D=
CEO.exe+A87EC	0x4A87EC	.rdata	ascii	高	1.00	+NB=
CEO.exe+A8847	0x4A8847	.rdata	ascii	高	1.00	?g)([|X>=
CEO.exe+A889C	0x4A889C	.rdata	ascii	高	1.00	~*L=
CEO.exe+A88CC	0x4A88CC	.rdata	ascii	高	1.00	u!K=
CEO.exe+A8947	0x4A8947	.rdata	ascii	高	1.00	?IT$7
CEO.exe+A89D4	0x4A89D4	.rdata	ascii	高	1.00	-8 ?
CEO.exe+A89E4	0x4A89E4	.rdata	ascii	高	1.00	.h ?
CEO.exe+A8A24	0x4A8A24	.rdata	ascii	高	1.00	2 !?
CEO.exe+A8A34	0x4A8A34	.rdata	ascii	高	1.00	4P!?
CEO.exe+A8A7A	0x4A8A7A	.rdata	ascii	高	1.00	!y##
CEO.exe+A8A84	0x4A8A84	.rdata	ascii	高	1.00	98"?
CEO.exe+A8A94	0x4A8A94	.rdata	ascii	高	1.00	:h"?bC
CEO.exe+A8AE4	0x4A8AE4	.rdata	ascii	高	1.00	@H#?43
CEO.exe+A8AF4	0x4A8AF4	.rdata	ascii	高	1.00	Ax#?uN}*
CEO.exe+A8B0A	0x4A8B0A	.rdata	ascii	高	1.00	r7Yr7=
CEO.exe+A8B1B	0x4A8B1B	.rdata	ascii	高	1.00	.K="=
CEO.exe+A8B34	0x4A8B34	.rdata	ascii	高	1.00	F0$?3=1
CEO.exe+A8B44	0x4A8B44	.rdata	ascii	高	1.00	H`$?h|
CEO.exe+A8B86	0x4A8B86	.rdata	ascii	高	1.00	%?uY
CEO.exe+A8B94	0x4A8B94	.rdata	ascii	高	1.00	NH%?
CEO.exe+A8BA4	0x4A8BA4	.rdata	ascii	高	1.00	Px%?
CEO.exe+A8BB6	0x4A8BB6	.rdata	ascii	高	1.00	%?\9
CEO.exe+A8BD6	0x4A8BD6	.rdata	ascii	高	1.00	&?~YK|
CEO.exe+A8BE3	0x4A8BE3	.rdata	ascii	高	1.00	sU0&?W
CEO.exe+A8BF4	0x4A8BF4	.rdata	ascii	高	1.00	VX&?
CEO.exe+A8CE8	0x4A8CE8	.rdata	ascii	高	1.00	4g%6
CEO.exe+A8D7A	0x4A8D7A	.rdata	ascii	高	1.00	:]=O>
CEO.exe+A8D88	0x4A8D88	.rdata	ascii	高	1.00	#w_j
CEO.exe+A8D9B	0x4A8D9B	.rdata	ascii	高	1.00	(+E 
CEO.exe+A8DAA	0x4A8DAA	.rdata	ascii	高	1.00	V~|_
CEO.exe+A8F08	0x4A8F08	.rdata	ascii	高	1.00	!|.4
CEO.exe+A8F28	0x4A8F28	.rdata	ascii	高	1.00	G"jm
CEO.exe+A9168	0x4A9168	.rdata	ascii	高	1.00	6(`J
CEO.exe+A91BB	0x4A91BB	.rdata	ascii	高	1.00	k:UG
CEO.exe+A92DB	0x4A92DB	.rdata	ascii	高	1.00	UY =
CEO.exe+A935B	0x4A935B	.rdata	ascii	高	1.00	Bfe9
CEO.exe+A93EA	0x4A93EA	.rdata	ascii	高	1.00	CqTR;
CEO.exe+A9459	0x4A9459	.rdata	ascii	高	1.00	AiFC.
CEO.exe+A94D7	0x4A94D7	.rdata	ascii	高	1.00	?5a1
CEO.exe+A955F	0x4A955F	.rdata	ascii	高	1.00	<{Q}<
CEO.exe+A9589	0x4A9589	.rdata	ascii	高	1.00	hI{L[
CEO.exe+A95DF	0x4A95DF	.rdata	ascii	高	1.00	<8bunz8
CEO.exe+A964F	0x4A964F	.rdata	ascii	高	1.00	<V/>
CEO.exe+A9697	0x4A9697	.rdata	ascii	高	1.00	?(FN\
CEO.exe+A975F	0x4A975F	.rdata	ascii	高	1.00	<'*6
CEO.exe+A9777	0x4A9777	.rdata	ascii	高	1.00	?3xj
CEO.exe+A97DF	0x4A97DF	.rdata	ascii	高	1.00	<)TH
CEO.exe+A97FD	0x4A97FD	.rdata	ascii	高	1.00	K<<H!
CEO.exe+A98C9	0x4A98C9	.rdata	ascii	高	1.00	m1WY$
CEO.exe+A9997	0x4A9997	.rdata	ascii	高	1.00	?#%X.y
CEO.exe+A99EC	0x4A99EC	.rdata	ascii	高	1.00	F||<##
CEO.exe+A99FD	0x4A99FD	.rdata	ascii	高	1.00	$x<e
CEO.exe+A9AAA	0x4A9AAA	.rdata	ascii	高	1.00	T~OXu
CEO.exe+A9AB7	0x4A9AB7	.rdata	ascii	高	1.00	?.)T
CEO.exe+A9B49	0x4A9B49	.rdata	ascii	高	1.00	zyC7
CEO.exe+A9C12	0x4A9C12	.rdata	ascii	高	1.00	k7+%
CEO.exe+A9C1F	0x4A9C1F	.rdata	ascii	高	1.00	<@En[vP
CEO.exe+A9E04	0x4A9E04	.rdata	ascii	高	1.00	(null)
CEO.exe+A9E31	0x4A9E31	.rdata	ascii	高	1.00	( 8PX
CEO.exe+A9E39	0x4A9E39	.rdata	ascii	高	1.00	700WP
CEO.exe+AAA84	0x4AAA84	.rdata	ascii	高	1.00	HH:mm:ss
CEO.exe+AAA90	0x4AAA90	.rdata	ascii	高	1.00	dddd, MMMM dd, yyyy
CEO.exe+AAAA4	0x4AAAA4	.rdata	ascii	高	1.00	MM/dd/yy
CEO.exe+AAAB8	0x4AAAB8	.rdata	ascii	高	1.00	December
CEO.exe+AAAC4	0x4AAAC4	.rdata	ascii	高	1.00	November
CEO.exe+AAAD0	0x4AAAD0	.rdata	ascii	高	1.00	October
CEO.exe+AAAD8	0x4AAAD8	.rdata	ascii	高	1.00	September
CEO.exe+AAAE4	0x4AAAE4	.rdata	ascii	高	1.00	August
CEO.exe+AAAEC	0x4AAAEC	.rdata	ascii	高	1.00	July
CEO.exe+AAAF4	0x4AAAF4	.rdata	ascii	高	1.00	June
CEO.exe+AAAFC	0x4AAAFC	.rdata	ascii	高	1.00	April
CEO.exe+AAB04	0x4AAB04	.rdata	ascii	高	1.00	March
CEO.exe+AAB0C	0x4AAB0C	.rdata	ascii	高	1.00	February
CEO.exe+AAB18	0x4AAB18	.rdata	ascii	高	1.00	January
CEO.exe+AAB50	0x4AAB50	.rdata	ascii	高	1.00	Saturday
CEO.exe+AAB5C	0x4AAB5C	.rdata	ascii	高	1.00	Friday
CEO.exe+AAB64	0x4AAB64	.rdata	ascii	高	1.00	Thursday
CEO.exe+AAB70	0x4AAB70	.rdata	ascii	高	1.00	Wednesday
CEO.exe+AAB7C	0x4AAB7C	.rdata	ascii	高	1.00	Tuesday
CEO.exe+AAB84	0x4AAB84	.rdata	ascii	高	1.00	Monday
CEO.exe+AAB8C	0x4AAB8C	.rdata	ascii	高	1.00	Sunday
CEO.exe+AABBC	0x4AABBC	.rdata	ascii	高	1.00	Unknown exception
CEO.exe+AAC0F	0x4AAC0F	.rdata	ascii	高	1.00	?1mm
CEO.exe+AAD0F	0x4AAD0F	.rdata	ascii	高	1.00	?Xw$
CEO.exe+AAD6F	0x4AAD6F	.rdata	ascii	高	1.00	?uZEeu
CEO.exe+AADCF	0x4AADCF	.rdata	ascii	高	1.00	?P/Y
CEO.exe+AAE70	0x4AAE70	.rdata	ascii	高	1.00	uZEeu
CEO.exe+AB170	0x4AB170	.rdata	ascii	高	1.00	uZEeu
CEO.exe+AB26F	0x4AB26F	.rdata	ascii	高	1.00	?uZEeu
CEO.exe+AB2CF	0x4AB2CF	.rdata	ascii	高	1.00	?Xw$
CEO.exe+AB3CF	0x4AB3CF	.rdata	ascii	高	1.00	?1mm
CEO.exe+AB433	0x4AB433	.rdata	ascii	高	1.00	m0_$@
CEO.exe+AB4AF	0x4AB4AF	.rdata	ascii	高	1.00	?1mm
CEO.exe+AB5AF	0x4AB5AF	.rdata	ascii	高	1.00	?Xw$
CEO.exe+AB60F	0x4AB60F	.rdata	ascii	高	1.00	?uZEeu
CEO.exe+AB66F	0x4AB66F	.rdata	ascii	高	1.00	?P/Y
CEO.exe+AB710	0x4AB710	.rdata	ascii	高	1.00	uZEeu
CEO.exe+ABA10	0x4ABA10	.rdata	ascii	高	1.00	uZEeu
CEO.exe+ABB0F	0x4ABB0F	.rdata	ascii	高	1.00	?uZEeu
CEO.exe+ABB6F	0x4ABB6F	.rdata	ascii	高	1.00	?Xw$
CEO.exe+ABC6F	0x4ABC6F	.rdata	ascii	高	1.00	?1mm
CEO.exe+ABCD3	0x4ABCD3	.rdata	ascii	高	1.00	m0_$@
CEO.exe+ABE05	0x4ABE05	.rdata	ascii	高	1.00	('8PW
CEO.exe+ABE0E	0x4ABE0E	.rdata	ascii	高	1.00	700PP
CEO.exe+ABE29	0x4ABE29	.rdata	ascii	高	1.00	xppwpp
CEO.exe+ABE40	0x4ABE40	.rdata	ascii	高	1.00	UTF-8
CEO.exe+ABE48	0x4ABE48	.rdata	ascii	高	1.00	UTF-16LE
CEO.exe+ABE54	0x4ABE54	.rdata	ascii	高	1.00	UNICODE
CEO.exe+ABE60	0x4ABE60	.rdata	ascii	高	1.00	SunMonTueWedThuFriSat
CEO.exe+ABE78	0x4ABE78	.rdata	ascii	高	1.00	JanFebMarAprMayJunJulAugSepOctNovDec
CEO.exe+ABEF4	0x4ABEF4	.rdata	ascii	高	1.00	=mm?
CEO.exe+ABF11	0x4ABF11	.rdata	ascii	高	1.00	u+E6
CEO.exe+ABF95	0x4ABF95	.rdata	ascii	高	1.00	|u?!u$
CEO.exe+ABFA5	0x4ABFA5	.rdata	ascii	高	1.00	Nu?-HF
CEO.exe+ABFB6	0x4ABFB6	.rdata	ascii	高	1.00	d? cf>\t
CEO.exe+AC011	0x4AC011	.rdata	ascii	高	1.00	e-CS
CEO.exe+AC02F	0x4AC02F	.rdata	ascii	高	1.00	?(F_
CEO.exe+AC039	0x4AC039	.rdata	ascii	高	1.00	X2CQ
CEO.exe+AC07F	0x4AC07F	.rdata	ascii	高	1.00	?X1U
CEO.exe+AC10F	0x4AC10F	.rdata	ascii	高	1.00	?P),
CEO.exe+AC1A7	0x4AC1A7	.rdata	ascii	高	1.00	? ,6
CEO.exe+AC1B1	0x4AC1B1	.rdata	ascii	高	1.00	5DKB
CEO.exe+AC2D2	0x4AC2D2	.rdata	ascii	高	1.00	U&X>
CEO.exe+AC311	0x4AC311	.rdata	ascii	高	1.00	f*"!
CEO.exe+AC3D9	0x4AC3D9	.rdata	ascii	高	1.00	n}in
CEO.exe+AC455	0x4AC455	.rdata	ascii	高	1.00	&2@UUUUUU
CEO.exe+AC474	0x4AC474	.rdata	ascii	高	1.00	=m=@
CEO.exe+AC491	0x4AC491	.rdata	ascii	高	1.00	u+E6
CEO.exe+AC500	0x4AC500	.rdata	ascii	高	1.00	."S-
CEO.exe+AC52C	0x4AC52C	.rdata	ascii	高	1.00	$9t?
CEO.exe+AC5F7	0x4AC5F7	.rdata	ascii	高	1.00	>Xzv
CEO.exe+AC60A	0x4AC60A	.rdata	ascii	高	1.00	#wi#:
CEO.exe+AC67B	0x4AC67B	.rdata	ascii	高	1.00	?c3y
CEO.exe+AC699	0x4AC699	.rdata	ascii	高	1.00	g\>{
CEO.exe+AC700	0x4AC700	.rdata	ascii	高	1.00	+*tsJ
CEO.exe+AC7A0	0x4AC7A0	.rdata	ascii	高	1.00	0vB-
CEO.exe+AC7F1	0x4AC7F1	.rdata	ascii	高	1.00	s{c|H
CEO.exe+AC888	0x4AC888	.rdata	ascii	高	1.00	o3fW
CEO.exe+AC932	0x4AC932	.rdata	ascii	高	1.00	f6\tn
CEO.exe+AC9FC	0x4AC9FC	.rdata	ascii	高	1.00	jVa?
CEO.exe+ACA92	0x4ACA92	.rdata	ascii	高	1.00	f6\tn
CEO.exe+ACA9D	0x4ACA9D	.rdata	ascii	高	1.00	"Q??
CEO.exe+ACB47	0x4ACB47	.rdata	ascii	高	1.00	>o3fW
CEO.exe+ACBC0	0x4ACBC0	.rdata	ascii	高	1.00	0vB-
CEO.exe+ACC11	0x4ACC11	.rdata	ascii	高	1.00	s{c|H
CEO.exe+ACC80	0x4ACC80	.rdata	ascii	高	1.00	+*tsJ
CEO.exe+ACCCE	0x4ACCCE	.rdata	ascii	高	1.00	F?cf
CEO.exe+ACD5B	0x4ACD5B	.rdata	ascii	高	1.00	?c3y?
CEO.exe+ACD79	0x4ACD79	.rdata	ascii	高	1.00	g\>{
CEO.exe+ACD7E	0x4ACD7E	.rdata	ascii	高	1.00	O?>>
CEO.exe+ACD9C	0x4ACD9C	.rdata	ascii	高	1.00	3{9=
CEO.exe+ACDE7	0x4ACDE7	.rdata	ascii	高	1.00	?m|1
CEO.exe+ACE37	0x4ACE37	.rdata	ascii	高	1.00	>Xzv
CEO.exe+ACE4A	0x4ACE4A	.rdata	ascii	高	1.00	#wi#:=
CEO.exe+ACE9F	0x4ACE9F	.rdata	ascii	高	1.00	?."S-
CEO.exe+ACECC	0x4ACECC	.rdata	ascii	高	1.00	$9t?
CEO.exe+ACEDD	0x4ACEDD	.rdata	ascii	高	1.00	A]?VJ
CEO.exe+ACF55	0x4ACF55	.rdata	ascii	高	1.00	&2@UUUUUU
CEO.exe+ACF74	0x4ACF74	.rdata	ascii	高	1.00	=m=@
CEO.exe+ACF91	0x4ACF91	.rdata	ascii	高	1.00	u+E6
CEO.exe+AD039	0x4AD039	.rdata	ascii	高	1.00	n}in
CEO.exe+AD092	0x4AD092	.rdata	ascii	高	1.00	U&X>
CEO.exe+AD0D1	0x4AD0D1	.rdata	ascii	高	1.00	f*"!
CEO.exe+AD231	0x4AD231	.rdata	ascii	高	1.00	5DKB
CEO.exe+AD2EF	0x4AD2EF	.rdata	ascii	高	1.00	?P),
CEO.exe+AD31C	0x4AD31C	.rdata	ascii	高	1.00	Mpm<
CEO.exe+AD351	0x4AD351	.rdata	ascii	高	1.00	e-CS
CEO.exe+AD379	0x4AD379	.rdata	ascii	高	1.00	X2CQ
CEO.exe+AD3BF	0x4AD3BF	.rdata	ascii	高	1.00	?X1U
CEO.exe+AD445	0x4AD445	.rdata	ascii	高	1.00	Nu?-HF
CEO.exe+AD458	0x4AD458	.rdata	ascii	高	1.00	 cf>\t
CEO.exe+AD4A3	0x4AD4A3	.rdata	ascii	高	1.00	m0_$@
CEO.exe+AD4AB	0x4AD4AB	.rdata	ascii	高	1.00	m0_$@
CEO.exe+AD4DE	0x4AD4DE	.rdata	ascii	高	1.00	F=J4
CEO.exe+AD4E7	0x4AD4E7	.rdata	ascii	高	1.00	:Esp
CEO.exe+AD55F	0x4AD55F	.rdata	ascii	高	1.00	 !"#$%&'()*+,-./0123456789:;<=>?@ABCDEFGHIJKLMNOPQRSTUVWXYZ[\]^_`abcdefghijklmnopqrstuvwxyz{|}~
CEO.exe+AD63C	0x4AD63C	.rdata	ascii	高	1.00	modf
CEO.exe+AD644	0x4AD644	.rdata	ascii	高	1.00	floor
CEO.exe+AD64C	0x4AD64C	.rdata	ascii	高	1.00	ceil
CEO.exe+AD654	0x4AD654	.rdata	ascii	高	1.00	atan
CEO.exe+AD65C	0x4AD65C	.rdata	ascii	高	1.00	exp10
CEO.exe+AD664	0x4AD664	.rdata	ascii	高	1.00	acos
CEO.exe+AD66C	0x4AD66C	.rdata	ascii	高	1.00	asin
CEO.exe+AD678	0x4AD678	.rdata	ascii	高	1.00	log10
CEO.exe+AD688	0x4AD688	.rdata	ascii	高	1.00	GetProcessWindowStation
CEO.exe+AD6A0	0x4AD6A0	.rdata	ascii	高	1.00	GetUserObjectInformationW
CEO.exe+AD6BC	0x4AD6BC	.rdata	ascii	高	1.00	GetLastActivePopup
CEO.exe+AD6D0	0x4AD6D0	.rdata	ascii	高	1.00	GetActiveWindow
CEO.exe+AD6E0	0x4AD6E0	.rdata	ascii	高	1.00	MessageBoxW
CEO.exe+ADCB0	0x4ADCB0	.rdata	ascii	高	1.00	 !"#$%&'()*+,-./0123456789:;<=>?@abcdefghijklmnopqrstuvwxyz[\]^_`abcdefghijklmnopqrstuvwxyz{|}~
CEO.exe+ADE30	0x4ADE30	.rdata	ascii	高	1.00	 !"#$%&'()*+,-./0123456789:;<=>?@ABCDEFGHIJKLMNOPQRSTUVWXYZ[\]^_`ABCDEFGHIJKLMNOPQRSTUVWXYZ{|}~
CEO.exe+ADF10	0x4ADF10	.rdata	ascii	高	1.00	 Complete Object Locator'
CEO.exe+ADF2C	0x4ADF2C	.rdata	ascii	高	1.00	 Class Hierarchy Descriptor'
CEO.exe+ADF4C	0x4ADF4C	.rdata	ascii	高	1.00	 Base Class Array'
CEO.exe+ADF60	0x4ADF60	.rdata	ascii	高	1.00	 Base Class Descriptor at (
CEO.exe+ADF7C	0x4ADF7C	.rdata	ascii	高	1.00	 Type Descriptor'
CEO.exe+ADF90	0x4ADF90	.rdata	ascii	高	1.00	`local static thread guard'
CEO.exe+ADFAC	0x4ADFAC	.rdata	ascii	高	1.00	`managed vector copy constructor iterator'
CEO.exe+ADFD8	0x4ADFD8	.rdata	ascii	高	1.00	`vector vbase copy constructor iterator'
CEO.exe+AE004	0x4AE004	.rdata	ascii	高	1.00	`vector copy constructor iterator'
CEO.exe+AE028	0x4AE028	.rdata	ascii	高	1.00	`dynamic atexit destructor for '
CEO.exe+AE04C	0x4AE04C	.rdata	ascii	高	1.00	`dynamic initializer for '
CEO.exe+AE068	0x4AE068	.rdata	ascii	高	1.00	`eh vector vbase copy constructor iterator'
CEO.exe+AE094	0x4AE094	.rdata	ascii	高	1.00	`eh vector copy constructor iterator'
CEO.exe+AE0BC	0x4AE0BC	.rdata	ascii	高	1.00	`managed vector destructor iterator'
CEO.exe+AE0E4	0x4AE0E4	.rdata	ascii	高	1.00	`managed vector constructor iterator'
CEO.exe+AE10C	0x4AE10C	.rdata	ascii	高	1.00	`placement delete[] closure'
CEO.exe+AE12C	0x4AE12C	.rdata	ascii	高	1.00	`placement delete closure'
CEO.exe+AE148	0x4AE148	.rdata	ascii	高	1.00	`omni callsig'
CEO.exe+AE158	0x4AE158	.rdata	ascii	高	1.00	 delete[]
CEO.exe+AE164	0x4AE164	.rdata	ascii	高	1.00	 new[]
CEO.exe+AE16C	0x4AE16C	.rdata	ascii	高	1.00	`local vftable constructor closure'
CEO.exe+AE190	0x4AE190	.rdata	ascii	高	1.00	`local vftable'
CEO.exe+AE1A0	0x4AE1A0	.rdata	ascii	高	1.00	`RTTI
CEO.exe+AE1AC	0x4AE1AC	.rdata	ascii	高	1.00	`udt returning'
CEO.exe+AE1BC	0x4AE1BC	.rdata	ascii	高	1.00	`copy constructor closure'
CEO.exe+AE1D8	0x4AE1D8	.rdata	ascii	高	1.00	`eh vector vbase constructor iterator'
CEO.exe+AE200	0x4AE200	.rdata	ascii	高	1.00	`eh vector destructor iterator'
CEO.exe+AE220	0x4AE220	.rdata	ascii	高	1.00	`eh vector constructor iterator'
CEO.exe+AE244	0x4AE244	.rdata	ascii	高	1.00	`virtual displacement map'
CEO.exe+AE260	0x4AE260	.rdata	ascii	高	1.00	`vector vbase constructor iterator'
CEO.exe+AE284	0x4AE284	.rdata	ascii	高	1.00	`vector destructor iterator'
CEO.exe+AE2A4	0x4AE2A4	.rdata	ascii	高	1.00	`vector constructor iterator'
CEO.exe+AE2C4	0x4AE2C4	.rdata	ascii	高	1.00	`scalar deleting destructor'
CEO.exe+AE2E4	0x4AE2E4	.rdata	ascii	高	1.00	`default constructor closure'
CEO.exe+AE304	0x4AE304	.rdata	ascii	高	1.00	`vector deleting destructor'
CEO.exe+AE324	0x4AE324	.rdata	ascii	高	1.00	`vbase destructor'
CEO.exe+AE338	0x4AE338	.rdata	ascii	高	1.00	`string'
CEO.exe+AE344	0x4AE344	.rdata	ascii	高	1.00	`local static guard'
CEO.exe+AE35C	0x4AE35C	.rdata	ascii	高	1.00	`typeof'
CEO.exe+AE368	0x4AE368	.rdata	ascii	高	1.00	`vcall'
CEO.exe+AE370	0x4AE370	.rdata	ascii	高	1.00	`vbtable'
CEO.exe+AE37C	0x4AE37C	.rdata	ascii	高	1.00	`vftable'
CEO.exe+AE404	0x4AE404	.rdata	ascii	高	1.00	operator
CEO.exe+AE428	0x4AE428	.rdata	ascii	高	1.00	 delete
CEO.exe+AE430	0x4AE430	.rdata	ascii	高	1.00	 new
CEO.exe+AE438	0x4AE438	.rdata	ascii	高	1.00	__unaligned
CEO.exe+AE444	0x4AE444	.rdata	ascii	高	1.00	__restrict
CEO.exe+AE450	0x4AE450	.rdata	ascii	高	1.00	__ptr64
CEO.exe+AE458	0x4AE458	.rdata	ascii	高	1.00	__eabi
CEO.exe+AE460	0x4AE460	.rdata	ascii	高	1.00	__clrcall
CEO.exe+AE46C	0x4AE46C	.rdata	ascii	高	1.00	__fastcall
CEO.exe+AE478	0x4AE478	.rdata	ascii	高	1.00	__thiscall
CEO.exe+AE484	0x4AE484	.rdata	ascii	高	1.00	__stdcall
CEO.exe+AE490	0x4AE490	.rdata	ascii	高	1.00	__pascal
CEO.exe+AE49C	0x4AE49C	.rdata	ascii	高	1.00	__cdecl
CEO.exe+AE4A4	0x4AE4A4	.rdata	ascii	高	1.00	__based(
CEO.exe+AE634	0x4AE634	.rdata	ascii	高	1.00	1#QNAN
CEO.exe+AE63C	0x4AE63C	.rdata	ascii	高	1.00	1#INF
CEO.exe+AE644	0x4AE644	.rdata	ascii	高	1.00	1#IND
CEO.exe+AE64C	0x4AE64C	.rdata	ascii	高	1.00	1#SNAN
CEO.exe+AE654	0x4AE654	.rdata	ascii	高	1.00	_nextafter
CEO.exe+AE660	0x4AE660	.rdata	ascii	高	1.00	_logb
CEO.exe+AE674	0x4AE674	.rdata	ascii	高	1.00	frexp
CEO.exe+AE67C	0x4AE67C	.rdata	ascii	高	1.00	fmod
CEO.exe+AE684	0x4AE684	.rdata	ascii	高	1.00	_hypot
CEO.exe+AE68C	0x4AE68C	.rdata	ascii	高	1.00	_cabs
CEO.exe+AE694	0x4AE694	.rdata	ascii	高	1.00	ldexp
CEO.exe+AE69C	0x4AE69C	.rdata	ascii	高	1.00	fabs
CEO.exe+AE6A4	0x4AE6A4	.rdata	ascii	高	1.00	sqrt
CEO.exe+AE6AC	0x4AE6AC	.rdata	ascii	高	1.00	atan2
CEO.exe+AE6B4	0x4AE6B4	.rdata	ascii	高	1.00	tanh
CEO.exe+AE6BC	0x4AE6BC	.rdata	ascii	高	1.00	cosh
CEO.exe+AE6C4	0x4AE6C4	.rdata	ascii	高	1.00	sinh
CEO.exe+B004E	0x4B004E	.rdata	ascii	高	1.00	SteamInternal_FindOrCreateUserInterface
CEO.exe+B0078	0x4B0078	.rdata	ascii	高	1.00	SteamAPI_GetHSteamUser
CEO.exe+B0092	0x4B0092	.rdata	ascii	高	1.00	SteamInternal_ContextInit
CEO.exe+B00AE	0x4B00AE	.rdata	ascii	高	1.00	SteamInternal_CreateInterface
CEO.exe+B00CE	0x4B00CE	.rdata	ascii	高	1.00	SteamAPI_UnregisterCallback
CEO.exe+B00EC	0x4B00EC	.rdata	ascii	高	1.00	SteamAPI_RegisterCallback
CEO.exe+B0108	0x4B0108	.rdata	ascii	高	1.00	SteamAPI_Init
CEO.exe+B0118	0x4B0118	.rdata	ascii	高	1.00	SteamAPI_RestartAppIfNecessary
CEO.exe+B013A	0x4B013A	.rdata	ascii	高	1.00	SteamAPI_RunCallbacks
CEO.exe+B0150	0x4B0150	.rdata	ascii	高	1.00	steam_api.dll
CEO.exe+B0160	0x4B0160	.rdata	ascii	高	1.00	CreateDirectoryA
CEO.exe+B0174	0x4B0174	.rdata	ascii	高	1.00	GetTickCount
CEO.exe+B0184	0x4B0184	.rdata	ascii	高	1.00	CloseHandle
CEO.exe+B0192	0x4B0192	.rdata	ascii	高	1.00	CreateFileA
CEO.exe+B01A0	0x4B01A0	.rdata	ascii	高	1.00	OutputDebugStringA
CEO.exe+B01B6	0x4B01B6	.rdata	ascii	高	1.00	WideCharToMultiByte
CEO.exe+B01CC	0x4B01CC	.rdata	ascii	高	1.00	MultiByteToWideChar
CEO.exe+B01E2	0x4B01E2	.rdata	ascii	高	1.00	ReleaseMutex
CEO.exe+B01F2	0x4B01F2	.rdata	ascii	高	1.00	GetUserDefaultLCID
CEO.exe+B0208	0x4B0208	.rdata	ascii	高	1.00	GetLastError
CEO.exe+B0218	0x4B0218	.rdata	ascii	高	1.00	CreateMutexA
CEO.exe+B0228	0x4B0228	.rdata	ascii	高	1.00	Sleep
CEO.exe+B022E	0x4B022E	.rdata	ascii	高	1.00	KERNEL32.dll
CEO.exe+B023E	0x4B023E	.rdata	ascii	高	1.00	MessageBoxA
CEO.exe+B024C	0x4B024C	.rdata	ascii	高	1.00	GetKeyState
CEO.exe+B025A	0x4B025A	.rdata	ascii	高	1.00	GetAsyncKeyState
CEO.exe+B026E	0x4B026E	.rdata	ascii	高	1.00	PostQuitMessage
CEO.exe+B0280	0x4B0280	.rdata	ascii	高	1.00	DefWindowProcA
CEO.exe+B0292	0x4B0292	.rdata	ascii	高	1.00	DestroyWindow
CEO.exe+B02A2	0x4B02A2	.rdata	ascii	高	1.00	EndPaint
CEO.exe+B02AE	0x4B02AE	.rdata	ascii	高	1.00	DrawTextA
CEO.exe+B02BA	0x4B02BA	.rdata	ascii	高	1.00	GetClientRect
CEO.exe+B02CA	0x4B02CA	.rdata	ascii	高	1.00	BeginPaint
CEO.exe+B02D8	0x4B02D8	.rdata	ascii	高	1.00	GetMessageA
CEO.exe+B02E6	0x4B02E6	.rdata	ascii	高	1.00	UpdateWindow
CEO.exe+B02F6	0x4B02F6	.rdata	ascii	高	1.00	ShowWindow
CEO.exe+B0304	0x4B0304	.rdata	ascii	高	1.00	CreateWindowExW
CEO.exe+B0316	0x4B0316	.rdata	ascii	高	1.00	CreateWindowExA
CEO.exe+B0328	0x4B0328	.rdata	ascii	高	1.00	GetSystemMetrics
CEO.exe+B033C	0x4B033C	.rdata	ascii	高	1.00	RegisterClassExA
CEO.exe+B0350	0x4B0350	.rdata	ascii	高	1.00	DispatchMessageA
CEO.exe+B0364	0x4B0364	.rdata	ascii	高	1.00	TranslateMessage
CEO.exe+B0378	0x4B0378	.rdata	ascii	高	1.00	PeekMessageA
CEO.exe+B0388	0x4B0388	.rdata	ascii	高	1.00	ShowCursor
CEO.exe+B0394	0x4B0394	.rdata	ascii	高	1.00	USER32.dll
CEO.exe+B03A0	0x4B03A0	.rdata	ascii	高	1.00	DSOUND.dll
CEO.exe+B03AE	0x4B03AE	.rdata	ascii	高	1.00	mmioClose
CEO.exe+B03BA	0x4B03BA	.rdata	ascii	高	1.00	mmioAscend
CEO.exe+B03C8	0x4B03C8	.rdata	ascii	高	1.00	mmioRead
CEO.exe+B03D4	0x4B03D4	.rdata	ascii	高	1.00	mmioDescend
CEO.exe+B03E2	0x4B03E2	.rdata	ascii	高	1.00	mmioOpenA
CEO.exe+B03EE	0x4B03EE	.rdata	ascii	高	1.00	mmioSeek
CEO.exe+B03FA	0x4B03FA	.rdata	ascii	高	1.00	mmioSetInfo
CEO.exe+B0408	0x4B0408	.rdata	ascii	高	1.00	mmioAdvance
CEO.exe+B0416	0x4B0416	.rdata	ascii	高	1.00	mmioGetInfo
CEO.exe+B0422	0x4B0422	.rdata	ascii	高	1.00	WINMM.dll
CEO.exe+B042E	0x4B042E	.rdata	ascii	高	1.00	InterlockedIncrement
CEO.exe+B0446	0x4B0446	.rdata	ascii	高	1.00	InterlockedDecrement
CEO.exe+B045E	0x4B045E	.rdata	ascii	高	1.00	DeleteFileA
CEO.exe+B046C	0x4B046C	.rdata	ascii	高	1.00	GetFileAttributesA
CEO.exe+B0482	0x4B0482	.rdata	ascii	高	1.00	RemoveDirectoryA
CEO.exe+B0496	0x4B0496	.rdata	ascii	高	1.00	FindClose
CEO.exe+B04A2	0x4B04A2	.rdata	ascii	高	1.00	FindNextFileA
CEO.exe+B04B2	0x4B04B2	.rdata	ascii	高	1.00	FindFirstFileA
CEO.exe+B04C4	0x4B04C4	.rdata	ascii	高	1.00	SetCurrentDirectoryA
CEO.exe+B04DC	0x4B04DC	.rdata	ascii	高	1.00	GetCurrentDirectoryA
CEO.exe+B04F4	0x4B04F4	.rdata	ascii	高	1.00	RtlUnwind
CEO.exe+B0500	0x4B0500	.rdata	ascii	高	1.00	EncodePointer
CEO.exe+B0510	0x4B0510	.rdata	ascii	高	1.00	DecodePointer
CEO.exe+B0520	0x4B0520	.rdata	ascii	高	1.00	GetProcAddress
CEO.exe+B0532	0x4B0532	.rdata	ascii	高	1.00	GetModuleHandleW
CEO.exe+B0546	0x4B0546	.rdata	ascii	高	1.00	ExitProcess
CEO.exe+B0554	0x4B0554	.rdata	ascii	高	1.00	GetDriveTypeW
CEO.exe+B0564	0x4B0564	.rdata	ascii	高	1.00	GetFullPathNameA
CEO.exe+B0578	0x4B0578	.rdata	ascii	高	1.00	GetCommandLineA
CEO.exe+B058A	0x4B058A	.rdata	ascii	高	1.00	HeapSetInformation
CEO.exe+B05A0	0x4B05A0	.rdata	ascii	高	1.00	GetStartupInfoW
CEO.exe+B05B2	0x4B05B2	.rdata	ascii	高	1.00	HeapFree
CEO.exe+B05BE	0x4B05BE	.rdata	ascii	高	1.00	HeapReAlloc
CEO.exe+B05CC	0x4B05CC	.rdata	ascii	高	1.00	HeapAlloc
CEO.exe+B05D8	0x4B05D8	.rdata	ascii	高	1.00	SetEndOfFile
CEO.exe+B05E8	0x4B05E8	.rdata	ascii	高	1.00	GetProcessHeap
CEO.exe+B05FA	0x4B05FA	.rdata	ascii	高	1.00	GetSystemTimeAsFileTime
CEO.exe+B0614	0x4B0614	.rdata	ascii	高	1.00	ExitThread
CEO.exe+B0622	0x4B0622	.rdata	ascii	高	1.00	ResumeThread
CEO.exe+B0632	0x4B0632	.rdata	ascii	高	1.00	CreateThread
CEO.exe+B0642	0x4B0642	.rdata	ascii	高	1.00	EnterCriticalSection
CEO.exe+B065A	0x4B065A	.rdata	ascii	高	1.00	LeaveCriticalSection
CEO.exe+B0672	0x4B0672	.rdata	ascii	高	1.00	TerminateProcess
CEO.exe+B0686	0x4B0686	.rdata	ascii	高	1.00	GetCurrentProcess
CEO.exe+B069A	0x4B069A	.rdata	ascii	高	1.00	UnhandledExceptionFilter
CEO.exe+B06B6	0x4B06B6	.rdata	ascii	高	1.00	SetUnhandledExceptionFilter
CEO.exe+B06D4	0x4B06D4	.rdata	ascii	高	1.00	IsDebuggerPresent
CEO.exe+B06E8	0x4B06E8	.rdata	ascii	高	1.00	IsProcessorFeaturePresent
CEO.exe+B0704	0x4B0704	.rdata	ascii	高	1.00	TlsAlloc
CEO.exe+B0710	0x4B0710	.rdata	ascii	高	1.00	TlsGetValue
CEO.exe+B071E	0x4B071E	.rdata	ascii	高	1.00	TlsSetValue
CEO.exe+B072C	0x4B072C	.rdata	ascii	高	1.00	TlsFree
CEO.exe+B0736	0x4B0736	.rdata	ascii	高	1.00	SetLastError
CEO.exe+B0746	0x4B0746	.rdata	ascii	高	1.00	GetCurrentThreadId
CEO.exe+B075C	0x4B075C	.rdata	ascii	高	1.00	HeapSize
CEO.exe+B0768	0x4B0768	.rdata	ascii	高	1.00	InitializeCriticalSectionAndSpinCount
CEO.exe+B0790	0x4B0790	.rdata	ascii	高	1.00	DeleteCriticalSection
CEO.exe+B07A8	0x4B07A8	.rdata	ascii	高	1.00	LoadLibraryW
CEO.exe+B07B8	0x4B07B8	.rdata	ascii	高	1.00	WriteFile
CEO.exe+B07C4	0x4B07C4	.rdata	ascii	高	1.00	GetStdHandle
CEO.exe+B07D4	0x4B07D4	.rdata	ascii	高	1.00	GetModuleFileNameW
CEO.exe+B07EA	0x4B07EA	.rdata	ascii	高	1.00	GetCPInfo
CEO.exe+B07F6	0x4B07F6	.rdata	ascii	高	1.00	GetACP
CEO.exe+B0800	0x4B0800	.rdata	ascii	高	1.00	GetOEMCP
CEO.exe+B080C	0x4B080C	.rdata	ascii	高	1.00	IsValidCodePage
CEO.exe+B081E	0x4B081E	.rdata	ascii	高	1.00	RaiseException
CEO.exe+B0830	0x4B0830	.rdata	ascii	高	1.00	GetCurrentDirectoryW
CEO.exe+B0848	0x4B0848	.rdata	ascii	高	1.00	GetModuleFileNameA
CEO.exe+B085E	0x4B085E	.rdata	ascii	高	1.00	FreeEnvironmentStringsW
CEO.exe+B0878	0x4B0878	.rdata	ascii	高	1.00	GetEnvironmentStringsW
CEO.exe+B0892	0x4B0892	.rdata	ascii	高	1.00	SetHandleCount
CEO.exe+B08A4	0x4B08A4	.rdata	ascii	高	1.00	GetFileType
CEO.exe+B08B2	0x4B08B2	.rdata	ascii	高	1.00	HeapCreate
CEO.exe+B08C0	0x4B08C0	.rdata	ascii	高	1.00	QueryPerformanceCounter
CEO.exe+B08DA	0x4B08DA	.rdata	ascii	高	1.00	GetCurrentProcessId
CEO.exe+B08F0	0x4B08F0	.rdata	ascii	高	1.00	GetConsoleCP
CEO.exe+B0900	0x4B0900	.rdata	ascii	高	1.00	GetConsoleMode
CEO.exe+B0912	0x4B0912	.rdata	ascii	高	1.00	FlushFileBuffers
CEO.exe+B0926	0x4B0926	.rdata	ascii	高	1.00	SetFilePointer
CEO.exe+B0938	0x4B0938	.rdata	ascii	高	1.00	SetStdHandle
CEO.exe+B0948	0x4B0948	.rdata	ascii	高	1.00	ReadFile
CEO.exe+B0954	0x4B0954	.rdata	ascii	高	1.00	GetTimeZoneInformation
CEO.exe+B096E	0x4B096E	.rdata	ascii	高	1.00	LCMapStringW
CEO.exe+B097E	0x4B097E	.rdata	ascii	高	1.00	GetStringTypeW
CEO.exe+B0990	0x4B0990	.rdata	ascii	高	1.00	WriteConsoleW
CEO.exe+B09A0	0x4B09A0	.rdata	ascii	高	1.00	CreateFileW
CEO.exe+B09AE	0x4B09AE	.rdata	ascii	高	1.00	CompareStringW
CEO.exe+B09C0	0x4B09C0	.rdata	ascii	高	1.00	SetEnvironmentVariableA
CEO.exe+B09DA	0x4B09DA	.rdata	ascii	高	1.00	InvalidateRect
CEO.exe+B09EC	0x4B09EC	.rdata	ascii	高	1.00	SetWindowLongA
CEO.exe+B09FE	0x4B09FE	.rdata	ascii	高	1.00	LoadCursorA
CEO.exe+B0A0C	0x4B0A0C	.rdata	ascii	高	1.00	LoadIconA
CEO.exe+B0A18	0x4B0A18	.rdata	ascii	高	1.00	GetWindowLongA
CEO.exe+B0A2A	0x4B0A2A	.rdata	ascii	高	1.00	MoveWindow
CEO.exe+B0A38	0x4B0A38	.rdata	ascii	高	1.00	ClientToScreen
CEO.exe+B0A4A	0x4B0A4A	.rdata	ascii	高	1.00	GetWindowRect
CEO.exe+B0A5A	0x4B0A5A	.rdata	ascii	高	1.00	GetDesktopWindow
CEO.exe+B0A6E	0x4B0A6E	.rdata	ascii	高	1.00	ChangeDisplaySettingsA
CEO.exe+B0A88	0x4B0A88	.rdata	ascii	高	1.00	ReleaseDC
CEO.exe+B0A94	0x4B0A94	.rdata	ascii	高	1.00	GetDC
CEO.exe+B0A9C	0x4B0A9C	.rdata	ascii	高	1.00	GetFocus
CEO.exe+B0AA8	0x4B0AA8	.rdata	ascii	高	1.00	ScreenToClient
CEO.exe+B0ABA	0x4B0ABA	.rdata	ascii	高	1.00	GetCursorPos
CEO.exe+B0ACA	0x4B0ACA	.rdata	ascii	高	1.00	GetStockObject
CEO.exe+B0ADC	0x4B0ADC	.rdata	ascii	高	1.00	SelectObject
CEO.exe+B0AEC	0x4B0AEC	.rdata	ascii	高	1.00	CreateDIBSection
CEO.exe+B0B00	0x4B0B00	.rdata	ascii	高	1.00	CreateCompatibleDC
CEO.exe+B0B16	0x4B0B16	.rdata	ascii	高	1.00	DeleteObject
CEO.exe+B0B26	0x4B0B26	.rdata	ascii	高	1.00	DeleteDC
CEO.exe+B0B32	0x4B0B32	.rdata	ascii	高	1.00	GetCurrentObject
CEO.exe+B0B46	0x4B0B46	.rdata	ascii	高	1.00	BitBlt
CEO.exe+B0B50	0x4B0B50	.rdata	ascii	高	1.00	CreateFontA
CEO.exe+B0B5E	0x4B0B5E	.rdata	ascii	高	1.00	SetTextColor
CEO.exe+B0B6E	0x4B0B6E	.rdata	ascii	高	1.00	SetBkMode
CEO.exe+B0B7A	0x4B0B7A	.rdata	ascii	高	1.00	Rectangle
CEO.exe+B0B86	0x4B0B86	.rdata	ascii	高	1.00	CreateSolidBrush
CEO.exe+B0B9A	0x4B0B9A	.rdata	ascii	高	1.00	CreatePen
CEO.exe+B0BA4	0x4B0BA4	.rdata	ascii	高	1.00	GDI32.dll
CEO.exe+B0BB0	0x4B0BB0	.rdata	ascii	高	1.00	CoCreateInstance
CEO.exe+B0BC4	0x4B0BC4	.rdata	ascii	高	1.00	CoUninitialize
CEO.exe+B0BD6	0x4B0BD6	.rdata	ascii	高	1.00	CoInitialize
CEO.exe+B0BE4	0x4B0BE4	.rdata	ascii	高	1.00	ole32.dll
CEO.exe+B0BF0	0x4B0BF0	.rdata	ascii	高	1.00	DirectDrawCreate
CEO.exe+B0C02	0x4B0C02	.rdata	ascii	高	1.00	DDRAW.dll
CEO.exe+B11B0	0x4B11B0	.data	big5	高	1.00	教學關卡一
CEO.exe+B1340	0x4B1340	.data	big5	高	1.00	教學關卡二
CEO.exe+B14D0	0x4B14D0	.data	big5	高	1.00	教學關卡三
CEO.exe+B1660	0x4B1660	.data	big5	高	1.00	教學關卡四
CEO.exe+B17F0	0x4B17F0	.data	big5	高	1.00	教學關卡五
CEO.exe+B1980	0x4B1980	.data	big5	高	1.00	教學關卡六
CEO.exe+B1CA0	0x4B1CA0	.data	big5	高	1.00	加勒比海
CEO.exe+B1FC0	0x4B1FC0	.data	big5	高	1.00	北京市
CEO.exe+B2150	0x4B2150	.data	big5	高	1.00	南美洲
CEO.exe+B2600	0x4B2600	.data	big5	高	1.00	東亞洲
CEO.exe+B2790	0x4B2790	.data	big5	高	1.00	阿拉伯半島
CEO.exe+B2C40	0x4B2C40	.data	big5	高	1.00	夏威夷群島
CEO.exe+B2F60	0x4B2F60	.data	big5	高	1.00	北美洲
CEO.exe+B30F0	0x4B30F0	.data	ascii	高	1.00	.?AVCCallbackBase@@
CEO.exe+B3154	0x4B3154	.data	ascii	高	1.00	.?AV?$CCallbackImpl@$0BI@@@
CEO.exe+B3178	0x4B3178	.data	ascii	高	1.00	.?AV?$CCallbackImpl@$0BA@@@
CEO.exe+B319C	0x4B319C	.data	ascii	高	1.00	.?AV?$CCallbackImpl@$0JI@@@
CEO.exe+B31C0	0x4B31C0	.data	ascii	高	1.00	.?AV?$CCallback@VCSteamAchievements@@UUserStatsReceived_t@@$0A@@@
CEO.exe+B3210	0x4B3210	.data	ascii	高	1.00	.?AV?$CCallback@VCSteamAchievements@@UUserStatsStored_t@@$0A@@@
CEO.exe+B3258	0x4B3258	.data	ascii	高	1.00	.?AV?$CCallback@VCSteamAchievements@@UUserAchievementStored_t@@$0A@@@
CEO.exe+B3368	0x4B3368	.data	big5	高	1.00	化學物
CEO.exe+B3398	0x4B3398	.data	big5	高	1.00	人氣商場
CEO.exe+B33B0	0x4B33B0	.data	big5	高	1.00	科技農場
CEO.exe+B33D0	0x4B33D0	.data	big5	高	1.00	管理者
CEO.exe+B3918	0x4B3918	.data	ascii	高	1.00	0123456789abcdefghijklmnopqrstuvwxyzABCDEFGHIJKLMNOPQRSTUVWXYZ+-*/,.<>?;:'[]{}|="\`~!@#$%^&*()_
CEO.exe+B3988	0x4B3988	.data	big5	高	1.00	細明體
CEO.exe+B7CF3	0x4B7CF3	.data	ascii	高	1.00	_vOn
CEO.exe+B8277	0x4B8277	.data	ascii	高	1.00	?pow
CEO.exe+B8288	0x4B8288	.data	ascii	高	1.00	.?AVtype_info@@
CEO.exe+B82A8	0x4B82A8	.data	ascii	高	1.00	.?AVbad_alloc@std@@
CEO.exe+B82C4	0x4B82C4	.data	ascii	高	1.00	.?AVexception@std@@
CEO.exe+B8310	0x4B8310	.data	ascii	高	1.00	sqrt
CEO.exe+B85C8	0x4B85C8	.data	ascii	高	1.00	.?AVbad_exception@std@@
CEO.exe+B89EE	0x4B89EE	.data	ascii	高	1.00	abcdefghijklmnopqrstuvwxyz
CEO.exe+B8A0E	0x4B8A0E	.data	ascii	高	1.00	ABCDEFGHIJKLMNOPQRSTUVWXYZ
CEO.exe+B8BF9	0x4B8BF9	.data	ascii	高	1.00	abcdefghijklmnopqrstuvwxyz
CEO.exe+B8C19	0x4B8C19	.data	ascii	高	1.00	ABCDEFGHIJKLMNOPQRSTUVWXYZ
CEO.exe+B93B2	0x4B93B2	.data	ascii	高	1.00	kU'9
CEO.exe+B9402	0x4B9402	.data	ascii	高	1.00	HMXB
CEO.exe+B9467	0x4B9467	.data	ascii	高	1.00	?Zd;
CEO.exe+B94AF	0x4B94AF	.data	ascii	高	1.00	?/L[
CEO.exe+B94BE	0x4B94BE	.data	ascii	高	1.00	S;uD
CEO.exe+B94DE	0x4B94DE	.data	ascii	高	1.00	z?aUY
CEO.exe+B94F6	0x4B94F6	.data	ascii	高	1.00	D?$?
CEO.exe+B950E	0x4B950E	.data	ascii	高	1.00	U>c{
CEO.exe+B9520	0x4B9520	.data	ascii	高	1.00	zc%C1
CEO.exe+B954A	0x4B954A	.data	ascii	高	1.00	.:3q
CEO.exe+B9573	0x4B9573	.data	ascii	高	1.00	-64OS
CEO.exe+B9594	0x4B9594	.data	ascii	高	1.00	NKeb
CEO.exe+4F8297	0x8F8297	.rsrc	ascii	高	1.00	wwxwwx0
CEO.exe+4F83E4	0x8F83E4	.rsrc	ascii	高	1.00	<assembly xmlns="urn:schemas-microsoft-com:asm.v1" manifestVersion="1.0">
CEO.exe+4F842F	0x8F842F	.rsrc	ascii	高	1.00	  <trustInfo xmlns="urn:schemas-microsoft-com:asm.v3">
CEO.exe+4F8467	0x8F8467	.rsrc	ascii	高	1.00	    <security>
CEO.exe+4F8477	0x8F8477	.rsrc	ascii	高	1.00	      <requestedPrivileges>
CEO.exe+4F8494	0x8F8494	.rsrc	ascii	高	1.00	        <requestedExecutionLevel level="asInvoker" uiAccess="false"></requestedExecutionLevel>
CEO.exe+4F84F4	0x8F84F4	.rsrc	ascii	高	1.00	      </requestedPrivileges>
CEO.exe+4F8512	0x8F8512	.rsrc	ascii	高	1.00	    </security>
CEO.exe+4F8523	0x8F8523	.rsrc	ascii	高	1.00	  </trustInfo>
CEO.exe+4F8533	0x8F8533	.rsrc	ascii	高	1.00	</assembly>PAPADDINGXXPADDINGPADDINGXXPADDINGPADDINGXXPADDINGPADDINGXXPADDINGPADDINGXXPADDINGPADDINGXXPADDINGPADDINGXXPADDINGPADDINGXXPADDINGPADDINGXXPADDINGPADDINGXXPADDINGPADDINGXXPADDINGPADDINGXXPADDING
CEO.exe+4F900B	0x8F900B	.reloc	ascii	高	1.00	0#0D0L0R0t0
CEO.exe+4F9021	0x8F9021	.reloc	ascii	高	1.00	1&141@1M1j1
CEO.exe+4F902F	0x8F902F	.reloc	ascii	高	1.00	182F2T2
CEO.exe+4F9039	0x8F9039	.reloc	ascii	高	1.00	3%3.343
CEO.exe+4F9045	0x8F9045	.reloc	ascii	高	1.00	3M4V4h4n4
CEO.exe+4F9055	0x8F9055	.reloc	ascii	高	1.00	5C6L6
CEO.exe+4F906D	0x8F906D	.reloc	ascii	高	1.00	8,:`:f:
CEO.exe+4F907D	0x8F907D	.reloc	ascii	高	1.00	;#;);D;N;g;n;
CEO.exe+4F90A5	0x8F90A5	.reloc	ascii	高	1.00	=3=9=A=J=S=\=b=o=">4><>
CEO.exe+4F90E9	0x8F90E9	.reloc	ascii	高	1.00	0A0`0
CEO.exe+4F90FF	0x8F90FF	.reloc	ascii	高	1.00	1q2}2
CEO.exe+4F9119	0x8F9119	.reloc	ascii	高	1.00	4p4v4
CEO.exe+4F9129	0x8F9129	.reloc	ascii	高	1.00	4&5;5E5
CEO.exe+4F9133	0x8F9133	.reloc	ascii	高	1.00	5#6H6W6c6
CEO.exe+4F9149	0x8F9149	.reloc	ascii	高	1.00	7T7v7
CEO.exe+4F9157	0x8F9157	.reloc	ascii	高	1.00	878A8
CEO.exe+4F915F	0x8F915F	.reloc	ascii	高	1.00	8X9^9h9
CEO.exe+4F916B	0x8F916B	.reloc	ascii	高	1.00	92<;<
CEO.exe+4F9177	0x8F9177	.reloc	ascii	高	1.00	=&=5=u=
CEO.exe+4F91A3	0x8F91A3	.reloc	ascii	高	1.00	?l?}?
CEO.exe+4F91C0	0x8F91C0	.reloc	ascii	高	1.00	:0D0b0k0
CEO.exe+4F91CD	0x8F91CD	.reloc	ascii	高	1.00	1"1_1j1
CEO.exe+4F91D9	0x8F91D9	.reloc	ascii	高	1.00	1i2s2
CEO.exe+4F91F1	0x8F91F1	.reloc	ascii	高	1.00	4D5J5
CEO.exe+4F9201	0x8F9201	.reloc	ascii	高	1.00	647>7r7{7a8n8
CEO.exe+4F921F	0x8F921F	.reloc	ascii	高	1.00	:7:@:Z:p:v:
CEO.exe+4F922F	0x8F922F	.reloc	ascii	高	1.00	:T;Z;
CEO.exe+4F9237	0x8F9237	.reloc	ascii	高	1.00	;C<L<:=?=
CEO.exe+4F9247	0x8F9247	.reloc	ascii	高	1.00	>U>[>
CEO.exe+4F924F	0x8F924F	.reloc	ascii	高	1.00	>"?+?R?
CEO.exe+4F9261	0x8F9261	.reloc	ascii	高	1.00	0,0U0
CEO.exe+4F926F	0x8F926F	.reloc	ascii	高	1.00	021q2|2
CEO.exe+4F9285	0x8F9285	.reloc	ascii	高	1.00	3.3:3I3j3}3
CEO.exe+4F9297	0x8F9297	.reloc	ascii	高	1.00	4!4^4y4
CEO.exe+4F92A7	0x8F92A7	.reloc	ascii	高	1.00	505P5
CEO.exe+4F92B7	0x8F92B7	.reloc	ascii	高	1.00	626P6p6v6}6
CEO.exe+4F92C7	0x8F92C7	.reloc	ascii	高	1.00	707H7T7
CEO.exe+4F92D9	0x8F92D9	.reloc	ascii	高	1.00	8$8.8B8Q8Z8`8n8t8
CEO.exe+4F92F3	0x8F92F3	.reloc	ascii	高	1.00	8P9V9\9m9g:}:
CEO.exe+4F9305	0x8F9305	.reloc	ascii	高	1.00	;G;U;f;
CEO.exe+4F9311	0x8F9311	.reloc	ascii	高	1.00	<-<F<L<d<r<
CEO.exe+4F9327	0x8F9327	.reloc	ascii	高	1.00	=6>e>
CEO.exe+4F932D	0x8F932D	.reloc	ascii	高	1.00	>A?t?
CEO.exe+4F933D	0x8F933D	.reloc	ascii	高	1.00	0W0f0
CEO.exe+4F935F	0x8F935F	.reloc	ascii	高	1.00	1-2T2]2
CEO.exe+4F936D	0x8F936D	.reloc	ascii	高	1.00	2g3o3w3
CEO.exe+4F937D	0x8F937D	.reloc	ascii	高	1.00	5M5d5k5
CEO.exe+4F9391	0x8F9391	.reloc	ascii	高	1.00	656]6
CEO.exe+4F9399	0x8F9399	.reloc	ascii	高	1.00	617W7c7
CEO.exe+4F93A7	0x8F93A7	.reloc	ascii	高	1.00	7T8\8d8
CEO.exe+4F93CF	0x8F93CF	.reloc	ascii	高	1.00	;!;?;V;
CEO.exe+4F93E9	0x8F93E9	.reloc	ascii	高	1.00	>'>J>[>s>
CEO.exe+4F93F5	0x8F93F5	.reloc	ascii	高	1.00	?+?9?F?
CEO.exe+4F9404	0x8F9404	.reloc	ascii	高	1.00	#0K0S0
CEO.exe+4F940D	0x8F940D	.reloc	ascii	高	1.00	1!121B1{1
CEO.exe+4F9425	0x8F9425	.reloc	ascii	高	1.00	2D2j2
CEO.exe+4F943B	0x8F943B	.reloc	ascii	高	1.00	4>4_4l4
CEO.exe+4F9447	0x8F9447	.reloc	ascii	高	1.00	4'5V5
CEO.exe+4F945B	0x8F945B	.reloc	ascii	高	1.00	7+81888A8Q8W8g8
CEO.exe+4F947D	0x8F947D	.reloc	ascii	高	1.00	969=9Q9X9|9
CEO.exe+4F9497	0x8F9497	.reloc	ascii	高	1.00	:2:F:P:d:r:y:
CEO.exe+4F94B7	0x8F94B7	.reloc	ascii	高	1.00	;&;,;;;^;k;
CEO.exe+4F94D3	0x8F94D3	.reloc	ascii	高	1.00	<8<I<Z<k<
CEO.exe+4F94F1	0x8F94F1	.reloc	ascii	高	1.00	=%=h=r=
CEO.exe+4F9501	0x8F9501	.reloc	ascii	高	1.00	>$>C>K>j>r>
CEO.exe+4F9513	0x8F9513	.reloc	ascii	高	1.00	>Z?r?
CEO.exe+4F952D	0x8F952D	.reloc	ascii	高	1.00	0+000A0L0U0[0j0|0
CEO.exe+4F955B	0x8F955B	.reloc	ascii	高	1.00	1:1|1
CEO.exe+4F9579	0x8F9579	.reloc	ascii	高	1.00	3G3T3r3
CEO.exe+4F9589	0x8F9589	.reloc	ascii	高	1.00	3:4M4
CEO.exe+4F95A1	0x8F95A1	.reloc	ascii	高	1.00	5+5A5I5Y5
CEO.exe+4F95BF	0x8F95BF	.reloc	ascii	高	1.00	8L9[9y9
CEO.exe+4F95D3	0x8F95D3	.reloc	ascii	高	1.00	:!:F:
CEO.exe+4F95E3	0x8F95E3	.reloc	ascii	高	1.00	;";I;\;
CEO.exe+4F95F1	0x8F95F1	.reloc	ascii	高	1.00	;7<B<H<l<
CEO.exe+4F960D	0x8F960D	.reloc	ascii	高	1.00	=E=S=y=
CEO.exe+4F961D	0x8F961D	.reloc	ascii	高	1.00	=Q>u>
CEO.exe+4F9627	0x8F9627	.reloc	ascii	高	1.00	?.?=?F?L?Y?_?i?
CEO.exe+4F964B	0x8F964B	.reloc	ascii	高	1.00	0#0k0
CEO.exe+4F965F	0x8F965F	.reloc	ascii	高	1.00	2?3V3r3
CEO.exe+4F967D	0x8F967D	.reloc	ascii	高	1.00	5>5L5S5X5_5e5r5
CEO.exe+4F9699	0x8F9699	.reloc	ascii	高	1.00	6)636V6b6s6|6
CEO.exe+4F96A7	0x8F96A7	.reloc	ascii	高	1.00	607~7
CEO.exe+4F96D7	0x8F96D7	.reloc	ascii	高	1.00	9^:q:
CEO.exe+4F96F9	0x8F96F9	.reloc	ascii	高	1.00	;*;H;N;W;];b;q;v;
CEO.exe+4F9727	0x8F9727	.reloc	ascii	高	1.00	?@?D?H?L?P?T?X?\?|?
CEO.exe+4F9759	0x8F9759	.reloc	ascii	高	1.00	1-1F1J1O1V1`1e1z1
CEO.exe+4F9771	0x8F9771	.reloc	ascii	高	1.00	1*252B2N2[2g2t2
CEO.exe+4F9797	0x8F9797	.reloc	ascii	高	1.00	3&3e3w3
CEO.exe+4F97A7	0x8F97A7	.reloc	ascii	高	1.00	4O4c4}4
CEO.exe+4F97C1	0x8F97C1	.reloc	ascii	高	1.00	5'585H5i5|5
CEO.exe+4F97ED	0x8F97ED	.reloc	ascii	高	1.00	6"6-636?6S6X6^6q6
CEO.exe+4F980D	0x8F980D	.reloc	ascii	高	1.00	7&7/757H7S7
CEO.exe+4F9833	0x8F9833	.reloc	ascii	高	1.00	8)80868D8K8^8c8v8{8
CEO.exe+4F9859	0x8F9859	.reloc	ascii	高	1.00	989<9G9U9[9p9x9
CEO.exe+4F9875	0x8F9875	.reloc	ascii	高	1.00	:):1:D:L:h:w:
CEO.exe+4F9893	0x8F9893	.reloc	ascii	高	1.00	;(;7;@;Y;v;z;
CEO.exe+4F98B1	0x8F98B1	.reloc	ascii	高	1.00	<$<A<E<n<|<
CEO.exe+4F98CF	0x8F98CF	.reloc	ascii	高	1.00	=,=>=x=|=
CEO.exe+4F98E5	0x8F98E5	.reloc	ascii	高	1.00	>G>Y>
CEO.exe+4F98F5	0x8F98F5	.reloc	ascii	高	1.00	?!?`?d?h?l?p?t?x?|?
CEO.exe+4F9920	0x8F9920	.reloc	ascii	高	1.00	X0b0p0v0
CEO.exe+4F9935	0x8F9935	.reloc	ascii	高	1.00	0'191B1X1f1p1
CEO.exe+4F995D	0x8F995D	.reloc	ascii	高	1.00	21272K2Q2e2k2z2
CEO.exe+4F9989	0x8F9989	.reloc	ascii	高	1.00	3 3'3D3R3[3
CEO.exe+4F9997	0x8F9997	.reloc	ascii	高	1.00	3M4S4y4
CEO.exe+4F99B9	0x8F99B9	.reloc	ascii	高	1.00	5(5-535K5O5k5
CEO.exe+4F99E3	0x8F99E3	.reloc	ascii	高	1.00	6#63696D6L6j6
CEO.exe+4F9A09	0x8F9A09	.reloc	ascii	高	1.00	7%717?7H7N7W7k7u7~7
CEO.exe+4F9A35	0x8F9A35	.reloc	ascii	高	1.00	8c8m8y8
CEO.exe+4F9A49	0x8F9A49	.reloc	ascii	高	1.00	9!91979N9W9k9
CEO.exe+4F9A6D	0x8F9A6D	.reloc	ascii	高	1.00	: :%:g:r:
CEO.exe+4F9A79	0x8F9A79	.reloc	ascii	高	1.00	;r;{;
CEO.exe+4F9A8D	0x8F9A8D	.reloc	ascii	高	1.00	<$</<J<O<Y<|<
CEO.exe+4F9AAF	0x8F9AAF	.reloc	ascii	高	1.00	=!=)=6=;=A=L=V=g=m=w=
CEO.exe+4F9AD3	0x8F9AD3	.reloc	ascii	高	1.00	> >->2>@>O>U>]>b>m>r>y>
CEO.exe+4F9AFD	0x8F9AFD	.reloc	ascii	高	1.00	?(?.?P?[?c?r?~?
CEO.exe+4F9B2B	0x8F9B2B	.reloc	ascii	高	1.00	0%0?0b0}0
CEO.exe+4F9B5B	0x8F9B5B	.reloc	ascii	高	1.00	2%202B2O2\2i2q2~2
CEO.exe+4F9B83	0x8F9B83	.reloc	ascii	高	1.00	3&3/383>3D3O3t3{3
CEO.exe+4F9BAB	0x8F9BAB	.reloc	ascii	高	1.00	4.454<4A4^4e4s4
CEO.exe+4F9BD3	0x8F9BD3	.reloc	ascii	高	1.00	5-52575<5f5t5
CEO.exe+4F9BF9	0x8F9BF9	.reloc	ascii	高	1.00	6"6(656?6Q6b6m6s6{6
CEO.exe+4F9C2D	0x8F9C2D	.reloc	ascii	高	1.00	7%7B7]7
CEO.exe+4F9C3D	0x8F9C3D	.reloc	ascii	高	1.00	8;8g8
CEO.exe+4F9C4B	0x8F9C4B	.reloc	ascii	高	1.00	9H9|9
CEO.exe+4F9C63	0x8F9C63	.reloc	ascii	高	1.00	:%:*:4:B:[:q:y:
CEO.exe+4F9C83	0x8F9C83	.reloc	ascii	高	1.00	;";*;0;;;G;M;S;Y;_;e;k;t;z;
CEO.exe+4F9CAB	0x8F9CAB	.reloc	ascii	高	1.00	<!<+<5<?<I<i<o<s<y<}<
CEO.exe+4F9CE9	0x8F9CE9	.reloc	ascii	高	1.00	=1>;>R>d>v>
CEO.exe+4F9CF9	0x8F9CF9	.reloc	ascii	高	1.00	>j?t?
CEO.exe+4F9D10	0x8F9D10	.reloc	ascii	高	1.00	&080>0P0V0t0|0
CEO.exe+4F9D25	0x8F9D25	.reloc	ascii	高	1.00	001R1z1
CEO.exe+4F9D39	0x8F9D39	.reloc	ascii	高	1.00	2#2*2/2]2h2r2x2
CEO.exe+4F9D5D	0x8F9D5D	.reloc	ascii	高	1.00	3"3B3R3k3q3
CEO.exe+4F9D6B	0x8F9D6B	.reloc	ascii	高	1.00	4Z4l4
CEO.exe+4F9D77	0x8F9D77	.reloc	ascii	高	1.00	4g5q5
CEO.exe+4F9D7F	0x8F9D7F	.reloc	ascii	高	1.00	5r6{6
CEO.exe+4F9D89	0x8F9D89	.reloc	ascii	高	1.00	7!7<7w7
CEO.exe+4F9D99	0x8F9D99	.reloc	ascii	高	1.00	7R8^8
CEO.exe+4F9DA1	0x8F9DA1	.reloc	ascii	高	1.00	8H9N9T9
CEO.exe+4F9DAD	0x8F9DAD	.reloc	ascii	高	1.00	:&:,:3:
CEO.exe+4F9DBF	0x8F9DBF	.reloc	ascii	高	1.00	;O;{;
CEO.exe+4F9DCB	0x8F9DCB	.reloc	ascii	高	1.00	;,<5<
CEO.exe+4F9DD3	0x8F9DD3	.reloc	ascii	高	1.00	=%=M=S=m=s=y=
CEO.exe+4F9DED	0x8F9DED	.reloc	ascii	高	1.00	>3>T>g>
CEO.exe+4F9DFF	0x8F9DFF	.reloc	ascii	高	1.00	?E?Q?]?
CEO.exe+4F9E11	0x8F9E11	.reloc	ascii	高	1.00	0.040k0y0
CEO.exe+4F9E2B	0x8F9E2B	.reloc	ascii	高	1.00	1G1R1l1v1~1
CEO.exe+4F9E43	0x8F9E43	.reloc	ascii	高	1.00	232S2[2n2w2
CEO.exe+4F9E5D	0x8F9E5D	.reloc	ascii	高	1.00	3.4g4
CEO.exe+4F9E7B	0x8F9E7B	.reloc	ascii	高	1.00	6#6+636R6d6
CEO.exe+4F9E89	0x8F9E89	.reloc	ascii	高	1.00	7$777F7Q7Z7w7}7
CEO.exe+4F9E9F	0x8F9E9F	.reloc	ascii	高	1.00	8*8G8
CEO.exe+4F9EB5	0x8F9EB5	.reloc	ascii	高	1.00	:(:J:X:r:w:
CEO.exe+4F9ECB	0x8F9ECB	.reloc	ascii	高	1.00	;2;7;E;a;
CEO.exe+4F9EE1	0x8F9EE1	.reloc	ascii	高	1.00	;$<.<7<@<J<n<
CEO.exe+4F9EFF	0x8F9EFF	.reloc	ascii	高	1.00	<+=@=K=c=s=|=
CEO.exe+4F9F1F	0x8F9F1F	.reloc	ascii	高	1.00	>9>Y>]>
CEO.exe+4F9F4B	0x8F9F4B	.reloc	ascii	高	1.00	?*?=?F?m?}?
CEO.exe+4F9F6B	0x8F9F6B	.reloc	ascii	高	1.00	0.0V0~0
CEO.exe+4F9F7F	0x8F9F7F	.reloc	ascii	高	1.00	2\2`2d2h2l2p2
CEO.exe+4F9F9B	0x8F9F9B	.reloc	ascii	高	1.00	3$313R3_3l3y3
CEO.exe+4F9FB9	0x8F9FB9	.reloc	ascii	高	1.00	4F5L5
CEO.exe+4F9FE5	0x8F9FE5	.reloc	ascii	高	1.00	9j9z9
CEO.exe+4F9FF5	0x8F9FF5	.reloc	ascii	高	1.00	9$:L:u:
CEO.exe+4FA003	0x8FA003	.reloc	ascii	高	1.00	; ;$;(;,;5;B;O;
CEO.exe+4FA02B	0x8FA02B	.reloc	ascii	高	1.00	>X?n?
CEO.exe+4FA047	0x8FA047	.reloc	ascii	高	1.00	0(010C0l0v0
CEO.exe+4FA073	0x8FA073	.reloc	ascii	高	1.00	2@2H2z2
CEO.exe+4FA09D	0x8FA09D	.reloc	ascii	高	1.00	4:4W4t4
CEO.exe+4FA0AB	0x8FA0AB	.reloc	ascii	高	1.00	4X5~5
CEO.exe+4FA0B7	0x8FA0B7	.reloc	ascii	高	1.00	6K6b6
CEO.exe+4FA0C3	0x8FA0C3	.reloc	ascii	高	1.00	7#7Z7
CEO.exe+4FA0CF	0x8FA0CF	.reloc	ascii	高	1.00	8)848U8`8*939=9P9k9}9
CEO.exe+4FA103	0x8FA103	.reloc	ascii	高	1.00	;(;V;
CEO.exe+4FA10F	0x8FA10F	.reloc	ascii	高	1.00	<(<;<O<
CEO.exe+4FA123	0x8FA123	.reloc	ascii	高	1.00	=&>W>
CEO.exe+4FA129	0x8FA129	.reloc	ascii	高	1.00	?+?A?G?P?
CEO.exe+4FA14B	0x8FA14B	.reloc	ascii	高	1.00	272X2
CEO.exe+4FA153	0x8FA153	.reloc	ascii	高	1.00	3$363>3X3
CEO.exe+4FA161	0x8FA161	.reloc	ascii	高	1.00	4o4y4
CEO.exe+4FA16B	0x8FA16B	.reloc	ascii	高	1.00	4X5_5
CEO.exe+4FA177	0x8FA177	.reloc	ascii	高	1.00	5M6T6f6n6
CEO.exe+4FA18B	0x8FA18B	.reloc	ascii	高	1.00	7-868O8
CEO.exe+4FA1C9	0x8FA1C9	.reloc	ascii	高	1.00	<4<8<<<@<D<H<L<S<X<]<b<g<l<q<v<{<
CEO.exe+4FA20B	0x8FA20B	.reloc	ascii	高	1.00	=:=f=
CEO.exe+4FA224	0x8FA224	.reloc	ascii	高	1.00	|0 1
CEO.exe+4FA22D	0x8FA22D	.reloc	ascii	高	1.00	344>4r4
CEO.exe+4FA23B	0x8FA23B	.reloc	ascii	高	1.00	5!6/6>6W6i6q6}6
CEO.exe+4FA259	0x8FA259	.reloc	ascii	高	1.00	7W7i7q7}7
CEO.exe+4FA271	0x8FA271	.reloc	ascii	高	1.00	8W8i8q8}8
CEO.exe+4FA28F	0x8FA28F	.reloc	ascii	高	1.00	9"9G9Y9a9m9w9
CEO.exe+4FA2B5	0x8FA2B5	.reloc	ascii	高	1.00	:!:&:-:7:<:G:g:y:
CEO.exe+4FA2DD	0x8FA2DD	.reloc	ascii	高	1.00	;";.;?;W;i;q;};
CEO.exe+4FA2FF	0x8FA2FF	.reloc	ascii	高	1.00	<'<2<B<g<y<
CEO.exe+4FA31B	0x8FA31B	.reloc	ascii	高	1.00	= =*=5=M=S=^=
CEO.exe+4FA339	0x8FA339	.reloc	ascii	高	1.00	>)>0>6><>W>s>y>
CEO.exe+4FA355	0x8FA355	.reloc	ascii	高	1.00	?,?5?H?Q?u?
CEO.exe+4FA37B	0x8FA37B	.reloc	ascii	高	1.00	0"020B0R0b0r0
CEO.exe+4FA39B	0x8FA39B	.reloc	ascii	高	1.00	1!1<1D1K1f1
CEO.exe+4FA3B7	0x8FA3B7	.reloc	ascii	高	1.00	2#23292b2l2r2
CEO.exe+4FA3CB	0x8FA3CB	.reloc	ascii	高	1.00	363<3
CEO.exe+4FA3D3	0x8FA3D3	.reloc	ascii	高	1.00	3R4{4
CEO.exe+4FA3F5	0x8FA3F5	.reloc	ascii	高	1.00	5$6,646>6I6S6r6
CEO.exe+4FA409	0x8FA409	.reloc	ascii	高	1.00	7+7L7m7
CEO.exe+4FA41B	0x8FA41B	.reloc	ascii	高	1.00	8#8^8
CEO.exe+4FA42D	0x8FA42D	.reloc	ascii	高	1.00	:O:!<'<I<c<r<
CEO.exe+4FA445	0x8FA445	.reloc	ascii	高	1.00	=%=Y=
CEO.exe+4FA44F	0x8FA44F	.reloc	ascii	高	1.00	=,>m>|>
CEO.exe+4FA463	0x8FA463	.reloc	ascii	高	1.00	?!?N?e?
CEO.exe+4FA485	0x8FA485	.reloc	ascii	高	1.00	0&0F0Q0_0
CEO.exe+4FA4B9	0x8FA4B9	.reloc	ascii	高	1.00	5L6b6
CEO.exe+4FA4C3	0x8FA4C3	.reloc	ascii	高	1.00	6&787S7u7
CEO.exe+4FA4E1	0x8FA4E1	.reloc	ascii	高	1.00	9`9f9
CEO.exe+4FA4EF	0x8FA4EF	.reloc	ascii	高	1.00	:1:Q:[:r:
CEO.exe+4FA501	0x8FA501	.reloc	ascii	高	1.00	;g;q;|;
CEO.exe+4FA527	0x8FA527	.reloc	ascii	高	1.00	=#=*=/=[=f=p=v=
CEO.exe+4FA54B	0x8FA54B	.reloc	ascii	高	1.00	>(>.>7>`>
CEO.exe+4FA559	0x8FA559	.reloc	ascii	高	1.00	>*?l?
CEO.exe+4FA570	0x8FA570	.reloc	ascii	高	1.00	C0S0c0l0
CEO.exe+4FA57D	0x8FA57D	.reloc	ascii	高	1.00	131B1K1v1
CEO.exe+4FA58D	0x8FA58D	.reloc	ascii	高	1.00	1`2s2
CEO.exe+4FA5A9	0x8FA5A9	.reloc	ascii	高	1.00	3K4T4x4
CEO.exe+4FA5B9	0x8FA5B9	.reloc	ascii	高	1.00	4;5D5h5
CEO.exe+4FA5C9	0x8FA5C9	.reloc	ascii	高	1.00	5+646X6
CEO.exe+4FA5DB	0x8FA5DB	.reloc	ascii	高	1.00	7$7H7
CEO.exe+4FA5FD	0x8FA5FD	.reloc	ascii	高	1.00	9,9m9
CEO.exe+4FA60D	0x8FA60D	.reloc	ascii	高	1.00	:::g:y:
CEO.exe+4FA619	0x8FA619	.reloc	ascii	高	1.00	: ;2;B;P;Y;
CEO.exe+4FA62D	0x8FA62D	.reloc	ascii	高	1.00	<2<@<I<
CEO.exe+4FA63D	0x8FA63D	.reloc	ascii	高	1.00	=-=7=J=S=b=z=
CEO.exe+4FA659	0x8FA659	.reloc	ascii	高	1.00	> >.>4>B>R>s>
CEO.exe+4FA66F	0x8FA66F	.reloc	ascii	高	1.00	>\t?1?A?b?y?
CEO.exe+4FA68F	0x8FA68F	.reloc	ascii	高	1.00	0*020g0
CEO.exe+4FA69B	0x8FA69B	.reloc	ascii	高	1.00	1&1D1d1
CEO.exe+4FA6AD	0x8FA6AD	.reloc	ascii	高	1.00	172D2j2
CEO.exe+4FA6C5	0x8FA6C5	.reloc	ascii	高	1.00	5$5A5G5\5b5o5
CEO.exe+4FA6D5	0x8FA6D5	.reloc	ascii	高	1.00	6$6A6G6M6v6
CEO.exe+4FA6F1	0x8FA6F1	.reloc	ascii	高	1.00	808B8
CEO.exe+4FA70F	0x8FA70F	.reloc	ascii	高	1.00	:&:,:j:p:
CEO.exe+4FA723	0x8FA723	.reloc	ascii	高	1.00	:';.;H;O;
CEO.exe+4FA733	0x8FA733	.reloc	ascii	高	1.00	;3<<<Z<
CEO.exe+4FA73F	0x8FA73F	.reloc	ascii	高	1.00	=2=;=
CEO.exe+4FA753	0x8FA753	.reloc	ascii	高	1.00	>5>;>
CEO.exe+4FA771	0x8FA771	.reloc	ascii	高	1.00	0%0/0A0F0'141E1O1a1f1p1
CEO.exe+4FA78D	0x8FA78D	.reloc	ascii	高	1.00	152Q2_2n2
CEO.exe+4FA79F	0x8FA79F	.reloc	ascii	高	1.00	2R3W3n3}3
CEO.exe+4FA7B3	0x8FA7B3	.reloc	ascii	高	1.00	4Q4x4
CEO.exe+4FA7C9	0x8FA7C9	.reloc	ascii	高	1.00	5)6>6
CEO.exe+4FA7D7	0x8FA7D7	.reloc	ascii	高	1.00	7P7z7
CEO.exe+4FA7EF	0x8FA7EF	.reloc	ascii	高	1.00	838q8{8
CEO.exe+4FA803	0x8FA803	.reloc	ascii	高	1.00	9.979B9r9|9
CEO.exe+4FA821	0x8FA821	.reloc	ascii	高	1.00	:N:X:i:r:}:
CEO.exe+4FA83F	0x8FA83F	.reloc	ascii	高	1.00	; ;+;3;>;F;Q;Y;d;k;x;|;
CEO.exe+4FA86D	0x8FA86D	.reloc	ascii	高	1.00	<<<G<[<
CEO.exe+4FA87C	0x8FA87C	.reloc	ascii	高	1.00	a2k2
CEO.exe+4FA883	0x8FA883	.reloc	ascii	高	1.00	2@3n3t3~3
CEO.exe+4FA8AB	0x8FA8AB	.reloc	ascii	高	1.00	7 7$7(7,70728?8
CEO.exe+4FA8C5	0x8FA8C5	.reloc	ascii	高	1.00	:O:m:
CEO.exe+4FA8D3	0x8FA8D3	.reloc	ascii	高	1.00	;:<I<R<g<
CEO.exe+4FA8E9	0x8FA8E9	.reloc	ascii	高	1.00	=1=C=U=g=
CEO.exe+4FA909	0x8FA909	.reloc	ascii	高	1.00	>$>I>T>Z>
CEO.exe+4FA925	0x8FA925	.reloc	ascii	高	1.00	?1?E?I?\?m?{?
CEO.exe+4FA951	0x8FA951	.reloc	ascii	高	1.00	0!0+0<0R0z0
CEO.exe+4FA969	0x8FA969	.reloc	ascii	高	1.00	1Q1Z1
CEO.exe+4FA97F	0x8FA97F	.reloc	ascii	高	1.00	2X2a2w2
CEO.exe+4FA995	0x8FA995	.reloc	ascii	高	1.00	343>3b3l3d4m4
CEO.exe+4FA9B9	0x8FA9B9	.reloc	ascii	高	1.00	747>7_7i7H8Q8
CEO.exe+4FA9DD	0x8FA9DD	.reloc	ascii	高	1.00	9)9/9P9^9e9
CEO.exe+4FA9FF	0x8FA9FF	.reloc	ascii	高	1.00	:,:::E:N:^:o:
CEO.exe+4FAA17	0x8FAA17	.reloc	ascii	高	1.00	;#;,;6;Z;_;e;~;
CEO.exe+4FAA3B	0x8FAA3B	.reloc	ascii	高	1.00	<=<Q<^<m<
CEO.exe+4FAA57	0x8FAA57	.reloc	ascii	高	1.00	=1=8=N=T=]=w=
CEO.exe+4FAA73	0x8FAA73	.reloc	ascii	高	1.00	>"><>X>k>p>{>
CEO.exe+4FAA93	0x8FAA93	.reloc	ascii	高	1.00	?%?7?N?Z?g?}?
CEO.exe+4FAABF	0x8FAABF	.reloc	ascii	高	1.00	0-060;0]0w0
CEO.exe+4FAAE3	0x8FAAE3	.reloc	ascii	高	1.00	1*101B1H1Z1`1f1m1s1~1
CEO.exe+4FAB0F	0x8FAB0F	.reloc	ascii	高	1.00	2%2,222<2f2l2x2
CEO.exe+4FAB31	0x8FAB31	.reloc	ascii	高	1.00	2 3&323;3@3U3[3i3o3
CEO.exe+4FAB5B	0x8FAB5B	.reloc	ascii	高	1.00	4 4$4(4,4044484D4J4S4[4
CEO.exe+4FAB87	0x8FAB87	.reloc	ascii	高	1.00	5%5?5I5f5
CEO.exe+4FABAD	0x8FABAD	.reloc	ascii	高	1.00	6$646=6C6S6c6l6u6
CEO.exe+4FABD9	0x8FABD9	.reloc	ascii	高	1.00	7S7`7n7
CEO.exe+4FABF5	0x8FABF5	.reloc	ascii	高	1.00	9x9~9
CEO.exe+4FAC01	0x8FAC01	.reloc	ascii	高	1.00	9-:6:
CEO.exe+4FAC25	0x8FAC25	.reloc	ascii	高	1.00	=F=P=a=j=
CEO.exe+4FAC3F	0x8FAC3F	.reloc	ascii	高	1.00	>B>K>r>{>
CEO.exe+4FAC4F	0x8FAC4F	.reloc	ascii	高	1.00	?*?b?
CEO.exe+4FAC79	0x8FAC79	.reloc	ascii	高	1.00	1,2?2L2r2
CEO.exe+4FAC8D	0x8FAC8D	.reloc	ascii	高	1.00	3-3U3n3
CEO.exe+4FAC9D	0x8FAC9D	.reloc	ascii	高	1.00	3C4I4N4a4
CEO.exe+4FACBB	0x8FACBB	.reloc	ascii	高	1.00	5G6M6
CEO.exe+4FACC3	0x8FACC3	.reloc	ascii	高	1.00	6B7M7
CEO.exe+4FACCF	0x8FACCF	.reloc	ascii	高	1.00	8K8R8[8n8t8
CEO.exe+4FACE5	0x8FACE5	.reloc	ascii	高	1.00	959@9x9
CEO.exe+4FACF7	0x8FACF7	.reloc	ascii	高	1.00	:2:;:b:h:
CEO.exe+4FAD05	0x8FAD05	.reloc	ascii	高	1.00	;2;;;f;l;
CEO.exe+4FAD19	0x8FAD19	.reloc	ascii	高	1.00	<!=*=f=l=
CEO.exe+4FAD4F	0x8FAD4F	.reloc	ascii	高	1.00	0"080Q0Z0]2
CEO.exe+4FAD6D	0x8FAD6D	.reloc	ascii	高	1.00	3$313`3e3s3
CEO.exe+4FAD95	0x8FAD95	.reloc	ascii	高	1.00	5+5W5
CEO.exe+4FADA3	0x8FADA3	.reloc	ascii	高	1.00	7#7)737<7Q7W7a7v7
CEO.exe+4FADBF	0x8FADBF	.reloc	ascii	高	1.00	7N8e8
CEO.exe+4FADC7	0x8FADC7	.reloc	ascii	高	1.00	8N9e9
CEO.exe+4FADCF	0x8FADCF	.reloc	ascii	高	1.00	9N:e:
CEO.exe+4FADE1	0x8FADE1	.reloc	ascii	高	1.00	<o<u<
CEO.exe+4FADE7	0x8FADE7	.reloc	ascii	高	1.00	<2=L=i=
CEO.exe+4FADFD	0x8FADFD	.reloc	ascii	高	1.00	?A?F?W?a?
CEO.exe+4FAE13	0x8FAE13	.reloc	ascii	高	1.00	0 01060Z0f0
CEO.exe+4FAE2D	0x8FAE2D	.reloc	ascii	高	1.00	1Y1a1
CEO.exe+4FAE43	0x8FAE43	.reloc	ascii	高	1.00	2!2?2D2[2g2
CEO.exe+4FAE51	0x8FAE51	.reloc	ascii	高	1.00	283F3i344C4L4V4_4t4z4
CEO.exe+4FAE81	0x8FAE81	.reloc	ascii	高	1.00	7F7^7v7
CEO.exe+4FAE8F	0x8FAE8F	.reloc	ascii	高	1.00	8'8W8a8i8
CEO.exe+4FAE9F	0x8FAE9F	.reloc	ascii	高	1.00	8&9:9N9b9v9
CEO.exe+4FAEB5	0x8FAEB5	.reloc	ascii	高	1.00	9a:f:v:
CEO.exe+4FAEC5	0x8FAEC5	.reloc	ascii	高	1.00	;1;Q;q;
CEO.exe+4FAED7	0x8FAED7	.reloc	ascii	高	1.00	<2<T<x<
CEO.exe+4FAEE7	0x8FAEE7	.reloc	ascii	高	1.00	===K=U=c=
CEO.exe+4FAF03	0x8FAF03	.reloc	ascii	高	1.00	>->n>z>
CEO.exe+4FAF0B	0x8FAF0B	.reloc	ascii	高	1.00	?$?2?@?N?\?q?
CEO.exe+4FAF2B	0x8FAF2B	.reloc	ascii	高	1.00	0!0*080G0U0_0v0
CEO.exe+4FAF47	0x8FAF47	.reloc	ascii	高	1.00	0C1U1g1y1
CEO.exe+4FAF61	0x8FAF61	.reloc	ascii	高	1.00	2-2?2Q2c2u2
CEO.exe+4FAF7F	0x8FAF7F	.reloc	ascii	高	1.00	3+393T3o3
CEO.exe+4FAF93	0x8FAF93	.reloc	ascii	高	1.00	4,4G4b4}4
CEO.exe+4FAFB1	0x8FAFB1	.reloc	ascii	高	1.00	5 5,565A5v5}5
CEO.exe+4FAFDF	0x8FAFDF	.reloc	ascii	高	1.00	7o7x7
CEO.exe+4FAFEF	0x8FAFEF	.reloc	ascii	高	1.00	8 81878K8
CEO.exe+4FB007	0x8FB007	.reloc	ascii	高	1.00	9/9?9O9_9o9
CEO.exe+4FB027	0x8FB027	.reloc	ascii	高	1.00	:/:?:U:j:r:
CEO.exe+4FB049	0x8FB049	.reloc	ascii	高	1.00	;#;,;1;<;E;L;Y;b;i;w;
CEO.exe+4FB073	0x8FB073	.reloc	ascii	高	1.00	<#</<J<V<q<}<
CEO.exe+4FB08F	0x8FB08F	.reloc	ascii	高	1.00	=7=C=^=j=
CEO.exe+4FB0A7	0x8FB0A7	.reloc	ascii	高	1.00	>!>+>@>J>b>g>m>
CEO.exe+4FB0CB	0x8FB0CB	.reloc	ascii	高	1.00	?Q?]?g?y?
CEO.exe+4FB0EF	0x8FB0EF	.reloc	ascii	高	1.00	0'090K0]0o0s0
CEO.exe+4FB109	0x8FB109	.reloc	ascii	高	1.00	03181=1G1L1R1X1^1g1
CEO.exe+4FB137	0x8FB137	.reloc	ascii	高	1.00	252:2@2G2U2]2f2t2|2
CEO.exe+4FB16B	0x8FB16B	.reloc	ascii	高	1.00	3!3(32383?3I3f3m3w3~3
CEO.exe+4FB187	0x8FB187	.reloc	ascii	高	1.00	4#4(434<4O4`4
CEO.exe+4FB1BD	0x8FB1BD	.reloc	ascii	高	1.00	6"6D6p6x6~6
CEO.exe+4FB1D5	0x8FB1D5	.reloc	ascii	高	1.00	607;7C7K7O7\7a7g7t7z7
CEO.exe+4FB203	0x8FB203	.reloc	ascii	高	1.00	8)8=8K8U8c8m8{8
CEO.exe+4FB21D	0x8FB21D	.reloc	ascii	高	1.00	9=9h:x:
CEO.exe+4FB22F	0x8FB22F	.reloc	ascii	高	1.00	:N;z;
CEO.exe+4FB23D	0x8FB23D	.reloc	ascii	高	1.00	<8<?<T<Z<|<
CEO.exe+4FB255	0x8FB255	.reloc	ascii	高	1.00	= =)=Z=k=v=
CEO.exe+4FB26F	0x8FB26F	.reloc	ascii	高	1.00	>.>5>?>]>p>{>
CEO.exe+4FB28B	0x8FB28B	.reloc	ascii	高	1.00	?)?1?9?V?h?
CEO.exe+4FB2AD	0x8FB2AD	.reloc	ascii	高	1.00	090K0Y0x0
CEO.exe+4FB2B9	0x8FB2B9	.reloc	ascii	高	1.00	0:1m1r1w1|1
CEO.exe+4FB2D7	0x8FB2D7	.reloc	ascii	高	1.00	262G2q2
CEO.exe+4FB2F1	0x8FB2F1	.reloc	ascii	高	1.00	333R3i3t3
CEO.exe+4FB2FD	0x8FB2FD	.reloc	ascii	高	1.00	3+434<4M4j4
CEO.exe+4FB315	0x8FB315	.reloc	ascii	高	1.00	5!5*575I5R5
CEO.exe+4FB327	0x8FB327	.reloc	ascii	高	1.00	536v6}6
CEO.exe+4FB33D	0x8FB33D	.reloc	ascii	高	1.00	7*747F7U7n7
CEO.exe+4FB351	0x8FB351	.reloc	ascii	高	1.00	818@8\8a8l8
CEO.exe+4FB369	0x8FB369	.reloc	ascii	高	1.00	9%9=9G9X9`9h9o9
CEO.exe+4FB389	0x8FB389	.reloc	ascii	高	1.00	:!:9:
CEO.exe+4FB397	0x8FB397	.reloc	ascii	高	1.00	:5;K;_;e;
CEO.exe+4FB3C7	0x8FB3C7	.reloc	ascii	高	1.00	=d=p=
CEO.exe+4FB3D3	0x8FB3D3	.reloc	ascii	高	1.00	=2>C>V>b>{>
CEO.exe+4FB3E3	0x8FB3E3	.reloc	ascii	高	1.00	?.?:?S?
CEO.exe+4FB417	0x8FB417	.reloc	ascii	高	1.00	2 2.292T2\2h2~2
CEO.exe+4FB43F	0x8FB43F	.reloc	ascii	高	1.00	3*373D3a3u3
CEO.exe+4FB45B	0x8FB45B	.reloc	ascii	高	1.00	4!4C4W4]4j4y4
CEO.exe+4FB477	0x8FB477	.reloc	ascii	高	1.00	5#515=5C5P5u5
CEO.exe+4FB499	0x8FB499	.reloc	ascii	高	1.00	6 626D6J6^6c6q6}6
CEO.exe+4FB4BF	0x8FB4BF	.reloc	ascii	高	1.00	7!7>7I7V7e7
CEO.exe+4FB4D1	0x8FB4D1	.reloc	ascii	高	1.00	7$8.8H8N8h8
CEO.exe+4FB501	0x8FB501	.reloc	ascii	高	1.00	919G9c9j9s9y9
CEO.exe+4FB521	0x8FB521	.reloc	ascii	高	1.00	;-;6;F;b;h;z;
CEO.exe+4FB539	0x8FB539	.reloc	ascii	高	1.00	<*<0<M<R<j<p<
CEO.exe+4FB555	0x8FB555	.reloc	ascii	高	1.00	<(=,=0=4=8=<=@=T=i=
CEO.exe+4FB573	0x8FB573	.reloc	ascii	高	1.00	>#>)>^>d>
CEO.exe+4FB57F	0x8FB57F	.reloc	ascii	高	1.00	?2?8?
CEO.exe+4FB594	0x8FB594	.reloc	ascii	高	1.00	*0<0_0f0u0{0
CEO.exe+4FB5A9	0x8FB5A9	.reloc	ascii	高	1.00	0D1J1
CEO.exe+4FB5AF	0x8FB5AF	.reloc	ascii	高	1.00	2%2+2
CEO.exe+4FB5C5	0x8FB5C5	.reloc	ascii	高	1.00	585E5
CEO.exe+4FB5E9	0x8FB5E9	.reloc	ascii	高	1.00	:+:S:a:
CEO.exe+4FB5F3	0x8FB5F3	.reloc	ascii	高	1.00	:*;0;s;y;
CEO.exe+4FB60B	0x8FB60B	.reloc	ascii	高	1.00	<'<-<S<Y<
CEO.exe+4FB621	0x8FB621	.reloc	ascii	高	1.00	=*=\=b=h=
CEO.exe+4FB643	0x8FB643	.reloc	ascii	高	1.00	><?D?
CEO.exe+4FB653	0x8FB653	.reloc	ascii	高	1.00	0'1/1
CEO.exe+4FB65F	0x8FB65F	.reloc	ascii	高	1.00	2$212
CEO.exe+4FB67B	0x8FB67B	.reloc	ascii	高	1.00	7 7$777A7X7u7
CEO.exe+4FB693	0x8FB693	.reloc	ascii	高	1.00	8-83898?8E8K8Q8X8}8
CEO.exe+4FB6B7	0x8FB6B7	.reloc	ascii	高	1.00	9)9>9F9Q9_9n9
CEO.exe+4FB6CF	0x8FB6CF	.reloc	ascii	高	1.00	:$:B:S:
CEO.exe+4FB6DB	0x8FB6DB	.reloc	ascii	高	1.00	;2;z;
CEO.exe+4FB6ED	0x8FB6ED	.reloc	ascii	高	1.00	<4<G<`<t<
CEO.exe+4FB707	0x8FB707	.reloc	ascii	高	1.00	>)>1>9>
CEO.exe+4FB731	0x8FB731	.reloc	ascii	高	1.00	040=0
CEO.exe+4FB747	0x8FB747	.reloc	ascii	高	1.00	1l1z1
CEO.exe+4FB761	0x8FB761	.reloc	ascii	高	1.00	2 2&2x2
CEO.exe+4FB779	0x8FB779	.reloc	ascii	高	1.00	4'4F4X4
CEO.exe+4FB789	0x8FB789	.reloc	ascii	高	1.00	5V5h5
CEO.exe+4FB78F	0x8FB78F	.reloc	ascii	高	1.00	5:6F6U6[6y6
CEO.exe+4FB7A5	0x8FB7A5	.reloc	ascii	高	1.00	7Z7i7
CEO.exe+4FB7B1	0x8FB7B1	.reloc	ascii	高	1.00	8$8>8K8W8t8
CEO.exe+4FB7C1	0x8FB7C1	.reloc	ascii	高	1.00	819H9
CEO.exe+4FB7C9	0x8FB7C9	.reloc	ascii	高	1.00	:::F:Q:e:
CEO.exe+4FB7D3	0x8FB7D3	.reloc	ascii	高	1.00	:T;|;
CEO.exe+4FB7E5	0x8FB7E5	.reloc	ascii	高	1.00	;J<Q<\<c<
CEO.exe+4FB7F3	0x8FB7F3	.reloc	ascii	高	1.00	<i=p=w=4>"?
CEO.exe+4FB813	0x8FB813	.reloc	ascii	高	1.00	0]1q1}1
CEO.exe+4FB81D	0x8FB81D	.reloc	ascii	高	1.00	1 2'2D2P2[2i2
CEO.exe+4FB833	0x8FB833	.reloc	ascii	高	1.00	3+4#5
CEO.exe+4FB83F	0x8FB83F	.reloc	ascii	高	1.00	5*616
CEO.exe+4FB85F	0x8FB85F	.reloc	ascii	高	1.00	9<9N9
CEO.exe+4FB889	0x8FB889	.reloc	ascii	高	1.00	<"<P<^<k<r<
CEO.exe+4FB89F	0x8FB89F	.reloc	ascii	高	1.00	<b>i?p?
CEO.exe+4FB8C3	0x8FB8C3	.reloc	ascii	高	1.00	0$0(0,0004080<0@0D0H0L0P0T0X0\0`0d0h0l0p0
CEO.exe+4FB90F	0x8FB90F	.reloc	ascii	高	1.00	0f1x1
CEO.exe+4FB915	0x8FB915	.reloc	ascii	高	1.00	162H2l2
CEO.exe+4FB935	0x8FB935	.reloc	ascii	高	1.00	3#353
CEO.exe+4FB94F	0x8FB94F	.reloc	ascii	高	1.00	5G5P5c5"606P6
CEO.exe+4FB971	0x8FB971	.reloc	ascii	高	1.00	8(8H8r8
CEO.exe+4FB981	0x8FB981	.reloc	ascii	高	1.00	8&989V9
CEO.exe+4FB98F	0x8FB98F	.reloc	ascii	高	1.00	:j;q;
CEO.exe+4FB99D	0x8FB99D	.reloc	ascii	高	1.00	;%<1<;<I<_<d<}<
CEO.exe+4FB9B3	0x8FB9B3	.reloc	ascii	高	1.00	="=0=
CEO.exe+4FB9BF	0x8FB9BF	.reloc	ascii	高	1.00	=A>Q>Y>o>}>
CEO.exe+4FB9FD	0x8FB9FD	.reloc	ascii	高	1.00	6 6E6L6W6j6x6
CEO.exe+4FBA15	0x8FBA15	.reloc	ascii	高	1.00	7K7{7
CEO.exe+4FBA23	0x8FBA23	.reloc	ascii	高	1.00	8.848g8|8
CEO.exe+4FBA39	0x8FBA39	.reloc	ascii	高	1.00	9>9Y9e9
CEO.exe+4FBA4B	0x8FBA4B	.reloc	ascii	高	1.00	:&:-:_:n:|:
CEO.exe+4FBA8B	0x8FBA8B	.reloc	ascii	高	1.00	=Q=W=~=
CEO.exe+4FBAAD	0x8FBAAD	.reloc	ascii	高	1.00	?(?2?e?q?
CEO.exe+4FBAC0	0x8FBAC0	.reloc	ascii	高	1.00	%010
CEO.exe+4FBACD	0x8FBACD	.reloc	ascii	高	1.00	1S1\1a1x1
CEO.exe+4FBAE3	0x8FBAE3	.reloc	ascii	高	1.00	2'2/2:2K2Q2f2T3^3
CEO.exe+4FBAFD	0x8FBAFD	.reloc	ascii	高	1.00	354P4Z4p4
CEO.exe+4FBB19	0x8FBB19	.reloc	ascii	高	1.00	6)6s6
CEO.exe+4FBB25	0x8FBB25	.reloc	ascii	高	1.00	7"717:7@7N7T7
CEO.exe+4FBB41	0x8FBB41	.reloc	ascii	高	1.00	8D8X8
CEO.exe+4FBB63	0x8FBB63	.reloc	ascii	高	1.00	<0<J<
CEO.exe+4FBB6F	0x8FBB6F	.reloc	ascii	高	1.00	<Z=x=
CEO.exe+4FBB7B	0x8FBB7B	.reloc	ascii	高	1.00	=@>c>
CEO.exe+4FBB85	0x8FBB85	.reloc	ascii	高	1.00	>o?x?
CEO.exe+4FBB9D	0x8FBB9D	.reloc	ascii	高	1.00	1,222Y2_2
CEO.exe+4FBBB1	0x8FBBB1	.reloc	ascii	高	1.00	2.373
CEO.exe+4FBBBB	0x8FBBBB	.reloc	ascii	高	1.00	3A4c5o5
CEO.exe+4FBBD1	0x8FBBD1	.reloc	ascii	高	1.00	6B7K7V7[7
CEO.exe+4FBBE7	0x8FBBE7	.reloc	ascii	高	1.00	;0;=;
CEO.exe+4FBC03	0x8FBC03	.reloc	ascii	高	1.00	<==L=r=x=
CEO.exe+4FBC13	0x8FBC13	.reloc	ascii	高	1.00	=(>.>J>P>V>p>
CEO.exe+4FBC2F	0x8FBC2F	.reloc	ascii	高	1.00	01070
CEO.exe+4FBC3F	0x8FBC3F	.reloc	ascii	高	1.00	10161<1_1
CEO.exe+4FBC51	0x8FBC51	.reloc	ascii	高	1.00	11262J2y2
CEO.exe+4FBC67	0x8FBC67	.reloc	ascii	高	1.00	4=4O4r4z4
CEO.exe+4FBC73	0x8FBC73	.reloc	ascii	高	1.00	4f5l5r5
CEO.exe+4FBC81	0x8FBC81	.reloc	ascii	高	1.00	6(6L6t6
CEO.exe+4FBC91	0x8FBC91	.reloc	ascii	高	1.00	6X748B8j8
CEO.exe+4FBCA5	0x8FBCA5	.reloc	ascii	高	1.00	9V9h9
CEO.exe+4FBCDF	0x8FBCDF	.reloc	ascii	高	1.00	242:2A2Q2W2t2z2
CEO.exe+4FBCFF	0x8FBCFF	.reloc	ascii	高	1.00	3!383
CEO.exe+4FBD0D	0x8FBD0D	.reloc	ascii	高	1.00	4%494B4
CEO.exe+4FBD1F	0x8FBD1F	.reloc	ascii	高	1.00	515I5Z5
CEO.exe+4FBD2D	0x8FBD2D	.reloc	ascii	高	1.00	6 6/6F6R6u6
CEO.exe+4FBD41	0x8FBD41	.reloc	ascii	高	1.00	7$7?7i7
CEO.exe+4FBD5D	0x8FBD5D	.reloc	ascii	高	1.00	7L8U8
CEO.exe+4FBD71	0x8FBD71	.reloc	ascii	高	1.00	9<9E9v9
CEO.exe+4FBD89	0x8FBD89	.reloc	ascii	高	1.00	:$:>:H:R:
CEO.exe+4FBDA3	0x8FBDA3	.reloc	ascii	高	1.00	;-;>;K;j;s;y;~;
CEO.exe+4FBDD5	0x8FBDD5	.reloc	ascii	高	1.00	=5=E=K=R=r=x=
CEO.exe+4FBDF5	0x8FBDF5	.reloc	ascii	高	1.00	>+>0>?>F>x>
CEO.exe+4FBE0F	0x8FBE0F	.reloc	ascii	高	1.00	>!?/?V?d?u?
CEO.exe+4FBE35	0x8FBE35	.reloc	ascii	高	1.00	070=0V0z0
CEO.exe+4FBE45	0x8FBE45	.reloc	ascii	高	1.00	0+11171=1C1
CEO.exe+4FBE5F	0x8FBE5F	.reloc	ascii	高	1.00	2024282<2Z2n2|2
CEO.exe+4FBE87	0x8FBE87	.reloc	ascii	高	1.00	3&34393G3g3
CEO.exe+4FBEA3	0x8FBEA3	.reloc	ascii	高	1.00	3&404?4K4i4n4{4
CEO.exe+4FBEBD	0x8FBEBD	.reloc	ascii	高	1.00	4"5g5q5
CEO.exe+4FBECD	0x8FBECD	.reloc	ascii	高	1.00	6-6?6E6W6]6x6
CEO.exe+4FBF01	0x8FBF01	.reloc	ascii	高	1.00	9%9P9p9u9
CEO.exe+4FBF1D	0x8FBF1D	.reloc	ascii	高	1.00	9,:3:I:X:]:e:v:
CEO.exe+4FBF33	0x8FBF33	.reloc	ascii	高	1.00	;';L;R;[;a;p;
CEO.exe+4FBF4D	0x8FBF4D	.reloc	ascii	高	1.00	<$<A<T<^<
CEO.exe+4FBF5F	0x8FBF5F	.reloc	ascii	高	1.00	=B=y=
CEO.exe+4FBF6D	0x8FBF6D	.reloc	ascii	高	1.00	>1>7>i>
CEO.exe+4FBF75	0x8FBF75	.reloc	ascii	高	1.00	?$?j?t?
CEO.exe+4FBF91	0x8FBF91	.reloc	ascii	高	1.00	0J0P0m0s0
CEO.exe+4FBFA5	0x8FBFA5	.reloc	ascii	高	1.00	0N1T1m1u1
CEO.exe+4FBFC5	0x8FBFC5	.reloc	ascii	高	1.00	3(4_4e4
CEO.exe+4FBFCF	0x8FBFCF	.reloc	ascii	高	1.00	4/555
CEO.exe+4FBFE3	0x8FBFE3	.reloc	ascii	高	1.00	6)73797G7M7
CEO.exe+4FBFFB	0x8FBFFB	.reloc	ascii	高	1.00	8Q8[8
CEO.exe+4FC015	0x8FC015	.reloc	ascii	高	1.00	9+:1:G:P:
CEO.exe+4FC02F	0x8FC02F	.reloc	ascii	高	1.00	<N<`<r<
CEO.exe+4FC04D	0x8FC04D	.reloc	ascii	高	1.00	>8>M>v>
CEO.exe+4FC05D	0x8FC05D	.reloc	ascii	高	1.00	>E?N?i?u?
CEO.exe+4FC07F	0x8FC07F	.reloc	ascii	高	1.00	1:2G2P2[2e2v2
CEO.exe+4FC09B	0x8FC09B	.reloc	ascii	高	1.00	3#3)383>3|3
CEO.exe+4FC0AD	0x8FC0AD	.reloc	ascii	高	1.00	4[4a4
CEO.exe+4FC0BD	0x8FC0BD	.reloc	ascii	高	1.00	4H5N5
CEO.exe+4FC0CB	0x8FC0CB	.reloc	ascii	高	1.00	6C7I7
CEO.exe+4FC0D7	0x8FC0D7	.reloc	ascii	高	1.00	838:8
CEO.exe+4FC0E5	0x8FC0E5	.reloc	ascii	高	1.00	999Q9V9f9l9
CEO.exe+4FC0FF	0x8FC0FF	.reloc	ascii	高	1.00	:;:E:
CEO.exe+4FC10F	0x8FC10F	.reloc	ascii	高	1.00	;C;P;x;
CEO.exe+4FC123	0x8FC123	.reloc	ascii	高	1.00	<&<2<<<J<s<
CEO.exe+4FC145	0x8FC145	.reloc	ascii	高	1.00	= =$=(=,=0=4=8=<=@=D=H=L=P=T=X=\=`=d=h=l=p=
CEO.exe+4FC18F	0x8FC18F	.reloc	ascii	高	1.00	0!1+1
CEO.exe+4FC199	0x8FC199	.reloc	ascii	高	1.00	2\t2N2b2
CEO.exe+4FC1A3	0x8FC1A3	.reloc	ascii	高	1.00	2.343T3`3f3t3{3
CEO.exe+4FC1D1	0x8FC1D1	.reloc	ascii	高	1.00	6)6C6
CEO.exe+4FC1EF	0x8FC1EF	.reloc	ascii	高	1.00	868@8J8e8k8
CEO.exe+4FC20F	0x8FC20F	.reloc	ascii	高	1.00	8'929Z9e9
CEO.exe+4FC243	0x8FC243	.reloc	ascii	高	1.00	;%;1;J;R;X;w;
CEO.exe+4FC27B	0x8FC27B	.reloc	ascii	高	1.00	<!<'</<5<;<A<G<M<S<o<v<
CEO.exe+4FC295	0x8FC295	.reloc	ascii	高	1.00	<;=I=j=p=
CEO.exe+4FC2A5	0x8FC2A5	.reloc	ascii	高	1.00	>w>~>
CEO.exe+4FC2AD	0x8FC2AD	.reloc	ascii	高	1.00	>"?+?A?J?
CEO.exe+4FC2C8	0x8FC2C8	.reloc	ascii	高	1.00	R0Y0y0
CEO.exe+4FC2D3	0x8FC2D3	.reloc	ascii	高	1.00	0:1c1
CEO.exe+4FC2ED	0x8FC2ED	.reloc	ascii	高	1.00	343=3j3
CEO.exe+4FC313	0x8FC313	.reloc	ascii	高	1.00	4,424E4K4^4d4w4}4
CEO.exe+4FC32D	0x8FC32D	.reloc	ascii	高	1.00	575X5y506V6
CEO.exe+4FC345	0x8FC345	.reloc	ascii	高	1.00	8C8X8
CEO.exe+4FC355	0x8FC355	.reloc	ascii	高	1.00	8\9g9v9
CEO.exe+4FC35D	0x8FC35D	.reloc	ascii	高	1.00	:4:g:
CEO.exe+4FC369	0x8FC369	.reloc	ascii	高	1.00	;@;S;v;
CEO.exe+4FC38F	0x8FC38F	.reloc	ascii	高	1.00	=:=T=q=
CEO.exe+4FC3BC	0x8FC3BC	.reloc	ascii	高	1.00	E0Q0}0
CEO.exe+4FC3C7	0x8FC3C7	.reloc	ascii	高	1.00	1,1F1c1}1
CEO.exe+4FC3D9	0x8FC3D9	.reloc	ascii	高	1.00	2?2g2
CEO.exe+4FC403	0x8FC403	.reloc	ascii	高	1.00	515;5R5d5v5
CEO.exe+4FC415	0x8FC415	.reloc	ascii	高	1.00	6h7l7p7t7
CEO.exe+4FC421	0x8FC421	.reloc	ascii	高	1.00	7$8Q8x8
CEO.exe+4FC439	0x8FC439	.reloc	ascii	高	1.00	:#:7:?:T:_:l:x:~:
CEO.exe+4FC461	0x8FC461	.reloc	ascii	高	1.00	=3=1>=>w>
CEO.exe+4FC475	0x8FC475	.reloc	ascii	高	1.00	?u?{?
CEO.exe+4FC488	0x8FC488	.reloc	ascii	高	1.00	j0z0
CEO.exe+4FC493	0x8FC493	.reloc	ascii	高	1.00	1(1r1
CEO.exe+4FC4A1	0x8FC4A1	.reloc	ascii	高	1.00	1?2Q2[2r2
CEO.exe+4FC4B3	0x8FC4B3	.reloc	ascii	高	1.00	3A3K3l3r3x3
CEO.exe+4FC4C9	0x8FC4C9	.reloc	ascii	高	1.00	4M4S4
CEO.exe+4FC4D7	0x8FC4D7	.reloc	ascii	高	1.00	4c5i5
CEO.exe+4FC4E5	0x8FC4E5	.reloc	ascii	高	1.00	5-696E6d6j6t6y6
CEO.exe+4FC4F9	0x8FC4F9	.reloc	ascii	高	1.00	6!7'7-7F7N7
CEO.exe+4FC50F	0x8FC50F	.reloc	ascii	高	1.00	878[8
CEO.exe+4FC535	0x8FC535	.reloc	ascii	高	1.00	:):?:c:
CEO.exe+4FC545	0x8FC545	.reloc	ascii	高	1.00	:U;[;
CEO.exe+4FC55D	0x8FC55D	.reloc	ascii	高	1.00	<F=L=|=
CEO.exe+4FC575	0x8FC575	.reloc	ascii	高	1.00	> >1>7>l>r>
CEO.exe+4FC589	0x8FC589	.reloc	ascii	高	1.00	>5?B?T?Z?
CEO.exe+4FC5A0	0x8FC5A0	.reloc	ascii	高	1.00	 0|0
CEO.exe+4FC5B3	0x8FC5B3	.reloc	ascii	高	1.00	1[1a1r1z1
CEO.exe+4FC5CF	0x8FC5CF	.reloc	ascii	高	1.00	1 2=2E2]2e2}2
CEO.exe+4FC5EF	0x8FC5EF	.reloc	ascii	高	1.00	3a3j3
CEO.exe+4FC613	0x8FC613	.reloc	ascii	高	1.00	5)505=5D5Q5X5e5l5y5
CEO.exe+4FC631	0x8FC631	.reloc	ascii	高	1.00	5$6)6.636:6e6p6
CEO.exe+4FC659	0x8FC659	.reloc	ascii	高	1.00	:':1:
CEO.exe+4FC66B	0x8FC66B	.reloc	ascii	高	1.00	;&;8;Z;
CEO.exe+4FC6A1	0x8FC6A1	.reloc	ascii	高	1.00	0-0H0e0s0
CEO.exe+4FC6B9	0x8FC6B9	.reloc	ascii	高	1.00	1)1@1
CEO.exe+4FC6CB	0x8FC6CB	.reloc	ascii	高	1.00	2(212{2
CEO.exe+4FC6E1	0x8FC6E1	.reloc	ascii	高	1.00	3-353W3n3
CEO.exe+4FC705	0x8FC705	.reloc	ascii	高	1.00	5c5m5s5
CEO.exe+4FC71D	0x8FC71D	.reloc	ascii	高	1.00	6.646D6J6W6
CEO.exe+4FC72B	0x8FC72B	.reloc	ascii	高	1.00	7$767Y7g7
CEO.exe+4FC743	0x8FC743	.reloc	ascii	高	1.00	8%8l8v8
CEO.exe+4FC783	0x8FC783	.reloc	ascii	高	1.00	<D=M=X=^=t=
CEO.exe+4FC795	0x8FC795	.reloc	ascii	高	1.00	=3>y>~>
CEO.exe+4FC7C0	0x8FC7C0	.reloc	ascii	高	1.00	50?0R0q0v0{0
CEO.exe+4FC7D9	0x8FC7D9	.reloc	ascii	高	1.00	1(1.1T1Z1
CEO.exe+4FC7F3	0x8FC7F3	.reloc	ascii	高	1.00	2,222H2Y2
CEO.exe+4FC805	0x8FC805	.reloc	ascii	高	1.00	2&3F3X3_3k3q3v3
CEO.exe+4FC82B	0x8FC82B	.reloc	ascii	高	1.00	4"464@4F4P4r4
CEO.exe+4FC843	0x8FC843	.reloc	ascii	高	1.00	545:5d5j5
CEO.exe+4FC857	0x8FC857	.reloc	ascii	高	1.00	5:6@6W6
CEO.exe+4FC879	0x8FC879	.reloc	ascii	高	1.00	7=7F7Q7[7
CEO.exe+4FC88D	0x8FC88D	.reloc	ascii	高	1.00	80868T8Z8
CEO.exe+4FC89F	0x8FC89F	.reloc	ascii	高	1.00	8\t969@9J9T9
CEO.exe+4FC8AD	0x8FC8AD	.reloc	ascii	高	1.00	9+:7:I:O:c:p:
CEO.exe+4FC8C3	0x8FC8C3	.reloc	ascii	高	1.00	;6;I;d;{;
CEO.exe+4FC8D9	0x8FC8D9	.reloc	ascii	高	1.00	<(<3<><G<R<Z<e<k<u<z<
CEO.exe+4FC901	0x8FC901	.reloc	ascii	高	1.00	=F=Y=e=z=
CEO.exe+4FC919	0x8FC919	.reloc	ascii	高	1.00	='>2>;>M>]>n>v>
CEO.exe+4FC92D	0x8FC92D	.reloc	ascii	高	1.00	?.?;?G?
CEO.exe+4FC94B	0x8FC94B	.reloc	ascii	高	1.00	0 0$0(0,0004080<0@0D0H0L0P0f0x0
CEO.exe+4FC975	0x8FC975	.reloc	ascii	高	1.00	1"1(1.141:1@1F1M1T1[1a1g1m1s1y1
CEO.exe+4FC9C5	0x8FC9C5	.reloc	ascii	高	1.00	2 2&2,22282?2F2M2T2[2b2i2p2v2|2
CEO.exe+4FCA13	0x8FCA13	.reloc	ascii	高	1.00	3%3,333:3A3H3R3Y3`3
CEO.exe+4FCA35	0x8FCA35	.reloc	ascii	高	1.00	4:4h4
CEO.exe+4FCA53	0x8FCA53	.reloc	ascii	高	1.00	5*5/5@5X5]5v5
CEO.exe+4FCA73	0x8FCA73	.reloc	ascii	高	1.00	727E7U7^7y7
CEO.exe+4FCA89	0x8FCA89	.reloc	ascii	高	1.00	8)8/8?8e8
CEO.exe+4FCA99	0x8FCA99	.reloc	ascii	高	1.00	90969F9M9R9
CEO.exe+4FCAAF	0x8FCAAF	.reloc	ascii	高	1.00	:n:u:}:
CEO.exe+4FCAC5	0x8FCAC5	.reloc	ascii	高	1.00	;";7;?;U;b;q;z;
CEO.exe+4FCAE3	0x8FCAE3	.reloc	ascii	高	1.00	<!<*<6<E<R<`<f<o<u<
CEO.exe+4FCB0F	0x8FCB0F	.reloc	ascii	高	1.00	>T>k>q>}>
CEO.exe+4FCB1D	0x8FCB1D	.reloc	ascii	高	1.00	>\t?J?
CEO.exe+4FCB4F	0x8FCB4F	.reloc	ascii	高	1.00	2\t3c3|3
CEO.exe+4FCB67	0x8FCB67	.reloc	ascii	高	1.00	4!4&4,414E4X4
CEO.exe+4FCBA3	0x8FCBA3	.reloc	ascii	高	1.00	;);>;E;c;i;q;
CEO.exe+4FCBC5	0x8FCBC5	.reloc	ascii	高	1.00	</<?<^<d<i<u<
CEO.exe+4FCBE7	0x8FCBE7	.reloc	ascii	高	1.00	=!=E=v=
CEO.exe+4FCC03	0x8FCC03	.reloc	ascii	高	1.00	>4>H>]>u>
CEO.exe+4FCC17	0x8FCC17	.reloc	ascii	高	1.00	?3?_?
CEO.exe+4FCC31	0x8FCC31	.reloc	ascii	高	1.00	0(00060C0I0[0`0
CEO.exe+4FCC59	0x8FCC59	.reloc	ascii	高	1.00	1"1(1.1f1m1t1y1~1
CEO.exe+4FCC95	0x8FCC95	.reloc	ascii	高	1.00	2 2-2c2h2r2w2
CEO.exe+4FCCA5	0x8FCCA5	.reloc	ascii	高	1.00	3$3*3=3Q3
CEO.exe+4FCCB1	0x8FCCB1	.reloc	ascii	高	1.00	4$44465H5
CEO.exe+4FCCBD	0x8FCCBD	.reloc	ascii	高	1.00	6G7L7
CEO.exe+4FCCC5	0x8FCCC5	.reloc	ascii	高	1.00	7M8h9
CEO.exe+4FCCCF	0x8FCCCF	.reloc	ascii	高	1.00	:e;j<
CEO.exe+4FCCF4	0x8FCCF4	.reloc	ascii	高	1.00	<0s0
CEO.exe+4FCCFD	0x8FCCFD	.reloc	ascii	高	1.00	031_2
CEO.exe+4FCD05	0x8FCD05	.reloc	ascii	高	1.00	3J3,4?4M4d4u4
CEO.exe+4FCD25	0x8FCD25	.reloc	ascii	高	1.00	5>5n5
CEO.exe+4FCD39	0x8FCD39	.reloc	ascii	高	1.00	6'6:6b6h6|6
CEO.exe+4FCD51	0x8FCD51	.reloc	ascii	高	1.00	6&7/757I7Q7s7z7
CEO.exe+4FCD6B	0x8FCD6B	.reloc	ascii	高	1.00	7'8`8
CEO.exe+4FCD75	0x8FCD75	.reloc	ascii	高	1.00	9$949
CEO.exe+4FCD85	0x8FCD85	.reloc	ascii	高	1.00	:c:i:
CEO.exe+4FCD97	0x8FCD97	.reloc	ascii	高	1.00	:/;E;
CEO.exe+4FCDA7	0x8FCDA7	.reloc	ascii	高	1.00	<1<7<A<[<
CEO.exe+4FCDBF	0x8FCDBF	.reloc	ascii	高	1.00	=n=}=
CEO.exe+4FCDD1	0x8FCDD1	.reloc	ascii	高	1.00	>$>.>Y>a>
CEO.exe+4FCDF4	0x8FCDF4	.reloc	ascii	高	1.00	 0*0F0P0`0f0
CEO.exe+4FCE03	0x8FCE03	.reloc	ascii	高	1.00	0:1D1d1
CEO.exe+4FCE19	0x8FCE19	.reloc	ascii	高	1.00	192j2
CEO.exe+4FCE27	0x8FCE27	.reloc	ascii	高	1.00	2!3*303@3Y3c3k3x3
CEO.exe+4FCE53	0x8FCE53	.reloc	ascii	高	1.00	4&5,5|5
CEO.exe+4FCE69	0x8FCE69	.reloc	ascii	高	1.00	7*7f7v7
CEO.exe+4FCE7B	0x8FCE7B	.reloc	ascii	高	1.00	8+868z8
CEO.exe+4FCE95	0x8FCE95	.reloc	ascii	高	1.00	9H;f;
CEO.exe+4FCEA3	0x8FCEA3	.reloc	ascii	高	1.00	<*<8<><d<
CEO.exe+4FCEC7	0x8FCEC7	.reloc	ascii	高	1.00	=B>H>[>
CEO.exe+4FCEDD	0x8FCEDD	.reloc	ascii	高	1.00	>+?0?5?:?e?l?v?
CEO.exe+4FCF13	0x8FCF13	.reloc	ascii	高	1.00	0G1L1Q1j1s1
CEO.exe+4FCF23	0x8FCF23	.reloc	ascii	高	1.00	1'2,212K2
CEO.exe+4FCF35	0x8FCF35	.reloc	ascii	高	1.00	323F3}3
CEO.exe+4FCF41	0x8FCF41	.reloc	ascii	高	1.00	4;5r5
CEO.exe+4FCF6B	0x8FCF6B	.reloc	ascii	高	1.00	8%81888>8X8^8d8o8x8
CEO.exe+4FCF89	0x8FCF89	.reloc	ascii	高	1.00	9O9}9
CEO.exe+4FCF9B	0x8FCF9B	.reloc	ascii	高	1.00	:G:u:
CEO.exe+4FCFA9	0x8FCFA9	.reloc	ascii	高	1.00	:$;:;g;s;
CEO.exe+4FCFC1	0x8FCFC1	.reloc	ascii	高	1.00	<6<L<q<
CEO.exe+4FCFDB	0x8FCFDB	.reloc	ascii	高	1.00	<"='=B=G=X=]=n=s=
CEO.exe+4FD00F	0x8FD00F	.reloc	ascii	高	1.00	?(?/?5?C?K?\?m?~?
CEO.exe+4FD03B	0x8FD03B	.reloc	ascii	高	1.00	0(0>0Q0V0[0f0{0
CEO.exe+4FD055	0x8FD055	.reloc	ascii	高	1.00	0S1`1n1x1
CEO.exe+4FD079	0x8FD079	.reloc	ascii	高	1.00	2*262D2O2d2
CEO.exe+4FD09B	0x8FD09B	.reloc	ascii	高	1.00	353>3G3L3S3Y3]3c3g3m3q3w3{3
CEO.exe+4FD0CF	0x8FD0CF	.reloc	ascii	高	1.00	4$4)4A4F4P4a4g4r4{4
CEO.exe+4FD109	0x8FD109	.reloc	ascii	高	1.00	5*505A5I5j5t5
CEO.exe+4FD123	0x8FD123	.reloc	ascii	高	1.00	6B6p6
CEO.exe+4FD12D	0x8FD12D	.reloc	ascii	高	1.00	6Q7W7
CEO.exe+4FD149	0x8FD149	.reloc	ascii	高	1.00	8=8F8e8k8
CEO.exe+4FD16B	0x8FD16B	.reloc	ascii	高	1.00	9-:K:
CEO.exe+4FD17D	0x8FD17D	.reloc	ascii	高	1.00	=,=R=t=
CEO.exe+4FD191	0x8FD191	.reloc	ascii	高	1.00	>)>Z>a>g>q>}>
CEO.exe+4FD1AB	0x8FD1AB	.reloc	ascii	高	1.00	? ?*?A?Q?W?
CEO.exe+4FD1D3	0x8FD1D3	.reloc	ascii	高	1.00	0 0(0;0Y0f0n0
CEO.exe+4FD1EF	0x8FD1EF	.reloc	ascii	高	1.00	1%1+1A1
CEO.exe+4FD21B	0x8FD21B	.reloc	ascii	高	1.00	3c3p3~3
CEO.exe+4FD235	0x8FD235	.reloc	ascii	高	1.00	3\t4$474<4A4V4[4`4j4v4
CEO.exe+4FD261	0x8FD261	.reloc	ascii	高	1.00	5'5,575@5G5M5Z5`5l5
CEO.exe+4FD27D	0x8FD27D	.reloc	ascii	高	1.00	6*6V6^6c6m6s6
CEO.exe+4FD299	0x8FD299	.reloc	ascii	高	1.00	7"7-7D7K7Q7]7b7h7m7r7|7
CEO.exe+4FD2BF	0x8FD2BF	.reloc	ascii	高	1.00	7&8W8
CEO.exe+4FD2DB	0x8FD2DB	.reloc	ascii	高	1.00	:#:+:A:T:Y:^:o:~:
CEO.exe+4FD301	0x8FD301	.reloc	ascii	高	1.00	;8;I;P;V;d;r;
CEO.exe+4FD323	0x8FD323	.reloc	ascii	高	1.00	<'<-<9<[<q<
CEO.exe+4FD337	0x8FD337	.reloc	ascii	高	1.00	===]=r=z=
CEO.exe+4FD349	0x8FD349	.reloc	ascii	高	1.00	>%>+>A>]>
CEO.exe+4FD35D	0x8FD35D	.reloc	ascii	高	1.00	?H?S?_?w?|?
CEO.exe+4FD389	0x8FD389	.reloc	ascii	高	1.00	0"0*090?0J0Q0W0a0k0u0
CEO.exe+4FD3AB	0x8FD3AB	.reloc	ascii	高	1.00	1J1t1
CEO.exe+4FD3BF	0x8FD3BF	.reloc	ascii	高	1.00	2#2H2k2p2~2
CEO.exe+4FD3DD	0x8FD3DD	.reloc	ascii	高	1.00	3#373H3N3
CEO.exe+4FD3F9	0x8FD3F9	.reloc	ascii	高	1.00	4!42484_4p4
CEO.exe+4FD419	0x8FD419	.reloc	ascii	高	1.00	5#5<5@5D5H5L5P5T5
CEO.exe+4FD445	0x8FD445	.reloc	ascii	高	1.00	7(7>7C7U7Z7_7k7z7
CEO.exe+4FD46B	0x8FD46B	.reloc	ascii	高	1.00	8&848F8[8f8x8
CEO.exe+4FD489	0x8FD489	.reloc	ascii	高	1.00	9#929A9H9V9d9q9x9
CEO.exe+4FD4B9	0x8FD4B9	.reloc	ascii	高	1.00	:#:1:>:E:L:Z:g:n:~:
CEO.exe+4FD4ED	0x8FD4ED	.reloc	ascii	高	1.00	;%<2<=<K<[<i<q<
CEO.exe+4FD513	0x8FD513	.reloc	ascii	高	1.00	= =$=A=8><>@>D>H>L>P>T>X>\>`>d>h>w>
CEO.exe+4FD543	0x8FD543	.reloc	ascii	高	1.00	>5?;?S?d?k?
CEO.exe+4FD565	0x8FD565	.reloc	ascii	高	1.00	0!0L0V0b0m0t0
CEO.exe+4FD57D	0x8FD57D	.reloc	ascii	高	1.00	1"1(1/1:1W1a1l1
CEO.exe+4FD59D	0x8FD59D	.reloc	ascii	高	1.00	2"2(2-22272M2X2
CEO.exe+4FD5B5	0x8FD5B5	.reloc	ascii	高	1.00	3k3u3
CEO.exe+4FD5D1	0x8FD5D1	.reloc	ascii	高	1.00	43484C4O4W4\4g4p4
CEO.exe+4FD5F1	0x8FD5F1	.reloc	ascii	高	1.00	4!5&505A5G5R5[5q5{5
CEO.exe+4FD62D	0x8FD62D	.reloc	ascii	高	1.00	6-656[6e6s6
CEO.exe+4FD64B	0x8FD64B	.reloc	ascii	高	1.00	7-7A7Z7f7t7~7
CEO.exe+4FD663	0x8FD663	.reloc	ascii	高	1.00	7E8V8b8h8{8
CEO.exe+4FD683	0x8FD683	.reloc	ascii	高	1.00	9%91979@9E9L9R9V9\9`9f9j9p9t9
CEO.exe+4FD6B7	0x8FD6B7	.reloc	ascii	高	1.00	:':::F:T:m:
CEO.exe+4FD6D5	0x8FD6D5	.reloc	ascii	高	1.00	;G<T=t=
CEO.exe+4FD6E5	0x8FD6E5	.reloc	ascii	高	1.00	> >m>}>
CEO.exe+4FD705	0x8FD705	.reloc	ascii	高	1.00	?&?1?D?W?o?
CEO.exe+4FD729	0x8FD729	.reloc	ascii	高	1.00	0$0*0;0J0Q0W0c0r0
CEO.exe+4FD747	0x8FD747	.reloc	ascii	高	1.00	0 171C1_1
CEO.exe+4FD75D	0x8FD75D	.reloc	ascii	高	1.00	2%2/2?2f2
CEO.exe+4FD771	0x8FD771	.reloc	ascii	高	1.00	3$363<3R3l3p3t3x3|3
CEO.exe+4FD793	0x8FD793	.reloc	ascii	高	1.00	43484=4I4W4u4z4
CEO.exe+4FD7AD	0x8FD7AD	.reloc	ascii	高	1.00	4!5&505:5?5I5a5g5r5{5
CEO.exe+4FD7E5	0x8FD7E5	.reloc	ascii	高	1.00	6"60676N6
CEO.exe+4FD805	0x8FD805	.reloc	ascii	高	1.00	7!7'7/7=7K7]7t7
CEO.exe+4FD82D	0x8FD82D	.reloc	ascii	高	1.00	8 8$8(8,8=8E8
CEO.exe+4FD83F	0x8FD83F	.reloc	ascii	高	1.00	8p9t9x9|9
CEO.exe+4FD853	0x8FD853	.reloc	ascii	高	1.00	9!:4:N:[:a:p:
CEO.exe+4FD89B	0x8FD89B	.reloc	ascii	高	1.00	<$<*<D<L<j<t<}<
CEO.exe+4FD8B9	0x8FD8B9	.reloc	ascii	高	1.00	=!='=3=[=`=}=
CEO.exe+4FD8DD	0x8FD8DD	.reloc	ascii	高	1.00	>?>a>j>q>w>
CEO.exe+4FD8F7	0x8FD8F7	.reloc	ascii	高	1.00	?&?A?J?f?x?
CEO.exe+4FD919	0x8FD919	.reloc	ascii	高	1.00	0!0D0W0_0i0t0}0
CEO.exe+4FD93F	0x8FD93F	.reloc	ascii	高	1.00	1@1J1U1l1
CEO.exe+4FD951	0x8FD951	.reloc	ascii	高	1.00	2*212@2Q2z2
CEO.exe+4FD95F	0x8FD95F	.reloc	ascii	高	1.00	2#3_3
CEO.exe+4FD96F	0x8FD96F	.reloc	ascii	高	1.00	6i6x6
CEO.exe+4FD993	0x8FD993	.reloc	ascii	高	1.00	70757C7N7u7z7
CEO.exe+4FD9C1	0x8FD9C1	.reloc	ascii	高	1.00	8!8+808:8@8J8T8z8
CEO.exe+4FD9DB	0x8FD9DB	.reloc	ascii	高	1.00	8J9U=
CEO.exe+4FD9E7	0x8FD9E7	.reloc	ascii	高	1.00	>C>s>
CEO.exe+4FD9F1	0x8FD9F1	.reloc	ascii	高	1.00	?3?S?
CEO.exe+4FDA05	0x8FDA05	.reloc	ascii	高	1.00	0&0-040:0
CEO.exe+4FDA15	0x8FDA15	.reloc	ascii	高	1.00	3<3A3F3K3\3k3r3w3
CEO.exe+4FDA33	0x8FDA33	.reloc	ascii	高	1.00	384?4E4L4W4
CEO.exe+4FDA4B	0x8FDA4B	.reloc	ascii	高	1.00	5.5H5d5
CEO.exe+4FDA6B	0x8FDA6B	.reloc	ascii	高	1.00	6#6,626V6n6
CEO.exe+4FDA87	0x8FDA87	.reloc	ascii	高	1.00	7"7'717J7Q7W7a7k7
CEO.exe+4FDA9F	0x8FDA9F	.reloc	ascii	高	1.00	818:8H8
CEO.exe+4FDAB7	0x8FDAB7	.reloc	ascii	高	1.00	9/9f9q9
CEO.exe+4FDAC9	0x8FDAC9	.reloc	ascii	高	1.00	:<:h:
CEO.exe+4FDAD3	0x8FDAD3	.reloc	ascii	高	1.00	;N;m;
CEO.exe+4FDAE1	0x8FDAE1	.reloc	ascii	高	1.00	;-<t<
CEO.exe+4FDB09	0x8FDB09	.reloc	ascii	高	1.00	>B?I?O?
CEO.exe+4FDB1C	0x8FDB1C	.reloc	ascii	高	1.00	O0V0\0
CEO.exe+4FDB33	0x8FDB33	.reloc	ascii	高	1.00	1%171N1U1[1
CEO.exe+4FDB63	0x8FDB63	.reloc	ascii	高	1.00	2u2{2
CEO.exe+4FDB81	0x8FDB81	.reloc	ascii	高	1.00	3)30353?3D3N3T3^3{3
CEO.exe+4FDBA5	0x8FDBA5	.reloc	ascii	高	1.00	424Z4
CEO.exe+4FDBB7	0x8FDBB7	.reloc	ascii	高	1.00	5$5+5d5
CEO.exe+4FDBD1	0x8FDBD1	.reloc	ascii	高	1.00	7&7]7
CEO.exe+4FDC09	0x8FDC09	.reloc	ascii	高	1.00	:#:7:>:u:
CEO.exe+4FDC1D	0x8FDC1D	.reloc	ascii	高	1.00	;/;4;9;>;O;^;e;j;t;z;
CEO.exe+4FDC47	0x8FDC47	.reloc	ascii	高	1.00	<!<'</<E<Q<l<}<
CEO.exe+4FDC65	0x8FDC65	.reloc	ascii	高	1.00	=#=+=G=b=
CEO.exe+4FDC77	0x8FDC77	.reloc	ascii	高	1.00	>*>1>@>Q>z>
CEO.exe+4FDC98	0x8FDC98	.reloc	ascii	高	1.00	?0s1
CEO.exe+4FDCA3	0x8FDCA3	.reloc	ascii	高	1.00	2$222O2T2Y2^2o2~2
CEO.exe+4FDCCD	0x8FDCCD	.reloc	ascii	高	1.00	313:3A3G3O3e3q3
CEO.exe+4FDCEB	0x8FDCEB	.reloc	ascii	高	1.00	4)474C4K4g4
CEO.exe+4FDCFD	0x8FDCFD	.reloc	ascii	高	1.00	415=5J5Q5`5q5
CEO.exe+4FDD0F	0x8FDD0F	.reloc	ascii	高	1.00	616X6
CEO.exe+4FDD1F	0x8FDD1F	.reloc	ascii	高	1.00	899D9O9T9b9
CEO.exe+4FDD43	0x8FDD43	.reloc	ascii	高	1.00	:#:0:6:J:W:^:c:h:m:w:}:
CEO.exe+4FDD6B	0x8FDD6B	.reloc	ascii	高	1.00	;);;;F;L;j;x;
CEO.exe+4FDD97	0x8FDD97	.reloc	ascii	高	1.00	>(>.>7>B>H>T>g>m>
CEO.exe+4FDDB9	0x8FDDB9	.reloc	ascii	高	1.00	?'?2?I?b?m?s?
CEO.exe+4FDDE9	0x8FDDE9	.reloc	ascii	高	1.00	050N0Y0_0z0
CEO.exe+4FDE05	0x8FDE05	.reloc	ascii	高	1.00	1*101K1d1j1s1
CEO.exe+4FDE23	0x8FDE23	.reloc	ascii	高	1.00	2;2F2L2Y2_2
CEO.exe+4FDE3B	0x8FDE3B	.reloc	ascii	高	1.00	3"303<3P3U3Z3e3y3
CEO.exe+4FDE5D	0x8FDE5D	.reloc	ascii	高	1.00	4 4=4w4
CEO.exe+4FDE83	0x8FDE83	.reloc	ascii	高	1.00	555<5H5j5
CEO.exe+4FDE9B	0x8FDE9B	.reloc	ascii	高	1.00	6G6U6[6o6w6
CEO.exe+4FDEB3	0x8FDEB3	.reloc	ascii	高	1.00	7+747H7N7T7
CEO.exe+4FDEED	0x8FDEED	.reloc	ascii	高	1.00	94999>9b9t9z9~9
CEO.exe+4FDF13	0x8FDF13	.reloc	ascii	高	1.00	:+:L:Q:\:h:p:u:
CEO.exe+4FDF47	0x8FDF47	.reloc	ascii	高	1.00	</=r=
CEO.exe+4FDF5B	0x8FDF5B	.reloc	ascii	高	1.00	='>>>V>c>
CEO.exe+4FDF6B	0x8FDF6B	.reloc	ascii	高	1.00	>7?<?T?`?v?
CEO.exe+4FDF95	0x8FDF95	.reloc	ascii	高	1.00	0)0/0
CEO.exe+4FDFBD	0x8FDFBD	.reloc	ascii	高	1.00	1%1*101E1U1a1m1y1
CEO.exe+4FDFE3	0x8FDFE3	.reloc	ascii	高	1.00	2"252B2I2O2
CEO.exe+4FDFF5	0x8FDFF5	.reloc	ascii	高	1.00	3X3s3
CEO.exe+4FE00F	0x8FE00F	.reloc	ascii	高	1.00	4\t4 4,4@4E4J4U4i4p4u4
CEO.exe+4FE031	0x8FE031	.reloc	ascii	高	1.00	5<5T5
CEO.exe+4FE04D	0x8FE04D	.reloc	ascii	高	1.00	6!6;6H6U6_6m6w6
CEO.exe+4FE071	0x8FE071	.reloc	ascii	高	1.00	7)757K7W7
CEO.exe+4FE083	0x8FE083	.reloc	ascii	高	1.00	8D8k8
CEO.exe+4FE099	0x8FE099	.reloc	ascii	高	1.00	909K9\9j9x9
CEO.exe+4FE0AD	0x8FE0AD	.reloc	ascii	高	1.00	:2:=:M:e:l:~:
CEO.exe+4FE0C7	0x8FE0C7	.reloc	ascii	高	1.00	;7;w;~;
CEO.exe+4FE0DF	0x8FE0DF	.reloc	ascii	高	1.00	<(<.<J<
CEO.exe+4FE0F9	0x8FE0F9	.reloc	ascii	高	1.00	=(=:=N=Y=
CEO.exe+4FE10F	0x8FE10F	.reloc	ascii	高	1.00	> >2>C>m>
CEO.exe+4FE121	0x8FE121	.reloc	ascii	高	1.00	?C?r?}?
CEO.exe+4FE143	0x8FE143	.reloc	ascii	高	1.00	030:0?0I0O0s0
CEO.exe+4FE169	0x8FE169	.reloc	ascii	高	1.00	11171=1H1N1R1X1\1b1f1l1p1v1z1
CEO.exe+4FE1A1	0x8FE1A1	.reloc	ascii	高	1.00	2)2;2F2W2c2y2
CEO.exe+4FE1C3	0x8FE1C3	.reloc	ascii	高	1.00	3,373H3T3k3v3
CEO.exe+4FE1E5	0x8FE1E5	.reloc	ascii	高	1.00	4"43494\4g4w4
CEO.exe+4FE207	0x8FE207	.reloc	ascii	高	1.00	5'545T5d5p5
CEO.exe+4FE223	0x8FE223	.reloc	ascii	高	1.00	7<8X8\8`8d8h8l8p8t8
CEO.exe+4FE275	0x8FE275	.reloc	ascii	高	1.00	0A1d1y1
CEO.exe+4FE28B	0x8FE28B	.reloc	ascii	高	1.00	3+3:3C3J3j3o3z3
CEO.exe+4FE2A3	0x8FE2A3	.reloc	ascii	高	1.00	3"4*41474D4
CEO.exe+4FE2AF	0x8FE2AF	.reloc	ascii	高	1.00	4"5:5H5V5p5u5z5
CEO.exe+4FE2CF	0x8FE2CF	.reloc	ascii	高	1.00	6"6*61676G6r6
CEO.exe+4FE2E1	0x8FE2E1	.reloc	ascii	高	1.00	6)7i7z7
CEO.exe+4FE2F3	0x8FE2F3	.reloc	ascii	高	1.00	808B8R8
CEO.exe+4FE305	0x8FE305	.reloc	ascii	高	1.00	9.9=9J9U9c9
CEO.exe+4FE319	0x8FE319	.reloc	ascii	高	1.00	:K:U:c:n:
CEO.exe+4FE33B	0x8FE33B	.reloc	ascii	高	1.00	;1;6;@;Q;W;b;k;
CEO.exe+4FE36D	0x8FE36D	.reloc	ascii	高	1.00	;C<Q<o<t<y<
CEO.exe+4FE39B	0x8FE39B	.reloc	ascii	高	1.00	= =*=0=;=D=P=]=s=
CEO.exe+4FE3C7	0x8FE3C7	.reloc	ascii	高	1.00	>(>.>2>8><>B>F>L>P>Z>`>k>t>
CEO.exe+4FE3EF	0x8FE3EF	.reloc	ascii	高	1.00	?S?`?n?y?
CEO.exe+4FE419	0x8FE419	.reloc	ascii	高	1.00	0!00070<0F0L0c0q0
CEO.exe+4FE441	0x8FE441	.reloc	ascii	高	1.00	1!1'1-181>1B1H1L1R1V1\1`1f1j1t1z1
CEO.exe+4FE471	0x8FE471	.reloc	ascii	高	1.00	2C2J2P2l2s2y2
CEO.exe+4FE49D	0x8FE49D	.reloc	ascii	高	1.00	41464@4Q4W4b4k4
CEO.exe+4FE4D7	0x8FE4D7	.reloc	ascii	高	1.00	5#5)5;5D5Z5d5l5y5
CEO.exe+4FE4EF	0x8FE4EF	.reloc	ascii	高	1.00	6+6F6m6~6
CEO.exe+4FE501	0x8FE501	.reloc	ascii	高	1.00	7&7C7^7{7
CEO.exe+4FE51D	0x8FE51D	.reloc	ascii	高	1.00	9P9\9
CEO.exe+4FE529	0x8FE529	.reloc	ascii	高	1.00	9::F:
CEO.exe+4FE537	0x8FE537	.reloc	ascii	高	1.00	;+;J;
CEO.exe+4FE54F	0x8FE54F	.reloc	ascii	高	1.00	;'<-<<<B<N<
CEO.exe+4FE583	0x8FE583	.reloc	ascii	高	1.00	>'?=?B?]?g?|?
CEO.exe+4FE5B3	0x8FE5B3	.reloc	ascii	高	1.00	0+0@0J0P0[0a0m0
CEO.exe+4FE5E1	0x8FE5E1	.reloc	ascii	高	1.00	1 1&1*10141?1D1O1X1d1j1{1
CEO.exe+4FE605	0x8FE605	.reloc	ascii	高	1.00	2#2)2:2P2a2
CEO.exe+4FE61D	0x8FE61D	.reloc	ascii	高	1.00	3&3A3G3a3
CEO.exe+4FE631	0x8FE631	.reloc	ascii	高	1.00	3"4*494A4L4Y4j4v4
CEO.exe+4FE657	0x8FE657	.reloc	ascii	高	1.00	5"575D5\5d5u5
CEO.exe+4FE677	0x8FE677	.reloc	ascii	高	1.00	6"6@6I6O6U6j6
CEO.exe+4FE695	0x8FE695	.reloc	ascii	高	1.00	72777<7N7Z7
CEO.exe+4FE6AD	0x8FE6AD	.reloc	ascii	高	1.00	8*8=8C8a8f8p8
CEO.exe+4FE6E5	0x8FE6E5	.reloc	ascii	高	1.00	9)9/9@9F9b9|9
CEO.exe+4FE6FF	0x8FE6FF	.reloc	ascii	高	1.00	:$:/:::E:Q:i:
CEO.exe+4FE711	0x8FE711	.reloc	ascii	高	1.00	:r;{;
CEO.exe+4FE729	0x8FE729	.reloc	ascii	高	1.00	<"<)<D<x<
CEO.exe+4FE745	0x8FE745	.reloc	ascii	高	1.00	=5=M=T=g=o=t=
CEO.exe+4FE769	0x8FE769	.reloc	ascii	高	1.00	>">E>M>S>]>n>x>
CEO.exe+4FE7AB	0x8FE7AB	.reloc	ascii	高	1.00	0<0R0\0t0{0
CEO.exe+4FE7C3	0x8FE7C3	.reloc	ascii	高	1.00	0*1M1V1o1u1
CEO.exe+4FE7DB	0x8FE7DB	.reloc	ascii	高	1.00	2*2/252[2e2|2
CEO.exe+4FE7F7	0x8FE7F7	.reloc	ascii	高	1.00	4A4f4q4
CEO.exe+4FE80B	0x8FE80B	.reloc	ascii	高	1.00	4/5G5]5n5
CEO.exe+4FE833	0x8FE833	.reloc	ascii	高	1.00	7*767;7B7Q7^7c7n7
CEO.exe+4FE859	0x8FE859	.reloc	ascii	高	1.00	81888\8c8
CEO.exe+4FE881	0x8FE881	.reloc	ascii	高	1.00	9+949=9T9Y9d9o9x9
CEO.exe+4FE8AB	0x8FE8AB	.reloc	ascii	高	1.00	:":,:B:a:g:m:x:~:
CEO.exe+4FE8DD	0x8FE8DD	.reloc	ascii	高	1.00	:G;W;n;
CEO.exe+4FE8F7	0x8FE8F7	.reloc	ascii	高	1.00	;6<G<b<}<
CEO.exe+4FE913	0x8FE913	.reloc	ascii	高	1.00	=1=6=@=Q=W=b=k=
CEO.exe+4FE94B	0x8FE94B	.reloc	ascii	高	1.00	> >1>9>H>R>s>
CEO.exe+4FE971	0x8FE971	.reloc	ascii	高	1.00	?1?7?=?H?N?R?X?\?b?f?l?p?v?z?
CEO.exe+4FE9A8	0x8FE9A8	.reloc	ascii	高	1.00	30A0_0d0i0
CEO.exe+4FE9D3	0x8FE9D3	.reloc	ascii	高	1.00	1"1&1,10161:1D1J1U1^1j1p1
CEO.exe+4FE9F5	0x8FE9F5	.reloc	ascii	高	1.00	1!2a2n2v2|2
CEO.exe+4FEA01	0x8FEA01	.reloc	ascii	高	1.00	273T3X3\3`3d3h3l3p3t3x3|3
CEO.exe+4FEA33	0x8FEA33	.reloc	ascii	高	1.00	4 41474B4K4q4y4
CEO.exe+4FEA4F	0x8FEA4F	.reloc	ascii	高	1.00	5-5?5^5p5
CEO.exe+4FEA63	0x8FEA63	.reloc	ascii	高	1.00	6:6L6j6|6
CEO.exe+4FEA73	0x8FEA73	.reloc	ascii	高	1.00	6\t747F7d7w7
CEO.exe+4FEA8F	0x8FEA8F	.reloc	ascii	高	1.00	72888Z8n8}8
CEO.exe+4FEAA3	0x8FEAA3	.reloc	ascii	高	1.00	909a9g9m9x9~9
CEO.exe+4FEAD7	0x8FEAD7	.reloc	ascii	高	1.00	:4:A:
CEO.exe+4FEAF3	0x8FEAF3	.reloc	ascii	高	1.00	;*;5;=;H;Y;^;|;
CEO.exe+4FEB1B	0x8FEB1B	.reloc	ascii	高	1.00	?-?6?C?V?]?p?
CEO.exe+4FEB37	0x8FEB37	.reloc	ascii	高	1.00	2%2-2
CEO.exe+4FEB57	0x8FEB57	.reloc	ascii	高	1.00	6$6Q6Z6g6z6
CEO.exe+4FEB65	0x8FEB65	.reloc	ascii	高	1.00	6#9-939<9I9Q9
CEO.exe+4FEB8B	0x8FEB8B	.reloc	ascii	高	1.00	<,=Y=b=o=
CEO.exe+4FEBA4	0x8FEBA4	.reloc	ascii	高	1.00	+050;0D0Q0Y0
CEO.exe+4FEBB9	0x8FEBB9	.reloc	ascii	高	1.00	1"1)1<1
CEO.exe+4FEBCB	0x8FEBCB	.reloc	ascii	高	1.00	3P4}4
CEO.exe+4FEBD9	0x8FEBD9	.reloc	ascii	高	1.00	4O7Y7_7h7u7}7
CEO.exe+4FEBED	0x8FEBED	.reloc	ascii	高	1.00	8*818D8
CEO.exe+4FEBFF	0x8FEBFF	.reloc	ascii	高	1.00	;V;t;
CEO.exe+4FEC31	0x8FEC31	.reloc	ascii	高	1.00	1#1+1
CEO.exe+4FEC51	0x8FEC51	.reloc	ascii	高	1.00	4g5<6
CEO.exe+4FEC5B	0x8FEC5B	.reloc	ascii	高	1.00	7$71797
CEO.exe+4FEC7D	0x8FEC7D	.reloc	ascii	高	1.00	:u;J<
CEO.exe+4FEC83	0x8FEC83	.reloc	ascii	高	1.00	=#=)=2=?=G=
CEO.exe+4FECB3	0x8FECB3	.reloc	ascii	高	1.00	0>1k1t1
CEO.exe+4FECC1	0x8FECC1	.reloc	ascii	高	1.00	1=4G4M4V4c4k4
CEO.exe+4FECE7	0x8FECE7	.reloc	ascii	高	1.00	7D8b8
CEO.exe+4FED3B	0x8FED3B	.reloc	ascii	高	1.00	1U2*3
CEO.exe+4FED49	0x8FED49	.reloc	ascii	高	1.00	4'4~4
CEO.exe+4FED67	0x8FED67	.reloc	ascii	高	1.00	7c889
CEO.exe+4FED71	0x8FED71	.reloc	ascii	高	1.00	: :-:5:
CEO.exe+4FED93	0x8FED93	.reloc	ascii	高	1.00	=,>Y>b>o>
CEO.exe+4FEDAC	0x8FEDAC	.reloc	ascii	高	1.00	+151;1D1Q1Y1
CEO.exe+4FEDD1	0x8FEDD1	.reloc	ascii	高	1.00	425P5}5
CEO.exe+4FEDE1	0x8FEDE1	.reloc	ascii	高	1.00	5O8Y8_8h8u8}8
CEO.exe+4FEDF5	0x8FEDF5	.reloc	ascii	高	1.00	9*919D9
CEO.exe+4FEE15	0x8FEE15	.reloc	ascii	高	1.00	<S?]?c?l?y?
CEO.exe+4FEE41	0x8FEE41	.reloc	ascii	高	1.00	0&0A0P0Y0c0n0z0
CEO.exe+4FEE5D	0x8FEE5D	.reloc	ascii	高	1.00	1:1E1N1d1p1}1
CEO.exe+4FEE71	0x8FEE71	.reloc	ascii	高	1.00	2E3U3
CEO.exe+4FEE77	0x8FEE77	.reloc	ascii	高	1.00	4?4K4p4t4x4|4
CEO.exe+4FEECB	0x8FEECB	.reloc	ascii	高	1.00	616;6W6]6o6|6
CEO.exe+4FEEE1	0x8FEEE1	.reloc	ascii	高	1.00	697?7
CEO.exe+4FEEEB	0x8FEEEB	.reloc	ascii	高	1.00	8%8M8
CEO.exe+4FEEFB	0x8FEEFB	.reloc	ascii	高	1.00	9,9Z9d9j9y9
CEO.exe+4FEF1D	0x8FEF1D	.reloc	ascii	高	1.00	;!;2;V;~;
CEO.exe+4FEF2B	0x8FEF2B	.reloc	ascii	高	1.00	<6<E<p<
CEO.exe+4FEF45	0x8FEF45	.reloc	ascii	高	1.00	= =%=6=;=M=R=
CEO.exe+4FEF64	0x8FEF64	.reloc	ascii	高	1.00	)0_0
CEO.exe+4FEF87	0x8FEF87	.reloc	ascii	高	1.00	3'32393D3J3V3c3n3
CEO.exe+4FEFA1	0x8FEFA1	.reloc	ascii	高	1.00	4 4?4^4}4
CEO.exe+4FEFB3	0x8FEFB3	.reloc	ascii	高	1.00	575V5|5
CEO.exe+4FEFE3	0x8FEFE3	.reloc	ascii	高	1.00	6$6*626<6N6Y6z6
CEO.exe+4FEFFD	0x8FEFFD	.reloc	ascii	高	1.00	7(7-7;7G7U7`7u7
CEO.exe+4FF023	0x8FF023	.reloc	ascii	高	1.00	8-8@8G8c8s8y8
CEO.exe+4FF03F	0x8FF03F	.reloc	ascii	高	1.00	8\t9!9&9+909W9\9a9
CEO.exe+4FF087	0x8FF087	.reloc	ascii	高	1.00	:$:-:9:?:Q:Z:z:
CEO.exe+4FF0A9	0x8FF0A9	.reloc	ascii	高	1.00	;,;2;F;a;g;{;
CEO.exe+4FF0C7	0x8FF0C7	.reloc	ascii	高	1.00	<3<8<V<f<l<
CEO.exe+4FF0E5	0x8FF0E5	.reloc	ascii	高	1.00	=8=>=R=m=r=
CEO.exe+4FF101	0x8FF101	.reloc	ascii	高	1.00	>->=>C>W>r>x>
CEO.exe+4FF11F	0x8FF11F	.reloc	ascii	高	1.00	?)?D?I?g?w?}?
CEO.exe+4FF141	0x8FF141	.reloc	ascii	高	1.00	050<0B0P0i0
CEO.exe+4FF169	0x8FF169	.reloc	ascii	高	1.00	2E2M2q2v2
CEO.exe+4FF18F	0x8FF18F	.reloc	ascii	高	1.00	3!3+3D3p3x3
CEO.exe+4FF1A1	0x8FF1A1	.reloc	ascii	高	1.00	3b4k4
CEO.exe+4FF1AD	0x8FF1AD	.reloc	ascii	高	1.00	5m5v5
CEO.exe+4FF1B7	0x8FF1B7	.reloc	ascii	高	1.00	6(6x6
CEO.exe+4FF1C1	0x8FF1C1	.reloc	ascii	高	1.00	6*737
CEO.exe+4FF1CD	0x8FF1CD	.reloc	ascii	高	1.00	758>8
CEO.exe+4FF1D9	0x8FF1D9	.reloc	ascii	高	1.00	8@9I9
CEO.exe+4FF1E5	0x8FF1E5	.reloc	ascii	高	1.00	9K:T:
CEO.exe+4FF20B	0x8FF20B	.reloc	ascii	高	1.00	;!;';-;3;9;?;E;K;Q;Z;`;f;k;q;w;};
CEO.exe+4FF25B	0x8FF25B	.reloc	ascii	高	1.00	<'<5=?=
CEO.exe+4FF271	0x8FF271	.reloc	ascii	高	1.00	?>?R?
CEO.exe+4FF285	0x8FF285	.reloc	ascii	高	1.00	0^0f0
CEO.exe+4FF291	0x8FF291	.reloc	ascii	高	1.00	1^1d1
CEO.exe+4FF29D	0x8FF29D	.reloc	ascii	高	1.00	2Y2a2
CEO.exe+4FF2A9	0x8FF2A9	.reloc	ascii	高	1.00	3Y3_3
CEO.exe+4FF2B7	0x8FF2B7	.reloc	ascii	高	1.00	4"4'4-434;4A4G4M4S4Y4^4d4j4p4v4|4
CEO.exe+4FF311	0x8FF311	.reloc	ascii	高	1.00	71787D7K7]7b7g7l7q7v7{7
CEO.exe+4FF367	0x8FF367	.reloc	ascii	高	1.00	8 8%8*8/84898>8C8H8M8R8W8\8a8l8t8
CEO.exe+4FF393	0x8FF393	.reloc	ascii	高	1.00	9/9P9n9|9
CEO.exe+4FF3B1	0x8FF3B1	.reloc	ascii	高	1.00	:):2:
CEO.exe+4FF3CB	0x8FF3CB	.reloc	ascii	高	1.00	;$;.;q;|;
CEO.exe+4FF3E5	0x8FF3E5	.reloc	ascii	高	1.00	<$<,<C<P<`<i<w<
CEO.exe+4FF411	0x8FF411	.reloc	ascii	高	1.00	=4=9=>=J=X=c=k=v=
CEO.exe+4FF433	0x8FF433	.reloc	ascii	高	1.00	>">7>W>l>
CEO.exe+4FF44D	0x8FF44D	.reloc	ascii	高	1.00	?%?+?:???F?L?P?V?Z?`?d?j?n?t?x?
CEO.exe+4FF489	0x8FF489	.reloc	ascii	高	1.00	0\0i0
CEO.exe+4FF4A1	0x8FF4A1	.reloc	ascii	高	1.00	0'1l1
CEO.exe+4FF4AD	0x8FF4AD	.reloc	ascii	高	1.00	2$2D2R2]2c2
CEO.exe+4FF4CD	0x8FF4CD	.reloc	ascii	高	1.00	3"3+3A3K3
CEO.exe+4FF501	0x8FF501	.reloc	ascii	高	1.00	434A4_4d4i4
CEO.exe+4FF52D	0x8FF52D	.reloc	ascii	高	1.00	5"5&5,50565:5D5J5U5^5j5p5
CEO.exe+4FF557	0x8FF557	.reloc	ascii	高	1.00	606X6
CEO.exe+4FF563	0x8FF563	.reloc	ascii	高	1.00	7D7r7
CEO.exe+4FF57B	0x8FF57B	.reloc	ascii	高	1.00	8-828C8H8Z8_8q8v8
CEO.exe+4FF5A9	0x8FF5A9	.reloc	ascii	高	1.00	:N:S:X:
CEO.exe+4FF5D5	0x8FF5D5	.reloc	ascii	高	1.00	<==x=
CEO.exe+4FF5ED	0x8FF5ED	.reloc	ascii	高	1.00	>1>;>X>`>
CEO.exe+4FF60C	0x8FF60C	.reloc	ascii	高	1.00	$0J0
CEO.exe+4FF615	0x8FF615	.reloc	ascii	高	1.00	0#1/1g1r1
CEO.exe+4FF635	0x8FF635	.reloc	ascii	高	1.00	5-6S6_6
CEO.exe+4FF661	0x8FF661	.reloc	ascii	高	1.00	7-7E7`7{7
CEO.exe+4FF683	0x8FF683	.reloc	ascii	高	1.00	828E8L8e8
CEO.exe+4FF6B3	0x8FF6B3	.reloc	ascii	高	1.00	9!9)9E9V9d9o9
CEO.exe+4FF6C7	0x8FF6C7	.reloc	ascii	高	1.00	:h:o:}:
CEO.exe+4FF6D7	0x8FF6D7	.reloc	ascii	高	1.00	;*;0;M;
CEO.exe+4FF6ED	0x8FF6ED	.reloc	ascii	高	1.00	;&<8<S<x<
CEO.exe+4FF6FF	0x8FF6FF	.reloc	ascii	高	1.00	=@=F=K=R=a=g=x=
CEO.exe+4FF717	0x8FF717	.reloc	ascii	高	1.00	=)><>O>b>u>
CEO.exe+4FF72D	0x8FF72D	.reloc	ascii	高	1.00	?$?2?Y?^?h?y?
CEO.exe+4FF750	0x8FF750	.reloc	ascii	高	1.00	)0.080H0M0
CEO.exe+4FF76D	0x8FF76D	.reloc	ascii	高	1.00	1;1P1Y1k1
CEO.exe+4FF785	0x8FF785	.reloc	ascii	高	1.00	1@2Y2
CEO.exe+4FF78D	0x8FF78D	.reloc	ascii	高	1.00	2@3Y3k3}3
CEO.exe+4FF7AB	0x8FF7AB	.reloc	ascii	高	1.00	3\t4#464<4D4R4Y4_4g4
CEO.exe+4FF7D7	0x8FF7D7	.reloc	ascii	高	1.00	5,5;5Q5Z5`5h5x5
CEO.exe+4FF801	0x8FF801	.reloc	ascii	高	1.00	6$6j6t6
CEO.exe+4FF817	0x8FF817	.reloc	ascii	高	1.00	717A7F7P7U7_7d7n7s7}7
CEO.exe+4FF843	0x8FF843	.reloc	ascii	高	1.00	8#8(8C8H8o8t8y8
CEO.exe+4FF867	0x8FF867	.reloc	ascii	高	1.00	999>9C9R9W9r9w9
CEO.exe+4FF88B	0x8FF88B	.reloc	ascii	高	1.00	:!:<:A:h:m:r:
CEO.exe+4FF89D	0x8FF89D	.reloc	ascii	高	1.00	;8<<<@<D<H<L<P<T<X<\<`<d<h<
CEO.exe+4FF8BD	0x8FF8BD	.reloc	ascii	高	1.00	=!=-=;=Q=V=[=`=j=o=}=
CEO.exe+4FF8E7	0x8FF8E7	.reloc	ascii	高	1.00	>/>5>G>U>Z>h>s>
CEO.exe+4FF90F	0x8FF90F	.reloc	ascii	高	1.00	? ?-?7?=?P?^?i?~?
CEO.exe+4FF945	0x8FF945	.reloc	ascii	高	1.00	0'0-0@0V0[0i0t0
CEO.exe+4FF969	0x8FF969	.reloc	ascii	高	1.00	1%1/1=1H1R1`1k1u1
CEO.exe+4FF993	0x8FF993	.reloc	ascii	高	1.00	2,212G2W2]2o2
CEO.exe+4FF9B1	0x8FF9B1	.reloc	ascii	高	1.00	353K3[3i3y3
CEO.exe+4FF9CD	0x8FF9CD	.reloc	ascii	高	1.00	4"444W4m4}4
CEO.exe+4FF9E9	0x8FF9E9	.reloc	ascii	高	1.00	5,525I5]5
CEO.exe+4FFA05	0x8FFA05	.reloc	ascii	高	1.00	6-636E6W6z6
CEO.exe+4FFA1F	0x8FFA1F	.reloc	ascii	高	1.00	727H7u7
CEO.exe+4FFA3B	0x8FFA3B	.reloc	ascii	高	1.00	8&8:8E8Y8d8x8
CEO.exe+4FFA55	0x8FFA55	.reloc	ascii	高	1.00	9?9D9V9[9i9n9|9
CEO.exe+4FFA83	0x8FFA83	.reloc	ascii	高	1.00	:":&:3:S:a:
CEO.exe+4FFAA5	0x8FFAA5	.reloc	ascii	高	1.00	;C;I;M;S;W;];a;v;
CEO.exe+4FFAC7	0x8FFAC7	.reloc	ascii	高	1.00	;H<S<Y<{<
CEO.exe+4FFAEB	0x8FFAEB	.reloc	ascii	高	1.00	=&=.=J=W=]=h=y=
CEO.exe+4FFB07	0x8FFB07	.reloc	ascii	高	1.00	>!>&>2>c>n>v>
CEO.exe+4FFB2F	0x8FFB2F	.reloc	ascii	高	1.00	?7???F?L?R?X?`?s?
CEO.exe+4FFB50	0x8FFB50	.reloc	ascii	高	1.00	\0j0z0
CEO.exe+4FFB61	0x8FFB61	.reloc	ascii	高	1.00	0+10151:1a1f1p1
CEO.exe+4FFB99	0x8FFB99	.reloc	ascii	高	1.00	2>2]2h2q2
CEO.exe+4FFBBB	0x8FFBBB	.reloc	ascii	高	1.00	4%4E4X4r4~4
CEO.exe+4FFBD1	0x8FFBD1	.reloc	ascii	高	1.00	5%5@5U5p5
CEO.exe+4FFBE5	0x8FFBE5	.reloc	ascii	高	1.00	6!6&6a6f6p6
CEO.exe+4FFC15	0x8FFC15	.reloc	ascii	高	1.00	7"7A7J7
CEO.exe+4FFC37	0x8FFC37	.reloc	ascii	高	1.00	:@:F:_:l:
CEO.exe+4FFC49	0x8FFC49	.reloc	ascii	高	1.00	;;;I;};
CEO.exe+4FFC55	0x8FFC55	.reloc	ascii	高	1.00	;+<9<G<[<y<~<
CEO.exe+4FFC75	0x8FFC75	.reloc	ascii	高	1.00	="=-=Q=V=[=f=r=z=
CEO.exe+4FFC9B	0x8FFC9B	.reloc	ascii	高	1.00	>4>R>g>
CEO.exe+4FFCB7	0x8FFCB7	.reloc	ascii	高	1.00	?2?D?P?\?h?t?
CEO.exe+4FFCED	0x8FFCED	.reloc	ascii	高	1.00	0 0$0(0,0004080<0@0D0[0i0w0
CEO.exe+4FFD23	0x8FFD23	.reloc	ascii	高	1.00	1%111P1_1
CEO.exe+4FFD31	0x8FFD31	.reloc	ascii	高	1.00	2*2H2Y2^2h2|2
CEO.exe+4FFD41	0x8FFD41	.reloc	ascii	高	1.00	2F3X3
CEO.exe+4FFD49	0x8FFD49	.reloc	ascii	高	1.00	3@4\4
CEO.exe+4FFD51	0x8FFD51	.reloc	ascii	高	1.00	4D5H5L5P5T5X5\5`5d5h5q5
CEO.exe+4FFD79	0x8FFD79	.reloc	ascii	高	1.00	6'6A6F6P6Z6_6i6
CEO.exe+4FFDB1	0x8FFDB1	.reloc	ascii	高	1.00	7!7*767C7O7Z7z7
CEO.exe+4FFDCB	0x8FFDCB	.reloc	ascii	高	1.00	8 8W8g8
CEO.exe+4FFDD9	0x8FFDD9	.reloc	ascii	高	1.00	979G9Q9W9k9
CEO.exe+4FFDED	0x8FFDED	.reloc	ascii	高	1.00	:&:I:N:S:q:v:
CEO.exe+4FFE1D	0x8FFE1D	.reloc	ascii	高	1.00	; ;*;0;;;D;P;];
CEO.exe+4FFE33	0x8FFE33	.reloc	ascii	高	1.00	<3<j<w<
CEO.exe+4FFE5F	0x8FFE5F	.reloc	ascii	高	1.00	?!?,?q?
CEO.exe+4FFE79	0x8FFE79	.reloc	ascii	高	1.00	0<0s0
CEO.exe+4FFE83	0x8FFE83	.reloc	ascii	高	1.00	1E1h1
CEO.exe+4FFE8B	0x8FFE8B	.reloc	ascii	高	1.00	1J2r2
CEO.exe+4FFE91	0x8FFE91	.reloc	ascii	高	1.00	2@3l3
CEO.exe+4FFE9D	0x8FFE9D	.reloc	ascii	高	1.00	3$4R4
CEO.exe+4FFEB5	0x8FFEB5	.reloc	ascii	高	1.00	515C5c5h5y5~5
CEO.exe+4FFED3	0x8FFED3	.reloc	ascii	高	1.00	5'6R6r6~6
CEO.exe+4FFEED	0x8FFEED	.reloc	ascii	高	1.00	7>7D7Y7y7
CEO.exe+4FFF01	0x8FFF01	.reloc	ascii	高	1.00	8B8H8s8
CEO.exe+4FFF17	0x8FFF17	.reloc	ascii	高	1.00	8*949:9^9l9v9{9
CEO.exe+4FFF35	0x8FFF35	.reloc	ascii	高	1.00	:$:/:4:S:i:t:
CEO.exe+4FFF59	0x8FFF59	.reloc	ascii	高	1.00	;%;:;O;e;y;
CEO.exe+4FFF79	0x8FFF79	.reloc	ascii	高	1.00	<#<6<;<@<a<f<p<z<
CEO.exe+4FFF9F	0x8FFF9F	.reloc	ascii	高	1.00	=#=)=.=8=>=B=H=L=R=V=\=`=f=j=p=t=
CEO.exe+4FFFDB	0x8FFFDB	.reloc	ascii	高	1.00	>(>1>:>F>R>^>j>v>
CEO.exe+500009	0x900009	.reloc	ascii	高	1.00	?$?0?>?L?j?v?
CEO.exe+500030	0x900030	.reloc	ascii	高	1.00	V0e0x0
CEO.exe+500045	0x900045	.reloc	ascii	高	1.00	1A1F1P1j1~1
CEO.exe+500053	0x900053	.reloc	ascii	高	1.00	1%2b2
CEO.exe+50006D	0x90006D	.reloc	ascii	高	1.00	3&454H4V4o4
CEO.exe+500087	0x900087	.reloc	ascii	高	1.00	5 5:5N5c5
CEO.exe+50009D	0x90009D	.reloc	ascii	高	1.00	6W7u7
CEO.exe+5000BB	0x9000BB	.reloc	ascii	高	1.00	8-8F8O8_8l8
CEO.exe+5000DB	0x9000DB	.reloc	ascii	高	1.00	9+9D9]9u9
CEO.exe+5000F3	0x9000F3	.reloc	ascii	高	1.00	9R;;<
CEO.exe+50010D	0x90010D	.reloc	ascii	高	1.00	1N1Q2V2`2q2w2
CEO.exe+50012B	0x90012B	.reloc	ascii	高	1.00	3.3:3Y3n3
CEO.exe+500137	0x900137	.reloc	ascii	高	1.00	3K4]4
CEO.exe+50013D	0x90013D	.reloc	ascii	高	1.00	455v5
CEO.exe+50015F	0x90015F	.reloc	ascii	高	1.00	8&848B8U8
CEO.exe+500177	0x900177	.reloc	ascii	高	1.00	9(9.92989<9B9F9L9P9Z9`9k9t9
CEO.exe+5001A7	0x9001A7	.reloc	ascii	高	1.00	:3:8:=:B:Z:e:x:
CEO.exe+5001C3	0x9001C3	.reloc	ascii	高	1.00	;';7;V;
CEO.exe+5001D1	0x9001D1	.reloc	ascii	高	1.00	< <&<9<B<^<e<k<u<}<
CEO.exe+5001F3	0x9001F3	.reloc	ascii	高	1.00	=-=?=W=
CEO.exe+5001FB	0x9001FB	.reloc	ascii	高	1.00	=>>O>
CEO.exe+500203	0x900203	.reloc	ascii	高	1.00	?-?=?O?T?Y?^?i?~?
CEO.exe+500235	0x900235	.reloc	ascii	高	1.00	0 01060@0Q0W0b0k0
CEO.exe+500257	0x900257	.reloc	ascii	高	1.00	1!1%1+1/15191?1C1I1M1S1W1b1g1r1{1
CEO.exe+50027B	0x90027B	.reloc	ascii	高	1.00	115E5O5W5_5v5
CEO.exe+50029F	0x90029F	.reloc	ascii	高	1.00	676=6V6_6i6w6
CEO.exe+5002C3	0x9002C3	.reloc	ascii	高	1.00	7Q7\7e7
CEO.exe+5002DB	0x9002DB	.reloc	ascii	高	1.00	8'828M8^8t8{8
CEO.exe+5002FF	0x9002FF	.reloc	ascii	高	1.00	9%9/999C9M9
CEO.exe+50031B	0x90031B	.reloc	ascii	高	1.00	<\<r<x<
CEO.exe+50032B	0x90032B	.reloc	ascii	高	1.00	= =6=@=V=a=p=
CEO.exe+500361	0x900361	.reloc	ascii	高	1.00	>)?2?9???Q?Z?e?z?
CEO.exe+500391	0x900391	.reloc	ascii	高	1.00	0:0?0D0O0U0z0
CEO.exe+5003AF	0x9003AF	.reloc	ascii	高	1.00	0o1|1
CEO.exe+5003C5	0x9003C5	.reloc	ascii	高	1.00	4+424J4
CEO.exe+5003CF	0x9003CF	.reloc	ascii	高	1.00	5/5M5T5c5l5
CEO.exe+5003E3	0x9003E3	.reloc	ascii	高	1.00	626=6l6w6
CEO.exe+500403	0x900403	.reloc	ascii	高	1.00	7'7:7O7k7q7~7
CEO.exe+500421	0x900421	.reloc	ascii	高	1.00	8&8+8n8
CEO.exe+50042D	0x90042D	.reloc	ascii	高	1.00	9,979R9z9
CEO.exe+50043D	0x90043D	.reloc	ascii	高	1.00	9):/:;:O:V:\:e:z:
CEO.exe+50045B	0x90045B	.reloc	ascii	高	1.00	:1;5;A;N;\;j;o;v;};
CEO.exe+50048B	0x90048B	.reloc	ascii	高	1.00	<+<A<S<X<b<h<r<}<
CEO.exe+5004AF	0x9004AF	.reloc	ascii	高	1.00	= =;=E=S=q=v={=
CEO.exe+5004D3	0x9004D3	.reloc	ascii	高	1.00	>1>6>@>Q>W>b>k>
CEO.exe+50050D	0x90050D	.reloc	ascii	高	1.00	?1?:?R?_?l?
CEO.exe+500533	0x900533	.reloc	ascii	高	1.00	0(0,0004080L0U0\0h0
CEO.exe+50055F	0x90055F	.reloc	ascii	高	1.00	13191C1H1k1q1{1
CEO.exe+500581	0x900581	.reloc	ascii	高	1.00	2(252;2H2R2]2w2
CEO.exe+5005A1	0x9005A1	.reloc	ascii	高	1.00	3S3]3h3u3|3
CEO.exe+5005C1	0x9005C1	.reloc	ascii	高	1.00	4*4;4F4`4d4h4l4
CEO.exe+5005ED	0x9005ED	.reloc	ascii	高	1.00	5)5/5:5G5N5Y5e5s5
CEO.exe+500615	0x900615	.reloc	ascii	高	1.00	6"606L6_6r6
CEO.exe+500631	0x900631	.reloc	ascii	高	1.00	707M7`7s7
CEO.exe+50064B	0x90064B	.reloc	ascii	高	1.00	8'808E8b8u8
CEO.exe+500671	0x900671	.reloc	ascii	高	1.00	9#9-9B9K9T9\9z9
CEO.exe+5006A3	0x9006A3	.reloc	ascii	高	1.00	;;;\;g;m;
CEO.exe+5006C1	0x9006C1	.reloc	ascii	高	1.00	<(<.<7<=<H<V<\<m<~<
CEO.exe+5006E1	0x9006E1	.reloc	ascii	高	1.00	<6=D=R=^=l=x=
CEO.exe+500709	0x900709	.reloc	ascii	高	1.00	>&>0>>>I>_>f>p>u>
CEO.exe+50072F	0x90072F	.reloc	ascii	高	1.00	? ?1???a?r?~?
CEO.exe+500753	0x900753	.reloc	ascii	高	1.00	0+070?0r0
CEO.exe+500767	0x900767	.reloc	ascii	高	1.00	0$1<1`1l1
CEO.exe+50077D	0x90077D	.reloc	ascii	高	1.00	2=2L2[2g2
CEO.exe+500793	0x900793	.reloc	ascii	高	1.00	3'393H3`3
CEO.exe+5007AB	0x9007AB	.reloc	ascii	高	1.00	4/4:4J4W4o4
CEO.exe+5007C5	0x9007C5	.reloc	ascii	高	1.00	535H5V5m5
CEO.exe+5007DB	0x9007DB	.reloc	ascii	高	1.00	5 6,6A6W6b6s6
CEO.exe+5007F5	0x9007F5	.reloc	ascii	高	1.00	7(7=7b7t7
CEO.exe+500809	0x900809	.reloc	ascii	高	1.00	8"838S8h8
CEO.exe+50082B	0x90082B	.reloc	ascii	高	1.00	9'9-91979;9A9E9K9O9Y9_9j9s9
CEO.exe+50089D	0x90089D	.reloc	ascii	高	1.00	='=5=W=h=t=
CEO.exe+5008B7	0x9008B7	.reloc	ascii	高	1.00	>$>,>a>
CEO.exe+5008CB	0x9008CB	.reloc	ascii	高	1.00	?=?H?T?t?
CEO.exe+5008EB	0x9008EB	.reloc	ascii	高	1.00	020A0G0z0
CEO.exe+500901	0x900901	.reloc	ascii	高	1.00	1!101R1f1r1
CEO.exe+50091B	0x90091B	.reloc	ascii	高	1.00	2)292e2p2|2
CEO.exe+500939	0x900939	.reloc	ascii	高	1.00	3D3O3[3{3
CEO.exe+500951	0x900951	.reloc	ascii	高	1.00	4(4T4_4k4
CEO.exe+50096B	0x90096B	.reloc	ascii	高	1.00	5F5X5d5z5
CEO.exe+500981	0x900981	.reloc	ascii	高	1.00	5#606a6f6p6
CEO.exe+5009A1	0x9009A1	.reloc	ascii	高	1.00	7#7(7>7x7
CEO.exe+5009B3	0x9009B3	.reloc	ascii	高	1.00	8?8O8`8o8
CEO.exe+5009D1	0x9009D1	.reloc	ascii	高	1.00	9g:y:
CEO.exe+5009D9	0x9009D9	.reloc	ascii	高	1.00	;Q<m<
CEO.exe+5009E9	0x9009E9	.reloc	ascii	高	1.00	>B?^?
CEO.exe+5009FD	0x9009FD	.reloc	ascii	高	1.00	0'0-01070;0A0E0K0O0U0Y0c0i0t0}0
CEO.exe+500A53	0x900A53	.reloc	ascii	高	1.00	3&484v4
CEO.exe+500A69	0x900A69	.reloc	ascii	高	1.00	9):9:~:
CEO.exe+500A79	0x900A79	.reloc	ascii	高	1.00	=*=2=8=>=C=
CEO.exe+500A99	0x900A99	.reloc	ascii	高	1.00	1K1r1
CEO.exe+500ACB	0x900ACB	.reloc	ascii	高	1.00	8$858E8V8^8r8
CEO.exe+500AF5	0x900AF5	.reloc	ascii	高	1.00	:!:::@:J:U:[:{:
CEO.exe+500B0D	0x900B0D	.reloc	ascii	高	1.00	:&;3;E;N;T;e;
CEO.exe+500B2B	0x900B2B	.reloc	ascii	高	1.00	<"<(<9<S<X<b<n<
CEO.exe+500B45	0x900B45	.reloc	ascii	高	1.00	=%=-=2=C=]=b=
CEO.exe+500B6D	0x900B6D	.reloc	ascii	高	1.00	>a>q>
CEO.exe+500B85	0x900B85	.reloc	ascii	高	1.00	?.?N?W?]?h?{?
CEO.exe+500BA5	0x900BA5	.reloc	ascii	高	1.00	0/0F0U0l0t0y0
CEO.exe+500BBB	0x900BBB	.reloc	ascii	高	1.00	0E1Y1g1n2
CEO.exe+500BD3	0x900BD3	.reloc	ascii	高	1.00	9G:!;,;};
CEO.exe+500C00	0x900C00	.reloc	ascii	高	1.00	70<0d0
CEO.exe+500C19	0x900C19	.reloc	ascii	高	1.00	3?4F4
CEO.exe+500C2F	0x900C2F	.reloc	ascii	高	1.00	7$7:7j7
CEO.exe+500C61	0x900C61	.reloc	ascii	高	1.00	?[?b?
CEO.exe+500C75	0x900C75	.reloc	ascii	高	1.00	1I1`1
CEO.exe+500C7B	0x900C7B	.reloc	ascii	高	1.00	1;2C2S2_2t2
CEO.exe+500C91	0x900C91	.reloc	ascii	高	1.00	7`8z8
CEO.exe+500CA8	0x900CA8	.reloc	ascii	高	1.00	33<3~3
CEO.exe+500CB1	0x900CB1	.reloc	ascii	高	1.00	4Z6k6|6
CEO.exe+500CC5	0x900CC5	.reloc	ascii	高	1.00	7T7e7
CEO.exe+500CE5	0x900CE5	.reloc	ascii	高	1.00	<H=L=P=T=X=r=|=
CEO.exe+500D05	0x900D05	.reloc	ascii	高	1.00	>1>P>~>
CEO.exe+500D2D	0x900D2D	.reloc	ascii	高	1.00	0#0J0Y0
CEO.exe+500D39	0x900D39	.reloc	ascii	高	1.00	1N1h1p1~1
CEO.exe+500D67	0x900D67	.reloc	ascii	高	1.00	6+6;6J6
CEO.exe+500D7F	0x900D7F	.reloc	ascii	高	1.00	=:=e=
CEO.exe+500D8D	0x900D8D	.reloc	ascii	高	1.00	>n>u>
CEO.exe+500D95	0x900D95	.reloc	ascii	高	1.00	?_?f?
CEO.exe+500DA5	0x900DA5	.reloc	ascii	高	1.00	0(0y0
CEO.exe+500DC7	0x900DC7	.reloc	ascii	高	1.00	2&383d3t3z3
CEO.exe+500DE7	0x900DE7	.reloc	ascii	高	1.00	6L6R6
CEO.exe+500DEF	0x900DEF	.reloc	ascii	高	1.00	6/8E8[8
CEO.exe+500E0F	0x900E0F	.reloc	ascii	高	1.00	:4:9:D:
CEO.exe+500E17	0x900E17	.reloc	ascii	高	1.00	:m<s<
CEO.exe+500E23	0x900E23	.reloc	ascii	高	1.00	<*=4=9=B=H=M=V=[=c=l=q=y=
CEO.exe+500E4D	0x900E4D	.reloc	ascii	高	1.00	>A>P>_>l>y>
CEO.exe+500E65	0x900E65	.reloc	ascii	高	1.00	?,?5?C?Y?y?~?
CEO.exe+500E87	0x900E87	.reloc	ascii	高	1.00	0N0c0s0
CEO.exe+500E9F	0x900E9F	.reloc	ascii	高	1.00	1J1V2h2
CEO.exe+500EA9	0x900EA9	.reloc	ascii	高	1.00	3'3J3
CEO.exe+500EB7	0x900EB7	.reloc	ascii	高	1.00	6'676R6W6^6
CEO.exe+500EC9	0x900EC9	.reloc	ascii	高	1.00	7g7n8
CEO.exe+500EDB	0x900EDB	.reloc	ascii	高	1.00	=d=i=q=
CEO.exe+500EE5	0x900EE5	.reloc	ascii	高	1.00	>.?7?C?w?
CEO.exe+500F07	0x900F07	.reloc	ascii	高	1.00	0(0W0j0
CEO.exe+500F11	0x900F11	.reloc	ascii	高	1.00	0+101A1F1W1\1j1o1x1
CEO.exe+500F2B	0x900F2B	.reloc	ascii	高	1.00	1'202:2Z2t2
CEO.exe+500F49	0x900F49	.reloc	ascii	高	1.00	4(494J4S4^4d4i4
CEO.exe+500F71	0x900F71	.reloc	ascii	高	1.00	898D8
CEO.exe+500F81	0x900F81	.reloc	ascii	高	1.00	9(9-9G9i9y9
CEO.exe+500F9B	0x900F9B	.reloc	ascii	高	1.00	:$:<:B:K:T:i:o:z:
CEO.exe+500FB9	0x900FB9	.reloc	ascii	高	1.00	;3;P;X;m;~;
CEO.exe+500FD7	0x900FD7	.reloc	ascii	高	1.00	<,<4<
CEO.exe+500FEF	0x900FEF	.reloc	ascii	高	1.00	=%=1=J=q=|=
CEO.exe+501013	0x901013	.reloc	ascii	高	1.00	>$>,>:>C>T>b>p>
CEO.exe+50103B	0x90103B	.reloc	ascii	高	1.00	?0?;?~?
CEO.exe+501057	0x901057	.reloc	ascii	高	1.00	0&0+0E0g0t0~0
CEO.exe+501071	0x901071	.reloc	ascii	高	1.00	0#1*1@1X1s1
CEO.exe+501091	0x901091	.reloc	ascii	高	1.00	2(2L2V2`2
CEO.exe+5010AD	0x9010AD	.reloc	ascii	高	1.00	353;3A3L3R3_3
CEO.exe+5010BF	0x9010BF	.reloc	ascii	高	1.00	4$454@4U4h4n4t4}4
CEO.exe+5010DD	0x9010DD	.reloc	ascii	高	1.00	595D5
CEO.exe+5010EF	0x9010EF	.reloc	ascii	高	1.00	6"6<6^6n6v6
CEO.exe+501107	0x901107	.reloc	ascii	高	1.00	7$7<7B7K7T7i7o7z7
CEO.exe+501123	0x901123	.reloc	ascii	高	1.00	818:8O8`8f8q8z8
CEO.exe+501141	0x901141	.reloc	ascii	高	1.00	9_9e9k9t9|9
CEO.exe+501159	0x901159	.reloc	ascii	高	1.00	9":+:3:J:u:
CEO.exe+501169	0x901169	.reloc	ascii	高	1.00	:';0;6;C;[;`;z;
CEO.exe+50118B	0x90118B	.reloc	ascii	高	1.00	<e<y<
CEO.exe+5011A3	0x9011A3	.reloc	ascii	高	1.00	=/=>=f=l=
CEO.exe+5011C1	0x9011C1	.reloc	ascii	高	1.00	>!>3>B>
CEO.exe+5011D7	0x9011D7	.reloc	ascii	高	1.00	?T?c?q?w?
CEO.exe+5011EC	0x9011EC	.reloc	ascii	高	1.00	Z1\t2
CEO.exe+5011F1	0x9011F1	.reloc	ascii	高	1.00	2'5U5q5
CEO.exe+501205	0x901205	.reloc	ascii	高	1.00	7/7G7n7
CEO.exe+501221	0x901221	.reloc	ascii	高	1.00	<O<6=
CEO.exe+50123F	0x90123F	.reloc	ascii	高	1.00	6$737
CEO.exe+501245	0x901245	.reloc	ascii	高	1.00	:9:H:
CEO.exe+50124F	0x90124F	.reloc	ascii	高	1.00	=u=5>o>
CEO.exe+501264	0x901264	.reloc	ascii	高	1.00	;001t1x1|1
CEO.exe+5012C1	0x9012C1	.reloc	ascii	高	1.00	0\t3F3
CEO.exe+50131D	0x90131D	.reloc	ascii	高	1.00	5W6\6
CEO.exe+501329	0x901329	.reloc	ascii	高	1.00	737Z7h7
CEO.exe+501341	0x901341	.reloc	ascii	高	1.00	9B:-;
CEO.exe+50134F	0x90134F	.reloc	ascii	高	1.00	=)=<=r=
CEO.exe+50135F	0x90135F	.reloc	ascii	高	1.00	> >5>E>W>n>
CEO.exe+50137D	0x90137D	.reloc	ascii	高	1.00	0O1g1
CEO.exe+501383	0x901383	.reloc	ascii	高	1.00	1@2G2
CEO.exe+50139B	0x90139B	.reloc	ascii	高	1.00	4/454=4F4Y4r4x4}4
CEO.exe+5013B3	0x9013B3	.reloc	ascii	高	1.00	4%5+5U5,6
CEO.exe+5013C1	0x9013C1	.reloc	ascii	高	1.00	7K8\8q8
CEO.exe+5013CF	0x9013CF	.reloc	ascii	高	1.00	:.:E:W:l:}:
CEO.exe+5013DB	0x9013DB	.reloc	ascii	高	1.00	:>;E;`;g;n;
CEO.exe+5013EB	0x9013EB	.reloc	ascii	高	1.00	=!='=N=T=b=v=
CEO.exe+50140B	0x90140B	.reloc	ascii	高	1.00	>->8>J>P>
CEO.exe+501429	0x901429	.reloc	ascii	高	1.00	?(?3?E?K?v?
CEO.exe+501455	0x901455	.reloc	ascii	高	1.00	0)050<0T0_0k0q0
CEO.exe+501471	0x901471	.reloc	ascii	高	1.00	1(1.1O1Y1_1k1u1~1
CEO.exe+501491	0x901491	.reloc	ascii	高	1.00	2$2-242<2L205;5
CEO.exe+5014A5	0x9014A5	.reloc	ascii	高	1.00	6!6.656:6
CEO.exe+5014B1	0x9014B1	.reloc	ascii	高	1.00	6<7E7
CEO.exe+5014C5	0x9014C5	.reloc	ascii	高	1.00	8l8u8
CEO.exe+5014DD	0x9014DD	.reloc	ascii	高	1.00	<(=e=l=M?Y?
CEO.exe+5014FF	0x9014FF	.reloc	ascii	高	1.00	1#2v2
CEO.exe+50150F	0x90150F	.reloc	ascii	高	1.00	3t375N5]5i5u5
CEO.exe+501531	0x901531	.reloc	ascii	高	1.00	8&9a9
CEO.exe+501563	0x901563	.reloc	ascii	高	1.00	0-050L0Y0m0u0
CEO.exe+501583	0x901583	.reloc	ascii	高	1.00	11191P1]1q1w1
CEO.exe+50159B	0x90159B	.reloc	ascii	高	1.00	3'3?3i3
CEO.exe+5015A5	0x9015A5	.reloc	ascii	高	1.00	3<4b4
CEO.exe+5015AD	0x9015AD	.reloc	ascii	高	1.00	4U5f5q5
CEO.exe+5015D1	0x9015D1	.reloc	ascii	高	1.00	7$7m7
CEO.exe+5015D7	0x9015D7	.reloc	ascii	高	1.00	7J8T9
CEO.exe+5015DF	0x9015DF	.reloc	ascii	高	1.00	9-:<:
CEO.exe+5015F1	0x9015F1	.reloc	ascii	高	1.00	>$?G?
CEO.exe+50162B	0x90162B	.reloc	ascii	高	1.00	7*737i7r7
CEO.exe+50163B	0x90163B	.reloc	ascii	高	1.00	718:8t8}8
CEO.exe+501679	0x901679	.reloc	ascii	高	1.00	1:2U2
CEO.exe+501681	0x901681	.reloc	ascii	高	1.00	223M3
CEO.exe+501689	0x901689	.reloc	ascii	高	1.00	3X4s4m5
CEO.exe+501693	0x901693	.reloc	ascii	高	1.00	586|6
CEO.exe+5016A1	0x9016A1	.reloc	ascii	高	1.00	8e9k9q9
CEO.exe+5016BD	0x9016BD	.reloc	ascii	高	1.00	2V7h7J8P8
CEO.exe+5016CD	0x9016CD	.reloc	ascii	高	1.00	:U:^:d:u:
CEO.exe+5016E3	0x9016E3	.reloc	ascii	高	1.00	;R;r;
CEO.exe+5016EF	0x9016EF	.reloc	ascii	高	1.00	;2<I<
CEO.exe+5016F9	0x9016F9	.reloc	ascii	高	1.00	<O=v=
CEO.exe+50170D	0x90170D	.reloc	ascii	高	1.00	>3>m>
CEO.exe+501741	0x901741	.reloc	ascii	高	1.00	2&282i2r2x2
CEO.exe+501757	0x901757	.reloc	ascii	高	1.00	344B4a4
CEO.exe+50177B	0x90177B	.reloc	ascii	高	1.00	5 5*545R5]5b5m5w5
CEO.exe+50179B	0x90179B	.reloc	ascii	高	1.00	6)606T6^6h6
CEO.exe+5017BF	0x9017BF	.reloc	ascii	高	1.00	7!7,7I7Q7b7
CEO.exe+5017DF	0x9017DF	.reloc	ascii	高	1.00	8,888S8]8e8n8y8~8
CEO.exe+501803	0x901803	.reloc	ascii	高	1.00	9'919b9h9p9v9~9
CEO.exe+501831	0x901831	.reloc	ascii	高	1.00	;);2;=;[;e;s;
CEO.exe+50184B	0x90184B	.reloc	ascii	高	1.00	;+<9<W<b<y<
CEO.exe+501867	0x901867	.reloc	ascii	高	1.00	>2?=?M?V?y?
CEO.exe+501887	0x901887	.reloc	ascii	高	1.00	0%0:0G0
CEO.exe+501891	0x901891	.reloc	ascii	高	1.00	3W3f3
CEO.exe+50189B	0x90189B	.reloc	ascii	高	1.00	4%4V4]4
CEO.exe+5018B3	0x9018B3	.reloc	ascii	高	1.00	5!515A5U5m5t5
CEO.exe+5018D7	0x9018D7	.reloc	ascii	高	1.00	6'6c6j6p6}6
CEO.exe+5018FB	0x9018FB	.reloc	ascii	高	1.00	7!7*757:7A7S7X7^7h7
CEO.exe+50192D	0x90192D	.reloc	ascii	高	1.00	9(969:9A9O9\9j9r9
CEO.exe+50195D	0x90195D	.reloc	ascii	高	1.00	:6:]:x:
CEO.exe+501981	0x901981	.reloc	ascii	高	1.00	;);7;D;S;k;z;
CEO.exe+5019B3	0x9019B3	.reloc	ascii	高	1.00	< <1<M<U<`<f<l<u<~<
CEO.exe+5019D1	0x9019D1	.reloc	ascii	高	1.00	=+=5=;=E=Q=c=r=
CEO.exe+5019F5	0x9019F5	.reloc	ascii	高	1.00	>$>0>@>
CEO.exe+501A11	0x901A11	.reloc	ascii	高	1.00	>;?p?
CEO.exe+501A31	0x901A31	.reloc	ascii	高	1.00	0+030C0K0X0a0j0p0v0
CEO.exe+501A57	0x901A57	.reloc	ascii	高	1.00	101^1
CEO.exe+501A75	0x901A75	.reloc	ascii	高	1.00	4,4044484<4@4D4]4|4
CEO.exe+501A95	0x901A95	.reloc	ascii	高	1.00	4$5(5,5054585<517
CEO.exe+501AAB	0x901AAB	.reloc	ascii	高	1.00	7D8L8v8|8
CEO.exe+501AC3	0x901AC3	.reloc	ascii	高	1.00	1c1k1
CEO.exe+501AD5	0x901AD5	.reloc	ascii	高	1.00	8`8::O:
CEO.exe+501AE9	0x901AE9	.reloc	ascii	高	1.00	;'<-<p<
CEO.exe+501B0B	0x901B0B	.reloc	ascii	高	1.00	=)>8>E>\>r>x>
CEO.exe+501B2F	0x901B2F	.reloc	ascii	高	1.00	3O4X4
CEO.exe+501B41	0x901B41	.reloc	ascii	高	1.00	5Q6W6
CEO.exe+501B61	0x901B61	.reloc	ascii	高	1.00	=8=`=
CEO.exe+501B6B	0x901B6B	.reloc	ascii	高	1.00	> >$>(>,>0>4>
CEO.exe+501B84	0x901B84	.reloc	ascii	高	1.00	%0[0
CEO.exe+501BAD	0x901BAD	.reloc	ascii	高	1.00	8!9";O;U;
CEO.exe+501BBD	0x901BBD	.reloc	ascii	高	1.00	<)<`<x<|<
CEO.exe+501BED	0x901BED	.reloc	ascii	高	1.00	080<0@0D0H0L0P0m0
CEO.exe+501C1B	0x901C1B	.reloc	ascii	高	1.00	101d1h1l1p1t1x1|1
CEO.exe+501C2F	0x901C2F	.reloc	ascii	高	1.00	1V2{2
CEO.exe+501C3D	0x901C3D	.reloc	ascii	高	1.00	3#4d4
CEO.exe+501C4B	0x901C4B	.reloc	ascii	高	1.00	5=5D5
CEO.exe+501C59	0x901C59	.reloc	ascii	高	1.00	5D6X6p6
CEO.exe+501C63	0x901C63	.reloc	ascii	高	1.00	6a7h7
CEO.exe+501C6B	0x901C6B	.reloc	ascii	高	1.00	7P8Y8_8]9~9C:}:
CEO.exe+501C85	0x901C85	.reloc	ascii	高	1.00	;S;`;m;z;
CEO.exe+501C99	0x901C99	.reloc	ascii	高	1.00	<K<P<
CEO.exe+501CA5	0x901CA5	.reloc	ascii	高	1.00	=\t=[=g=l=y=
CEO.exe+501CCF	0x901CCF	.reloc	ascii	高	1.00	0 0$0(0,000M0x0|0
CEO.exe+501CF3	0x901CF3	.reloc	ascii	高	1.00	282M2
CEO.exe+501D13	0x901D13	.reloc	ascii	高	1.00	4o4x4
CEO.exe+501D31	0x901D31	.reloc	ascii	高	1.00	788<8@8D8D9
CEO.exe+501D45	0x901D45	.reloc	ascii	高	1.00	:S;f>x>
CEO.exe+501D4D	0x901D4D	.reloc	ascii	高	1.00	>F?U?q?~?
CEO.exe+501D6B	0x901D6B	.reloc	ascii	高	1.00	2<4Z4
CEO.exe+501D77	0x901D77	.reloc	ascii	高	1.00	5Y6c6i6x6
CEO.exe+501D89	0x901D89	.reloc	ascii	高	1.00	828:8T8[8`8m8v8
CEO.exe+501DAD	0x901DAD	.reloc	ascii	高	1.00	:(:2:=:H:L:P:T:
CEO.exe+501DC7	0x901DC7	.reloc	ascii	高	1.00	=q>|>
CEO.exe+501DEB	0x901DEB	.reloc	ascii	高	1.00	0 0$0:0
CEO.exe+501E01	0x901E01	.reloc	ascii	高	1.00	2!313u3
CEO.exe+501E35	0x901E35	.reloc	ascii	高	1.00	0"0-0
CEO.exe+501E47	0x901E47	.reloc	ascii	高	1.00	:':-:f:t:
CEO.exe+501E55	0x901E55	.reloc	ascii	高	1.00	;#;6;D;N=
CEO.exe+501E77	0x901E77	.reloc	ascii	高	1.00	1?2K2P2
CEO.exe+501E87	0x901E87	.reloc	ascii	高	1.00	303U3
CEO.exe+501EA3	0x901EA3	.reloc	ascii	高	1.00	6]7n7
CEO.exe+501EB9	0x901EB9	.reloc	ascii	高	1.00	8=8F8e8x8
CEO.exe+501ECD	0x901ECD	.reloc	ascii	高	1.00	8!919Q9Z9t9
CEO.exe+501EED	0x901EED	.reloc	ascii	高	1.00	:(;5;@;O;V;l;u;|;
CEO.exe+501F0D	0x901F0D	.reloc	ascii	高	1.00	<0<9<E<^<n<w<
CEO.exe+501F2F	0x901F2F	.reloc	ascii	高	1.00	=3=<=H=p=v=
CEO.exe+501F49	0x901F49	.reloc	ascii	高	1.00	>%>/>9>_>i>v>
CEO.exe+501F67	0x901F67	.reloc	ascii	高	1.00	?7?H?U?b?l?v?
CEO.exe+501F8F	0x901F8F	.reloc	ascii	高	1.00	010:0G0x0
CEO.exe+501FAB	0x901FAB	.reloc	ascii	高	1.00	1"1@1L1Y1w1
CEO.exe+501FC7	0x901FC7	.reloc	ascii	高	1.00	2m2x2
CEO.exe+501FDD	0x901FDD	.reloc	ascii	高	1.00	3%3+3v3
CEO.exe+501FE9	0x901FE9	.reloc	ascii	高	1.00	3F4k4
CEO.exe+501FF9	0x901FF9	.reloc	ascii	高	1.00	596z6
CEO.exe+50200B	0x90200B	.reloc	ascii	高	1.00	6\t7/7M7T7X7\7`7d7h7l7p7
CEO.exe+50202B	0x90202B	.reloc	ascii	高	1.00	728=8X8_8d8h8l8
CEO.exe+50204F	0x90204F	.reloc	ascii	高	1.00	9V9\9`9d9h9
CEO.exe+50207F	0x90207F	.reloc	ascii	高	1.00	:2:N:
CEO.exe+50208F	0x90208F	.reloc	ascii	高	1.00	?(?b?
CEO.exe+5020A0	0x9020A0	.reloc	ascii	高	1.00	Z0g0w0
CEO.exe+5020B3	0x9020B3	.reloc	ascii	高	1.00	5H6M6V6e6
CEO.exe+5020E1	0x9020E1	.reloc	ascii	高	1.00	848?8Y8d8l8|8
CEO.exe+5020FB	0x9020FB	.reloc	ascii	高	1.00	9$9O9
CEO.exe+502101	0x902101	.reloc	ascii	高	1.00	:L:d:k:s:x:|:
CEO.exe+502125	0x902125	.reloc	ascii	高	1.00	;Z;`;d;h;l;
CEO.exe+50213D	0x90213D	.reloc	ascii	高	1.00	<-<W<
CEO.exe+502178	0x902178	.reloc	ascii	高	1.00	S0f0
CEO.exe+50218D	0x90218D	.reloc	ascii	高	1.00	1)1_1
CEO.exe+5021AD	0x9021AD	.reloc	ascii	高	1.00	7.7B7
CEO.exe+5021BB	0x9021BB	.reloc	ascii	高	1.00	8A8L8^8p8
CEO.exe+5021D7	0x9021D7	.reloc	ascii	高	1.00	8C9H9R9
CEO.exe+5021E3	0x9021E3	.reloc	ascii	高	1.00	:a;h;
CEO.exe+5021ED	0x9021ED	.reloc	ascii	高	1.00	;m<t<
CEO.exe+5021FF	0x9021FF	.reloc	ascii	高	1.00	>+?6?R?X?j?
CEO.exe+50221B	0x90221B	.reloc	ascii	高	1.00	0;0j0p0
CEO.exe+50222F	0x90222F	.reloc	ascii	高	1.00	1B2|2b3^4
CEO.exe+502239	0x902239	.reloc	ascii	高	1.00	4r5?6F6
CEO.exe+502243	0x902243	.reloc	ascii	高	1.00	6$7Q7I9K;
CEO.exe+50224D	0x90224D	.reloc	ascii	高	1.00	;*<1<S<Z<
CEO.exe+502271	0x902271	.reloc	ascii	高	1.00	1(1b2
CEO.exe+50227B	0x90227B	.reloc	ascii	高	1.00	3+363e3p3
CEO.exe+502289	0x902289	.reloc	ascii	高	1.00	3"4-4?4K4Q4k4z4
CEO.exe+5022AB	0x9022AB	.reloc	ascii	高	1.00	5+555[5
CEO.exe+5022C3	0x9022C3	.reloc	ascii	高	1.00	6#6)60676>6E6L6S6Z6b6j6r6~6
CEO.exe+502315	0x902315	.reloc	ascii	高	1.00	2(6/6B6U6#7D8=9
CEO.exe+502339	0x902339	.reloc	ascii	高	1.00	0,2!3(393?3J3T3Z3f3l3u3{3
CEO.exe+50236D	0x90236D	.reloc	ascii	高	1.00	414W4
CEO.exe+50238B	0x90238B	.reloc	ascii	高	1.00	6Z6j6p6|6
CEO.exe+5023B7	0x9023B7	.reloc	ascii	高	1.00	7"7*737?7D7I7O7S7Y7^7d7i7x7
CEO.exe+5023EF	0x9023EF	.reloc	ascii	高	1.00	8#8?8
CEO.exe+5023FF	0x9023FF	.reloc	ascii	高	1.00	80959s9{9
CEO.exe+502411	0x902411	.reloc	ascii	高	1.00	:':0:;:C:a:m:
CEO.exe+502425	0x902425	.reloc	ascii	高	1.00	:D;~;
CEO.exe+502433	0x902433	.reloc	ascii	高	1.00	<4<T<
CEO.exe+502445	0x902445	.reloc	ascii	高	1.00	>D>h>q>|>
CEO.exe+502469	0x902469	.reloc	ascii	高	1.00	0(1g1
CEO.exe+502471	0x902471	.reloc	ascii	高	1.00	2+232T2
CEO.exe+50249D	0x90249D	.reloc	ascii	高	1.00	:,:=:E:U:f:
CEO.exe+5024AB	0x9024AB	.reloc	ascii	高	1.00	;\;g;
CEO.exe+5024BD	0x9024BD	.reloc	ascii	高	1.00	=Q=X=e=k=
CEO.exe+5024CD	0x9024CD	.reloc	ascii	高	1.00	=*?1?
CEO.exe+5024ED	0x9024ED	.reloc	ascii	高	1.00	5,7o7
CEO.exe+50250D	0x90250D	.reloc	ascii	高	1.00	<C<L<X<
CEO.exe+50251F	0x90251F	.reloc	ascii	高	1.00	<5=;=Q=n=
CEO.exe+502531	0x902531	.reloc	ascii	高	1.00	>.?F?M?W?i?
CEO.exe+502559	0x902559	.reloc	ascii	高	1.00	010q0
CEO.exe+50256B	0x90256B	.reloc	ascii	高	1.00	1C1I1Q1
CEO.exe+502583	0x902583	.reloc	ascii	高	1.00	2c2l2r2
CEO.exe+50258F	0x90258F	.reloc	ascii	高	1.00	3%3+3J3O3p3u384=4O4m4
CEO.exe+5025AD	0x9025AD	.reloc	ascii	高	1.00	5e5}5
CEO.exe+5025C1	0x9025C1	.reloc	ascii	高	1.00	6E6b6
CEO.exe+5025CF	0x9025CF	.reloc	ascii	高	1.00	7 919k9x9
CEO.exe+5025E9	0x9025E9	.reloc	ascii	高	1.00	:":F:}:
CEO.exe+5025F3	0x9025F3	.reloc	ascii	高	1.00	:5;R;
CEO.exe+50260D	0x90260D	.reloc	ascii	高	1.00	=*=F=O=U=^=c=r=
CEO.exe+50264B	0x90264B	.reloc	ascii	高	1.00	5"9&9*9.92969:9>9B9F9J9N9U9u9z9k:
CEO.exe+502675	0x902675	.reloc	ascii	高	1.00	<d<w<
CEO.exe+5026B5	0x9026B5	.reloc	ascii	高	1.00	1S1_1
CEO.exe+5026BB	0x9026BB	.reloc	ascii	高	1.00	1?2E2
CEO.exe+5026C9	0x9026C9	.reloc	ascii	高	1.00	4>4H4
CEO.exe+5026E7	0x9026E7	.reloc	ascii	高	1.00	727Z7
CEO.exe+5026F5	0x9026F5	.reloc	ascii	高	1.00	7"8g8n8
CEO.exe+502705	0x902705	.reloc	ascii	高	1.00	959Y9
CEO.exe+502717	0x902717	.reloc	ascii	高	1.00	:):L:Y:e:m:u:
CEO.exe+50272F	0x90272F	.reloc	ascii	高	1.00	;1;Z;
CEO.exe+502741	0x902741	.reloc	ascii	高	1.00	?:?Y?
CEO.exe+502757	0x902757	.reloc	ascii	高	1.00	0A0Q0{0
CEO.exe+502769	0x902769	.reloc	ascii	高	1.00	0%111<2
CEO.exe+502771	0x902771	.reloc	ascii	高	1.00	374U4{4f;l;
CEO.exe+5027C3	0x9027C3	.reloc	ascii	高	1.00	>=>P>h>
CEO.exe+5027D1	0x9027D1	.reloc	ascii	高	1.00	?8?e?
CEO.exe+5027E8	0x9027E8	.reloc	ascii	高	1.00	"040p0
CEO.exe+502805	0x902805	.reloc	ascii	高	1.00	2$3L3
CEO.exe+50280D	0x90280D	.reloc	ascii	高	1.00	415b5
CEO.exe+502817	0x902817	.reloc	ascii	高	1.00	7[8j8
CEO.exe+50283D	0x90283D	.reloc	ascii	高	1.00	="=3=8=>=O=T=a=i=x=
CEO.exe+502868	0x902868	.reloc	ascii	高	1.00	)040p0y0
CEO.exe+502887	0x902887	.reloc	ascii	高	1.00	1O1W1c1p1w1
CEO.exe+5028BF	0x9028BF	.reloc	ascii	高	1.00	3$3F3,535
CEO.exe+5028CB	0x9028CB	.reloc	ascii	高	1.00	6:6E6K6Q6W6\9
CEO.exe+5028D9	0x9028D9	.reloc	ascii	高	1.00	9G:Z:y:
CEO.exe+5028ED	0x9028ED	.reloc	ascii	高	1.00	>?>f>
CEO.exe+50292F	0x90292F	.reloc	ascii	高	1.00	3!3&343^3
CEO.exe+502943	0x902943	.reloc	ascii	高	1.00	5=6k6
CEO.exe+50294F	0x90294F	.reloc	ascii	高	1.00	;1<=<
CEO.exe+502967	0x902967	.reloc	ascii	高	1.00	>\t>->9>E>Q>y>
CEO.exe+502989	0x902989	.reloc	ascii	高	1.00	?*?6???H?
CEO.exe+5029D5	0x9029D5	.reloc	ascii	高	1.00	7#7)73797C7L7W7\7e7o7z7
CEO.exe+5029FF	0x9029FF	.reloc	ascii	高	1.00	;H<k<
CEO.exe+502A15	0x902A15	.reloc	ascii	高	1.00	1%171]1o1
CEO.exe+502A2F	0x902A2F	.reloc	ascii	高	1.00	2#252N2
CEO.exe+502A3B	0x902A3B	.reloc	ascii	高	1.00	3~4_5
CEO.exe+502A49	0x902A49	.reloc	ascii	高	1.00	6N7e7
CEO.exe+502A59	0x902A59	.reloc	ascii	高	1.00	:H;N;
CEO.exe+502A74	0x902A74	.reloc	ascii	高	1.00	23O3t3
CEO.exe+502A7D	0x902A7D	.reloc	ascii	高	1.00	515>5]5r5z5
CEO.exe+502A8F	0x902A8F	.reloc	ascii	高	1.00	6i6+7S7c7
CEO.exe+502AAB	0x902AAB	.reloc	ascii	高	1.00	658P8f8|8
CEO.exe+502AB9	0x902AB9	.reloc	ascii	高	1.00	:(:::`:m:{:
CEO.exe+502AC7	0x902AC7	.reloc	ascii	高	1.00	;@<F<K<Q<b<m=|=j>!?
CEO.exe+502AE7	0x902AE7	.reloc	ascii	高	1.00	242D2
CEO.exe+502AF1	0x902AF1	.reloc	ascii	高	1.00	3&3Z3f3u3
CEO.exe+502B07	0x902B07	.reloc	ascii	高	1.00	6#6-6G6W6~6
CEO.exe+502B2B	0x902B2B	.reloc	ascii	高	1.00	809u9
CEO.exe+502B33	0x902B33	.reloc	ascii	高	1.00	93:j:
CEO.exe+502B3B	0x902B3B	.reloc	ascii	高	1.00	:*;Z;
CEO.exe+502B4F	0x902B4F	.reloc	ascii	高	1.00	=\t= =1=9=P=a=i=
CEO.exe+502B6F	0x902B6F	.reloc	ascii	高	1.00	>0>Z>
CEO.exe+502B88	0x902B88	.reloc	ascii	高	1.00	*0j0
CEO.exe+502B93	0x902B93	.reloc	ascii	高	1.00	11191]1
CEO.exe+502BA9	0x902BA9	.reloc	ascii	高	1.00	2\t2 21292P2
CEO.exe+502BBF	0x902BBF	.reloc	ascii	高	1.00	3\t3 31393P3z3
CEO.exe+502BDF	0x902BDF	.reloc	ascii	高	1.00	5!5+5A5K5a5k5
CEO.exe+502BFF	0x902BFF	.reloc	ascii	高	1.00	6!616;6Q6a6k6
CEO.exe+502C1F	0x902C1F	.reloc	ascii	高	1.00	7!7+7A7K7a7k7
CEO.exe+502C3F	0x902C3F	.reloc	ascii	高	1.00	8!8+8A8K8a8k8
CEO.exe+502C5F	0x902C5F	.reloc	ascii	高	1.00	919;9Q9[9q9
CEO.exe+502C7F	0x902C7F	.reloc	ascii	高	1.00	:1:6:?:I:a:k:
CEO.exe+502CA1	0x902CA1	.reloc	ascii	高	1.00	;1;;;Q;[;q;{;
CEO.exe+502CC1	0x902CC1	.reloc	ascii	高	1.00	<1<;<Q<[<q<{<
CEO.exe+502CE1	0x902CE1	.reloc	ascii	高	1.00	=1=A=K=a=k=
CEO.exe+502CFF	0x902CFF	.reloc	ascii	高	1.00	>!>+>A>K>a>k>
CEO.exe+502D1F	0x902D1F	.reloc	ascii	高	1.00	?!?+?A?K?a?k?
CEO.exe+502D47	0x902D47	.reloc	ascii	高	1.00	0!010;0Q0[0q0{0
CEO.exe+502D67	0x902D67	.reloc	ascii	高	1.00	1!1+1A1K1a1k1
CEO.exe+502D87	0x902D87	.reloc	ascii	高	1.00	2!2+2A2K2a2q2{2
CEO.exe+502DA7	0x902DA7	.reloc	ascii	高	1.00	3!3+3A3K3a3q3{3
CEO.exe+502DC9	0x902DC9	.reloc	ascii	高	1.00	414;4Q4a4k4
CEO.exe+502DE7	0x902DE7	.reloc	ascii	高	1.00	5!5+5A5K5a5q5{5
CEO.exe+502E09	0x902E09	.reloc	ascii	高	1.00	6!616;6Q6[6q6
CEO.exe+502E29	0x902E29	.reloc	ascii	高	1.00	7!7+7A7K7a7q7{7
CEO.exe+502E49	0x902E49	.reloc	ascii	高	1.00	8!8+8A8K8a8k8
CEO.exe+502E69	0x902E69	.reloc	ascii	高	1.00	9!919;9Q9[9q9
CEO.exe+502E8B	0x902E8B	.reloc	ascii	高	1.00	:1:;:Q:[:q:{:
CEO.exe+502EAB	0x902EAB	.reloc	ascii	高	1.00	;1;A;K;a;q;{;
CEO.exe+502EC9	0x902EC9	.reloc	ascii	高	1.00	<!<+<A<K<a<q<{<
CEO.exe+502EE9	0x902EE9	.reloc	ascii	高	1.00	=!=1=;=Q=[=q={=
CEO.exe+502F0B	0x902F0B	.reloc	ascii	高	1.00	>1>;>Q>a>k>
CEO.exe+502F29	0x902F29	.reloc	ascii	高	1.00	?!?+?A?K?a?k?
CEO.exe+502F53	0x902F53	.reloc	ascii	高	1.00	010;0Q0[0q0{0
CEO.exe+502F71	0x902F71	.reloc	ascii	高	1.00	1!111;1Q1a1k1
CEO.exe+502F91	0x902F91	.reloc	ascii	高	1.00	2!2&222<2Q2[2q2{2
CEO.exe+502FB1	0x902FB1	.reloc	ascii	高	1.00	3!313A3Q3a3q3
CEO.exe+502FD1	0x902FD1	.reloc	ascii	高	1.00	4!414A4Q4a4q4
CEO.exe+502FF1	0x902FF1	.reloc	ascii	高	1.00	5!515A5Q5a5j5
CEO.exe+503011	0x903011	.reloc	ascii	高	1.00	6!616A6Q6a6q6
CEO.exe+503031	0x903031	.reloc	ascii	高	1.00	7!717A7Q7a7q7
CEO.exe+503051	0x903051	.reloc	ascii	高	1.00	8!818A8Q8a8q8
CEO.exe+503071	0x903071	.reloc	ascii	高	1.00	9!919A9Q9a9q9
CEO.exe+503091	0x903091	.reloc	ascii	高	1.00	:!:1:A:Q:a:q:
CEO.exe+5030B1	0x9030B1	.reloc	ascii	高	1.00	;!;1;A;Q;a;q;
CEO.exe+5030D1	0x9030D1	.reloc	ascii	高	1.00	<!<1<A<Q<a<q<
CEO.exe+5030F1	0x9030F1	.reloc	ascii	高	1.00	=!=1=A=Q=a=q=
CEO.exe+503111	0x903111	.reloc	ascii	高	1.00	>!>1>A>Q>a>q>
CEO.exe+503131	0x903131	.reloc	ascii	高	1.00	?!?1?A?Q?a?q?
CEO.exe+50315B	0x90315B	.reloc	ascii	高	1.00	0!010A0Q0a0q0
CEO.exe+50317B	0x90317B	.reloc	ascii	高	1.00	1!111<1@1E1
CEO.exe+5031C7	0x9031C7	.reloc	ascii	高	1.00	3 3$3(3,3034383<3@3D3H3L3P3T3X3\3`3d3h3l3p3t3x3|3
CEO.exe+503247	0x903247	.reloc	ascii	高	1.00	4 4$4(4,4044484<4@4D4H4L4P4T4X4\4`4d4h4l4p4t4x4|4
CEO.exe+5032C7	0x9032C7	.reloc	ascii	高	1.00	5 5$5(5,5054585<5@5D5H5L5P5T5X5\5`5d5h5l5p5t5x5|5
CEO.exe+503347	0x903347	.reloc	ascii	高	1.00	6 6$6(6,6064686<6@6D6H6L6P6T6X6\6`6d6h6l6p6t6x6|6
CEO.exe+5033D7	0x9033D7	.reloc	ascii	高	1.00	2 2$2(2,2024282<2@2D2H2L2P2T2X2\2
CEO.exe+50340F	0x90340F	.reloc	ascii	高	1.00	1 1,1
CEO.exe+50341D	0x90341D	.reloc	ascii	高	1.00	3@3D3H3L3P3d3h3t3x3|3
CEO.exe+50343C	0x90343C	.reloc	ascii	高	1.00	j=n=r=v=
CEO.exe+503457	0x903457	.reloc	ascii	高	1.00	7$7,747<7D7L7T7\7d7l7t7|7
CEO.exe+5034BF	0x9034BF	.reloc	ascii	高	1.00	5 5$5(5,5054585<5@5D5H5L5P5T5X5\5`5d5h5l5p5t5x5|5
CEO.exe+50353F	0x90353F	.reloc	ascii	高	1.00	6 6$6(6,606
CEO.exe+503553	0x903553	.reloc	ascii	高	1.00	7 7074787@7X7\7t7
CEO.exe+503581	0x903581	.reloc	ascii	高	1.00	8 8084888<8D8\8l8p8
CEO.exe+5035B3	0x9035B3	.reloc	ascii	高	1.00	9 9$9,9D9T9X9h9l9p9x9
CEO.exe+5035DF	0x9035DF	.reloc	ascii	高	1.00	: :$:<:H:h:t:
CEO.exe+5035F9	0x9035F9	.reloc	ascii	高	1.00	;$;D;P;p;|;
CEO.exe+503611	0x903611	.reloc	ascii	高	1.00	<(<4<T<\<h<
CEO.exe+50362D	0x90362D	.reloc	ascii	高	1.00	=(=H=T=t=
CEO.exe+503643	0x903643	.reloc	ascii	高	1.00	>$>0>P>\>|>
CEO.exe+50365B	0x90365B	.reloc	ascii	高	1.00	?,?8?X?d?
CEO.exe+50367B	0x90367B	.reloc	ascii	高	1.00	040@0`0l0
CEO.exe+503693	0x903693	.reloc	ascii	高	1.00	1 1(101<1\1h1
CEO.exe+5036B1	0x9036B1	.reloc	ascii	高	1.00	2$2,282X2d2
CEO.exe+5036CB	0x9036CB	.reloc	ascii	高	1.00	343@3`3l3
CEO.exe+5036E3	0x9036E3	.reloc	ascii	高	1.00	4<4H4h4t4
CEO.exe+5036F9	0x9036F9	.reloc	ascii	高	1.00	5 5(545T5`5
CEO.exe+503717	0x903717	.reloc	ascii	高	1.00	6(6H6d6h6
CEO.exe+50372B	0x90372B	.reloc	ascii	高	1.00	7(7H7h7t7
CEO.exe+50373D	0x90373D	.reloc	ascii	高	1.00	808L8P8p8x8|8
CEO.exe+50375B	0x90375B	.reloc	ascii	高	1.00	94989T9X9`9h9p9t9|9
CEO.exe+5037A1	0x9037A1	.reloc	ascii	高	1.00	<(<H<h<
CEO.exe+5037BC	0x9037BC	.reloc	ascii	高	1.00	004080<0@0D0H0L0P0T0X0\0`0d0h0l0p0t0x0|0
CEO.exe+503857	0x903857	.reloc	ascii	高	1.00	1(141@1L1p1
CEO.exe+503867	0x903867	.reloc	ascii	高	1.00	2P2l8p8t8x8|8
CEO.exe+5038F5	0x9038F5	.reloc	ascii	高	1.00	7$7,747<7D7L7T7\7d7l7t7|7
CEO.exe+50394B	0x90394B	.reloc	ascii	高	1.00	5`7d7
CEO.exe+503985	0x903985	.reloc	ascii	高	1.00	> >$>(>,>0>4>8><>@>D>H>L>P>T>X>\>`>p>t>x>|>
CEO.exe+503A27	0x903A27	.reloc	ascii	高	1.00	2`2d2h2l2p2t2x2|2
CEO.exe+503A51	0x903A51	.reloc	ascii	高	1.00	2<6D6L6T6\6d6l6t6|6
(FO+4D)	-	(头/非节区)	ascii	高	1.00	!This program cannot be run in DOS mode.
(FO+E8)	-	(头/非节区)	ascii	高	1.00	Rich
(FO+108)	-	(头/非节区)	ascii	高	1.00	/8&d
(FO+1F8)	-	(头/非节区)	ascii	高	1.00	.text
(FO+21F)	-	(头/非节区)	ascii	高	1.00	`.rdata
(FO+247)	-	(头/非节区)	ascii	高	1.00	@.data
(FO+270)	-	(头/非节区)	ascii	高	1.00	.rsrc
(FO+297)	-	(头/非节区)	ascii	高	1.00	@.reloc
