文件	行号	内容
Bank.h	1	enum {
Bank.h	2	BTN_EXIT,
Bank.h	3	UNUSE_OBJ2,
Bank.h	4	UNUSE_OBJ3,
Bank.h	5	UNUSE_OBJ4,
Bank.h	6	UNUSE_OBJ5,
Bank.h	7	UNUSE_OBJ6,
Bank.h	8	UNUSE_OBJ7,
Bank.h	9	UNUSE_OBJ8,
Bank.h	10	UNUSE_OBJ9,
Bank.h	11	UNUSE_OBJ10,
Bank.h	12	UNUSE_OBJ11,
Bank.h	13	UNUSE_OBJ12,
Bank.h	14	UNUSE_OBJ13,
Bank.h	15	COMPANY_VALUE,
Bank.h	16	UNUSE_OBJ15,
Bank.h	17	C1,
Bank.h	18	UNUSE_OBJ17,
Bank.h	19	CREDIT_LINE,
Bank.h	20	LOAN,
Bank.h	21	LANDING_RATE,
Bank.h	22	UNUSE_OBJ23,
Bank.h	23	INTEREST,
Bank.h	24	NEW_LOAN_DEC,
Bank.h	25	NEW_LOAN_INC,
Bank.h	26	NEW_LOAN,
Bank.h	27	CREDIT_LINE1,
Bank.h	28	UNUSE_OBJ30,
Bank.h	29	ADD_INTEREST,
Bank.h	30	PAYBACK_INC,
Bank.h	31	PAYBACK,
Bank.h	32	PAYBACK_DEC,
Bank.h	33	PAYBACK_LIMIT,
Bank.h	34	SUB_INTEREST,
Bank.h	35	UNUSE_OBJ40,
Bank.h	36	ADD_OK,
Bank.h	37	SUB_OK,
Bank.h	38	UNUSE_OBJ43
Bank.h	39	};
Board.h	1	enum {
Board.h	2	BTN_TITLEBAR,
Board.h	3	SHOW_NAME
Board.h	4	};
BuildingFirm.h	1	enum {
BuildingFirm.h	2	BTN_DECONST,
BuildingFirm.h	3	BTN_WOOD_BUTTON,
BuildingFirm.h	4	BTN_DIRT_BUTTON,
BuildingFirm.h	5	BTN_IRON_BUTTON,
BuildingFirm.h	6	BTN_BRICK_BUTTON,
BuildingFirm.h	7	BTN_CONCRETE_BUTTON,
BuildingFirm.h	8	BTN_GLASS_BUTTON,
BuildingFirm.h	9	BTN_STEEL_BUTTON,
BuildingFirm.h	10	UNUSE_OBJ51,
BuildingFirm.h	11	UNUSE_OBJ52,
BuildingFirm.h	12	UNUSE_OBJ53,
BuildingFirm.h	13	UNUSE_OBJ54,
BuildingFirm.h	14	UNUSE_OBJ55,
BuildingFirm.h	15	UNUSE_OBJ56,
BuildingFirm.h	16	UNUSE_OBJ57,
BuildingFirm.h	17	SHOW_WOOD_OWN,
BuildingFirm.h	18	SHOW_DIRT_OWN,
BuildingFirm.h	19	SHOW_IRON_OWN,
BuildingFirm.h	20	SHOW_BRICK_OWN,
BuildingFirm.h	21	SHOW_CONCRETE_OWN,
BuildingFirm.h	22	SHOW_GLASS_OWN,
BuildingFirm.h	23	SHOW_STEEL_OWN,
BuildingFirm.h	24	UNUSE_OBJ157,
BuildingFirm.h	25	UNUSE_OBJ152,
BuildingFirm.h	26	UNUSE_OBJ153,
BuildingFirm.h	27	UNUSE_OBJ154,
BuildingFirm.h	28	UNUSE_OBJ155,
BuildingFirm.h	29	UNUSE_OBJ156,
BuildingFirm.h	30	UNUSE_OBJ357,
BuildingFirm.h	31	SHOW_WOOD_NEED,
BuildingFirm.h	32	SHOW_DIRT_NEED,
BuildingFirm.h	33	SHOW_IRON_NEED,
BuildingFirm.h	34	SHOW_BRICK_NEED,
BuildingFirm.h	35	SHOW_CONCRETE_NEED,
BuildingFirm.h	36	SHOW_GLASS_NEED,
BuildingFirm.h	37	SHOW_STEEL_NEED,
BuildingFirm.h	38	UNUSE_OBJ457,
BuildingFirm.h	39	SHOW_WOOD_PRICE,
BuildingFirm.h	40	UNUSE_OBJ253,
BuildingFirm.h	41	UNUSE_OBJ254,
BuildingFirm.h	42	UNUSE_OBJ255,
BuildingFirm.h	43	UNUSE_OBJ256,
BuildingFirm.h	44	UNUSE_OBJ257,
BuildingFirm.h	45	UNUSE_OBJ258,
BuildingFirm.h	46	SHOW_DIRT_PRICE,
BuildingFirm.h	47	SHOW_IRON_PRICE,
BuildingFirm.h	48	SHOW_BRICK_PRICE,
BuildingFirm.h	49	SHOW_CONCRETE_PRICE,
BuildingFirm.h	50	SHOW_GLASS_PRICE,
BuildingFirm.h	51	SHOW_STEEL_PRICE,
BuildingFirm.h	52	UNUSE_OBJ64,
BuildingFirm.h	53	SHOW_TOTALPRICE,
BuildingFirm.h	54	UNUSE_OBJ264,
BuildingFirm.h	55	SHOW_STATUS,
BuildingFirm.h	56	UNUSE_OBJ364,
BuildingFirm.h	57	BTN_TITLEBAR,
BuildingFirm.h	58	SHOW_NAME_BUILDING,
BuildingFirm.h	59	GREENBAR
BuildingFirm.h	60	};
BuyLandConfirm.h	1	enum {
BuyLandConfirm.h	2	BTN_YES,
BuyLandConfirm.h	3	BTN_NO,
BuyLandConfirm.h	4	UNUSE_OBJ3
BuyLandConfirm.h	5	};
CompanyInfo.h	1	enum {
CompanyInfo.h	2	SHOW_NAME_COMPANY,
CompanyInfo.h	3	SHOW_VALUE,
CompanyInfo.h	4	SHOW_GROW,
CompanyInfo.h	5	WORKER_SUM,
CompanyInfo.h	6	FACTORY_SUM,
CompanyInfo.h	7	UNUSE_OBJ6,
CompanyInfo.h	8	UNUSE_OBJ7,
CompanyInfo.h	9	UNUSE_OBJ8,
CompanyInfo.h	10	UNUSE_OBJ9,
CompanyInfo.h	11	UNUSE_OBJ11,
CompanyInfo.h	12	UNUSE_OBJ14,
CompanyInfo.h	13	NEXT_LAND,
CompanyInfo.h	14	PREV_LAND,
CompanyInfo.h	15	NEXT_PLR
CompanyInfo.h	16	};
Dorm-1.h	1	enum {
Dorm-1.h	2	BTN_YES,
Dorm-1.h	3	BTN_NO,
Dorm-1.h	4	UNUSE_OBJ3
Dorm-1.h	5	};
Dorm.h	1	enum {
Dorm.h	2	UNUSE_OBJ3,
Dorm.h	3	SHOW_PRICE,
Dorm.h	4	UNUSE_OBJ5,
Dorm.h	5	BTN_TITLEBAR,
Dorm.h	6	SHOW_NAME
Dorm.h	7	};
EnemyFirmInfo.h	1	enum {
EnemyFirmInfo.h	2	BTN_REPORT,
EnemyFirmInfo.h	3	UNUSE_OBJ2,
EnemyFirmInfo.h	4	SHOW_PROFIT_1,
EnemyFirmInfo.h	5	UNUSE_OBJ4,
EnemyFirmInfo.h	6	UNUSE_OBJ5,
EnemyFirmInfo.h	7	SHOW_PROFIT_2,
EnemyFirmInfo.h	8	UNUSE_OBJ7,
EnemyFirmInfo.h	9	SHOW_WORKER,
EnemyFirmInfo.h	10	UNUSE_OBJ9,
EnemyFirmInfo.h	11	BTN_TITLEBAR,
EnemyFirmInfo.h	12	SHOW_NAME_BUILDING
EnemyFirmInfo.h	13	};
ExitButton.h	1	enum {
ExitButton.h	2	BTN_EXIT,
ExitButton.h	3	BTN_DOWN,
ExitButton.h	4	BTN_UP,
ExitButton.h	5	UNUSE_OBJ4,
ExitButton.h	6	WAITING_TRUCK
ExitButton.h	7	};
FirmBoard.h	1	enum {
FirmBoard.h	2	BTN_REMOVE,
FirmBoard.h	3	UNUSE_OBJ3,
FirmBoard.h	4	UNUSE_OBJ4,
FirmBoard.h	5	UNUSE_OBJ5,
FirmBoard.h	6	UNUSE_OBJ6,
FirmBoard.h	7	SHOW_ITEM,
FirmBoard.h	8	SHOW_QUALITY,
FirmBoard.h	9	SHOW_QUANTITY,
FirmBoard.h	10	SHOW_COST,
FirmBoard.h	11	BTN_TITLEBAR,
FirmBoard.h	12	SHOW_NAME,
FirmBoard.h	13	UNUSE_OBJ12,
FirmBoard.h	14	OWNERDRAW1,
FirmBoard.h	15	TRADE_1,
FirmBoard.h	16	TRADE_2,
FirmBoard.h	17	TRADE_3,
FirmBoard.h	18	TRADE_4,
FirmBoard.h	19	TRADE_5,
FirmBoard.h	20	UNUSE_OBJ19,
FirmBoard.h	21	WAITING_GOODS,
FirmBoard.h	22	UNUSE_OBJ21,
FirmBoard.h	23	COMMING_GOODS,
FirmBoard.h	24	UNUSE_OBJ23,
FirmBoard.h	25	SHOW_DROP
FirmBoard.h	26	};
FirmDorm.h	1	enum {
FirmDorm.h	2	BTN_REMOVE,
FirmDorm.h	3	BTN_TITLEBAR,
FirmDorm.h	4	SHOW_NAME,
FirmDorm.h	5	UNUSE_OBJ4,
FirmDorm.h	6	SHOW_DORM_NUM,
FirmDorm.h	7	UNUSE_OBJ6,
FirmDorm.h	8	SHOW_USER_NUM_NOW,
FirmDorm.h	9	UNUSE_OBJ8,
FirmDorm.h	10	SHOW_USER_NUM_TOTAL
FirmDorm.h	11	};
FirmLoadArea-1.h	1	enum {
FirmLoadArea-1.h	2	BTN_BG_1,
FirmLoadArea-1.h	3	BTN_BG_2,
FirmLoadArea-1.h	4	BTN_BG_3,
FirmLoadArea-1.h	5	BTN_BG_4,
FirmLoadArea-1.h	6	BTN_BG_5,
FirmLoadArea-1.h	7	BTN_BG_6,
FirmLoadArea-1.h	8	BTN_BG_7,
FirmLoadArea-1.h	9	BTN_BG_8,
FirmLoadArea-1.h	10	BTN_BG_9,
FirmLoadArea-1.h	11	BTN_BG_10,
FirmLoadArea-1.h	12	BTN_BG_11,
FirmLoadArea-1.h	13	BTN_BG_12,
FirmLoadArea-1.h	14	BTN_BG_13,
FirmLoadArea-1.h	15	BTN_BG_14,
FirmLoadArea-1.h	16	BTN_BG_15,
FirmLoadArea-1.h	17	BTN_BOARD_1,
FirmLoadArea-1.h	18	BTN_BOARD_2,
FirmLoadArea-1.h	19	BTN_BOARD_3,
FirmLoadArea-1.h	20	BTN_BOARD_4,
FirmLoadArea-1.h	21	BTN_BOARD_5,
FirmLoadArea-1.h	22	BTN_BOARD_6,
FirmLoadArea-1.h	23	BTN_BOARD_7,
FirmLoadArea-1.h	24	BTN_BOARD_8,
FirmLoadArea-1.h	25	BTN_BOARD_9,
FirmLoadArea-1.h	26	BTN_BOARD_10,
FirmLoadArea-1.h	27	UNUSE_OBJ1,
FirmLoadArea-1.h	28	BTN_EXIT,
FirmLoadArea-1.h	29	UNUSE_OBJ3,
FirmLoadArea-1.h	30	UNUSE_OBJ4,
FirmLoadArea-1.h	31	UNUSE_OBJ5,
FirmLoadArea-1.h	32	SCBAR_LOADAREA,
FirmLoadArea-1.h	33	BTN_ITEM_ADD_1,
FirmLoadArea-1.h	34	BTN_ITEM_ADD_2,
FirmLoadArea-1.h	35	BTN_ITEM_ADD_3,
FirmLoadArea-1.h	36	BTN_ITEM_ADD_4,
FirmLoadArea-1.h	37	BTN_ITEM_ADD_5,
FirmLoadArea-1.h	38	BTN_ITEM_ADD_6,
FirmLoadArea-1.h	39	BTN_ITEM_ADD_7,
FirmLoadArea-1.h	40	BTN_ITEM_ADD_8,
FirmLoadArea-1.h	41	BTN_ITEM_ADD_9,
FirmLoadArea-1.h	42	BTN_ITEM_ADD_10,
FirmLoadArea-1.h	43	BTN_ITEM_CLEAR_1,
FirmLoadArea-1.h	44	BTN_ITEM_CLEAR_2,
FirmLoadArea-1.h	45	BTN_ITEM_CLEAR_3,
FirmLoadArea-1.h	46	BTN_ITEM_CLEAR_4,
FirmLoadArea-1.h	47	BTN_ITEM_CLEAR_5,
FirmLoadArea-1.h	48	BTN_ITEM_CLEAR_6,
FirmLoadArea-1.h	49	BTN_ITEM_CLEAR_7,
FirmLoadArea-1.h	50	BTN_ITEM_CLEAR_8,
FirmLoadArea-1.h	51	BTN_ITEM_CLEAR_9,
FirmLoadArea-1.h	52	BTN_ITEM_CLEAR_10,
FirmLoadArea-1.h	53	SHOW_BUY_POLICY_1,
FirmLoadArea-1.h	54	SHOW_BUY_POLICY_2,
FirmLoadArea-1.h	55	SHOW_BUY_POLICY_3,
FirmLoadArea-1.h	56	SHOW_BUY_POLICY_4,
FirmLoadArea-1.h	57	SHOW_BUY_POLICY_5,
FirmLoadArea-1.h	58	SHOW_BUY_POLICY_6,
FirmLoadArea-1.h	59	SHOW_BUY_POLICY_7,
FirmLoadArea-1.h	60	SHOW_BUY_POLICY_8,
FirmLoadArea-1.h	61	SHOW_BUY_POLICY_9,
FirmLoadArea-1.h	62	SHOW_BUY_POLICY_10,
FirmLoadArea-1.h	63	SHOW_WORD_P_1,
FirmLoadArea-1.h	64	SHOW_WORD_P_2,
FirmLoadArea-1.h	65	SHOW_WORD_P_3,
FirmLoadArea-1.h	66	SHOW_WORD_P_4,
FirmLoadArea-1.h	67	SHOW_WORD_P_5,
FirmLoadArea-1.h	68	SHOW_WORD_P_6,
FirmLoadArea-1.h	69	SHOW_WORD_P_7,
FirmLoadArea-1.h	70	SHOW_WORD_P_8,
FirmLoadArea-1.h	71	SHOW_WORD_P_9,
FirmLoadArea-1.h	72	SHOW_WORD_P_10,
FirmLoadArea-1.h	73	SHOW_WORD_Q_1,
FirmLoadArea-1.h	74	SHOW_WORD_Q_2,
FirmLoadArea-1.h	75	SHOW_WORD_Q_3,
FirmLoadArea-1.h	76	SHOW_WORD_Q_4,
FirmLoadArea-1.h	77	SHOW_WORD_Q_5,
FirmLoadArea-1.h	78	SHOW_WORD_Q_6,
FirmLoadArea-1.h	79	SHOW_WORD_Q_7,
FirmLoadArea-1.h	80	SHOW_WORD_Q_8,
FirmLoadArea-1.h	81	SHOW_WORD_Q_9,
FirmLoadArea-1.h	82	SHOW_WORD_Q_10,
FirmLoadArea-1.h	83	SHOW_SELL_POLICY_1,
FirmLoadArea-1.h	84	SHOW_SELL_POLICY_2,
FirmLoadArea-1.h	85	SHOW_SELL_POLICY_3,
FirmLoadArea-1.h	86	SHOW_SELL_POLICY_4,
FirmLoadArea-1.h	87	SHOW_SELL_POLICY_5,
FirmLoadArea-1.h	88	SHOW_SELL_POLICY_6,
FirmLoadArea-1.h	89	SHOW_SELL_POLICY_7,
FirmLoadArea-1.h	90	SHOW_SELL_POLICY_8,
FirmLoadArea-1.h	91	SHOW_SELL_POLICY_9,
FirmLoadArea-1.h	92	SHOW_SELL_POLICY_10,
FirmLoadArea-1.h	93	BTN_BUY_ARROW_1,
FirmLoadArea-1.h	94	BTN_BUY_ARROW_2,
FirmLoadArea-1.h	95	BTN_BUY_ARROW_3,
FirmLoadArea-1.h	96	BTN_BUY_ARROW_4,
FirmLoadArea-1.h	97	BTN_BUY_ARROW_5,
FirmLoadArea-1.h	98	BTN_BUY_ARROW_6,
FirmLoadArea-1.h	99	BTN_BUY_ARROW_7,
FirmLoadArea-1.h	100	BTN_BUY_ARROW_8,
FirmLoadArea-1.h	101	BTN_BUY_ARROW_9,
FirmLoadArea-1.h	102	BTN_BUY_ARROW_10,
FirmLoadArea-1.h	103	BTN_STOCK_MINUS_1,
FirmLoadArea-1.h	104	BTN_STOCK_MINUS_2,
FirmLoadArea-1.h	105	BTN_STOCK_MINUS_3,
FirmLoadArea-1.h	106	BTN_STOCK_MINUS_4,
FirmLoadArea-1.h	107	BTN_STOCK_MINUS_5,
FirmLoadArea-1.h	108	BTN_STOCK_MINUS_6,
FirmLoadArea-1.h	109	BTN_STOCK_MINUS_7,
FirmLoadArea-1.h	110	BTN_STOCK_MINUS_8,
FirmLoadArea-1.h	111	BTN_STOCK_MINUS_9,
FirmLoadArea-1.h	112	BTN_STOCK_MINUS_10,
FirmLoadArea-1.h	113	BTN_STOCK_ADD_1,
FirmLoadArea-1.h	114	BTN_STOCK_ADD_2,
FirmLoadArea-1.h	115	BTN_STOCK_ADD_3,
FirmLoadArea-1.h	116	BTN_STOCK_ADD_4,
FirmLoadArea-1.h	117	BTN_STOCK_ADD_5,
FirmLoadArea-1.h	118	BTN_STOCK_ADD_6,
FirmLoadArea-1.h	119	BTN_STOCK_ADD_7,
FirmLoadArea-1.h	120	BTN_STOCK_ADD_8,
FirmLoadArea-1.h	121	BTN_STOCK_ADD_9,
FirmLoadArea-1.h	122	BTN_STOCK_ADD_10,
FirmLoadArea-1.h	123	SHOW_STOCK_1,
FirmLoadArea-1.h	124	SHOW_STOCK_2,
FirmLoadArea-1.h	125	SHOW_STOCK_3,
FirmLoadArea-1.h	126	SHOW_STOCK_4,
FirmLoadArea-1.h	127	SHOW_STOCK_5,
FirmLoadArea-1.h	128	SHOW_STOCK_6,
FirmLoadArea-1.h	129	SHOW_STOCK_7,
FirmLoadArea-1.h	130	SHOW_STOCK_8,
FirmLoadArea-1.h	131	SHOW_STOCK_9,
FirmLoadArea-1.h	132	SHOW_STOCK_10,
FirmLoadArea-1.h	133	BTN_SELL_ARROW_1,
FirmLoadArea-1.h	134	BTN_SELL_ARROW_2,
FirmLoadArea-1.h	135	BTN_SELL_ARROW_3,
FirmLoadArea-1.h	136	BTN_SELL_ARROW_4,
FirmLoadArea-1.h	137	BTN_SELL_ARROW_5,
FirmLoadArea-1.h	138	BTN_SELL_ARROW_6,
FirmLoadArea-1.h	139	BTN_SELL_ARROW_7,
FirmLoadArea-1.h	140	BTN_SELL_ARROW_8,
FirmLoadArea-1.h	141	BTN_SELL_ARROW_9,
FirmLoadArea-1.h	142	BTN_SELL_ARROW_10,
FirmLoadArea-1.h	143	BTN_SELL_MINUS_1,
FirmLoadArea-1.h	144	BTN_SELL_MINUS_2,
FirmLoadArea-1.h	145	BTN_SELL_MINUS_3,
FirmLoadArea-1.h	146	BTN_SELL_MINUS_4,
FirmLoadArea-1.h	147	BTN_SELL_MINUS_5,
FirmLoadArea-1.h	148	BTN_SELL_MINUS_6,
FirmLoadArea-1.h	149	BTN_SELL_MINUS_7,
FirmLoadArea-1.h	150	BTN_SELL_MINUS_8,
FirmLoadArea-1.h	151	BTN_SELL_MINUS_9,
FirmLoadArea-1.h	152	BTN_SELL_MINUS_10,
FirmLoadArea-1.h	153	BTN_SELL_ADD_1,
FirmLoadArea-1.h	154	BTN_SELL_ADD_2,
FirmLoadArea-1.h	155	BTN_SELL_ADD_3,
FirmLoadArea-1.h	156	BTN_SELL_ADD_4,
FirmLoadArea-1.h	157	BTN_SELL_ADD_5,
FirmLoadArea-1.h	158	BTN_SELL_ADD_6,
FirmLoadArea-1.h	159	BTN_SELL_ADD_7,
FirmLoadArea-1.h	160	BTN_SELL_ADD_8,
FirmLoadArea-1.h	161	BTN_SELL_ADD_9,
FirmLoadArea-1.h	162	BTN_SELL_ADD_10,
FirmLoadArea-1.h	163	SHOW_PRICE_1,
FirmLoadArea-1.h	164	SHOW_PRICE_2,
FirmLoadArea-1.h	165	SHOW_PRICE_3,
FirmLoadArea-1.h	166	SHOW_PRICE_4,
FirmLoadArea-1.h	167	SHOW_PRICE_5,
FirmLoadArea-1.h	168	SHOW_PRICE_6,
FirmLoadArea-1.h	169	SHOW_PRICE_7,
FirmLoadArea-1.h	170	SHOW_PRICE_8,
FirmLoadArea-1.h	171	SHOW_PRICE_9,
FirmLoadArea-1.h	172	SHOW_PRICE_10,
FirmLoadArea-1.h	173	SHOW_ITEM_1,
FirmLoadArea-1.h	174	SHOW_ITEM_2,
FirmLoadArea-1.h	175	SHOW_ITEM_3,
FirmLoadArea-1.h	176	SHOW_ITEM_4,
FirmLoadArea-1.h	177	SHOW_ITEM_5,
FirmLoadArea-1.h	178	SHOW_ITEM_6,
FirmLoadArea-1.h	179	SHOW_ITEM_7,
FirmLoadArea-1.h	180	SHOW_ITEM_8,
FirmLoadArea-1.h	181	SHOW_ITEM_9,
FirmLoadArea-1.h	182	SHOW_ITEM_10,
FirmLoadArea-1.h	183	UNUSE_OBJ190,
FirmLoadArea-1.h	184	EGB_STOCK_1,
FirmLoadArea-1.h	185	EGB_STOCK_2,
FirmLoadArea-1.h	186	EGB_STOCK_3,
FirmLoadArea-1.h	187	EGB_STOCK_4,
FirmLoadArea-1.h	188	EGB_STOCK_5,
FirmLoadArea-1.h	189	EGB_STOCK_6,
FirmLoadArea-1.h	190	EGB_STOCK_7,
FirmLoadArea-1.h	191	EGB_STOCK_8,
FirmLoadArea-1.h	192	EGB_STOCK_9,
FirmLoadArea-1.h	193	EGB_STOCK_10,
FirmLoadArea-1.h	194	EGB_POLICY_1,
FirmLoadArea-1.h	195	EGB_POLICY_2,
FirmLoadArea-1.h	196	EGB_POLICY_3,
FirmLoadArea-1.h	197	EGB_POLICY_4,
FirmLoadArea-1.h	198	EGB_POLICY_5,
FirmLoadArea-1.h	199	EGB_POLICY_6,
FirmLoadArea-1.h	200	EGB_POLICY_7,
FirmLoadArea-1.h	201	EGB_POLICY_8,
FirmLoadArea-1.h	202	EGB_POLICY_9,
FirmLoadArea-1.h	203	EGB_POLICY_10,
FirmLoadArea-1.h	204	BTN_LISTBOARD,
FirmLoadArea-1.h	205	LIST_LEFT,
FirmLoadArea-1.h	206	LIST_RIGHT,
FirmLoadArea-1.h	207	SHOW_BUY_POLICY_WORD_1,
FirmLoadArea-1.h	208	SHOW_BUY_POLICY_WORD_2,
FirmLoadArea-1.h	209	SHOW_BUY_POLICY_WORD_3,
FirmLoadArea-1.h	210	SHOW_SELL_POLICY_WORD_1,
FirmLoadArea-1.h	211	SHOW_SELL_POLICY_WORD_2,
FirmLoadArea-1.h	212	SHOW_SELL_POLICY_WORD_3,
FirmLoadArea-1.h	213	SHOW_SELL_POLICY_WORD_4
FirmLoadArea-1.h	214	};
FirmLoadArea.h	1	enum {
FirmLoadArea.h	2	BTN_REMOVE,
FirmLoadArea.h	3	BTN_TITLEBAR,
FirmLoadArea.h	4	SHOW_NAME
FirmLoadArea.h	5	};
FirmLoadArea_ItemBoard.h	1	enum {
FirmLoadArea_ItemBoard.h	2	BTN_BOARD,
FirmLoadArea_ItemBoard.h	3	BTN_ITEM,
FirmLoadArea_ItemBoard.h	4	UNUSE_OBJ13,
FirmLoadArea_ItemBoard.h	5	UNUSE_OBJ14,
FirmLoadArea_ItemBoard.h	6	UNUSE_OBJ15,
FirmLoadArea_ItemBoard.h	7	UNUSE_OBJ16,
FirmLoadArea_ItemBoard.h	8	SHOW_STOCK,
FirmLoadArea_ItemBoard.h	9	SHOW_SPEND,
FirmLoadArea_ItemBoard.h	10	SHOW_BESTQ,
FirmLoadArea_ItemBoard.h	11	SHOW_COST
FirmLoadArea_ItemBoard.h	12	};
FirmLoadArea_list.h	1	enum {
FirmLoadArea_list.h	2	BTN_BG,
FirmLoadArea_list.h	3	LIST_ITEM
FirmLoadArea_list.h	4	};
FirmMachine.h	1	enum {
FirmMachine.h	2	DAMAGE,
FirmMachine.h	3	BTN_STOP,
FirmMachine.h	4	BTN_SELL,
FirmMachine.h	5	BTN_MANAGER_ADD,
FirmMachine.h	6	BTN_MANAGER_MINUS,
FirmMachine.h	7	BTN_WORKER_MINUS,
FirmMachine.h	8	BTN_WORKER_ADD,
FirmMachine.h	9	BTN_ARROW,
FirmMachine.h	10	UNUSE_OBJ9,
FirmMachine.h	11	UNUSE_OBJ10,
FirmMachine.h	12	UNUSE_OBJ13,
FirmMachine.h	13	UNUSE_OBJ14,
FirmMachine.h	14	UNUSE_OBJ15,
FirmMachine.h	15	UNUSE_OBJ16,
FirmMachine.h	16	SHOW_MANAGER_NUM,
FirmMachine.h	17	SHOW_WORKER_NUM,
FirmMachine.h	18	SHOW_QUALITY,
FirmMachine.h	19	SHOW_FIXFEE,
FirmMachine.h	20	SHOW_IN_NAME_1,
FirmMachine.h	21	SHOW_IN_NAME_2,
FirmMachine.h	22	SHOW_IN_NAME_3,
FirmMachine.h	23	SHOW_IN_NAME_4,
FirmMachine.h	24	EGB_IN_1,
FirmMachine.h	25	EGB_IN_2,
FirmMachine.h	26	EGB_IN_3,
FirmMachine.h	27	EGB_IN_4,
FirmMachine.h	28	SHOW_IN_NUM_1,
FirmMachine.h	29	SHOW_IN_NUM_2,
FirmMachine.h	30	SHOW_IN_NUM_3,
FirmMachine.h	31	SHOW_IN_NUM_4,
FirmMachine.h	32	EGB_OUT,
FirmMachine.h	33	SHOW_OUT_NAME,
FirmMachine.h	34	SHOW_OUT_NUM,
FirmMachine.h	35	SHOW_MONTH_1,
FirmMachine.h	36	SHOW_MONTH_2,
FirmMachine.h	37	SHOW_MONTH_3,
FirmMachine.h	38	SHOW_MONTH_4,
FirmMachine.h	39	SHOW_PRODUCE_1,
FirmMachine.h	40	SHOW_PRODUCE_2,
FirmMachine.h	41	SHOW_PRODUCE_3,
FirmMachine.h	42	SHOW_PRODUCE_4,
FirmMachine.h	43	UNUSE_OBJ38,
FirmMachine.h	44	SHOW_NEXTITEM,
FirmMachine.h	45	BTN_TITLEBAR,
FirmMachine.h	46	SHOW_MACHINE_NAME,
FirmMachine.h	47	SHOW_MACHINE_YEAR,
FirmMachine.h	48	BTN_RESTART,
FirmMachine.h	49	EGB_MANAGER,
FirmMachine.h	50	EGB_WORKER,
FirmMachine.h	51	LIST_PRODUCT,
FirmMachine.h	52	LIST_SOURCE,
FirmMachine.h	53	SHOW_UNITSTR1,
FirmMachine.h	54	SHOW_UNITSTR2,
FirmMachine.h	55	SHOW_UNITSTR3,
FirmMachine.h	56	SHOW_UNITSTR4
FirmMachine.h	57	};
FirmMachineSell.h	1	enum {
FirmMachineSell.h	2	BTN_YES,
FirmMachineSell.h	3	BTN_NO,
FirmMachineSell.h	4	UNUSE_OBJ3,
FirmMachineSell.h	5	UNUSE_OBJ4,
FirmMachineSell.h	6	SHOW_PRICE
FirmMachineSell.h	7	};
FirmMachineStop.h	1	enum {
FirmMachineStop.h	2	BTN_YES,
FirmMachineStop.h	3	BTN_NO,
FirmMachineStop.h	4	UNUSE_OBJ3
FirmMachineStop.h	5	};
FirmMachine_List.h	1	enum {
FirmMachine_List.h	2	BTN_BOTTOM,
FirmMachine_List.h	3	LIST_ITEM
FirmMachine_List.h	4	};
FirmMine.h	1	enum {
FirmMine.h	2	UNUSE_OBJ1,
FirmMine.h	3	SHOW_NAME,
FirmMine.h	4	UNUSE_OBJ3,
FirmMine.h	5	SHOW_QUALITY,
FirmMine.h	6	UNUSE_OBJ5,
FirmMine.h	7	SHOW_QUANTITY,
FirmMine.h	8	BTN_MINE_PIC
FirmMine.h	9	};
GameSetting.h	1	enum {
GameSetting.h	2	UNUSE_OBJ1,
GameSetting.h	3	UNUSE_OBJ2,
GameSetting.h	4	UNUSE_OBJ3,
GameSetting.h	5	UNUSE_OBJ4,
GameSetting.h	6	UNUSE_OBJ5,
GameSetting.h	7	UNUSE_OBJ6,
GameSetting.h	8	UNUSE_OBJ7,
GameSetting.h	9	UNUSE_OBJ8,
GameSetting.h	10	UNUSE_OBJ9,
GameSetting.h	11	UNUSE_OBJ10,
GameSetting.h	12	SHOW_NAME,
GameSetting.h	13	SHOW_COLOR,
GameSetting.h	14	SHOW_YEAR,
GameSetting.h	15	SHOW_MONEY,
GameSetting.h	16	SHOW_MAP,
GameSetting.h	17	BTN_COLOR,
GameSetting.h	18	BTN_YEAR_ADD,
GameSetting.h	19	BTN_YEAR_MINUS,
GameSetting.h	20	BTN_MONEY_ADD,
GameSetting.h	21	BTN_MONEY_MINUS,
GameSetting.h	22	BTN_MAP,
GameSetting.h	23	SHOW_CITYTYPE,
GameSetting.h	24	BTN_CITYTYPE,
GameSetting.h	25	EGB_POP,
GameSetting.h	26	EGB_MINE,
GameSetting.h	27	EGB_SELLLAND,
GameSetting.h	28	EGB_AI,
GameSetting.h	29	BTN_OK,
GameSetting.h	30	BTN_CANCEL,
GameSetting.h	31	LIST_COLOR,
GameSetting.h	32	LIST_MAP,
GameSetting.h	33	LIST_CITYTYPE,
GameSetting.h	34	SCROLL_MAP
GameSetting.h	35	};
IO_rule.h	1	enum {
IO_rule.h	2	UNUSE_OBJ1,
IO_rule.h	3	UNUSE_OBJ2,
IO_rule.h	4	UNUSE_OBJ3,
IO_rule.h	5	UNUSE_OBJ5,
IO_rule.h	6	UNUSE_OBJ6,
IO_rule.h	7	UNUSE_OBJ7,
IO_rule.h	8	BOARD_00,
IO_rule.h	9	BOARD_01,
IO_rule.h	10	BOARD_02,
IO_rule.h	11	BOARD_03,
IO_rule.h	12	BOARD_04,
IO_rule.h	13	BOARD_05,
IO_rule.h	14	BOARD_06,
IO_rule.h	15	BOARD_07,
IO_rule.h	16	BOARD_08,
IO_rule.h	17	BOARD_09,
IO_rule.h	18	SCROLL1,
IO_rule.h	19	BTN_EXIT,
IO_rule.h	20	BTN_SCROLLUP,
IO_rule.h	21	BTN_SCROLLDN,
IO_rule.h	22	UNUSE_OBJ21,
IO_rule.h	23	UNUSE_OBJ22,
IO_rule.h	24	UNUSE_OBJ23,
IO_rule.h	25	UNUSE_OBJ24
IO_rule.h	26	};
IO_rule_1.h	1	enum {
IO_rule_1.h	2	BOARD,
IO_rule_1.h	3	NAME,
IO_rule_1.h	4	BTN_DEL,
IO_rule_1.h	5	BTN_ADD,
IO_rule_1.h	6	DEC_STORAGE,
IO_rule_1.h	7	WANT_STORAGE,
IO_rule_1.h	8	INC_STORAGE,
IO_rule_1.h	9	BUY_RULE,
IO_rule_1.h	10	SALE_RULE,
IO_rule_1.h	11	DEC_BUYPRICE,
IO_rule_1.h	12	BUY_PRICE,
IO_rule_1.h	13	INC_BUYPRICE,
IO_rule_1.h	14	DEC_SALEPRICE,
IO_rule_1.h	15	SALE_PRICE,
IO_rule_1.h	16	INC_SALEPRICE,
IO_rule_1.h	17	DEC_QUALITY,
IO_rule_1.h	18	QUALITY,
IO_rule_1.h	19	INC_QUALITY,
IO_rule_1.h	20	BUY_AVAILABLE,
IO_rule_1.h	21	RETAIL_RULE,
IO_rule_1.h	22	DEC_RETAIL_COST,
IO_rule_1.h	23	RETAIL_COST,
IO_rule_1.h	24	INC_RETAIL_COST,
IO_rule_1.h	25	UNUSE_OBJ31,
IO_rule_1.h	26	UNUSE_OBJ32,
IO_rule_1.h	27	UNUSE_OBJ60,
IO_rule_1.h	28	UNUSE_OBJ48,
IO_rule_1.h	29	UNIT_BUY_PRICE,
IO_rule_1.h	30	UNUSE_OBJ33,
IO_rule_1.h	31	BOX_AMOUNT1,
IO_rule_1.h	32	UNUSE_OBJ35,
IO_rule_1.h	33	UNIT_SALE_PRICE,
IO_rule_1.h	34	UNUSE_OBJ37,
IO_rule_1.h	35	BOX_AMOUNT2,
IO_rule_1.h	36	UNUSE_OBJ39,
IO_rule_1.h	37	UNUSE_OBJ41,
IO_rule_1.h	38	WANT_STORAGE1,
IO_rule_1.h	39	STORAGE_ORG,
IO_rule_1.h	40	UNUSE_OBJ45,
IO_rule_1.h	41	STORAGE_INC,
IO_rule_1.h	42	UNUSE_OBJ47,
IO_rule_1.h	43	STORAGE_DEC,
IO_rule_1.h	44	UNUSE_OBJ49,
IO_rule_1.h	45	STORAGE,
IO_rule_1.h	46	UNUSE_OBJ471,
IO_rule_1.h	47	UNUSE_OBJ418
IO_rule_1.h	48	};
IO_rule_list.h	1	enum {
IO_rule_list.h	2	LIST
IO_rule_list.h	3	};
Load-1.h	1	enum {
Load-1.h	2	BTN_EXIT,
Load-1.h	3	BTN_SAVE,
Load-1.h	4	BTN_LOAD,
Load-1.h	5	BTN_MAINMENU,
Load-1.h	6	BTN_EXITGAME,
Load-1.h	7	UNUSE_OBJ6,
Load-1.h	8	BTN_SAVE_WORD,
Load-1.h	9	BTN_LOAD_WORD,
Load-1.h	10	BTN_MAINMENU_WORD,
Load-1.h	11	BTN_EXITGAME_WORD
Load-1.h	12	};
Load.h	1	enum {
Load.h	2	UNUSE_OBJ1,
Load.h	3	UNUSE_OBJ2,
Load.h	4	BTN_EXIT,
Load.h	5	BTN_GO,
Load.h	6	BTN_1,
Load.h	7	BTN_2,
Load.h	8	BTN_3,
Load.h	9	BTN_4,
Load.h	10	BTN_5,
Load.h	11	BTN_6,
Load.h	12	BTN_7,
Load.h	13	BTN_8,
Load.h	14	BTN_9,
Load.h	15	BTN_10,
Load.h	16	LIST_LOAD
Load.h	17	};
LoadArea.h	1	enum {
LoadArea.h	2	BTN_TITLEBAR,
LoadArea.h	3	SHOW_NAME
LoadArea.h	4	};
LoadConfirm.h	1	enum {
LoadConfirm.h	2	BTN_YES,
LoadConfirm.h	3	BTN_NO,
LoadConfirm.h	4	UNUSE_OBJ3
LoadConfirm.h	5	};
MachineProduct.h	1	enum {
MachineProduct.h	2	UNUSE_OBJ2,
MachineProduct.h	3	SHOW_ITEM_LINE1,
MachineProduct.h	4	BTN_LINE1,
MachineProduct.h	5	BTN_LINE2,
MachineProduct.h	6	BTN_LINE3,
MachineProduct.h	7	BTN_LINE4,
MachineProduct.h	8	BTN_LINE5,
MachineProduct.h	9	SHOW_ITEM_LINE2,
MachineProduct.h	10	SHOW_ITEM_LINE3,
MachineProduct.h	11	SHOW_ITEM_LINE4,
MachineProduct.h	12	SHOW_ITEM_LINE5,
MachineProduct.h	13	SHOW_ITEM_LINE6,
MachineProduct.h	14	SHOW_NAME_BUILDING,
MachineProduct.h	15	SHOW_NAME_BUILDING,
MachineProduct.h	16	SHOW_MACHINE_NAME,
MachineProduct.h	17	SHOW_MACHINE_YEAR
MachineProduct.h	18	};
MainMenu.h	1	enum {
MainMenu.h	2	KUNKA_MODE,
MainMenu.h	3	RANDOM_MODE,
MainMenu.h	4	FAME_HALL,
MainMenu.h	5	EXIT_GAME,
MainMenu.h	6	UNUSE_OBJ5,
MainMenu.h	7	EDIT_VER
MainMenu.h	8	};
MapRotate.h	1	enum {
MapRotate.h	2	BTN_LEFT,
MapRotate.h	3	BTN_RIGHT
MapRotate.h	4	};
MenuConfirm.h	1	enum {
MenuConfirm.h	2	BTN_YES,
MenuConfirm.h	3	BTN_NO,
MenuConfirm.h	4	UNUSE_OBJ3
MenuConfirm.h	5	};
MyFirmButton.h	1	enum {
MyFirmButton.h	2	BTN_MACHINE,
MyFirmButton.h	3	BTN_PRODUCT,
MyFirmButton.h	4	BTN_REPORT,
MyFirmButton.h	5	BTN_MANAGE,
MyFirmButton.h	6	BTN_NORMAL_INFO
MyFirmButton.h	7	};
MyFirmInfo-Mine.h	1	enum {
MyFirmInfo-Mine.h	2	BTN_ENTER,
MyFirmInfo-Mine.h	3	BTN_REPORT,
MyFirmInfo-Mine.h	4	BTN_MANAGE,
MyFirmInfo-Mine.h	5	UNUSE_OBJ4,
MyFirmInfo-Mine.h	6	SHOW_PROFIT_1,
MyFirmInfo-Mine.h	7	UNUSE_OBJ6,
MyFirmInfo-Mine.h	8	SHOW_PROFIT_2,
MyFirmInfo-Mine.h	9	UNUSE_OBJ8,
MyFirmInfo-Mine.h	10	UNUSE_OBJ9,
MyFirmInfo-Mine.h	11	SHOW_TYPE,
MyFirmInfo-Mine.h	12	UNUSE_OBJ11,
MyFirmInfo-Mine.h	13	SHOW_QUALITY,
MyFirmInfo-Mine.h	14	UNUSE_OBJ13,
MyFirmInfo-Mine.h	15	SHOW_QUANTITY,
MyFirmInfo-Mine.h	16	SHOW_NAME_BUILDING,
MyFirmInfo-Mine.h	17	SHOW_NAME_BUILDING,
MyFirmInfo-Mine.h	18	SHOW_NAME_BUILDING
MyFirmInfo-Mine.h	19	};
MyFirmInfo-Up.h	1	enum {
MyFirmInfo-Up.h	2	SHOW_NAME_FIRM,
MyFirmInfo-Up.h	3	UNUSE_OBJ2,
MyFirmInfo-Up.h	4	SHOW_PROFIT,
MyFirmInfo-Up.h	5	UNUSE_OBJ4,
MyFirmInfo-Up.h	6	SHOW_PROFIT_1,
MyFirmInfo-Up.h	7	UNUSE_OBJ6
MyFirmInfo-Up.h	8	};
MyFirmInfo.h	1	enum {
MyFirmInfo.h	2	BTN_ENTER,
MyFirmInfo.h	3	BTN_REPORT,
MyFirmInfo.h	4	BTN_MANAGE,
MyFirmInfo.h	5	BTN_TITLEBAR,
MyFirmInfo.h	6	SHOW_NAME_BUILDING
MyFirmInfo.h	7	};
MyFirmManage-1.h	1	enum {
MyFirmManage-1.h	2	BTN_RENAME,
MyFirmManage-1.h	3	BTN_RESTART,
MyFirmManage-1.h	4	BTN_SELL,
MyFirmManage-1.h	5	BTN_DECONST,
MyFirmManage-1.h	6	BTN_ENTER,
MyFirmManage-1.h	7	BTN_REPORT,
MyFirmManage-1.h	8	BTN_MANAGE,
MyFirmManage-1.h	9	SHOW_NAME_BUILDING,
MyFirmManage-1.h	10	SHOW_NAME_BUILDING,
MyFirmManage-1.h	11	SHOW_NAME_BUILDING
MyFirmManage-1.h	12	};
MyFirmManage.h	1	enum {
MyFirmManage.h	2	BTN_RENAME,
MyFirmManage.h	3	BTN_STOP,
MyFirmManage.h	4	BTN_DECONST,
MyFirmManage.h	5	BTN_RESTART,
MyFirmManage.h	6	BTN_TITLEBAR,
MyFirmManage.h	7	SHOW_NAME_BUILDING
MyFirmManage.h	8	};
MyFirmRemove.h	1	enum {
MyFirmRemove.h	2	BTN_YES,
MyFirmRemove.h	3	BTN_NO,
MyFirmRemove.h	4	UNUSE_OBJ3
MyFirmRemove.h	5	};
MyFirmRename.h	1	enum {
MyFirmRename.h	2	BTN_YES,
MyFirmRename.h	3	BTN_NO,
MyFirmRename.h	4	SHOW_NEWNAME,
MyFirmRename.h	5	UNUSE_OBJ4
MyFirmRename.h	6	};
MyFirmReport.h	1	enum {
MyFirmReport.h	2	BTN_BG_1,
MyFirmReport.h	3	BTN_EXIT,
MyFirmReport.h	4	UNUSE_OBJ2,
MyFirmReport.h	5	SHOW_MONTH_1,
MyFirmReport.h	6	SHOW_MONTH_2,
MyFirmReport.h	7	SHOW_MONTH_3,
MyFirmReport.h	8	SHOW_MONTH_4,
MyFirmReport.h	9	SHOW_MONTH_5,
MyFirmReport.h	10	SHOW_MONTH_6,
MyFirmReport.h	11	SCBAR_REPORT,
MyFirmReport.h	12	UNUSE_OBJ10,
MyFirmReport.h	13	UNUSE_OBJ11,
MyFirmReport.h	14	UNUSE_OBJ12,
MyFirmReport.h	15	UNUSE_OBJ13,
MyFirmReport.h	16	UNUSE_OBJ14,
MyFirmReport.h	17	UNUSE_OBJ15,
MyFirmReport.h	18	UNUSE_OBJ16,
MyFirmReport.h	19	UNUSE_OBJ17,
MyFirmReport.h	20	UNUSE_OBJ18,
MyFirmReport.h	21	UNUSE_OBJ19,
MyFirmReport.h	22	UNUSE_OBJ20,
MyFirmReport.h	23	UNUSE_OBJ21,
MyFirmReport.h	24	UNUSE_OBJ22,
MyFirmReport.h	25	SHOW_ITEM_1,
MyFirmReport.h	26	SHOW_ITEM_2,
MyFirmReport.h	27	SHOW_ITEM_3,
MyFirmReport.h	28	SHOW_ITEM_4,
MyFirmReport.h	29	SHOW_ITEM_5,
MyFirmReport.h	30	SHOW_ITEM_6,
MyFirmReport.h	31	SHOW_ITEM_7,
MyFirmReport.h	32	SHOW_ITEM_8,
MyFirmReport.h	33	SHOW_ITEM_9,
MyFirmReport.h	34	SHOW_ITEM_10,
MyFirmReport.h	35	UNUSE_OBJ33,
MyFirmReport.h	36	UNUSE_OBJ34,
MyFirmReport.h	37	UNUSE_OBJ35,
MyFirmReport.h	38	UNUSE_OBJ36,
MyFirmReport.h	39	SHOW_QUANTITY_1_1,
MyFirmReport.h	40	SHOW_QUANTITY_2_1,
MyFirmReport.h	41	SHOW_QUANTITY_3_1,
MyFirmReport.h	42	SHOW_QUANTITY_4_1,
MyFirmReport.h	43	SHOW_QUANTITY_5_1,
MyFirmReport.h	44	SHOW_QUANTITY_6_1,
MyFirmReport.h	45	SHOW_QUANTITY_7_1,
MyFirmReport.h	46	SHOW_QUANTITY_8_1,
MyFirmReport.h	47	SHOW_QUANTITY_9_1,
MyFirmReport.h	48	SHOW_QUANTITY_10_1,
MyFirmReport.h	49	SHOW_PROFIT_1_1,
MyFirmReport.h	50	SHOW_PROFIT_2_1,
MyFirmReport.h	51	SHOW_PROFIT_3_1,
MyFirmReport.h	52	SHOW_PROFIT_4_1,
MyFirmReport.h	53	SHOW_PROFIT_5_1,
MyFirmReport.h	54	SHOW_PROFIT_6_1,
MyFirmReport.h	55	SHOW_PROFIT_7_1,
MyFirmReport.h	56	SHOW_PROFIT_8_1,
MyFirmReport.h	57	SHOW_PROFIT_9_1,
MyFirmReport.h	58	SHOW_PROFIT_10_1,
MyFirmReport.h	59	SHOW_QUANTITY_1_2,
MyFirmReport.h	60	SHOW_QUANTITY_2_2,
MyFirmReport.h	61	SHOW_QUANTITY_3_2,
MyFirmReport.h	62	SHOW_QUANTITY_4_2,
MyFirmReport.h	63	SHOW_QUANTITY_5_2,
MyFirmReport.h	64	SHOW_QUANTITY_6_2,
MyFirmReport.h	65	SHOW_QUANTITY_7_2,
MyFirmReport.h	66	SHOW_QUANTITY_8_2,
MyFirmReport.h	67	SHOW_QUANTITY_9_2,
MyFirmReport.h	68	SHOW_QUANTITY_10_2,
MyFirmReport.h	69	SHOW_PROFIT_1_2,
MyFirmReport.h	70	SHOW_PROFIT_2_2,
MyFirmReport.h	71	SHOW_PROFIT_3_2,
MyFirmReport.h	72	SHOW_PROFIT_4_2,
MyFirmReport.h	73	SHOW_PROFIT_5_2,
MyFirmReport.h	74	SHOW_PROFIT_6_2,
MyFirmReport.h	75	SHOW_PROFIT_7_2,
MyFirmReport.h	76	SHOW_PROFIT_8_2,
MyFirmReport.h	77	SHOW_PROFIT_9_2,
MyFirmReport.h	78	SHOW_PROFIT_10_2,
MyFirmReport.h	79	SHOW_QUANTITY_1_3,
MyFirmReport.h	80	SHOW_QUANTITY_2_3,
MyFirmReport.h	81	SHOW_QUANTITY_3_3,
MyFirmReport.h	82	SHOW_QUANTITY_4_3,
MyFirmReport.h	83	SHOW_QUANTITY_5_3,
MyFirmReport.h	84	SHOW_QUANTITY_6_3,
MyFirmReport.h	85	SHOW_QUANTITY_7_3,
MyFirmReport.h	86	SHOW_QUANTITY_8_3,
MyFirmReport.h	87	SHOW_QUANTITY_9_3,
MyFirmReport.h	88	SHOW_QUANTITY_10_3,
MyFirmReport.h	89	SHOW_PROFIT_1_3,
MyFirmReport.h	90	SHOW_PROFIT_2_3,
MyFirmReport.h	91	SHOW_PROFIT_3_3,
MyFirmReport.h	92	SHOW_PROFIT_4_3,
MyFirmReport.h	93	SHOW_PROFIT_5_3,
MyFirmReport.h	94	SHOW_PROFIT_6_3,
MyFirmReport.h	95	SHOW_PROFIT_7_3,
MyFirmReport.h	96	SHOW_PROFIT_8_3,
MyFirmReport.h	97	SHOW_PROFIT_9_3,
MyFirmReport.h	98	SHOW_PROFIT_10_3,
MyFirmReport.h	99	SHOW_QUANTITY_1_4,
MyFirmReport.h	100	SHOW_QUANTITY_2_4,
MyFirmReport.h	101	SHOW_QUANTITY_3_4,
MyFirmReport.h	102	SHOW_QUANTITY_4_4,
MyFirmReport.h	103	SHOW_QUANTITY_5_4,
MyFirmReport.h	104	SHOW_QUANTITY_6_4,
MyFirmReport.h	105	SHOW_QUANTITY_7_4,
MyFirmReport.h	106	SHOW_QUANTITY_8_4,
MyFirmReport.h	107	SHOW_QUANTITY_9_4,
MyFirmReport.h	108	SHOW_QUANTITY_10_4,
MyFirmReport.h	109	SHOW_PROFIT_1_4,
MyFirmReport.h	110	SHOW_PROFIT_2_4,
MyFirmReport.h	111	SHOW_PROFIT_3_4,
MyFirmReport.h	112	SHOW_PROFIT_4_4,
MyFirmReport.h	113	SHOW_PROFIT_5_4,
MyFirmReport.h	114	SHOW_PROFIT_6_4,
MyFirmReport.h	115	SHOW_PROFIT_7_4,
MyFirmReport.h	116	SHOW_PROFIT_8_4,
MyFirmReport.h	117	SHOW_PROFIT_9_4,
MyFirmReport.h	118	SHOW_PROFIT_10_4,
MyFirmReport.h	119	SHOW_QUANTITY_1_5,
MyFirmReport.h	120	SHOW_QUANTITY_2_5,
MyFirmReport.h	121	SHOW_QUANTITY_3_5,
MyFirmReport.h	122	SHOW_QUANTITY_4_5,
MyFirmReport.h	123	SHOW_QUANTITY_5_5,
MyFirmReport.h	124	SHOW_QUANTITY_6_5,
MyFirmReport.h	125	SHOW_QUANTITY_7_5,
MyFirmReport.h	126	SHOW_QUANTITY_8_5,
MyFirmReport.h	127	SHOW_QUANTITY_9_5,
MyFirmReport.h	128	SHOW_QUANTITY_10_5,
MyFirmReport.h	129	SHOW_PROFIT_1_5,
MyFirmReport.h	130	SHOW_PROFIT_2_5,
MyFirmReport.h	131	SHOW_PROFIT_3_5,
MyFirmReport.h	132	SHOW_PROFIT_4_5,
MyFirmReport.h	133	SHOW_PROFIT_5_5,
MyFirmReport.h	134	SHOW_PROFIT_6_5,
MyFirmReport.h	135	SHOW_PROFIT_7_5,
MyFirmReport.h	136	SHOW_PROFIT_8_5,
MyFirmReport.h	137	SHOW_PROFIT_9_5,
MyFirmReport.h	138	SHOW_PROFIT_10_5,
MyFirmReport.h	139	SHOW_QUANTITY_1_6,
MyFirmReport.h	140	SHOW_QUANTITY_2_6,
MyFirmReport.h	141	SHOW_QUANTITY_3_6,
MyFirmReport.h	142	SHOW_QUANTITY_4_6,
MyFirmReport.h	143	SHOW_QUANTITY_5_6,
MyFirmReport.h	144	SHOW_QUANTITY_6_6,
MyFirmReport.h	145	SHOW_QUANTITY_7_6,
MyFirmReport.h	146	SHOW_QUANTITY_8_6,
MyFirmReport.h	147	SHOW_QUANTITY_9_6,
MyFirmReport.h	148	SHOW_QUANTITY_10_6,
MyFirmReport.h	149	SHOW_PROFIT_1_6,
MyFirmReport.h	150	SHOW_PROFIT_2_6,
MyFirmReport.h	151	SHOW_PROFIT_3_6,
MyFirmReport.h	152	SHOW_PROFIT_4_6,
MyFirmReport.h	153	SHOW_PROFIT_5_6,
MyFirmReport.h	154	SHOW_PROFIT_6_6,
MyFirmReport.h	155	SHOW_PROFIT_7_6,
MyFirmReport.h	156	SHOW_PROFIT_8_6,
MyFirmReport.h	157	SHOW_PROFIT_9_6,
MyFirmReport.h	158	SHOW_PROFIT_10_6,
MyFirmReport.h	159	MONTH_TXT_1,
MyFirmReport.h	160	MONTH_TXT_2,
MyFirmReport.h	161	MONTH_TXT_3,
MyFirmReport.h	162	MONTH_TXT_4,
MyFirmReport.h	163	MONTH_TXT_5,
MyFirmReport.h	164	MONTH_TXT_6,
MyFirmReport.h	165	MONTH_TXT_7,
MyFirmReport.h	166	MONTH_TXT_8,
MyFirmReport.h	167	MONTH_TXT_9,
MyFirmReport.h	168	MONTH_TXT_10,
MyFirmReport.h	169	MONTH_TXT_11,
MyFirmReport.h	170	MONTH_TXT_12
MyFirmReport.h	171	};
MyFirmSell.h	1	enum {
MyFirmSell.h	2	BTN_YES,
MyFirmSell.h	3	BTN_NO,
MyFirmSell.h	4	UNUSE_OBJ3,
MyFirmSell.h	5	UNUSE_OBJ4,
MyFirmSell.h	6	UNUSE_OBJ5,
MyFirmSell.h	7	UNUSE_OBJ6,
MyFirmSell.h	8	SHOW_PRICE
MyFirmSell.h	9	};
MyFirmStop.h	1	enum {
MyFirmStop.h	2	BTN_YES,
MyFirmStop.h	3	BTN_NO,
MyFirmStop.h	4	SHOW_STOP_OR_RESTART
MyFirmStop.h	5	};
NPCselect.h	1	enum {
NPCselect.h	2	LIST_NPC,
NPCselect.h	3	UNUSE_OBJ2,
NPCselect.h	4	BTN_CLOSE
NPCselect.h	5	};
NoMoney.h	1	enum {
NoMoney.h	2	UNUSE_OBJ1,
NoMoney.h	3	BTN_OK
NoMoney.h	4	};
Option.h	1	enum {
Option.h	2	BTN_EXIT,
Option.h	3	UNUSE_OBJ2,
Option.h	4	BTN_MUSIC,
Option.h	5	BTN_SOUND,
Option.h	6	BTN_SPEED,
Option.h	7	EGB_MUSIC,
Option.h	8	EGB_SOUND,
Option.h	9	EGB_SPEED
Option.h	10	};
ProductBook.h	1	enum {
ProductBook.h	2	BTN_EXIT,
ProductBook.h	3	BTN_TYPE_ARROW,
ProductBook.h	4	UNUSE_OBJ3,
ProductBook.h	5	SHOW_OUT_NAME,
ProductBook.h	6	UNUSE_OBJ44,
ProductBook.h	7	SHOW_OUT_QUANTITY,
ProductBook.h	8	LIST_ITEM_1,
ProductBook.h	9	SHOW_CATEGORY,
ProductBook.h	10	BTN_ARROW_1,
ProductBook.h	11	SCBAR_ITEM,
ProductBook.h	12	BTN_OUT_PIC,
ProductBook.h	13	BTN_OUT_CHANGE,
ProductBook.h	14	BTN_MOVING,
ProductBook.h	15	UNUSE_OBJ5,
ProductBook.h	16	UNUSE_OBJ4,
ProductBook.h	17	SHOW_CTL_MACHINE,
ProductBook.h	18	UNUSE_OBJ7,
ProductBook.h	19	UNUSE_OBJ10,
ProductBook.h	20	SHOW_CTL_SOURCE,
ProductBook.h	21	UNUSE_OBJ8,
ProductBook.h	22	WS_BOARD,
ProductBook.h	23	WS_GOOD,
ProductBook.h	24	WS_FAST,
ProductBook.h	25	MACHINE_GROUP_NAME,
ProductBook.h	26	UNUSE_OBJ25,
ProductBook.h	27	UNUSE_OBJ26,
ProductBook.h	28	BUY_MACHINE_GROUP,
ProductBook.h	29	MG_NAME_00,
ProductBook.h	30	MG_NAME_01,
ProductBook.h	31	MG_NAME_02,
ProductBook.h	32	MG_NAME_03,
ProductBook.h	33	MG_NAME_04,
ProductBook.h	34	MG_NAME_05,
ProductBook.h	35	MG_NAME_06,
ProductBook.h	36	PRODPROC_01,
ProductBook.h	37	PRODPROC_02,
ProductBook.h	38	PRODPROC_03,
ProductBook.h	39	PRODPROC_04,
ProductBook.h	40	CAN_RETAIL,
ProductBook.h	41	WS_TXT1,
ProductBook.h	42	WS_TXT2,
ProductBook.h	43	WS_TXT3,
ProductBook.h	44	WS_TXT4,
ProductBook.h	45	WS_TXT5
ProductBook.h	46	};
ProductBook_Board.h	1	enum {
ProductBook_Board.h	2	SHOW_IN_NAME,
ProductBook_Board.h	3	UNUSE_OBJ2,
ProductBook_Board.h	4	UNUSE_OBJ13,
ProductBook_Board.h	5	UNUSE_OBJ14,
ProductBook_Board.h	6	SHOW_IN_QUANTIAY,
ProductBook_Board.h	7	SHOW_IN_QUALITY,
ProductBook_Board.h	8	BTN_IN_MORE,
ProductBook_Board.h	9	BTN_IN_CHANGE,
ProductBook_Board.h	10	BTN_IN_PIC,
ProductBook_Board.h	11	CAN_RETAIL1
ProductBook_Board.h	12	};
ProductBook_List.h	1	enum {
ProductBook_List.h	2	LIST_PRODUCTBOOK
ProductBook_List.h	3	};
QuitConfirm.h	1	enum {
QuitConfirm.h	2	BTN_YES,
QuitConfirm.h	3	BTN_NO,
QuitConfirm.h	4	UNUSE_OBJ3
QuitConfirm.h	5	};
RetailMachine.h	1	enum {
RetailMachine.h	2	BTN_ARROW,
RetailMachine.h	3	BTN_MINUS,
RetailMachine.h	4	BTN_ADD,
RetailMachine.h	5	BTN_STOP,
RetailMachine.h	6	BTN_SELL,
RetailMachine.h	7	UNUSE_OBJ8,
RetailMachine.h	8	UNUSE_OBJ9,
RetailMachine.h	9	SHOW_ITEM,
RetailMachine.h	10	SHOW_PRICE,
RetailMachine.h	11	BTN_TITLEBAR,
RetailMachine.h	12	SHOW_MACHINE_NAME,
RetailMachine.h	13	SHOW_MACHINE_YEAR,
RetailMachine.h	14	BTN_RESTART,
RetailMachine.h	15	UNUSE_OBJ14,
RetailMachine.h	16	SHOW_ITEM_NEXT,
RetailMachine.h	17	SHOW_BOX_LEFT,
RetailMachine.h	18	UNUSE_OBJ17,
RetailMachine.h	19	UNUSE_OBJ18,
RetailMachine.h	20	SHOW_STOCK,
RetailMachine.h	21	SHOW_AVGSELL,
RetailMachine.h	22	BTN_BOARD,
RetailMachine.h	23	SCBAR_RETAIL,
RetailMachine.h	24	LIST_PRODUCT_1,
RetailMachine.h	25	LIST_PRODUCT_2,
RetailMachine.h	26	UNIT_PIECE,
RetailMachine.h	27	UNIT_G,
RetailMachine.h	28	UNIT_KG,
RetailMachine.h	29	SHOW_COST,
RetailMachine.h	30	UNUSE_OBJ29,
RetailMachine.h	31	UNUSE_OBJ30,
RetailMachine.h	32	SHOW_BOX_AMOUNT,
RetailMachine.h	33	UNUSE_OBJ32
RetailMachine.h	34	};
SalaryAdjust.h	1	enum {
SalaryAdjust.h	2	SHOW_MANAGER,
SalaryAdjust.h	3	SHOW_MANAGER_NEED,
SalaryAdjust.h	4	BTN_MANAGER_ADD,
SalaryAdjust.h	5	SHOW_MANAGER_SALARY,
SalaryAdjust.h	6	BTN_MANAGER_MINUS,
SalaryAdjust.h	7	SHOW_WORKER,
SalaryAdjust.h	8	SHOW_WORKER_NEED,
SalaryAdjust.h	9	BTN_WORKER_MINUS,
SalaryAdjust.h	10	SHOW_WORKER_SALARY,
SalaryAdjust.h	11	BTN_WORKER_ADD,
SalaryAdjust.h	12	EGBAR_MANAGER,
SalaryAdjust.h	13	EGBAR_WORKER,
SalaryAdjust.h	14	UNUSE_OBJ13,
SalaryAdjust.h	15	UNUSE_OBJ14,
SalaryAdjust.h	16	EGBAR_SALES,
SalaryAdjust.h	17	UNUSE_OBJ16,
SalaryAdjust.h	18	SHOW_SALES,
SalaryAdjust.h	19	SHOW_SALES_NEED,
SalaryAdjust.h	20	BTN_SALES_MINUS,
SalaryAdjust.h	21	SHOW_SALES_SALARY,
SalaryAdjust.h	22	BTN_SALES_ADD
SalaryAdjust.h	23	};
SaleMachine-1.h	1	enum {
SaleMachine-1.h	2	BTN_YES,
SaleMachine-1.h	3	BTN_NO,
SaleMachine-1.h	4	UNUSE_OBJ31
SaleMachine-1.h	5	};
SaleMachine.h	1	enum {
SaleMachine.h	2	BTN_BG_1,
SaleMachine.h	3	BTN_BG_2,
SaleMachine.h	4	BTN_BG_3,
SaleMachine.h	5	BTN_EXIT,
SaleMachine.h	6	BTN_TYPE_1,
SaleMachine.h	7	BTN_TYPE_2,
SaleMachine.h	8	BTN_TYPE_3,
SaleMachine.h	9	BTN_TYPE_4,
SaleMachine.h	10	BTN_TYPE_5,
SaleMachine.h	11	BTN_TYPE_6,
SaleMachine.h	12	BTN_TYPE_7,
SaleMachine.h	13	BTN_PIC_1,
SaleMachine.h	14	BTN_PIC_2,
SaleMachine.h	15	BTN_PIC_3,
SaleMachine.h	16	BTN_PIC_4,
SaleMachine.h	17	BTN_PIC_5,
SaleMachine.h	18	SCBAR_SALEMACHINE,
SaleMachine.h	19	SHOW_NAME_1,
SaleMachine.h	20	SHOW_NAME_2,
SaleMachine.h	21	SHOW_NAME_3,
SaleMachine.h	22	SHOW_NAME_4,
SaleMachine.h	23	SHOW_NAME_5,
SaleMachine.h	24	LIST_PRODUCT
SaleMachine.h	25	};
SaleMachineInfo.h	1	enum {
SaleMachineInfo.h	2	UNUSE_OBJ1,
SaleMachineInfo.h	3	UNUSE_OBJ2,
SaleMachineInfo.h	4	UNUSE_OBJ3,
SaleMachineInfo.h	5	UNUSE_OBJ4,
SaleMachineInfo.h	6	UNUSE_OBJ5,
SaleMachineInfo.h	7	UNUSE_OBJ6,
SaleMachineInfo.h	8	BTN_ARROW,
SaleMachineInfo.h	9	SHOW_QUALITY,
SaleMachineInfo.h	10	SHOW_PRICE,
SaleMachineInfo.h	11	SHOW_YEAR,
SaleMachineInfo.h	12	SHOW_WORKER_NUM,
SaleMachineInfo.h	13	SHOW_IN_ITEM_1,
SaleMachineInfo.h	14	SHOW_IN_ITEM_2,
SaleMachineInfo.h	15	SHOW_IN_ITEM_3,
SaleMachineInfo.h	16	SHOW_IN_ITEM_4,
SaleMachineInfo.h	17	SHOW_IN_QUANTITY_1,
SaleMachineInfo.h	18	SHOW_IN_QUANTITY_2,
SaleMachineInfo.h	19	SHOW_IN_QUANTITY_3,
SaleMachineInfo.h	20	SHOW_IN_QUANTITY_4,
SaleMachineInfo.h	21	SHOW_OUT_ITEM,
SaleMachineInfo.h	22	SHOW_OUT_QUANTITY,
SaleMachineInfo.h	23	UNUSE_OBJ24,
SaleMachineInfo.h	24	SHOW_MANAGER_NUM,
SaleMachineInfo.h	25	BTN_TITLEBAR,
SaleMachineInfo.h	26	SHOW_MACHINE_NAME,
SaleMachineInfo.h	27	SHOW_MACHINE_YEAR,
SaleMachineInfo.h	28	LIST_PRODUCT,
SaleMachineInfo.h	29	UNUSE_OBJ29,
SaleMachineInfo.h	30	UNUSE_OBJ30,
SaleMachineInfo.h	31	UNUSE_OBJ31,
SaleMachineInfo.h	32	MAINTAIN_COST,
SaleMachineInfo.h	33	UNUSE_OBJ34,
SaleMachineInfo.h	34	MATERIAL_USE,
SaleMachineInfo.h	35	UNUSE_OBJ36,
SaleMachineInfo.h	36	SHOW_UNITSTR1,
SaleMachineInfo.h	37	SHOW_UNITSTR2,
SaleMachineInfo.h	38	SHOW_UNITSTR3,
SaleMachineInfo.h	39	SHOW_UNITSTR4,
SaleMachineInfo.h	40	WORK_TIME
SaleMachineInfo.h	41	};
SaveConfirm.h	1	enum {
SaveConfirm.h	2	BTN_YES,
SaveConfirm.h	3	BTN_NO,
SaveConfirm.h	4	UNUSE_OBJ3
SaveConfirm.h	5	};
SmallMapBtn.h	1	enum {
SmallMapBtn.h	2	BTN_COMPANY,
SmallMapBtn.h	3	BTN_PEOPLE,
SmallMapBtn.h	4	BTN_MINE,
SmallMapBtn.h	5	BTN_WATER
SmallMapBtn.h	6	};
ToBuildFirm-1.h	1	enum {
ToBuildFirm-1.h	2	SHOW_WOOD,
ToBuildFirm-1.h	3	SHOW_DIRT,
ToBuildFirm-1.h	4	SHOW_IRON,
ToBuildFirm-1.h	5	SHOW_BRICK,
ToBuildFirm-1.h	6	SHOW_CONCRETE,
ToBuildFirm-1.h	7	SHOW_GLASS,
ToBuildFirm-1.h	8	SHOW_STEEL,
ToBuildFirm-1.h	9	SHOW_WOOD_NUM,
ToBuildFirm-1.h	10	SHOW_DIRT_NUM,
ToBuildFirm-1.h	11	SHOW_IRON_NUM,
ToBuildFirm-1.h	12	SHOW_BRICK_NUM,
ToBuildFirm-1.h	13	SHOW_CONCRETE_NUM,
ToBuildFirm-1.h	14	SHOW_GLASS_NUM,
ToBuildFirm-1.h	15	SHOW_STEEL_NUM,
ToBuildFirm-1.h	16	SHOW_BUILD_NAME
ToBuildFirm-1.h	17	};
ToBuildFirm-Mine.h	1	enum {
ToBuildFirm-Mine.h	2	BTN_BUILDMINE_FACT_OLD,
ToBuildFirm-Mine.h	3	BTN_BUILDMINE_FACT_NEW,
ToBuildFirm-Mine.h	4	BTN_BUILDMINE_STORE,
ToBuildFirm-Mine.h	5	BTN_BUILDMINE_STORE_1,
ToBuildFirm-Mine.h	6	BTN_BUILDMINE_FARM,
ToBuildFirm-Mine.h	7	BTN_BUILDMINE_FARM_1,
ToBuildFirm-Mine.h	8	BTN_BUILDMINE_MINE,
ToBuildFirm-Mine.h	9	SHOW_BUILDMINE_FACE_PRICE,
ToBuildFirm-Mine.h	10	SHOW_BUILDMINE_STORE_PRICE,
ToBuildFirm-Mine.h	11	SHOW_BUILDMINE_STORE_1_PRICE,
ToBuildFirm-Mine.h	12	SHOW_BUILDMINE_FARM_PRICE,
ToBuildFirm-Mine.h	13	SHOW_BUILDMINE_FARM_1_PRICE,
ToBuildFirm-Mine.h	14	SHOW_BUILDMINE_MINE_PRICE,
ToBuildFirm-Mine.h	15	BTN_TOBUILDFIRM_MINE_BUILD,
ToBuildFirm-Mine.h	16	BTN_TITLEBAR1,
ToBuildFirm-Mine.h	17	SHOW_NAME_BUILDING1,
ToBuildFirm-Mine.h	18	SHOW_BUILDMINE_TYPE,
ToBuildFirm-Mine.h	19	SHOW_BUILDMINE_QUALITY,
ToBuildFirm-Mine.h	20	SHOW_BUILDMINE_QUALITY_NUM,
ToBuildFirm-Mine.h	21	SHOW_BUILDMINE_TYPE_NAME,
ToBuildFirm-Mine.h	22	SHOW_BUILDMINE_QUANTITY,
ToBuildFirm-Mine.h	23	SHOW_BUILDMINE_QUANTITY_NUM
ToBuildFirm-Mine.h	24	};
ToBuildFirm.h	1	enum {
ToBuildFirm.h	2	BTN_BUILD_FACT_OLD,
ToBuildFirm.h	3	BTN_BUILD_FACT_NEW,
ToBuildFirm.h	4	BTN_BUILD_STORE,
ToBuildFirm.h	5	BTN_BUILD_STORE_1,
ToBuildFirm.h	6	BTN_BUILD_FARM,
ToBuildFirm.h	7	BTN_BUILD_FARM_1,
ToBuildFirm.h	8	BTN_BUILD_MINE,
ToBuildFirm.h	9	SHOW_BUILD_FACT_PRICE,
ToBuildFirm.h	10	SHOW_BUILD_STORE_PRICE,
ToBuildFirm.h	11	SHOW_BUILD_STORE_1_PRICE,
ToBuildFirm.h	12	SHOW_BUILD_FARM_PRICE,
ToBuildFirm.h	13	SHOW_BUILD_FARM_1_PRICE,
ToBuildFirm.h	14	SHOW_BUILD_MINE_PRICE,
ToBuildFirm.h	15	BTN_TOBUILDFIRM_BUILD,
ToBuildFirm.h	16	BTN_TITLEBAR,
ToBuildFirm.h	17	SHOW_NAME_BUILDING,
ToBuildFirm.h	18	SHOW_BUILD_WATER,
ToBuildFirm.h	19	SHOW_BUILD_WATER_NUM,
ToBuildFirm.h	20	SHOW_BUILD_DIRT,
ToBuildFirm.h	21	SHOW_BUILD_DIRT_NUM
ToBuildFirm.h	22	};
balance_info.h	1	enum {
balance_info.h	2	UNUSE_OBJ1,
balance_info.h	3	UNUSE_OBJ2,
balance_info.h	4	UNUSE_OBJ3,
balance_info.h	5	UNUSE_OBJ4,
balance_info.h	6	UNUSE_OBJ5,
balance_info.h	7	UNUSE_OBJ6,
balance_info.h	8	UNUSE_OBJ7,
balance_info.h	9	UNUSE_OBJ8,
balance_info.h	10	UNUSE_OBJ9,
balance_info.h	11	UNUSE_OBJ10,
balance_info.h	12	UNUSE_OBJ11,
balance_info.h	13	UNUSE_OBJ12,
balance_info.h	14	UNUSE_OBJ13,
balance_info.h	15	UNUSE_OBJ14,
balance_info.h	16	UNUSE_OBJ15,
balance_info.h	17	UNUSE_OBJ16,
balance_info.h	18	UNUSE_OBJ17,
balance_info.h	19	UNUSE_OBJ18,
balance_info.h	20	UNUSE_OBJ19,
balance_info.h	21	ASSETS_DEBT0,
balance_info.h	22	COR_REVIEW0,
balance_info.h	23	ASSETS_DEBT1,
balance_info.h	24	LOSS_PROFIT,
balance_info.h	25	CORP_NAME,
balance_info.h	26	ASSETS_0,
balance_info.h	27	DEBT_0,
balance_info.h	28	NET_WORTH0,
balance_info.h	29	NETW_GRAPH,
balance_info.h	30	YEAR_BUT,
balance_info.h	31	SEASON_BUT,
balance_info.h	32	MONTH_BUT,
balance_info.h	33	CASH_0,
balance_info.h	34	STOCKS_0,
balance_info.h	35	LAND_0,
balance_info.h	36	SUBTOTAL_0,
balance_info.h	37	MACHINE_0,
balance_info.h	38	ASSETS_TOTAL0,
balance_info.h	39	LOAN_0,
balance_info.h	40	VACANCY_0,
balance_info.h	41	MINES_0,
balance_info.h	42	FACTORY_0,
balance_info.h	43	FARM_0,
balance_info.h	44	TEC_FARM0,
balance_info.h	45	MARKET_0,
balance_info.h	46	MALL_0,
balance_info.h	47	CASH_NUM,
balance_info.h	48	STOCKS_NUM,
balance_info.h	49	LAND_NUM,
balance_info.h	50	MINES_NUM,
balance_info.h	51	FACTORY_NUM,
balance_info.h	52	FARM_NUM,
balance_info.h	53	TECFARM_NUM,
balance_info.h	54	MARKET_NUM,
balance_info.h	55	MALL_NUM,
balance_info.h	56	SUBTOTAL_NUM,
balance_info.h	57	MACHINE_NUM,
balance_info.h	58	ATOTAL_NUM,
balance_info.h	59	LOAN_NUM,
balance_info.h	60	NWORTH_AMOUNT,
balance_info.h	61	CASH_PER,
balance_info.h	62	STOCKS_PER,
balance_info.h	63	SUBTOTAL_PER,
balance_info.h	64	MACHINE_PER,
balance_info.h	65	ATOTAL_PER,
balance_info.h	66	UNUSE_OBJ35,
balance_info.h	67	BTN_EXIT,
balance_info.h	68	BTN_COR_SW,
balance_info.h	69	LAND_PER
balance_info.h	70	};
buildbtn.h	1	enum {
buildbtn.h	2	BTN_BUILD_FACT,
buildbtn.h	3	BTN_BUILD_BUSI,
buildbtn.h	4	BTN_BUILD_HOT,
buildbtn.h	5	BTN_BUILD_FARM,
buildbtn.h	6	BTN_BUILD_HFARM,
buildbtn.h	7	BTN_BUILD_MINE,
buildbtn.h	8	BTN_BUILD_SALE
buildbtn.h	9	};
buyfact.h	1	enum {
buyfact.h	2	UNUSE_OBJ1,
buyfact.h	3	UNUSE_OBJ2,
buyfact.h	4	UNUSE_OBJ3,
buyfact.h	5	UNUSE_OBJ4,
buyfact.h	6	UNUSE_OBJ5,
buyfact.h	7	UNUSE_OBJ6,
buyfact.h	8	UNUSE_OBJ7,
buyfact.h	9	UNUSE_OBJ8,
buyfact.h	10	BTN_YES,
buyfact.h	11	BTN_NO,
buyfact.h	12	FACT_NAME,
buyfact.h	13	COLOR,
buyfact.h	14	BUS_NAME,
buyfact.h	15	HEAD_PIC,
buyfact.h	16	YEAR_EARN,
buyfact.h	17	YEAR_PROFIT,
buyfact.h	18	LAND,
buyfact.h	19	MINER,
buyfact.h	20	HOURSE,
buyfact.h	21	MACHINE,
buyfact.h	22	STOCK,
buyfact.h	23	TOTAL,
buyfact.h	24	LAND_COST,
buyfact.h	25	MINER_COST,
buyfact.h	26	HOURSE_COST,
buyfact.h	27	MACHINE_COST,
buyfact.h	28	STOCK_COST,
buyfact.h	29	TOTAL_COST,
buyfact.h	30	TALK_TXT
buyfact.h	31	};
buystuff_confirm.h	1	enum {
buystuff_confirm.h	2	BTN_YES,
buystuff_confirm.h	3	BTN_NO,
buystuff_confirm.h	4	UNUSE_OBJ31,
buystuff_confirm.h	5	UNUSE_OBJ4,
buystuff_confirm.h	6	BUY_COST,
buystuff_confirm.h	7	UNUSE_OBJ6
buystuff_confirm.h	8	};
ceo_info.h	1	enum {
ceo_info.h	2	UNUSE_OBJ111,
ceo_info.h	3	UNUSE_OBJ211,
ceo_info.h	4	UNUSE_OBJ311,
ceo_info.h	5	UNUSE_OBJ411,
ceo_info.h	6	UNUSE_OBJ511,
ceo_info.h	7	CEO_COLOR,
ceo_info.h	8	BUS_NAME,
ceo_info.h	9	BOSSHEAD,
ceo_info.h	10	BOSSHEAD_NAME,
ceo_info.h	11	HEAD_PIC,
ceo_info.h	12	PRODUCE,
ceo_info.h	13	PRODUCE_NAME,
ceo_info.h	14	EXCEL,
ceo_info.h	15	EXCEL_NAME,
ceo_info.h	16	POLICY,
ceo_info.h	17	POLICY_NAME,
ceo_info.h	18	ADVANTAGE,
ceo_info.h	19	ADVANTAGE_NAME
ceo_info.h	20	};
ceo_regist.h	1	enum {
ceo_regist.h	2	UNUSE_OBJ1,
ceo_regist.h	3	UNUSE_OBJ2,
ceo_regist.h	4	CEO_NAME,
ceo_regist.h	5	BUSINESS_SNAME,
ceo_regist.h	6	CEO_SNAME,
ceo_regist.h	7	AGENT_COLOR,
ceo_regist.h	8	AGENT,
ceo_regist.h	9	PLR_NAME,
ceo_regist.h	10	BTN_OK,
ceo_regist.h	11	BTN_CANCEL,
ceo_regist.h	12	PLR_COLOR,
ceo_regist.h	13	BTN_SELECT_COLOR
ceo_regist.h	14	};
colorlist.h	1	enum {
colorlist.h	2	CLR_1,
colorlist.h	3	CLR_2,
colorlist.h	4	CLR_3,
colorlist.h	5	CLR_4,
colorlist.h	6	CLR_5,
colorlist.h	7	CLR_6,
colorlist.h	8	CLR_7
colorlist.h	9	};
extface_putland.h	1	enum {
extface_putland.h	2	TINY_LAND,
extface_putland.h	3	MID_LAND,
extface_putland.h	4	BIG_LAND,
extface_putland.h	5	LAND_EMPTY,
extface_putland.h	6	LAND_WOOD,
extface_putland.h	7	LAND_DIRT,
extface_putland.h	8	LAND_IRON,
extface_putland.h	9	LAND_SI,
extface_putland.h	10	LAND_OIL,
extface_putland.h	11	LAND_COAL,
extface_putland.h	12	LAND_CHEM,
extface_putland.h	13	LAND_GOLD,
extface_putland.h	14	LAND_SILV,
extface_putland.h	15	LAND_ALUM,
extface_putland.h	16	LAND_HOUSE,
extface_putland.h	17	BTN_CLOSE,
extface_putland.h	18	LAND_HOUSE0,
extface_putland.h	19	UNUSE_OBJ18,
extface_putland.h	20	UNUSE_OBJ19,
extface_putland.h	21	UNUSE_OBJ20,
extface_putland.h	22	UNUSE_OBJ21,
extface_putland.h	23	UNUSE_OBJ22,
extface_putland.h	24	UNUSE_OBJ23,
extface_putland.h	25	UNUSE_OBJ24,
extface_putland.h	26	UNUSE_OBJ25,
extface_putland.h	27	UNUSE_OBJ26,
extface_putland.h	28	UNUSE_OBJ27,
extface_putland.h	29	UNUSE_OBJ28,
extface_putland.h	30	UNUSE_OBJ29,
extface_putland.h	31	UNUSE_OBJ30,
extface_putland.h	32	UNUSE_OBJ31,
extface_putland.h	33	UNUSE_OBJ32,
extface_putland.h	34	UNUSE_OBJ33,
extface_putland.h	35	UNUSE_OBJ34,
extface_putland.h	36	UNUSE_OBJ35,
extface_putland.h	37	UNUSE_OBJ36,
extface_putland.h	38	UNUSE_OBJ37,
extface_putland.h	39	UNUSE_OBJ38,
extface_putland.h	40	UNUSE_OBJ39
extface_putland.h	41	};
face_btn1.h	1	enum {
face_btn1.h	2	BTN_SALE,
face_btn1.h	3	BTN_RETAIL,
face_btn1.h	4	BTN_BUY,
face_btn1.h	5	BTN_PROFIT
face_btn1.h	6	};
face_btn2.h	1	enum {
face_btn2.h	2	BTN_NORMAL,
face_btn2.h	3	BTN_BUYMACHINE
face_btn2.h	4	};
face_buildfact_confirm.h	1	enum {
face_buildfact_confirm.h	2	BTN_YES,
face_buildfact_confirm.h	3	BTN_NO,
face_buildfact_confirm.h	4	UNUSE_OBJ3
face_buildfact_confirm.h	5	};
face_buymachine.h	1	enum {
face_buymachine.h	2	UNUSE_OBJ1,
face_buymachine.h	3	UNUSE_OBJ2,
face_buymachine.h	4	UNUSE_OBJ3,
face_buymachine.h	5	UNUSE_OBJ4,
face_buymachine.h	6	UNUSE_OBJ5,
face_buymachine.h	7	UNUSE_OBJ6,
face_buymachine.h	8	UNUSE_OBJ7,
face_buymachine.h	9	SCBAR_SALEMACHINE,
face_buymachine.h	10	BTN_TYPE_1,
face_buymachine.h	11	BTN_TYPE_2,
face_buymachine.h	12	BTN_TYPE_3,
face_buymachine.h	13	BTN_TYPE_4,
face_buymachine.h	14	BTN_TYPE_5,
face_buymachine.h	15	BTN_TYPE_6,
face_buymachine.h	16	BTN_TYPE_7,
face_buymachine.h	17	BTN_PIC_1,
face_buymachine.h	18	BTN_PIC_2,
face_buymachine.h	19	BTN_PIC_3,
face_buymachine.h	20	BTN_PIC_4,
face_buymachine.h	21	BTN_PIC_5,
face_buymachine.h	22	SHOW_NAME_1,
face_buymachine.h	23	SHOW_NAME_2,
face_buymachine.h	24	SHOW_NAME_3,
face_buymachine.h	25	SHOW_NAME_4,
face_buymachine.h	26	SHOW_NAME_5,
face_buymachine.h	27	LIST_PRODUCT
face_buymachine.h	28	};
face_cancel_build_confirm.h	1	enum {
face_cancel_build_confirm.h	2	BTN_YES,
face_cancel_build_confirm.h	3	BTN_NO,
face_cancel_build_confirm.h	4	UNUSE_OBJ3
face_cancel_build_confirm.h	5	};
face_cheat.h	1	enum {
face_cheat.h	2	EDIT_CHEAT
face_cheat.h	3	};
face_event.h	1	enum {
face_event.h	2	PIC_EVENT,
face_event.h	3	PIC_LIGHT,
face_event.h	4	TEXT
face_event.h	5	};
face_fix_machine.h	1	enum {
face_fix_machine.h	2	UNUSE_OBJ1,
face_fix_machine.h	3	UNUSE_OBJ2,
face_fix_machine.h	4	EDIT_COST,
face_fix_machine.h	5	BTN_YES,
face_fix_machine.h	6	BTN_NO
face_fix_machine.h	7	};
face_hint.h	1	enum {
face_hint.h	2	EDIT_HINT
face_hint.h	3	};
face_license.h	1	enum {
face_license.h	2	UNUSE_OBJ2,
face_license.h	3	UNUSE_OBJ3,
face_license.h	4	UNUSE_OBJ4,
face_license.h	5	LICENSE_PROD_NAME,
face_license.h	6	LICENSE_COST,
face_license.h	7	LICENSE_SUM,
face_license.h	8	BTN_OK,
face_license.h	9	BTN_CANCEL,
face_license.h	10	UNUSE_OBJ9
face_license.h	11	};
face_list.h	1	enum {
face_list.h	2	FACE_LIST
face_list.h	3	};
face_machine.h	1	enum {
face_machine.h	2	UNUSE_OBJ1,
face_machine.h	3	UNUSE_OBJ2,
face_machine.h	4	UNUSE_OBJ3,
face_machine.h	5	UNUSE_OBJ4,
face_machine.h	6	UNUSE_OBJ5,
face_machine.h	7	UNUSE_OBJ6,
face_machine.h	8	UNUSE_OBJ7,
face_machine.h	9	UNUSE_OBJ8,
face_machine.h	10	SHOW_MACHINE_NAME,
face_machine.h	11	UNUSE_OBJ10,
face_machine.h	12	SHOW_MACHINE_YEAR,
face_machine.h	13	UNUSE_OBJ12,
face_machine.h	14	UNUSE_OBJ13,
face_machine.h	15	UNUSE_OBJ14,
face_machine.h	16	UNUSE_OBJ15,
face_machine.h	17	UNUSE_OBJ16,
face_machine.h	18	SHOW_FIXFEE,
face_machine.h	19	UNUSE_OBJ18,
face_machine.h	20	SHOW_QUALITY,
face_machine.h	21	SHOW_OUT_NAME,
face_machine.h	22	SHOW_OUT_NUM,
face_machine.h	23	EGB_OUT,
face_machine.h	24	BOARD_COLOR,
face_machine.h	25	BOARD_COLOR_SEL,
face_machine.h	26	BOARD_SUM,
face_machine.h	27	UNUSE_OBJ26,
face_machine.h	28	PRODKIND_COUNT,
face_machine.h	29	UNUSE_OBJ28,
face_machine.h	30	SHOW_NEXTITEM,
face_machine.h	31	BTN_ARROW,
face_machine.h	32	SHOW_IN_NAME_1,
face_machine.h	33	SHOW_IN_NAME_2,
face_machine.h	34	SHOW_IN_NAME_3,
face_machine.h	35	SHOW_IN_NAME_4,
face_machine.h	36	SHOW_IN_NUM_1,
face_machine.h	37	SHOW_IN_NUM_2,
face_machine.h	38	SHOW_IN_NUM_3,
face_machine.h	39	SHOW_IN_NUM_4,
face_machine.h	40	EGB_IN_1,
face_machine.h	41	EGB_IN_2,
face_machine.h	42	EGB_IN_3,
face_machine.h	43	EGB_IN_4,
face_machine.h	44	UNUSE_OBJ43,
face_machine.h	45	UNUSE_OBJ44,
face_machine.h	46	SHOW_MONTH_1,
face_machine.h	47	SHOW_MONTH_2,
face_machine.h	48	SHOW_MONTH_3,
face_machine.h	49	SHOW_MONTH_4,
face_machine.h	50	SHOW_PRODUCE_1,
face_machine.h	51	SHOW_PRODUCE_2,
face_machine.h	52	SHOW_PRODUCE_3,
face_machine.h	53	SHOW_PRODUCE_4,
face_machine.h	54	DAMAGE,
face_machine.h	55	SHOW_MANAGER_NUM,
face_machine.h	56	SHOW_WORKER_NUM,
face_machine.h	57	BTN_SELL,
face_machine.h	58	BTN_STOP,
face_machine.h	59	BTN_RESTART,
face_machine.h	60	LIST_PRODUCT,
face_machine.h	61	UNUSE_OBJ60,
face_machine.h	62	SHOW_MANAGER_NEED,
face_machine.h	63	UNUSE_OBJ62,
face_machine.h	64	SHOW_WORKER_NEED
face_machine.h	65	};
face_machine_introduce.h	1	enum {
face_machine_introduce.h	2	UNUSE_OBJ1,
face_machine_introduce.h	3	UNUSE_OBJ2,
face_machine_introduce.h	4	UNUSE_OBJ3,
face_machine_introduce.h	5	UNUSE_OBJ4,
face_machine_introduce.h	6	UNUSE_OBJ5,
face_machine_introduce.h	7	UNUSE_OBJ6,
face_machine_introduce.h	8	UNUSE_OBJ7,
face_machine_introduce.h	9	UNUSE_OBJ8,
face_machine_introduce.h	10	UNUSE_OBJ9,
face_machine_introduce.h	11	LIST_PROD,
face_machine_introduce.h	12	MACHINE_NAME,
face_machine_introduce.h	13	UNUSE_OBJ12,
face_machine_introduce.h	14	UNUSE_OBJ13,
face_machine_introduce.h	15	EDIT_YEAR,
face_machine_introduce.h	16	UNUSE_OBJ15,
face_machine_introduce.h	17	UNUSE_OBJ16,
face_machine_introduce.h	18	UNUSE_OBJ17,
face_machine_introduce.h	19	UNUSE_OBJ18,
face_machine_introduce.h	20	UNUSE_OBJ19,
face_machine_introduce.h	21	UNUSE_OBJ20,
face_machine_introduce.h	22	INTRO_1,
face_machine_introduce.h	23	EDIT_PRICE,
face_machine_introduce.h	24	EDIT_MAINTAIN_COST,
face_machine_introduce.h	25	EDIT_MANPOWER,
face_machine_introduce.h	26	EDIT_QUALITY,
face_machine_introduce.h	27	EDIT_USEMATERIAL,
face_machine_introduce.h	28	EDIT_TIMESPEND,
face_machine_introduce.h	29	UNUSE_OBJ36,
face_machine_introduce.h	30	UNUSE_OBJ37
face_machine_introduce.h	31	};
face_mapedit.h	1	enum {
face_mapedit.h	2	BTN_EXIT,
face_mapedit.h	3	LIST1,
face_mapedit.h	4	UNUSE_OBJ3
face_mapedit.h	5	};
face_prograss.h	1	enum {
face_prograss.h	2	PROGRASS_BAR,
face_prograss.h	3	PROGRASS_TXT,
face_prograss.h	4	UNUSE_OBJ3
face_prograss.h	5	};
face_put_machine.h	1	enum {
face_put_machine.h	2	UNUSE_OBJ1,
face_put_machine.h	3	UNUSE_OBJ2,
face_put_machine.h	4	UNUSE_OBJ3,
face_put_machine.h	5	SHOW_OUT_NAME,
face_put_machine.h	6	BTN_OUT_SEL,
face_put_machine.h	7	SHOW_IN_NAME_1,
face_put_machine.h	8	SHOW_IN_NAME_2,
face_put_machine.h	9	SHOW_IN_NAME_3,
face_put_machine.h	10	SHOW_IN_NAME_4,
face_put_machine.h	11	SHOW_IN_NUM_1,
face_put_machine.h	12	SHOW_IN_NUM_2,
face_put_machine.h	13	SHOW_IN_NUM_3,
face_put_machine.h	14	SHOW_IN_NUM_4,
face_put_machine.h	15	BOARD_COLOR,
face_put_machine.h	16	BOARD_COLOR_SEL,
face_put_machine.h	17	BOARD_SUM,
face_put_machine.h	18	UNUSE_OBJ21,
face_put_machine.h	19	PRODKIND_COUNT,
face_put_machine.h	20	UNUSE_OBJ23,
face_put_machine.h	21	BTN_MANAGER_MINUS,
face_put_machine.h	22	BTN_MANAGER_ADD,
face_put_machine.h	23	BTN_WORKER_MINUS,
face_put_machine.h	24	BTN_WORKER_ADD,
face_put_machine.h	25	SHOW_MANAGER_NUM,
face_put_machine.h	26	SHOW_WORKER_NUM,
face_put_machine.h	27	UNUSE_OBJ32,
face_put_machine.h	28	LIST_PRODUCT,
face_put_machine.h	29	BTN_YES
face_put_machine.h	30	};
face_retailmachine.h	1	enum {
face_retailmachine.h	2	UNUSE_OBJ1,
face_retailmachine.h	3	UNUSE_OBJ2,
face_retailmachine.h	4	UNUSE_OBJ3,
face_retailmachine.h	5	UNUSE_OBJ4,
face_retailmachine.h	6	UNUSE_OBJ5,
face_retailmachine.h	7	UNUSE_OBJ6,
face_retailmachine.h	8	UNUSE_OBJ7,
face_retailmachine.h	9	UNUSE_OBJ8,
face_retailmachine.h	10	UNUSE_OBJ9,
face_retailmachine.h	11	UNUSE_OBJ10,
face_retailmachine.h	12	UNUSE_OBJ11,
face_retailmachine.h	13	UNUSE_OBJ12,
face_retailmachine.h	14	UNUSE_OBJ13,
face_retailmachine.h	15	UNUSE_OBJ14,
face_retailmachine.h	16	UNUSE_OBJ15,
face_retailmachine.h	17	UNUSE_OBJ16,
face_retailmachine.h	18	SHOW_MACHINE_NAME,
face_retailmachine.h	19	SHOW_MACHINE_YEAR,
face_retailmachine.h	20	SHOW_BOX_LEFT,
face_retailmachine.h	21	SHOW_COST,
face_retailmachine.h	22	SHOW_ITEM,
face_retailmachine.h	23	SHOW_ITEM_NEXT,
face_retailmachine.h	24	SHOW_PRICE,
face_retailmachine.h	25	BTN_ARROW,
face_retailmachine.h	26	BTN_MINUS,
face_retailmachine.h	27	BTN_ADD,
face_retailmachine.h	28	SHOW_AVGSELL,
face_retailmachine.h	29	BTN_RESTART,
face_retailmachine.h	30	SHOW_STOCK,
face_retailmachine.h	31	UNUSE_OBJ30,
face_retailmachine.h	32	BTN_SELL,
face_retailmachine.h	33	UNUSE_OBJ31,
face_retailmachine.h	34	BTN_STOP,
face_retailmachine.h	35	UNUSE_OBJ34,
face_retailmachine.h	36	SHOW_BOX_AMOUNT,
face_retailmachine.h	37	BTN_BOARD,
face_retailmachine.h	38	LIST_PRODUCT_1,
face_retailmachine.h	39	SCBAR_RETAIL,
face_retailmachine.h	40	LIST_PRODUCT_2,
face_retailmachine.h	41	HAVE_WORKER,
face_retailmachine.h	42	UNUSE_OBJ41,
face_retailmachine.h	43	BASE_PERCENT,
face_retailmachine.h	44	UNUSE_OBJ43
face_retailmachine.h	45	};
face_rmfact_confirm.h	1	enum {
face_rmfact_confirm.h	2	BTN_YES,
face_rmfact_confirm.h	3	BTN_NO,
face_rmfact_confirm.h	4	UNUSE_OBJ3
face_rmfact_confirm.h	5	};
face_salary_0.h	1	enum {
face_salary_0.h	2	BTN_MANAGER,
face_salary_0.h	3	UNUSE_OBJ25,
face_salary_0.h	4	BTN_WORKER,
face_salary_0.h	5	MGR_IDLE,
face_salary_0.h	6	WKR_IDLE,
face_salary_0.h	7	SALES_IDLE,
face_salary_0.h	8	UNUSE_OBJ7,
face_salary_0.h	9	UNUSE_OBJ8,
face_salary_0.h	10	UNUSE_OBJ9,
face_salary_0.h	11	MGR_HAVE,
face_salary_0.h	12	WKR_HAVE,
face_salary_0.h	13	SALES_HAVE,
face_salary_0.h	14	MGR_ALLOW,
face_salary_0.h	15	MGR_DEC,
face_salary_0.h	16	MGR_ADD,
face_salary_0.h	17	MGR_SALARY,
face_salary_0.h	18	WKR_ALLOW,
face_salary_0.h	19	SALES_ALLOW,
face_salary_0.h	20	WKR_SALARY,
face_salary_0.h	21	SALES_SALARY,
face_salary_0.h	22	WKR_DEC,
face_salary_0.h	23	SALES_DEC,
face_salary_0.h	24	WKR_ADD,
face_salary_0.h	25	SALES_ADD
face_salary_0.h	26	};
face_saleland_confirm.h	1	enum {
face_saleland_confirm.h	2	BTN_YES,
face_saleland_confirm.h	3	BTN_NO,
face_saleland_confirm.h	4	UNUSE_OBJ3
face_saleland_confirm.h	5	};
face_salesman.h	1	enum {
face_salesman.h	2	BTN_STOP,
face_salesman.h	3	BTN_EXIT,
face_salesman.h	4	UNUSE_OBJ3,
face_salesman.h	5	UNUSE_OBJ4,
face_salesman.h	6	UNUSE_OBJ5,
face_salesman.h	7	UNUSE_OBJ61,
face_salesman.h	8	VISIT_FACTORY,
face_salesman.h	9	VISIT_SCORE,
face_salesman.h	10	SALE_VAL,
face_salesman.h	11	BUY_VAL
face_salesman.h	12	};
face_smallmap.h	1	enum {
face_smallmap.h	2	BTN_PRODUCTS,
face_smallmap.h	3	BTN_FACTORY,
face_smallmap.h	4	BTN_PEOPLE,
face_smallmap.h	5	BTN_RESOURCE,
face_smallmap.h	6	BTN_WATERSOIL,
face_smallmap.h	7	BTN_SEARCH,
face_smallmap.h	8	SEARCH_BOARD,
face_smallmap.h	9	SEARCH
face_smallmap.h	10	};
face_sp1.h	1	enum {
face_sp1.h	2	BTN_001,
face_sp1.h	3	BTN_002
face_sp1.h	4	};
face_stage_info.h	1	enum {
face_stage_info.h	2	EDIT_TEXT,
face_stage_info.h	3	BTN_OK
face_stage_info.h	4	};
face_talk.h	1	enum {
face_talk.h	2	COUNTRY_COLOR,
face_talk.h	3	COMPANY_NAME,
face_talk.h	4	SHOW_TEXT,
face_talk.h	5	BTN_EXIT,
face_talk.h	6	BTN_GOTO,
face_talk.h	7	HEAD_PIC
face_talk.h	8	};
face_task.h	1	enum {
face_task.h	2	TASK_INFO,
face_task.h	3	BTN_OK
face_task.h	4	};
fact_exit.h	1	enum {
fact_exit.h	2	BTN_EXITFACT
fact_exit.h	3	};
fact_profit_info.h	1	enum {
fact_profit_info.h	2	UNUSE_OBJ1,
fact_profit_info.h	3	UNUSE_OBJ2,
fact_profit_info.h	4	UNUSE_OBJ3,
fact_profit_info.h	5	UNUSE_OBJ4,
fact_profit_info.h	6	UNUSE_OBJ5,
fact_profit_info.h	7	UNUSE_OBJ6,
fact_profit_info.h	8	UNUSE_OBJ7,
fact_profit_info.h	9	UNUSE_OBJ8,
fact_profit_info.h	10	UNUSE_OBJ9,
fact_profit_info.h	11	UNUSE_OBJ10,
fact_profit_info.h	12	UNUSE_OBJ11,
fact_profit_info.h	13	UNUSE_OBJ12,
fact_profit_info.h	14	UNUSE_OBJ13,
fact_profit_info.h	15	UNUSE_OBJ14,
fact_profit_info.h	16	UNUSE_OBJ15,
fact_profit_info.h	17	UNUSE_OBJ16,
fact_profit_info.h	18	UNUSE_OBJ17,
fact_profit_info.h	19	UNUSE_OBJ18,
fact_profit_info.h	20	UNUSE_OBJ19,
fact_profit_info.h	21	UNUSE_OBJ20,
fact_profit_info.h	22	UNUSE_OBJ21,
fact_profit_info.h	23	UNUSE_OBJ22,
fact_profit_info.h	24	UNUSE_OBJ23,
fact_profit_info.h	25	BTN_EXIT,
fact_profit_info.h	26	UNUSE_OBJ25,
fact_profit_info.h	27	UNUSE_OBJ26,
fact_profit_info.h	28	UNUSE_OBJ27,
fact_profit_info.h	29	UNUSE_OBJ28,
fact_profit_info.h	30	UNUSE_OBJ29,
fact_profit_info.h	31	UNUSE_OBJ30,
fact_profit_info.h	32	UNUSE_OBJ31,
fact_profit_info.h	33	UNUSE_OBJ32,
fact_profit_info.h	34	BTN_MONTH,
fact_profit_info.h	35	BTN_SEASON,
fact_profit_info.h	36	BTN_YEAR,
fact_profit_info.h	37	UNUSE_OBJ36,
fact_profit_info.h	38	SCROLL_1,
fact_profit_info.h	39	PB_BAR,
fact_profit_info.h	40	PM_BAR,
fact_profit_info.h	41	PP_BAR,
fact_profit_info.h	42	PI_BAR,
fact_profit_info.h	43	PO_BAR,
fact_profit_info.h	44	PR_BAR,
fact_profit_info.h	45	PS_BAR,
fact_profit_info.h	46	NB_BAR,
fact_profit_info.h	47	NM_BAR,
fact_profit_info.h	48	NP_BAR,
fact_profit_info.h	49	NI_BAR,
fact_profit_info.h	50	NO_BAR,
fact_profit_info.h	51	NR_BAR,
fact_profit_info.h	52	NS_BAR,
fact_profit_info.h	53	COMPANY_NAME,
fact_profit_info.h	54	PROD_01,
fact_profit_info.h	55	PROD_02,
fact_profit_info.h	56	PROD_03,
fact_profit_info.h	57	PROD_04,
fact_profit_info.h	58	PROD_05,
fact_profit_info.h	59	PROD_06,
fact_profit_info.h	60	PROD_07,
fact_profit_info.h	61	PROD_08,
fact_profit_info.h	62	PROD_09,
fact_profit_info.h	63	PROD_10,
fact_profit_info.h	64	PROD_11,
fact_profit_info.h	65	PROD_12,
fact_profit_info.h	66	PB_01,
fact_profit_info.h	67	PB_02,
fact_profit_info.h	68	PB_03,
fact_profit_info.h	69	PB_04,
fact_profit_info.h	70	PB_05,
fact_profit_info.h	71	PB_06,
fact_profit_info.h	72	PB_07,
fact_profit_info.h	73	PB_08,
fact_profit_info.h	74	PB_09,
fact_profit_info.h	75	PB_10,
fact_profit_info.h	76	PB_11,
fact_profit_info.h	77	PB_12,
fact_profit_info.h	78	PM_01,
fact_profit_info.h	79	PM_02,
fact_profit_info.h	80	PM_03,
fact_profit_info.h	81	PM_04,
fact_profit_info.h	82	PM_05,
fact_profit_info.h	83	PM_06,
fact_profit_info.h	84	PM_07,
fact_profit_info.h	85	PM_08,
fact_profit_info.h	86	PM_09,
fact_profit_info.h	87	PM_10,
fact_profit_info.h	88	PM_11,
fact_profit_info.h	89	PM_12,
fact_profit_info.h	90	PP_01,
fact_profit_info.h	91	PP_02,
fact_profit_info.h	92	PP_03,
fact_profit_info.h	93	PP_04,
fact_profit_info.h	94	PP_05,
fact_profit_info.h	95	PP_06,
fact_profit_info.h	96	PP_07,
fact_profit_info.h	97	PP_08,
fact_profit_info.h	98	PP_09,
fact_profit_info.h	99	PP_10,
fact_profit_info.h	100	PP_11,
fact_profit_info.h	101	PP_12,
fact_profit_info.h	102	UNUSE_OBJ101,
fact_profit_info.h	103	PI_01,
fact_profit_info.h	104	PI_02,
fact_profit_info.h	105	PI_03,
fact_profit_info.h	106	PI_04,
fact_profit_info.h	107	PI_05,
fact_profit_info.h	108	PI_06,
fact_profit_info.h	109	PI_07,
fact_profit_info.h	110	PI_08,
fact_profit_info.h	111	PI_09,
fact_profit_info.h	112	PI_10,
fact_profit_info.h	113	PI_11,
fact_profit_info.h	114	PI_12,
fact_profit_info.h	115	PO_01,
fact_profit_info.h	116	PO_02,
fact_profit_info.h	117	PO_03,
fact_profit_info.h	118	PO_04,
fact_profit_info.h	119	PO_05,
fact_profit_info.h	120	PO_06,
fact_profit_info.h	121	PO_07,
fact_profit_info.h	122	PO_08,
fact_profit_info.h	123	PO_09,
fact_profit_info.h	124	PO_10,
fact_profit_info.h	125	PO_11,
fact_profit_info.h	126	PO_12,
fact_profit_info.h	127	PR_01,
fact_profit_info.h	128	PR_02,
fact_profit_info.h	129	PR_03,
fact_profit_info.h	130	PR_04,
fact_profit_info.h	131	PR_05,
fact_profit_info.h	132	PR_06,
fact_profit_info.h	133	PR_07,
fact_profit_info.h	134	PR_08,
fact_profit_info.h	135	PR_09,
fact_profit_info.h	136	PR_10,
fact_profit_info.h	137	PR_11,
fact_profit_info.h	138	PR_12,
fact_profit_info.h	139	PS_01,
fact_profit_info.h	140	PS_02,
fact_profit_info.h	141	PS_03,
fact_profit_info.h	142	PS_04,
fact_profit_info.h	143	PS_05,
fact_profit_info.h	144	PS_06,
fact_profit_info.h	145	PS_07,
fact_profit_info.h	146	PS_08,
fact_profit_info.h	147	PS_09,
fact_profit_info.h	148	PS_10,
fact_profit_info.h	149	PS_11,
fact_profit_info.h	150	PS_12,
fact_profit_info.h	151	NB_01,
fact_profit_info.h	152	NB_02,
fact_profit_info.h	153	NB_03,
fact_profit_info.h	154	NB_04,
fact_profit_info.h	155	NB_05,
fact_profit_info.h	156	NB_06,
fact_profit_info.h	157	NB_07,
fact_profit_info.h	158	NB_08,
fact_profit_info.h	159	NB_09,
fact_profit_info.h	160	NB_10,
fact_profit_info.h	161	NB_11,
fact_profit_info.h	162	NB_12,
fact_profit_info.h	163	NM_01,
fact_profit_info.h	164	NM_02,
fact_profit_info.h	165	NM_03,
fact_profit_info.h	166	NM_04,
fact_profit_info.h	167	NM_05,
fact_profit_info.h	168	NM_06,
fact_profit_info.h	169	NM_07,
fact_profit_info.h	170	NM_08,
fact_profit_info.h	171	NM_09,
fact_profit_info.h	172	NM_10,
fact_profit_info.h	173	NM_11,
fact_profit_info.h	174	NM_12,
fact_profit_info.h	175	NP_01,
fact_profit_info.h	176	NP_02,
fact_profit_info.h	177	NP_03,
fact_profit_info.h	178	NP_04,
fact_profit_info.h	179	NP_05,
fact_profit_info.h	180	NP_06,
fact_profit_info.h	181	NP_07,
fact_profit_info.h	182	NP_08,
fact_profit_info.h	183	NP_09,
fact_profit_info.h	184	NP_10,
fact_profit_info.h	185	NP_11,
fact_profit_info.h	186	NP_12,
fact_profit_info.h	187	NI_01,
fact_profit_info.h	188	NI_02,
fact_profit_info.h	189	NI_03,
fact_profit_info.h	190	NI_04,
fact_profit_info.h	191	NI_05,
fact_profit_info.h	192	NI_06,
fact_profit_info.h	193	NI_07,
fact_profit_info.h	194	NI_08,
fact_profit_info.h	195	NI_09,
fact_profit_info.h	196	NI_10,
fact_profit_info.h	197	NI_11,
fact_profit_info.h	198	NI_12,
fact_profit_info.h	199	NO_01,
fact_profit_info.h	200	NO_02,
fact_profit_info.h	201	NO_03,
fact_profit_info.h	202	NO_04,
fact_profit_info.h	203	NO_05,
fact_profit_info.h	204	NO_06,
fact_profit_info.h	205	NO_07,
fact_profit_info.h	206	NO_08,
fact_profit_info.h	207	NO_09,
fact_profit_info.h	208	NO_10,
fact_profit_info.h	209	NO_11,
fact_profit_info.h	210	NO_12,
fact_profit_info.h	211	NR_01,
fact_profit_info.h	212	NR_02,
fact_profit_info.h	213	NR_03,
fact_profit_info.h	214	NR_04,
fact_profit_info.h	215	NR_05,
fact_profit_info.h	216	NR_06,
fact_profit_info.h	217	NR_07,
fact_profit_info.h	218	NR_08,
fact_profit_info.h	219	NR_09,
fact_profit_info.h	220	NR_10,
fact_profit_info.h	221	NR_11,
fact_profit_info.h	222	NR_12,
fact_profit_info.h	223	NS_01,
fact_profit_info.h	224	NS_02,
fact_profit_info.h	225	NS_03,
fact_profit_info.h	226	NS_04,
fact_profit_info.h	227	NS_05,
fact_profit_info.h	228	NS_06,
fact_profit_info.h	229	NS_07,
fact_profit_info.h	230	NS_08,
fact_profit_info.h	231	NS_09,
fact_profit_info.h	232	NS_10,
fact_profit_info.h	233	NS_11,
fact_profit_info.h	234	NS_12,
fact_profit_info.h	235	PB_SUM,
fact_profit_info.h	236	PM_SUM,
fact_profit_info.h	237	PP_SUM,
fact_profit_info.h	238	PI_SUM,
fact_profit_info.h	239	PO_SUM,
fact_profit_info.h	240	PR_SUM,
fact_profit_info.h	241	PS_SUM,
fact_profit_info.h	242	NB_SUM,
fact_profit_info.h	243	NM_SUM,
fact_profit_info.h	244	NP_SUM,
fact_profit_info.h	245	NI_SUM,
fact_profit_info.h	246	NO_SUM,
fact_profit_info.h	247	NR_SUM,
fact_profit_info.h	248	NS_SUM
fact_profit_info.h	249	};
factinf.h	1	enum {
factinf.h	2	UNUSE_OBJ1,
factinf.h	3	UNUSE_OBJ2,
factinf.h	4	UNUSE_OBJ3,
factinf.h	5	UNUSE_OBJ4,
factinf.h	6	UNUSE_OBJ5,
factinf.h	7	UNUSE_OBJ6,
factinf.h	8	UNUSE_OBJ7,
factinf.h	9	SCROLL1,
factinf.h	10	BTN_YEAR,
factinf.h	11	UNUSE_OBJ10,
factinf.h	12	BTN_SEASON,
factinf.h	13	BTN_MONTH,
factinf.h	14	UNUSE_OBJ13
factinf.h	15	};
factinf_board.h	1	enum {
factinf_board.h	2	UNUSE_OBJ1,
factinf_board.h	3	UNUSE_OBJ2,
factinf_board.h	4	UNUSE_OBJ3,
factinf_board.h	5	UNUSE_OBJ4,
factinf_board.h	6	UNUSE_OBJ5,
factinf_board.h	7	UNUSE_OBJ6,
factinf_board.h	8	UNUSE_OBJ7,
factinf_board.h	9	UNUSE_OBJ8,
factinf_board.h	10	UNUSE_OBJ9,
factinf_board.h	11	UNUSE_OBJ10,
factinf_board.h	12	UNUSE_OBJ11,
factinf_board.h	13	UNUSE_OBJ12,
factinf_board.h	14	UNUSE_OBJ13,
factinf_board.h	15	UNUSE_OBJ14,
factinf_board.h	16	UNUSE_OBJ15,
factinf_board.h	17	UNUSE_OBJ16,
factinf_board.h	18	UNUSE_OBJ17,
factinf_board.h	19	UNUSE_OBJ18,
factinf_board.h	20	UNUSE_OBJ19,
factinf_board.h	21	SHOW_ITEM,
factinf_board.h	22	SHOW_QUALITY,
factinf_board.h	23	SHOW_QUANTITY,
factinf_board.h	24	UNUSE_OBJ23,
factinf_board.h	25	SHOW_COST,
factinf_board.h	26	FROM_MADE,
factinf_board.h	27	FROM_BUY,
factinf_board.h	28	BULK_PRICE,
factinf_board.h	29	RETAIL_PRICE,
factinf_board.h	30	PROD_DETIAL,
factinf_board.h	31	BTN_REMOVE,
factinf_board.h	32	OWNERDRAW1,
factinf_board.h	33	TXT_SHOW_DROP,
factinf_board.h	34	SHOW_DROP,
factinf_board.h	35	TXT_WAITING_GOODS,
factinf_board.h	36	WAITING_GOODS,
factinf_board.h	37	TXT_COMMING_GOODS,
factinf_board.h	38	COMMING_GOODS,
factinf_board.h	39	TXT_5TRADE,
factinf_board.h	40	TRADE_1,
factinf_board.h	41	TRADE_2,
factinf_board.h	42	TRADE_3,
factinf_board.h	43	TRADE_4,
factinf_board.h	44	TRADE_5,
factinf_board.h	45	BULK_PERCENT,
factinf_board.h	46	RETAIL_PERCENT,
factinf_board.h	47	COST_PERCENT
factinf_board.h	48	};
factinf_buy.h	1	enum {
factinf_buy.h	2	UNUSE_OBJ1,
factinf_buy.h	3	UNUSE_OBJ2,
factinf_buy.h	4	UNUSE_OBJ3,
factinf_buy.h	5	BTN_BOARD,
factinf_buy.h	6	BTN_ADD
factinf_buy.h	7	};
factinf_chart.h	1	enum {
factinf_chart.h	2	UNUSE_OBJ1,
factinf_chart.h	3	UNUSE_OBJ2,
factinf_chart.h	4	UNUSE_OBJ3,
factinf_chart.h	5	UNUSE_OBJ4,
factinf_chart.h	6	UNUSE_OBJ5,
factinf_chart.h	7	BTN_EXIT,
factinf_chart.h	8	UNUSE_OBJ7,
factinf_chart.h	9	UNUSE_OBJ8,
factinf_chart.h	10	UNUSE_OBJ9,
factinf_chart.h	11	UNUSE_OBJ10,
factinf_chart.h	12	UNUSE_OBJ11,
factinf_chart.h	13	UNUSE_OBJ12,
factinf_chart.h	14	UNUSE_OBJ13,
factinf_chart.h	15	UNUSE_OBJ14,
factinf_chart.h	16	UNUSE_OBJ15,
factinf_chart.h	17	IN1_1,
factinf_chart.h	18	IN1_2,
factinf_chart.h	19	IN2_1,
factinf_chart.h	20	IN2_2,
factinf_chart.h	21	IN3_1,
factinf_chart.h	22	IN3_2,
factinf_chart.h	23	OUT1_1,
factinf_chart.h	24	OUT1_2,
factinf_chart.h	25	OUT2_1,
factinf_chart.h	26	OUT2_2,
factinf_chart.h	27	OUT3_1,
factinf_chart.h	28	OUT3_2,
factinf_chart.h	29	INOUT1,
factinf_chart.h	30	INOUT2,
factinf_chart.h	31	UNUSE_OBJ30,
factinf_chart.h	32	UNUSE_OBJ31
factinf_chart.h	33	};
factinf_clrsel.h	1	enum {
factinf_clrsel.h	2	CLR_0,
factinf_clrsel.h	3	CLR_1,
factinf_clrsel.h	4	CLR_2,
factinf_clrsel.h	5	CLR_3,
factinf_clrsel.h	6	CLR_4,
factinf_clrsel.h	7	CLR_5,
factinf_clrsel.h	8	CLR_6,
factinf_clrsel.h	9	CLR_7
factinf_clrsel.h	10	};
factinf_dorm.h	1	enum {
factinf_dorm.h	2	UNUSE_OBJ1,
factinf_dorm.h	3	UNUSE_OBJ2,
factinf_dorm.h	4	UNUSE_OBJ3,
factinf_dorm.h	5	UNUSE_OBJ4,
factinf_dorm.h	6	UNUSE_OBJ5,
factinf_dorm.h	7	UNUSE_OBJ6,
factinf_dorm.h	8	UNUSE_OBJ7,
factinf_dorm.h	9	UNUSE_OBJ8,
factinf_dorm.h	10	UNUSE_OBJ9,
factinf_dorm.h	11	UNUSE_OBJ10,
factinf_dorm.h	12	UNUSE_OBJ11,
factinf_dorm.h	13	UNUSE_OBJ12,
factinf_dorm.h	14	UNUSE_OBJ13,
factinf_dorm.h	15	UNUSE_OBJ14,
factinf_dorm.h	16	UNUSE_OBJ15,
factinf_dorm.h	17	SHOW_DORM_NUM,
factinf_dorm.h	18	UNUSE_OBJ17,
factinf_dorm.h	19	SHOW_USER_NUM_TOTAL,
factinf_dorm.h	20	SHOW_USER_NUM_NOW,
factinf_dorm.h	21	BTN_REMOVE
factinf_dorm.h	22	};
factinf_mine.h	1	enum {
factinf_mine.h	2	UNUSE_OBJ1,
factinf_mine.h	3	UNUSE_OBJ2,
factinf_mine.h	4	UNUSE_OBJ3,
factinf_mine.h	5	UNUSE_OBJ4,
factinf_mine.h	6	UNUSE_OBJ5,
factinf_mine.h	7	UNUSE_OBJ6,
factinf_mine.h	8	UNUSE_OBJ7,
factinf_mine.h	9	LINE1,
factinf_mine.h	10	LINE2,
factinf_mine.h	11	LINE3,
factinf_mine.h	12	UNUSE_OBJ11,
factinf_mine.h	13	UNUSE_OBJ12,
factinf_mine.h	14	UNUSE_OBJ13,
factinf_mine.h	15	SHOW_NAME,
factinf_mine.h	16	SHOW_QUALITY,
factinf_mine.h	17	SHOW_QUANTITY,
factinf_mine.h	18	BTN_MINE_PIC
factinf_mine.h	19	};
factinf_port.h	1	enum {
factinf_port.h	2	UNUSE_OBJ1,
factinf_port.h	3	UNUSE_OBJ2,
factinf_port.h	4	UNUSE_OBJ3,
factinf_port.h	5	UNUSE_OBJ4,
factinf_port.h	6	UNUSE_OBJ5,
factinf_port.h	7	UNUSE_OBJ6,
factinf_port.h	8	UNUSE_OBJ7,
factinf_port.h	9	UNUSE_OBJ8,
factinf_port.h	10	UNUSE_OBJ9,
factinf_port.h	11	UNUSE_OBJ10,
factinf_port.h	12	UNUSE_OBJ11,
factinf_port.h	13	UNUSE_OBJ12,
factinf_port.h	14	BTN_REMOVE,
factinf_port.h	15	UNUSE_OBJ13,
factinf_port.h	16	UNUSE_OBJ15,
factinf_port.h	17	UNUSE_OBJ16,
factinf_port.h	18	UNUSE_OBJ17,
factinf_port.h	19	UNUSE_OBJ18,
factinf_port.h	20	SHOW_NAME,
factinf_port.h	21	PORT_SUM,
factinf_port.h	22	UNUSE_OBJ21,
factinf_port.h	23	PORT_TOTAL_SUM,
factinf_port.h	24	WORKER_SUM,
factinf_port.h	25	PROD_SUM,
factinf_port.h	26	WAIT_IN,
factinf_port.h	27	UNUSE_OBJ26,
factinf_port.h	28	UNUSE_OBJ27
factinf_port.h	29	};
factinf_pro.h	1	enum {
factinf_pro.h	2	UNUSE_OBJ1,
factinf_pro.h	3	UNUSE_OBJ2,
factinf_pro.h	4	UNUSE_OBJ3,
factinf_pro.h	5	UNUSE_OBJ4,
factinf_pro.h	6	UNUSE_OBJ5,
factinf_pro.h	7	UNUSE_OBJ6,
factinf_pro.h	8	UNUSE_OBJ7,
factinf_pro.h	9	UNUSE_OBJ8,
factinf_pro.h	10	UNUSE_OBJ9,
factinf_pro.h	11	UNUSE_OBJ10,
factinf_pro.h	12	UNUSE_OBJ11,
factinf_pro.h	13	UNUSE_OBJ12,
factinf_pro.h	14	UNUSE_OBJ13,
factinf_pro.h	15	UNUSE_OBJ14,
factinf_pro.h	16	UNUSE_OBJ15,
factinf_pro.h	17	UNUSE_OBJ16,
factinf_pro.h	18	SALE_TACTIC,
factinf_pro.h	19	RETAIL_TACTIC,
factinf_pro.h	20	BUY_TACTIC,
factinf_pro.h	21	CH_BOARD_CLR,
factinf_pro.h	22	CH_PORT_CLR,
factinf_pro.h	23	BULK_PRICE_DEC,
factinf_pro.h	24	BULK_PRICE_INC,
factinf_pro.h	25	BOARD_SUM,
factinf_pro.h	26	UNUSE_OBJ26,
factinf_pro.h	27	PROD_KINDS,
factinf_pro.h	28	UNUSE_OBJ28,
factinf_pro.h	29	UNUSE_OBJ29,
factinf_pro.h	30	PORT_PROD_KINDS,
factinf_pro.h	31	AVG_COST,
factinf_pro.h	32	UNUSE_OBJ32,
factinf_pro.h	33	SALE_FACT_SUM,
factinf_pro.h	34	RETAIL_PRICE_DEC,
factinf_pro.h	35	RETAIL_PRICE_INC,
factinf_pro.h	36	UNUSE_OBJ36,
factinf_pro.h	37	BULK_PRICE_PERCENT,
factinf_pro.h	38	UNUSE_OBJ38,
factinf_pro.h	39	RETAIL_MACHINE_SUM,
factinf_pro.h	40	UNUSE_OBJ40,
factinf_pro.h	41	RETAIL_PRICE_PERCENT,
factinf_pro.h	42	UNUSE_OBJ42,
factinf_pro.h	43	BUY_FACT_SUM,
factinf_pro.h	44	PROFIT,
factinf_pro.h	45	UNUSE_OBJ44,
factinf_pro.h	46	UNUSE_OBJ45,
factinf_pro.h	47	UNUSE_OBJ46,
factinf_pro.h	48	BUY_CONDITION,
factinf_pro.h	49	UNUSE_OBJ48,
factinf_pro.h	50	STORAGE,
factinf_pro.h	51	UNUSE_OBJ51,
factinf_pro.h	52	PORT_SUM,
factinf_pro.h	53	BTN_EXIT,
factinf_pro.h	54	BULK_PRICE,
factinf_pro.h	55	RETAIL_PRICE,
factinf_pro.h	56	BOARD_COLOR,
factinf_pro.h	57	PORT_COLOR
factinf_pro.h	58	};
factinf_profit.h	1	enum {
factinf_profit.h	2	UNUSE_OBJ1,
factinf_profit.h	3	UNUSE_OBJ2,
factinf_profit.h	4	UNUSE_OBJ3,
factinf_profit.h	5	BTN_BOARD,
factinf_profit.h	6	UNUSE_OBJ5,
factinf_profit.h	7	UNUSE_OBJ6,
factinf_profit.h	8	OLD_PROFIT_SUM,
factinf_profit.h	9	PROFIT_SUM
factinf_profit.h	10	};
factinf_retail.h	1	enum {
factinf_retail.h	2	UNUSE_OBJ1,
factinf_retail.h	3	UNUSE_OBJ2,
factinf_retail.h	4	UNUSE_OBJ3,
factinf_retail.h	5	BTN_BOARD
factinf_retail.h	6	};
factinf_sale.h	1	enum {
factinf_sale.h	2	UNUSE_OBJ1,
factinf_sale.h	3	UNUSE_OBJ2,
factinf_sale.h	4	UNUSE_OBJ3,
factinf_sale.h	5	BTN_BOARD
factinf_sale.h	6	};
famhall1.h	1	enum {
famhall1.h	2	UNUSE_OBJ1,
famhall1.h	3	UNUSE_OBJ2,
famhall1.h	4	UNUSE_OBJ3,
famhall1.h	5	UNUSE_OBJ4,
famhall1.h	6	UNUSE_OBJ5,
famhall1.h	7	UNUSE_OBJ12,
famhall1.h	8	UNUSE_OBJ6,
famhall1.h	9	UNUSE_OBJ7,
famhall1.h	10	UNUSE_OBJ8,
famhall1.h	11	UNUSE_OBJ9,
famhall1.h	12	UNUSE_OBJ10,
famhall1.h	13	UNUSE_OBJ11,
famhall1.h	14	UNUSE_OBJ13,
famhall1.h	15	UNUSE_OBJ14,
famhall1.h	16	UNUSE_OBJ15,
famhall1.h	17	UNUSE_OBJ16,
famhall1.h	18	UNUSE_OBJ17,
famhall1.h	19	UNUSE_OBJ18,
famhall1.h	20	UNUSE_OBJ19,
famhall1.h	21	UNUSE_OBJ20,
famhall1.h	22	UNUSE_OBJ21,
famhall1.h	23	UNUSE_OBJ22,
famhall1.h	24	UNUSE_OBJ23,
famhall1.h	25	UNUSE_OBJ24,
famhall1.h	26	UNUSE_OBJ25,
famhall1.h	27	UNUSE_OBJ26,
famhall1.h	28	UNUSE_OBJ27,
famhall1.h	29	UNUSE_OBJ28,
famhall1.h	30	UNUSE_OBJ29,
famhall1.h	31	UNUSE_OBJ30,
famhall1.h	32	UNUSE_OBJ31,
famhall1.h	33	UNUSE_OBJ32,
famhall1.h	34	UNUSE_OBJ33,
famhall1.h	35	UNUSE_OBJ34,
famhall1.h	36	QUEST_MODEL,
famhall1.h	37	FREE_MODEL,
famhall1.h	38	BTN_BACK
famhall1.h	39	};
famhall2.h	1	enum {
famhall2.h	2	UNUSE_OBJ1,
famhall2.h	3	UNUSE_OBJ2,
famhall2.h	4	UNUSE_OBJ3,
famhall2.h	5	UNUSE_OBJ4,
famhall2.h	6	UNUSE_OBJ5,
famhall2.h	7	UNUSE_OBJ6,
famhall2.h	8	UNUSE_OBJ7,
famhall2.h	9	UNUSE_OBJ8,
famhall2.h	10	UNUSE_OBJ9,
famhall2.h	11	UNUSE_OBJ10,
famhall2.h	12	UNUSE_OBJ11,
famhall2.h	13	UNUSE_OBJ12,
famhall2.h	14	UNUSE_OBJ13,
famhall2.h	15	UNUSE_OBJ14,
famhall2.h	16	UNUSE_OBJ15,
famhall2.h	17	UNUSE_OBJ16,
famhall2.h	18	UNUSE_OBJ17,
famhall2.h	19	UNUSE_OBJ18,
famhall2.h	20	UNUSE_OBJ19,
famhall2.h	21	UNUSE_OBJ20,
famhall2.h	22	UNUSE_OBJ21,
famhall2.h	23	UNUSE_OBJ22,
famhall2.h	24	UNUSE_OBJ23,
famhall2.h	25	UNUSE_OBJ24,
famhall2.h	26	UNUSE_OBJ25,
famhall2.h	27	UNUSE_OBJ26,
famhall2.h	28	UNUSE_OBJ27,
famhall2.h	29	UNUSE_OBJ28,
famhall2.h	30	UNUSE_OBJ29,
famhall2.h	31	UNUSE_OBJ30,
famhall2.h	32	UNUSE_OBJ31,
famhall2.h	33	UNUSE_OBJ32,
famhall2.h	34	UNUSE_OBJ33,
famhall2.h	35	UNUSE_OBJ34,
famhall2.h	36	QUEST_MODEL,
famhall2.h	37	FREE_MODEL,
famhall2.h	38	BTN_BACK
famhall2.h	39	};
forsale-mine.h	1	enum {
forsale-mine.h	2	BTN_FORSALE_MINE_BUY,
forsale-mine.h	3	SHOW_PRICE,
forsale-mine.h	4	SHOW_PRICE_NUM,
forsale-mine.h	5	SHOW_AREA,
forsale-mine.h	6	SHOW_AREA_NUM,
forsale-mine.h	7	SHOW_WATER,
forsale-mine.h	8	SHOW_WATER_NUM,
forsale-mine.h	9	SHOW_DIRT,
forsale-mine.h	10	SHOW_DIRT_NUM,
forsale-mine.h	11	SHOW_TYPE,
forsale-mine.h	12	SHOW_QUALITY,
forsale-mine.h	13	SHOW_TYPE_WORD,
forsale-mine.h	14	SHOW_QUALITY_NUM,
forsale-mine.h	15	SHOW_QUANTITY,
forsale-mine.h	16	SHOW_QUANTITY_NUM,
forsale-mine.h	17	BTN_PIC,
forsale-mine.h	18	BTN_TITLEBAR1,
forsale-mine.h	19	SHOW_NAME_BUILDING,
forsale-mine.h	20	SHOW_QUANTITY_BOX,
forsale-mine.h	21	UNUSE_OBJ20,
forsale-mine.h	22	UNUSE_OBJ21
forsale-mine.h	23	};
forsale.h	1	enum {
forsale.h	2	BTN_FORSALE_BUY,
forsale.h	3	SHOW_FORSALE_PRICE,
forsale.h	4	SHOW_FORSALE_AREA,
forsale.h	5	SHOW_FORSALE_WATER,
forsale.h	6	SHOW_FORSALE_DIRT,
forsale.h	7	SHOW_FORSALE_PRICE_NUM,
forsale.h	8	SHOW_FORSALE_AREA_NUM,
forsale.h	9	SHOW_FORSALE_WATER_NUM,
forsale.h	10	SHOW_FORSALE_DIRT_NUM,
forsale.h	11	BTN_FORSALE_PIC,
forsale.h	12	BTN_TITLEBAR,
forsale.h	13	SHOW_NAME_BUILDING1
forsale.h	14	};
freeplay.h	1	enum {
freeplay.h	2	UNUSE_OBJ1,
freeplay.h	3	UNUSE_OBJ2,
freeplay.h	4	UNUSE_OBJ3,
freeplay.h	5	UNUSE_OBJ4,
freeplay.h	6	UNUSE_OBJ115,
freeplay.h	7	UNUSE_OBJ6,
freeplay.h	8	UNUSE_OBJ7,
freeplay.h	9	UNUSE_OBJ8,
freeplay.h	10	UNUSE_OBJ9,
freeplay.h	11	UNUSE_OBJ10,
freeplay.h	12	UNUSE_OBJ11,
freeplay.h	13	UNUSE_OBJ12,
freeplay.h	14	UNUSE_OBJ13,
freeplay.h	15	UNUSE_OBJ14,
freeplay.h	16	UNUSE_OBJ15,
freeplay.h	17	UNUSE_OBJ16,
freeplay.h	18	UNUSE_OBJ17,
freeplay.h	19	UNUSE_OBJ18,
freeplay.h	20	UNUSE_OBJ19,
freeplay.h	21	UNUSE_OBJ20,
freeplay.h	22	UNUSE_OBJ21,
freeplay.h	23	UNUSE_OBJ22,
freeplay.h	24	UNUSE_OBJ23,
freeplay.h	25	UNUSE_OBJ24,
freeplay.h	26	UNUSE_OBJ25,
freeplay.h	27	UNUSE_OBJ26,
freeplay.h	28	UNUSE_OBJ27,
freeplay.h	29	UNUSE_OBJ28,
freeplay.h	30	UNUSE_OBJ29,
freeplay.h	31	UNUSE_OBJ30,
freeplay.h	32	UNUSE_OBJ31,
freeplay.h	33	UNUSE_OBJ32,
freeplay.h	34	UNUSE_OBJ33,
freeplay.h	35	UNUSE_OBJ34,
freeplay.h	36	COMPANY_NAME,
freeplay.h	37	COMPANY_SNAME,
freeplay.h	38	COMPANY_N,
freeplay.h	39	COMPANY_S,
freeplay.h	40	COLOR,
freeplay.h	41	AGENT_COLOR,
freeplay.h	42	CHOOSE_COLOR,
freeplay.h	43	WIN_CONDITION,
freeplay.h	44	WIN_CONDITION1_OK,
freeplay.h	45	WIN_CONDITION2_OK,
freeplay.h	46	WIN_CONDITION3_OK,
freeplay.h	47	WIN_CONDITION4_OK,
freeplay.h	48	WIN_CONDITION5_OK,
freeplay.h	49	WIN_CONDITION6_OK,
freeplay.h	50	WIN_CONDITION7_OK,
freeplay.h	51	WIN_CONDITION_W1,
freeplay.h	52	WIN_CONDITION_W2,
freeplay.h	53	WIN_CONDITION_W3,
freeplay.h	54	WIN_CONDITION_W4,
freeplay.h	55	WIN_CONDITION_W5,
freeplay.h	56	WIN_CONDITION_W6,
freeplay.h	57	WIN_CONDITION_W7,
freeplay.h	58	WIN_CONDITION1,
freeplay.h	59	CHOOSE_WIN_CON1,
freeplay.h	60	WIN_CONDITION2,
freeplay.h	61	CHOOSE_WIN_CON2,
freeplay.h	62	WIN_CONDITION3_DEC,
freeplay.h	63	WIN_CONDITION3,
freeplay.h	64	WIN_CONDITION_W3_2,
freeplay.h	65	WIN_CONDITION3_INC,
freeplay.h	66	WIN_CONDITION4_DEC,
freeplay.h	67	WIN_CONDITION4,
freeplay.h	68	WIN_CONDITION_W4_2,
freeplay.h	69	WIN_CONDITION4_INC,
freeplay.h	70	WIN_CONDITION5_DEC,
freeplay.h	71	WIN_CONDITION5,
freeplay.h	72	WIN_CONDITION_W5_2,
freeplay.h	73	WIN_CONDITION5_INC,
freeplay.h	74	WIN_CONDITION6_DEC,
freeplay.h	75	WIN_CONDITION6_2,
freeplay.h	76	WIN_CONDITION_W6_2,
freeplay.h	77	WIN_CONDITION6_INC,
freeplay.h	78	WIN_CONDITION7_DEC,
freeplay.h	79	WIN_CONDITION7_2,
freeplay.h	80	WIN_CONDITION_W7_2,
freeplay.h	81	WIN_CONDITION7_INC,
freeplay.h	82	WIN_CONDITION6,
freeplay.h	83	CHOOSE_WIN_CON6,
freeplay.h	84	WIN_CONDITION7,
freeplay.h	85	CHOOSE_WIN_CON7,
freeplay.h	86	PEOPLE_DENSITY,
freeplay.h	87	AVG_PAY,
freeplay.h	88	CONSUMER_CAP,
freeplay.h	89	COMPETITION,
freeplay.h	90	CHOOSE_TIME,
freeplay.h	91	GAMEPLAY_TIME,
freeplay.h	92	COMPANY_MONEY,
freeplay.h	93	GAME_MAP,
freeplay.h	94	CITY_TYPE,
freeplay.h	95	GAME_MAP_NAME,
freeplay.h	96	GAME_MAP_CHOOSE,
freeplay.h	97	CITY_TYPE_NAME,
freeplay.h	98	CITY_TYPE_CHOOSE,
freeplay.h	99	CHOOSE_TIME_1,
freeplay.h	100	CHOOSE_TIME_2,
freeplay.h	101	CHOOSE_TIME_3,
freeplay.h	102	CHOOSE_TIME_W1,
freeplay.h	103	CHOOSE_TIME_W2,
freeplay.h	104	CHOOSE_TIME_W3,
freeplay.h	105	GAMEPLAY_TIME_DEC,
freeplay.h	106	GAMEPLAY_TIME_INC,
freeplay.h	107	GAMEPLAY_YEAR,
freeplay.h	108	GAMEPLAY_WYEAR,
freeplay.h	109	GAMEPLAY_WYEAR_2_1,
freeplay.h	110	COMPANY_MONEY_DEC,
freeplay.h	111	COMPANY_MONEY_INC,
freeplay.h	112	COMPANY_MONEY_NUM,
freeplay.h	113	COMPANY_MONEY_WNUM,
freeplay.h	114	COMPETITION1_OK,
freeplay.h	115	COMPETITION2_OK,
freeplay.h	116	COMPETITION3_OK,
freeplay.h	117	COMPETITION4_OK,
freeplay.h	118	COMPETITION5_OK,
freeplay.h	119	COMPETITION6_OK,
freeplay.h	120	COMPETITION1_NAME,
freeplay.h	121	COMPETITION2_NAME,
freeplay.h	122	COMPETITION3_NAME,
freeplay.h	123	COMPETITION4_NAME,
freeplay.h	124	COMPETITION5_NAME,
freeplay.h	125	COMPETITION6_NAME,
freeplay.h	126	COMPETITION1_COLOR,
freeplay.h	127	COMPETITION2_COLOR,
freeplay.h	128	COMPETITION3_COLOR,
freeplay.h	129	COMPETITION4_COLOR,
freeplay.h	130	COMPETITION5_COLOR,
freeplay.h	131	COMPETITION6_COLOR,
freeplay.h	132	COMPETITION1_YEAR_DEC,
freeplay.h	133	COMPETITION2_YEAR_DEC,
freeplay.h	134	COMPETITION3_YEAR_DEC,
freeplay.h	135	COMPETITION4_YEAR_DEC,
freeplay.h	136	COMPETITION5_YEAR_DEC,
freeplay.h	137	COMPETITION6_YEAR_DEC,
freeplay.h	138	COMPETITION1_YEAR_INC,
freeplay.h	139	COMPETITION2_YEAR_INC,
freeplay.h	140	COMPETITION3_YEAR_INC,
freeplay.h	141	COMPETITION4_YEAR_INC,
freeplay.h	142	COMPETITION5_YEAR_INC,
freeplay.h	143	COMPETITION6_YEAR_INC,
freeplay.h	144	COMPETITION1_YEAR,
freeplay.h	145	COMPETITION2_YEAR,
freeplay.h	146	COMPETITION3_YEAR,
freeplay.h	147	COMPETITION4_YEAR,
freeplay.h	148	COMPETITION5_YEAR,
freeplay.h	149	COMPETITION6_YEAR,
freeplay.h	150	COMPETITION1_WYEAR,
freeplay.h	151	COMPETITION2_WYEAR,
freeplay.h	152	COMPETITION3_WYEAR,
freeplay.h	153	COMPETITION4_WYEAR,
freeplay.h	154	COMPETITION5_WYEAR,
freeplay.h	155	COMPETITION6_WYEAR,
freeplay.h	156	COMPETITION1_INTRO,
freeplay.h	157	COMPETITION2_INTRO,
freeplay.h	158	COMPETITION3_INTRO,
freeplay.h	159	COMPETITION4_INTRO,
freeplay.h	160	COMPETITION5_INTRO,
freeplay.h	161	COMPETITION6_INTRO,
freeplay.h	162	PEOPLE_DENSITY_BAR,
freeplay.h	163	AVG_PAY_BAR,
freeplay.h	164	CONSUMER_CAP_BAR,
freeplay.h	165	BUTTON_YES,
freeplay.h	166	BUTTON_NO,
freeplay.h	167	GAMEPLAY_WYEAR_2,
freeplay.h	168	GAMEPLAY_WYEAR_2_2,
freeplay.h	169	GAMEPLAY_WYEAR_3,
freeplay.h	170	AGENT,
freeplay.h	171	AGENT_NAME,
freeplay.h	172	LAND_PRICE,
freeplay.h	173	LAND_PRICE_BAR
freeplay.h	174	};
freeplay_menu.h	1	enum {
freeplay_menu.h	2	BTN_NEW_GAME,
freeplay_menu.h	3	BTN_LOAD_GAME,
freeplay_menu.h	4	BTN_BACK
freeplay_menu.h	5	};
home.h	1	enum {
home.h	2	SHOW_HOME_RESI,
home.h	3	SHOW_HOME_WORK,
home.h	4	SHOW_HOME_WALK,
home.h	5	SHOW_HOME_STUDENT,
home.h	6	SHOW_HOME_SALARY,
home.h	7	SHOW_HOME_RESI_NUM,
home.h	8	SHOW_HOME_WORK_NUM,
home.h	9	SHOW_HOME_WALK_NUM,
home.h	10	SHOW_HOME_STUDENT_NUM,
home.h	11	SHOW_HOME_SALARY_NUM,
home.h	12	BTN_HOME_PIC,
home.h	13	BTN_TITLEBAR,
home.h	14	SHOW_NAME_BUILDING,
home.h	15	BTN_FACE_RESI,
home.h	16	BTN_FACE_WORK,
home.h	17	BTN_FACE_WALK,
home.h	18	BTN_FACE_STUDENT,
home.h	19	SHOW_HAPPY_RESI,
home.h	20	SHOW_HAPPY_WORK,
home.h	21	SHOW_HAPPY_WALK,
home.h	22	SHOW_HAPPY_STUDENT,
home.h	23	SHOW_NEED_ITEM_1,
home.h	24	SHOW_NEED_ITEM_2,
home.h	25	SHOW_NEED_ITEM_3,
home.h	26	SHOW_NEED_ITEM_4,
home.h	27	SHOW_NEED_ITEM_5,
home.h	28	BTN_EMPTY_STAR_1,
home.h	29	BTN_EMPTY_STAR_2,
home.h	30	BTN_EMPTY_STAR_3,
home.h	31	BTN_EMPTY_STAR_4,
home.h	32	BTN_EMPTY_STAR_5
home.h	33	};
infact_name.h	1	enum {
infact_name.h	2	FACT_NAME
infact_name.h	3	};
inoutinfo.h	1	enum {
inoutinfo.h	2	UNUSE_OBJ44,
inoutinfo.h	3	UNUSE_OBJ45,
inoutinfo.h	4	UNUSE_OBJ46,
inoutinfo.h	5	UNUSE_OBJ6,
inoutinfo.h	6	UNUSE_OBJ7,
inoutinfo.h	7	UNUSE_OBJ8,
inoutinfo.h	8	OUT_NAME1,
inoutinfo.h	9	OUT_NAME2,
inoutinfo.h	10	OUT_NAME3,
inoutinfo.h	11	OUT_NAME4,
inoutinfo.h	12	OUT_PRICE1,
inoutinfo.h	13	OUT_PRICE2,
inoutinfo.h	14	OUT_PRICE3,
inoutinfo.h	15	OUT_PRICE4,
inoutinfo.h	16	OUT_STORAGE1,
inoutinfo.h	17	OUT_STORAGE2,
inoutinfo.h	18	OUT_STORAGE3,
inoutinfo.h	19	OUT_STORAGE4,
inoutinfo.h	20	UNUSE_OBJ21,
inoutinfo.h	21	UNUSE_OBJ27,
inoutinfo.h	22	IN_NAME1,
inoutinfo.h	23	IN_NAME2,
inoutinfo.h	24	IN_NAME3,
inoutinfo.h	25	IN_NAME4,
inoutinfo.h	26	IN_BUY1,
inoutinfo.h	27	IN_BUY2,
inoutinfo.h	28	IN_BUY3,
inoutinfo.h	29	IN_BUY4,
inoutinfo.h	30	IN_PROD1,
inoutinfo.h	31	IN_PROD2,
inoutinfo.h	32	IN_PROD3,
inoutinfo.h	33	IN_PROD4,
inoutinfo.h	34	IN_SALE1,
inoutinfo.h	35	IN_SALE2,
inoutinfo.h	36	IN_SALE3,
inoutinfo.h	37	IN_SALE4,
inoutinfo.h	38	SALES_WATCH,
inoutinfo.h	39	SALES_USE,
inoutinfo.h	40	UNUSE_OBJ39,
inoutinfo.h	41	SALES_DEC,
inoutinfo.h	42	SALES_INC,
inoutinfo.h	43	SALES_ALLOW,
inoutinfo.h	44	SALES_PAY,
inoutinfo.h	45	BOARD1,
inoutinfo.h	46	BOARD_TEXT,
inoutinfo.h	47	BTN_BUY,
inoutinfo.h	48	SALES_IDLE,
inoutinfo.h	49	SALES_HAVE
inoutinfo.h	50	};
list2.h	1	enum {
list2.h	2	LIST2
list2.h	3	};
load_prograss.h	1	enum {
load_prograss.h	2	BACK_PIC,
load_prograss.h	3	PROGRASS_BAR
load_prograss.h	4	};
lose_face.h	1	enum {
lose_face.h	2	UNUSE_OBJ1,
lose_face.h	3	UNUSE_OBJ2,
lose_face.h	4	UNUSE_OBJ3,
lose_face.h	5	UNUSE_OBJ4,
lose_face.h	6	UNUSE_OBJ5,
lose_face.h	7	UNUSE_OBJ6,
lose_face.h	8	UNUSE_OBJ7,
lose_face.h	9	UNUSE_OBJ8,
lose_face.h	10	UNUSE_OBJ9,
lose_face.h	11	UNUSE_OBJ10,
lose_face.h	12	UNUSE_OBJ11,
lose_face.h	13	LOSE_TITLE,
lose_face.h	14	BTN_TRY_AGAIN,
lose_face.h	15	BTN_GAME_OVER,
lose_face.h	16	COLOR1,
lose_face.h	17	COLOR1_NAME,
lose_face.h	18	COLOR2,
lose_face.h	19	COLOR2_NAME,
lose_face.h	20	COLOR3,
lose_face.h	21	COLOR3_NAME,
lose_face.h	22	COLOR4,
lose_face.h	23	COLOR4_NAME,
lose_face.h	24	COLOR5,
lose_face.h	25	COLOR5_NAME,
lose_face.h	26	COLOR6,
lose_face.h	27	COLOR6_NAME
lose_face.h	28	};
main.h	1	enum {
main.h	2	BTN_BG_1,
main.h	3	BTN_BG_2,
main.h	4	BTN_BG_3,
main.h	5	BTN_BG_4,
main.h	6	BTN_BG_5,
main.h	7	BTN_BG_6,
main.h	8	BTN_BG_7,
main.h	9	BTN_PRODINFO,
main.h	10	BTN_INFO,
main.h	11	BTN_PRODUCT,
main.h	12	BTN_BANK,
main.h	13	BTN_OPTION,
main.h	14	BTN_HELP,
main.h	15	SHOW_MONEY,
main.h	16	BTN_NEWSLIGHT,
main.h	17	BTN_NEWSUP,
main.h	18	SHOW_MONTH,
main.h	19	SHOW_DAY,
main.h	20	SHOW_YEAR,
main.h	21	SHOW_NEWS,
main.h	22	SHOW_HOUR
main.h	23	};
main1.h	1	enum {
main1.h	2	UNUSE_OBJ1,
main1.h	3	UNUSE_OBJ2,
main1.h	4	UNUSE_OBJ3,
main1.h	5	UNUSE_OBJ4,
main1.h	6	UNUSE_OBJ5,
main1.h	7	UNUSE_OBJ6,
main1.h	8	UNUSE_OBJ7,
main1.h	9	UNUSE_OBJ8,
main1.h	10	UNUSE_OBJ9,
main1.h	11	UNUSE_OBJ10,
main1.h	12	UNUSE_OBJ11,
main1.h	13	UNUSE_OBJ12,
main1.h	14	UNUSE_OBJ13,
main1.h	15	UNUSE_OBJ14,
main1.h	16	UNUSE_OBJ15,
main1.h	17	UNUSE_OBJ16,
main1.h	18	UNUSE_OBJ17,
main1.h	19	UNUSE_OBJ18,
main1.h	20	UNUSE_OBJ19,
main1.h	21	UNUSE_OBJ20,
main1.h	22	UNUSE_OBJ21,
main1.h	23	UNUSE_OBJ22,
main1.h	24	UNUSE_OBJ23,
main1.h	25	UNUSE_OBJ24,
main1.h	26	UNUSE_OBJ25,
main1.h	27	UNUSE_OBJ26,
main1.h	28	NEWS_BTN,
main1.h	29	BTN_PRODINFO,
main1.h	30	BTN_REPORT,
main1.h	31	BTN_HELP,
main1.h	32	BTN_BANK,
main1.h	33	BTN_OPTION,
main1.h	34	SHOW_TASK,
main1.h	35	NEWS_TEXT,
main1.h	36	NEWS_LIST,
main1.h	37	NEWS_BAR,
main1.h	38	NEWS_FILTER,
main1.h	39	BTN_TASK_INFO
main1.h	40	};
menu1.h	1	enum {
menu1.h	2	KUNKA_MODE,
menu1.h	3	RANDOM_MODE,
menu1.h	4	LOAD_GAME,
menu1.h	5	FAME_HALL,
menu1.h	6	EXIT_GAME
menu1.h	7	};
new_option.h	1	enum {
new_option.h	2	BTN_EXIT,
new_option.h	3	UNUSE_OBJ2,
new_option.h	4	BTN_MUS_VAL,
new_option.h	5	BTN_SND_VOL,
new_option.h	6	BTN_SPEED,
new_option.h	7	BTN_SAVE,
new_option.h	8	BTN_LOAD,
new_option.h	9	BTN_QUITGAME,
new_option.h	10	BAR_MUS_VOL,
new_option.h	11	BAR_SND_VOL,
new_option.h	12	BAR_SPEED
new_option.h	13	};
ownerfact_btns.h	1	enum {
ownerfact_btns.h	2	BTN_INTO_FACT,
ownerfact_btns.h	3	BTN_FACT_REPORT,
ownerfact_btns.h	4	BTN_FACT_MANG
ownerfact_btns.h	5	};
prod_info.h	1	enum {
prod_info.h	2	UNUSE_ITEM1,
prod_info.h	3	UNUSE_OBJ35,
prod_info.h	4	UNUSE_OBJ3,
prod_info.h	5	SCLBAR,
prod_info.h	6	UNUSE_OBJ5,
prod_info.h	7	UNUSE_OBJ6,
prod_info.h	8	UNUSE_OBJ7,
prod_info.h	9	UNUSE_OBJ8,
prod_info.h	10	UNUSE_OBJ9,
prod_info.h	11	UNUSE_OBJ10,
prod_info.h	12	UNUSE_OBJ99,
prod_info.h	13	UNUSE_OBJ12,
prod_info.h	14	UNUSE_OBJ13,
prod_info.h	15	UNUSE_OBJ14,
prod_info.h	16	UNUSE_OBJ15,
prod_info.h	17	UNUSE_OBJ16,
prod_info.h	18	UNUSE_OBJ17,
prod_info.h	19	UNUSE_OBJ18,
prod_info.h	20	UNUSE_OBJ19,
prod_info.h	21	BTN_EXIT,
prod_info.h	22	BTN_SETPROD,
prod_info.h	23	ALL_BUT,
prod_info.h	24	PLAYER_BUT,
prod_info.h	25	CORNAME_BUT,
prod_info.h	26	PRODUCTION_BUT,
prod_info.h	27	BUY_BUT,
prod_info.h	28	WHOLESALE_BUT,
prod_info.h	29	WSPRICE_BUT,
prod_info.h	30	SALE_BUT,
prod_info.h	31	SPRICE_BUT,
prod_info.h	32	STOCKS_BUT,
prod_info.h	33	QUALITY_BUT,
prod_info.h	34	UNUSE_OBJ33,
prod_info.h	35	UNUSE_OBJ34,
prod_info.h	36	BOX_AMOUNT,
prod_info.h	37	PRODUCT_NAME,
prod_info.h	38	UNUSE_OBJ000,
prod_info.h	39	UNUSE_OBJ001,
prod_info.h	40	UNITBOX_BUT,
prod_info.h	41	UNIT_BUT,
prod_info.h	42	UNUSE_OBJ41,
prod_info.h	43	TIMEY_BUT,
prod_info.h	44	TIMES_BUT,
prod_info.h	45	TIMEM_BUT,
prod_info.h	46	CORNAME01,
prod_info.h	47	CORNAME02,
prod_info.h	48	CORNAME03,
prod_info.h	49	CORNAME04,
prod_info.h	50	CORNAME05,
prod_info.h	51	CORNAME06,
prod_info.h	52	CORNAME07,
prod_info.h	53	CORNAME08,
prod_info.h	54	CORNAME09,
prod_info.h	55	CORNAME10,
prod_info.h	56	PRO_NUM01,
prod_info.h	57	PRO_NUM02,
prod_info.h	58	PRO_NUM03,
prod_info.h	59	PRO_NUM04,
prod_info.h	60	PRO_NUM05,
prod_info.h	61	PRO_NUM06,
prod_info.h	62	PRO_NUM07,
prod_info.h	63	PRO_NUM08,
prod_info.h	64	PRO_NUM09,
prod_info.h	65	PRO_NUM10,
prod_info.h	66	BUY_NUM01,
prod_info.h	67	BUY_NUM02,
prod_info.h	68	BUY_NUM03,
prod_info.h	69	BUY_NUM04,
prod_info.h	70	BUY_NUM05,
prod_info.h	71	BUY_NUM06,
prod_info.h	72	BUY_NUM07,
prod_info.h	73	BUY_NUM08,
prod_info.h	74	BUY_NUM09,
prod_info.h	75	BUY_NUM10,
prod_info.h	76	WSALE_NUM01,
prod_info.h	77	WSALE_NUM02,
prod_info.h	78	WSALE_NUM03,
prod_info.h	79	WSALE_NUM04,
prod_info.h	80	WSALE_NUM05,
prod_info.h	81	WSALE_NUM06,
prod_info.h	82	WSALE_NUM07,
prod_info.h	83	WSALE_NUM08,
prod_info.h	84	WSALE_NUM09,
prod_info.h	85	WSALE_NUM10,
prod_info.h	86	WSPRICE_NUM01,
prod_info.h	87	WSPRICE_NUM02,
prod_info.h	88	WSPRICE_NUM03,
prod_info.h	89	WSPRICE_NUM04,
prod_info.h	90	WSPRICE_NUM05,
prod_info.h	91	WSPRICE_NUM06,
prod_info.h	92	WSPRICE_NUM07,
prod_info.h	93	WSPRICE_NUM08,
prod_info.h	94	WSPRICE_NUM09,
prod_info.h	95	WSPRICE_NUM10,
prod_info.h	96	SALE_NUM01,
prod_info.h	97	SALE_NUM02,
prod_info.h	98	SALE_NUM03,
prod_info.h	99	SALE_NUM04,
prod_info.h	100	SALE_NUM05,
prod_info.h	101	SALE_NUM06,
prod_info.h	102	SALE_NUM07,
prod_info.h	103	SALE_NUM08,
prod_info.h	104	SALE_NUM09,
prod_info.h	105	SALE_NUM10,
prod_info.h	106	SPRICE_NUM01,
prod_info.h	107	SPRICE_NUM02,
prod_info.h	108	SPRICE_NUM03,
prod_info.h	109	SPRICE_NUM04,
prod_info.h	110	SPRICE_NUM05,
prod_info.h	111	SPRICE_NUM06,
prod_info.h	112	SPRICE_NUM07,
prod_info.h	113	SPRICE_NUM08,
prod_info.h	114	SPRICE_NUM09,
prod_info.h	115	SPRICE_NUM10,
prod_info.h	116	STOCKS_NUM01,
prod_info.h	117	STOCKS_NUM02,
prod_info.h	118	STOCKS_NUM03,
prod_info.h	119	STOCKS_NUM04,
prod_info.h	120	STOCKS_NUM05,
prod_info.h	121	STOCKS_NUM06,
prod_info.h	122	STOCKS_NUM07,
prod_info.h	123	STOCKS_NUM08,
prod_info.h	124	STOCKS_NUM09,
prod_info.h	125	STOCKS_NUM10,
prod_info.h	126	QUALITY_NUM01,
prod_info.h	127	QUALITY_NUM02,
prod_info.h	128	QUALITY_NUM03,
prod_info.h	129	QUALITY_NUM04,
prod_info.h	130	QUALITY_NUM05,
prod_info.h	131	QUALITY_NUM06,
prod_info.h	132	QUALITY_NUM07,
prod_info.h	133	QUALITY_NUM08,
prod_info.h	134	QUALITY_NUM09,
prod_info.h	135	QUALITY_NUM10,
prod_info.h	136	TOTAL_AVERAGE,
prod_info.h	137	PRO_SUM,
prod_info.h	138	BUY_SUM,
prod_info.h	139	WSALE_SUM,
prod_info.h	140	SALE_SUM,
prod_info.h	141	STOCKS_SUM,
prod_info.h	142	WSPRICE_SUM,
prod_info.h	143	SPRICE_SUM,
prod_info.h	144	QUALITY_SUM,
prod_info.h	145	UNUSE1234,
prod_info.h	146	UNUSEOBJ1235,
prod_info.h	147	FLOC_TITLE,
prod_info.h	148	UNUSE_OBJ147,
prod_info.h	149	UNUSE_OBJ148,
prod_info.h	150	UNUSE_OBJ149,
prod_info.h	151	UNUSE_OBJ150,
prod_info.h	152	FLOC_TITLE1,
prod_info.h	153	FLOC_TITLE2,
prod_info.h	154	FLOC_TITLE3,
prod_info.h	155	FLOC_TITLE4,
prod_info.h	156	FLOC_TITLE5,
prod_info.h	157	FLOC_TITLE6,
prod_info.h	158	FLOC_TITLE7,
prod_info.h	159	FLOC_TITLE8
prod_info.h	160	};
profit_info.h	1	enum {
profit_info.h	2	UNUSE_OBJ1,
profit_info.h	3	UNUSE_OBJ2,
profit_info.h	4	UNUSE_OBJ3,
profit_info.h	5	UNUSE_OBJ4,
profit_info.h	6	UNUSE_OBJ5,
profit_info.h	7	UNUSE_OBJ6,
profit_info.h	8	UNUSE_OBJ7,
profit_info.h	9	UNUSE_OBJ8,
profit_info.h	10	UNUSE_OBJ9,
profit_info.h	11	UNUSE_OBJ10,
profit_info.h	12	UNUSE_OBJ11,
profit_info.h	13	UNUSE_OBJ12,
profit_info.h	14	UNUSE_OBJ13,
profit_info.h	15	UNUSE_OBJ14,
profit_info.h	16	UNUSE_OBJ15,
profit_info.h	17	UNUSE_OBJ16,
profit_info.h	18	UNUSE_OBJ17,
profit_info.h	19	UNUSE_OBJ18,
profit_info.h	20	UNUSE_OBJ19,
profit_info.h	21	LOSS_PROFIT01,
profit_info.h	22	COR_REVIEW,
profit_info.h	23	ASSETS_DEBT,
profit_info.h	24	LOSS_PROFIT02,
profit_info.h	25	COR_NAME,
profit_info.h	26	CORP_UNITY,
profit_info.h	27	TIME_UNIT,
profit_info.h	28	YEAR_BUT,
profit_info.h	29	SEASON_BUT,
profit_info.h	30	MONTH_BUT,
profit_info.h	31	COLUMN_0,
profit_info.h	32	CURRENT_STAGE,
profit_info.h	33	EARILER_STAGE,
profit_info.h	34	OPERAT_GROSS,
profit_info.h	35	OPERAT_PROFIT,
profit_info.h	36	NET_PROFIT,
profit_info.h	37	OPERATE_INCOME,
profit_info.h	38	OPERATE_COST,
profit_info.h	39	OPERATE_EXPENSE,
profit_info.h	40	NONOP_INCOME,
profit_info.h	41	NONOP_EXPEN,
profit_info.h	42	SALES_REVENUE,
profit_info.h	43	RAW_REVENUE,
profit_info.h	44	PERSON_COST,
profit_info.h	45	MADEP_COST,
profit_info.h	46	MAMAIN_COST,
profit_info.h	47	DESFA_INCOME,
profit_info.h	48	INTEREST_EXPEN,
profit_info.h	49	BUILDFAC_EXPEN,
profit_info.h	50	DESFA_LOST,
profit_info.h	51	DESMA_LOST,
profit_info.h	52	CS_NUM01,
profit_info.h	53	CS_NUM02,
profit_info.h	54	CS_NUM03,
profit_info.h	55	CS_NUM04,
profit_info.h	56	CS_NUM05,
profit_info.h	57	CS_NUM06,
profit_info.h	58	CS_NUM07,
profit_info.h	59	CS_NUM08,
profit_info.h	60	CS_NUM09,
profit_info.h	61	CS_NUM10,
profit_info.h	62	CS_NUM11,
profit_info.h	63	CS_NUM12,
profit_info.h	64	CS_NUM13,
profit_info.h	65	ES_NUM01,
profit_info.h	66	ES_NUM02,
profit_info.h	67	ES_NUM03,
profit_info.h	68	ES_NUM04,
profit_info.h	69	ES_NUM05,
profit_info.h	70	ES_NUM06,
profit_info.h	71	ES_NUM07,
profit_info.h	72	ES_NUM08,
profit_info.h	73	ES_NUM09,
profit_info.h	74	ES_NUM10,
profit_info.h	75	ES_NUM11,
profit_info.h	76	ES_NUM12,
profit_info.h	77	ES_NUM13,
profit_info.h	78	NP_GRAPH,
profit_info.h	79	NET_PROFIT1,
profit_info.h	80	PROFIT_0,
profit_info.h	81	GROSS_PROFIT,
profit_info.h	82	BTN_EXIT,
profit_info.h	83	COR_SW,
profit_info.h	84	CORP_SW
profit_info.h	85	};
save.h	1	enum {
save.h	2	BTN_EXIT,
save.h	3	BTN_GO,
save.h	4	BTN_1,
save.h	5	BTN_2,
save.h	6	BTN_3,
save.h	7	BTN_4,
save.h	8	BTN_5,
save.h	9	BTN_6,
save.h	10	BTN_7,
save.h	11	BTN_8,
save.h	12	BTN_9,
save.h	13	BTN_10,
save.h	14	UNUSE_OBJ13,
save.h	15	UNUSE_OBJ14,
save.h	16	LIST_SAVE
save.h	17	};
save_prograss.h	1	enum {
save_prograss.h	2	BACK_PIC,
save_prograss.h	3	PROGRASS_BAR
save_prograss.h	4	};
score_info.h	1	enum {
score_info.h	2	UNUSE_OBJ1,
score_info.h	3	UNUSE_OBJ2,
score_info.h	4	UNUSE_OBJ3,
score_info.h	5	UNUSE_OBJ4,
score_info.h	6	UNUSE_OBJ5,
score_info.h	7	UNUSE_OBJ6,
score_info.h	8	UNUSE_OBJ7,
score_info.h	9	UNUSE_OBJ8,
score_info.h	10	UNUSE_OBJ9,
score_info.h	11	UNUSE_OBJ10,
score_info.h	12	UNUSE_OBJ11,
score_info.h	13	UNUSE_OBJ12,
score_info.h	14	UNUSE_OBJ13,
score_info.h	15	UNUSE_OBJ14,
score_info.h	16	UNUSE_OBJ15,
score_info.h	17	UNUSE_OBJ16,
score_info.h	18	UNUSE_OBJ17,
score_info.h	19	UNUSE_OBJ18,
score_info.h	20	UNUSE_OBJ19,
score_info.h	21	COR_REVIEW01,
score_info.h	22	COR_REVIEW02,
score_info.h	23	ASSETS_DEBT,
score_info.h	24	LOSS_PROFIT,
score_info.h	25	COR_NAME,
score_info.h	26	UNUSE_OBJ23,
score_info.h	27	COR_NAME01,
score_info.h	28	COR_NAME02,
score_info.h	29	COR_NAME03,
score_info.h	30	COR_NAME04,
score_info.h	31	COR_NAME05,
score_info.h	32	COR_NAME06,
score_info.h	33	COR_NAME07,
score_info.h	34	COR_NAME08,
score_info.h	35	COR_NAME09,
score_info.h	36	COR_NAME10,
score_info.h	37	COR_NAME11,
score_info.h	38	COR_NAME12,
score_info.h	39	NETWORTH_BUT,
score_info.h	40	CASH_BUT,
score_info.h	41	YEARINCOME_BUT,
score_info.h	42	YEARPROFIT_BUT,
score_info.h	43	FACTORY_BUT,
score_info.h	44	EMPLOYEE_BUT,
score_info.h	45	MACHINE_BUT,
score_info.h	46	VENDING_BUT,
score_info.h	47	NWNUM_01,
score_info.h	48	NWNUM_02,
score_info.h	49	NWNUM_03,
score_info.h	50	NWNUM_04,
score_info.h	51	NWNUM_05,
score_info.h	52	NWNUM_06,
score_info.h	53	NWNUM_07,
score_info.h	54	NWNUM_08,
score_info.h	55	NWNUM_09,
score_info.h	56	NWNUM_10,
score_info.h	57	NWNUM_11,
score_info.h	58	NWNUM_12,
score_info.h	59	CASHNUM_01,
score_info.h	60	CASHNUM_02,
score_info.h	61	CASHNUM_03,
score_info.h	62	CASHNUM_04,
score_info.h	63	CASHNUM_05,
score_info.h	64	CASHNUM_06,
score_info.h	65	CASHNUM_07,
score_info.h	66	CASHNUM_08,
score_info.h	67	CASHNUM_09,
score_info.h	68	CASHNUM_10,
score_info.h	69	CASHNUM_11,
score_info.h	70	CASHNUM_12,
score_info.h	71	INCOMNUM_01,
score_info.h	72	INCOMNUM_02,
score_info.h	73	INCOMNUM_03,
score_info.h	74	INCOMNUM_04,
score_info.h	75	INCOMNUM_05,
score_info.h	76	INCOMNUM_06,
score_info.h	77	INCOMNUM_07,
score_info.h	78	INCOMNUM_08,
score_info.h	79	INCOMNUM_09,
score_info.h	80	INCOMNUM_10,
score_info.h	81	INCOMNUM_11,
score_info.h	82	INCOMNUM_12,
score_info.h	83	PROFITNUM_01,
score_info.h	84	PROFITNUM_02,
score_info.h	85	PROFITNUM_03,
score_info.h	86	PROFITNUM_04,
score_info.h	87	PROFITNUM_05,
score_info.h	88	PROFITNUM_06,
score_info.h	89	PROFITNUM_07,
score_info.h	90	PROFITNUM_08,
score_info.h	91	PROFITNUM_09,
score_info.h	92	PROFITNUM_10,
score_info.h	93	PROFITNUM_11,
score_info.h	94	PROFITNUM_12,
score_info.h	95	FACNUM_01,
score_info.h	96	FACNUM_02,
score_info.h	97	FACNUM_03,
score_info.h	98	FACNUM_04,
score_info.h	99	FACNUM_05,
score_info.h	100	FACNUM_06,
score_info.h	101	FACNUM_07,
score_info.h	102	FACNUM_08,
score_info.h	103	FACNUM_09,
score_info.h	104	FACNUM_10,
score_info.h	105	FACNUM_11,
score_info.h	106	FACNUM_12,
score_info.h	107	EMPNUM_01,
score_info.h	108	EMPNUM_02,
score_info.h	109	EMPNUM_03,
score_info.h	110	EMPNUM_04,
score_info.h	111	EMPNUM_05,
score_info.h	112	EMPNUM_06,
score_info.h	113	EMPNUM_07,
score_info.h	114	EMPNUM_08,
score_info.h	115	EMPNUM_09,
score_info.h	116	EMPNUM_10,
score_info.h	117	EMPNUM_11,
score_info.h	118	EMPNUM_12,
score_info.h	119	MACNUM_01,
score_info.h	120	MACNUM_02,
score_info.h	121	MACNUM_03,
score_info.h	122	MACNUM_04,
score_info.h	123	MACNUM_05,
score_info.h	124	MACNUM_06,
score_info.h	125	MACNUM_07,
score_info.h	126	MACNUM_08,
score_info.h	127	MACNUM_09,
score_info.h	128	MACNUM_10,
score_info.h	129	MACNUM_11,
score_info.h	130	MACNUM_12,
score_info.h	131	VENDNUM_01,
score_info.h	132	VENDNUM_02,
score_info.h	133	VENDNUM_03,
score_info.h	134	VENDNUM_04,
score_info.h	135	VENDNUM_05,
score_info.h	136	VENDNUM_06,
score_info.h	137	VENDNUM_07,
score_info.h	138	VENDNUM_08,
score_info.h	139	VENDNUM_09,
score_info.h	140	VENDNUM_10,
score_info.h	141	VENDNUM_11,
score_info.h	142	VENDNUM_12,
score_info.h	143	FLOC_TITLE,
score_info.h	144	ALL_BUT,
score_info.h	145	PLAYER_BUT,
score_info.h	146	BTN_EXIT,
score_info.h	147	FLOC_TITLE_1,
score_info.h	148	FLOC_TITLE_2,
score_info.h	149	FLOC_TITLE_3,
score_info.h	150	FLOC_TITLE_4,
score_info.h	151	FLOC_TITLE_5,
score_info.h	152	FLOC_TITLE_6,
score_info.h	153	FLOC_TITLE_7,
score_info.h	154	FLOC_TITLE_8,
score_info.h	155	SCROLL_1
score_info.h	156	};
scroll_list1.h	1	enum {
scroll_list1.h	2	LIST_ORG,
scroll_list1.h	3	LIST_SCROLL,
scroll_list1.h	4	LIST_SCROLLBAR
scroll_list1.h	5	};
sreport.h	1	enum {
sreport.h	2	UNUSE_OBJ2,
sreport.h	3	UNUSE_OBJ1,
sreport.h	4	BTN_CLOSE,
sreport.h	5	UNUSE_OBJ4,
sreport.h	6	UNUSE_OBJ5,
sreport.h	7	PLR_NAME01,
sreport.h	8	PLR_NAME02,
sreport.h	9	PLR_NAME03,
sreport.h	10	PLR_NAME04,
sreport.h	11	PLR_NAME05,
sreport.h	12	PLR_NAME06,
sreport.h	13	PLR_NAME07,
sreport.h	14	PLR_NAME08,
sreport.h	15	PLR_NAME09,
sreport.h	16	PLR_NAME10,
sreport.h	17	SCORE01,
sreport.h	18	SCORE02,
sreport.h	19	SCORE03,
sreport.h	20	SCORE04,
sreport.h	21	SCORE05,
sreport.h	22	SCORE06,
sreport.h	23	SCORE07,
sreport.h	24	SCORE08,
sreport.h	25	SCORE09,
sreport.h	26	SCORE10,
sreport.h	27	LIGHIT01,
sreport.h	28	LIGHIT02,
sreport.h	29	LIGHIT03,
sreport.h	30	LIGHIT04,
sreport.h	31	LIGHIT05,
sreport.h	32	LIGHIT06,
sreport.h	33	LIGHIT07,
sreport.h	34	LIGHIT08,
sreport.h	35	LIGHIT09,
sreport.h	36	LIGHIT10,
sreport.h	37	UNUSE_OBJ36,
sreport.h	38	UNUSE_OBJ37,
sreport.h	39	UNUSE_OBJ38,
sreport.h	40	UNUSE_OBJ39,
sreport.h	41	GOAL_TXT_01,
sreport.h	42	GOAL_TXT_02,
sreport.h	43	GOAL_TXT_03,
sreport.h	44	GOAL_TXT_04,
sreport.h	45	GOAL_TXT_05,
sreport.h	46	GOAL_TXT_06,
sreport.h	47	GOAL_TXT_07,
sreport.h	48	GOAL_FINISH_01,
sreport.h	49	GOAL_FINISH_02,
sreport.h	50	GOAL_FINISH_03,
sreport.h	51	GOAL_FINISH_04,
sreport.h	52	GOAL_FINISH_05,
sreport.h	53	GOAL_FINISH_06,
sreport.h	54	GOAL_FINISH_07,
sreport.h	55	LEFT_YEAR,
sreport.h	56	UNUSE_OBJ62,
sreport.h	57	UNUSE_OBJ63,
sreport.h	58	LEFT_MONTH,
sreport.h	59	UNUSE_OBJ65,
sreport.h	60	UNUSE_OBJ66,
sreport.h	61	UNUSE_OBJ67,
sreport.h	62	UNUSE_OBJ68,
sreport.h	63	UNUSE_OBJ69,
sreport.h	64	UNUSE_OBJ70,
sreport.h	65	UNUSE_OBJ71,
sreport.h	66	UNUSE_OBJ72,
sreport.h	67	UNUSE_OBJ73,
sreport.h	68	UNUSE_OBJ74,
sreport.h	69	IN_NORMAL,
sreport.h	70	IN_ABNORMAL,
sreport.h	71	NORMAL_COST,
sreport.h	72	MACHINE_DEC,
sreport.h	73	MACHINE_FIX,
sreport.h	74	INTEREST_COST,
sreport.h	75	LOST_COST,
sreport.h	76	S_PROFIT,
sreport.h	77	PS_PROFIT
sreport.h	78	};
task_arrow.h	1	enum {
task_arrow.h	2	TASK_ARROW
task_arrow.h	3	};
taskhint.h	1	enum {
taskhint.h	2	UNUSE_OBJ1,
taskhint.h	3	UNUSE_OBJ2,
taskhint.h	4	UNUSE_OBJ3,
taskhint.h	5	UNUSE_OBJ4,
taskhint.h	6	UNUSE_OBJ5,
taskhint.h	7	UNUSE_OBJ6,
taskhint.h	8	UNUSE_OBJ7,
taskhint.h	9	UNUSE_OBJ8,
taskhint.h	10	UNUSE_OBJ9,
taskhint.h	11	UNUSE_OBJ10,
taskhint.h	12	UNUSE_OBJ11,
taskhint.h	13	BTN_CANNEL,
taskhint.h	14	APPROACH,
taskhint.h	15	LIGHT_1,
taskhint.h	16	CONDITION1,
taskhint.h	17	PER_CONDITION1,
taskhint.h	18	LIGHT_2,
taskhint.h	19	CONDITION2,
taskhint.h	20	PER_CONDITION2,
taskhint.h	21	LIGHT_3,
taskhint.h	22	CONDITION3,
taskhint.h	23	PER_CONDITION3,
taskhint.h	24	LIGHT_4,
taskhint.h	25	CONDITION4,
taskhint.h	26	PER_CONDITION4,
taskhint.h	27	LIGHT_5,
taskhint.h	28	CONDITION5,
taskhint.h	29	PER_CONDITION5,
taskhint.h	30	LIGHT_6,
taskhint.h	31	CONDITION6,
taskhint.h	32	PER_CONDITION6,
taskhint.h	33	LIGHT_7,
taskhint.h	34	CONDITION7,
taskhint.h	35	PER_CONDITION7,
taskhint.h	36	LIMIT_YEAR,
taskhint.h	37	COLOR_1,
taskhint.h	38	NAME_1,
taskhint.h	39	COLOR_2,
taskhint.h	40	NAME_2,
taskhint.h	41	COLOR_3,
taskhint.h	42	NAME_3,
taskhint.h	43	COLOR_4,
taskhint.h	44	NAME_4,
taskhint.h	45	COLOR_5,
taskhint.h	46	NAME_5,
taskhint.h	47	COLOR_6,
taskhint.h	48	NAME_6,
taskhint.h	49	UNUSE_OBJ48
taskhint.h	50	};
taskmenu.h	1	enum {
taskmenu.h	2	UNUSE_OBJ1,
taskmenu.h	3	UNUSE_OBJ2,
taskmenu.h	4	UNUSE_OBJ3,
taskmenu.h	5	UNUSE_OBJ4,
taskmenu.h	6	UNUSE_OBJ5,
taskmenu.h	7	UNUSE_OBJ6,
taskmenu.h	8	UNUSE_OBJ7,
taskmenu.h	9	UNUSE_OBJ8,
taskmenu.h	10	UNUSE_OBJ9,
taskmenu.h	11	UNUSE_OBJ10,
taskmenu.h	12	UNUSE_OBJ11,
taskmenu.h	13	UNUSE_OBJ12,
taskmenu.h	14	UNUSE_OBJ13,
taskmenu.h	15	UNUSE_OBJ14,
taskmenu.h	16	UNUSE_OBJ15,
taskmenu.h	17	UNUSE_OBJ16,
taskmenu.h	18	UNUSE_OBJ17,
taskmenu.h	19	UNUSE_OBJ18,
taskmenu.h	20	UNUSE_OBJ19,
taskmenu.h	21	BTN_NUM_1,
taskmenu.h	22	BTN_NUM_2,
taskmenu.h	23	BTN_NUM_3,
taskmenu.h	24	BTN_NUM_4,
taskmenu.h	25	BTN_NUM_5,
taskmenu.h	26	BTN_NUM_6,
taskmenu.h	27	BTN_NUM_7,
taskmenu.h	28	BTN_NUM_8,
taskmenu.h	29	BTN_NUM_9,
taskmenu.h	30	BTN_NUM_10,
taskmenu.h	31	TXT_NAME_1,
taskmenu.h	32	TXT_NAME_2,
taskmenu.h	33	TXT_NAME_3,
taskmenu.h	34	TXT_NAME_4,
taskmenu.h	35	TXT_NAME_5,
taskmenu.h	36	TXT_NAME_6,
taskmenu.h	37	TXT_NAME_7,
taskmenu.h	38	TXT_NAME_8,
taskmenu.h	39	TXT_NAME_9,
taskmenu.h	40	TXT_NAME_10,
taskmenu.h	41	TXT_SCORE_1,
taskmenu.h	42	TXT_SCORE_2,
taskmenu.h	43	TXT_SCORE_3,
taskmenu.h	44	TXT_SCORE_4,
taskmenu.h	45	TXT_SCORE_5,
taskmenu.h	46	TXT_SCORE_6,
taskmenu.h	47	TXT_SCORE_7,
taskmenu.h	48	TXT_SCORE_8,
taskmenu.h	49	TXT_SCORE_9,
taskmenu.h	50	TXT_SCORE_10,
taskmenu.h	51	TXT_PASS_1,
taskmenu.h	52	TXT_PASS_2,
taskmenu.h	53	TXT_PASS_3,
taskmenu.h	54	TXT_PASS_4,
taskmenu.h	55	TXT_PASS_5,
taskmenu.h	56	TXT_PASS_6,
taskmenu.h	57	TXT_PASS_7,
taskmenu.h	58	TXT_PASS_8,
taskmenu.h	59	TXT_PASS_9,
taskmenu.h	60	TXT_PASS_10,
taskmenu.h	61	BTN_NEW_1,
taskmenu.h	62	BTN_NEW_2,
taskmenu.h	63	BTN_NEW_3,
taskmenu.h	64	BTN_NEW_4,
taskmenu.h	65	BTN_NEW_5,
taskmenu.h	66	BTN_NEW_6,
taskmenu.h	67	BTN_NEW_7,
taskmenu.h	68	BTN_NEW_8,
taskmenu.h	69	BTN_NEW_9,
taskmenu.h	70	BTN_NEW_10,
taskmenu.h	71	BTN_OPEN,
taskmenu.h	72	BTN_BACK
taskmenu.h	73	};
taskplay.h	1	enum {
taskplay.h	2	UNUSE_OBJ1,
taskplay.h	3	UNUSE_OBJ2,
taskplay.h	4	UNUSE_OBJ3,
taskplay.h	5	UNUSE_OBJ4,
taskplay.h	6	UNUSE_OBJ5,
taskplay.h	7	UNUSE_OBJ6,
taskplay.h	8	UNUSE_OBJ7,
taskplay.h	9	UNUSE_OBJ8,
taskplay.h	10	UNUSE_OBJ9,
taskplay.h	11	UNUSE_OBJ10,
taskplay.h	12	UNUSE_OBJ11,
taskplay.h	13	UNUSE_OBJ12,
taskplay.h	14	UNUSE_OBJ13,
taskplay.h	15	UNUSE_OBJ14,
taskplay.h	16	UNUSE_OBJ15,
taskplay.h	17	UNUSE_OBJ16,
taskplay.h	18	UNUSE_OBJ17,
taskplay.h	19	UNUSE_OBJ18,
taskplay.h	20	UNUSE_OBJ19,
taskplay.h	21	UNUSE_OBJ20,
taskplay.h	22	UNUSE_OBJ21,
taskplay.h	23	UNUSE_OBJ22,
taskplay.h	24	UNUSE_OBJ23,
taskplay.h	25	UNUSE_OBJ24,
taskplay.h	26	UNUSE_OBJ25,
taskplay.h	27	UNUSE_OBJ26,
taskplay.h	28	UNUSE_OBJ27,
taskplay.h	29	UNUSE_OBJ28,
taskplay.h	30	UNUSE_OBJ29,
taskplay.h	31	UNUSE_OBJ30,
taskplay.h	32	UNUSE_OBJ31,
taskplay.h	33	UNUSE_OBJ32,
taskplay.h	34	UNUSE_OBJ33,
taskplay.h	35	UNUSE_OBJ34,
taskplay.h	36	COMPANY_NAME,
taskplay.h	37	BOSSHEAD,
taskplay.h	38	BOSSHEAD_NAME,
taskplay.h	39	TXT_POINT,
taskplay.h	40	POINT_NUM,
taskplay.h	41	LADDER,
taskplay.h	42	LADDER_NUM,
taskplay.h	43	CHOOSE_QUEST,
taskplay.h	44	MAP_NAME,
taskplay.h	45	LOAD,
taskplay.h	46	INTRO,
taskplay.h	47	COMPETITION,
taskplay.h	48	QUEST_NAME,
taskplay.h	49	PASS_TIME,
taskplay.h	50	BEST_POINT,
taskplay.h	51	QUEST1,
taskplay.h	52	QUEST2,
taskplay.h	53	QUEST3,
taskplay.h	54	QUEST4,
taskplay.h	55	QUEST5,
taskplay.h	56	QUEST6,
taskplay.h	57	QUEST7,
taskplay.h	58	LOAD1,
taskplay.h	59	LOAD2,
taskplay.h	60	LOAD3,
taskplay.h	61	LOAD4,
taskplay.h	62	LOAD5,
taskplay.h	63	LOAD6,
taskplay.h	64	LOAD7,
taskplay.h	65	LOAD8,
taskplay.h	66	LOAD9,
taskplay.h	67	LOAD10,
taskplay.h	68	DIFF,
taskplay.h	69	DIFF_NUM1,
taskplay.h	70	DIFF_NUM2,
taskplay.h	71	DIFF_NUM3,
taskplay.h	72	DIFF_NUM4,
taskplay.h	73	DIFF_NUM5,
taskplay.h	74	BASIC_POINT,
taskplay.h	75	BASIC_POINT_NUM,
taskplay.h	76	DEN_P,
taskplay.h	77	DEN_P_BAR,
taskplay.h	78	TOTAL_P,
taskplay.h	79	TOTAL_P_NUM,
taskplay.h	80	HAB_P,
taskplay.h	81	HAB_P_BAR,
taskplay.h	82	WORK_P,
taskplay.h	83	WORK_P_BAR,
taskplay.h	84	ACT_P,
taskplay.h	85	ACT_P_BAR,
taskplay.h	86	STUD_P,
taskplay.h	87	STUD_P_BAR,
taskplay.h	88	COLOR1,
taskplay.h	89	COLOR1_NAME,
taskplay.h	90	COLOR2,
taskplay.h	91	COLOR2_NAME,
taskplay.h	92	COLOR3,
taskplay.h	93	COLOR3_NAME,
taskplay.h	94	COLOR4,
taskplay.h	95	COLOR4_NAME,
taskplay.h	96	COLOR5,
taskplay.h	97	COLOR5_NAME,
taskplay.h	98	COLOR6,
taskplay.h	99	COLOR6_NAME,
taskplay.h	100	QUEST_GOAL,
taskplay.h	101	BTN_YES,
taskplay.h	102	BTN_NO,
taskplay.h	103	MONEY,
taskplay.h	104	MONEY_NUM,
taskplay.h	105	GAME_TIME,
taskplay.h	106	GAME_TIME_BEGIN,
taskplay.h	107	GAME_TIME_END,
taskplay.h	108	UNUSE_OBJ160,
taskplay.h	109	UNUSE_OBJ161,
taskplay.h	110	SCROLL_1,
taskplay.h	111	TASK_LIGHT_1,
taskplay.h	112	TASK_LIGHT_2,
taskplay.h	113	TASK_LIGHT_3,
taskplay.h	114	TASK_LIGHT_4,
taskplay.h	115	TASK_LIGHT_5,
taskplay.h	116	LINE_1,
taskplay.h	117	LINE_2,
taskplay.h	118	LINE_3,
taskplay.h	119	LINE_4,
taskplay.h	120	TASK_1,
taskplay.h	121	TASK_2,
taskplay.h	122	TASK_3,
taskplay.h	123	TASK_4,
taskplay.h	124	TASK_5,
taskplay.h	125	STAGE_LIST,
taskplay.h	126	LOAD_LIST,
taskplay.h	127	UNUSE_OBJ138,
taskplay.h	128	INTRODUCE
taskplay.h	129	};
water_soil.h	1	enum {
water_soil.h	2	Q_SEL,
water_soil.h	3	S_SEL,
water_soil.h	4	Q00,
water_soil.h	5	Q01,
water_soil.h	6	Q02,
water_soil.h	7	Q03,
water_soil.h	8	Q04,
water_soil.h	9	Q05,
water_soil.h	10	UNUSE_OBJ800,
water_soil.h	11	S00,
water_soil.h	12	S01,
water_soil.h	13	S02,
water_soil.h	14	S03,
water_soil.h	15	S04,
water_soil.h	16	S05,
water_soil.h	17	UNUSE_OBJ1000
water_soil.h	18	};
win_face.h	1	enum {
win_face.h	2	UNUSE_OBJ1,
win_face.h	3	UNUSE_OBJ2,
win_face.h	4	UNUSE_OBJ3,
win_face.h	5	UNUSE_OBJ4,
win_face.h	6	UNUSE_OBJ5,
win_face.h	7	UNUSE_OBJ6,
win_face.h	8	UNUSE_OBJ7,
win_face.h	9	UNUSE_OBJ8,
win_face.h	10	UNUSE_OBJ9,
win_face.h	11	UNUSE_OBJ10,
win_face.h	12	UNUSE_OBJ11,
win_face.h	13	UNUSE_OBJ12,
win_face.h	14	UNUSE_OBJ13,
win_face.h	15	UNUSE_OBJ14,
win_face.h	16	UNUSE_OBJ15,
win_face.h	17	UNUSE_OBJ16,
win_face.h	18	UNUSE_OBJ17,
win_face.h	19	UNUSE_OBJ18,
win_face.h	20	UNUSE_OBJ19,
win_face.h	21	TITLE,
win_face.h	22	MAP_NAME,
win_face.h	23	POINT_TXT,
win_face.h	24	POINT_NUM,
win_face.h	25	TIME_TXT,
win_face.h	26	TIME_NUM,
win_face.h	27	ASSET_TXT,
win_face.h	28	ASSET_NUM,
win_face.h	29	PRODUCE_TXT,
win_face.h	30	PRODUCE_NUM,
win_face.h	31	COMPETITION_TXT,
win_face.h	32	COMPETITION_NUM,
win_face.h	33	LABOR_TXT,
win_face.h	34	LABOR_NUM,
win_face.h	35	DEVELOP_TXT,
win_face.h	36	DEVELOP_NUM,
win_face.h	37	GET_POINT_TXT,
win_face.h	38	GET_POINT_NUM,
win_face.h	39	BEST_POINT_TXT,
win_face.h	40	BEST_POINT_NUM,
win_face.h	41	EARN_PRODUCT,
win_face.h	42	BUS_PRODUCT,
win_face.h	43	BTN_YES,
win_face.h	44	COLOR1,
win_face.h	45	COLOR1_NAME,
win_face.h	46	COLOR2,
win_face.h	47	COLOR2_NAME,
win_face.h	48	COLOR3,
win_face.h	49	COLOR3_NAME,
win_face.h	50	COLOR4,
win_face.h	51	COLOR4_NAME,
win_face.h	52	COLOR5,
win_face.h	53	COLOR5_NAME,
win_face.h	54	COLOR6,
win_face.h	55	COLOR6_NAME
win_face.h	56	};
