字符串	类型	编码	出现次数	来源
-1	数值	big5	612	data/AI_style.csv@L2 | data/Machine_type.csv@L10 | data/Machine_type.csv@L100 | data/Machine_type.csv@L101 | data/Machine_type.csv@L102 | data/Machine_type.csv@L103 ...
10	数值	big5	590	data/AI_style.csv@L12 | data/AI_style.csv@L21 | data/AI_style.csv@L3 | data/AI_style.csv@L4 | data/AI_style.csv@L5 | data/AI_style.csv@L6 ...
100	数值	big5	396	data/AI_style.csv@L10 | data/AI_style.csv@L11 | data/AI_style.csv@L12 | data/AI_style.csv@L13 | data/AI_style.csv@L14 | data/AI_style.csv@L15 ...
-2	数值	big5	279	data/Machine_type.csv@L10 | data/Machine_type.csv@L100 | data/Machine_type.csv@L102 | data/Machine_type.csv@L104 | data/Machine_type.csv@L105 | data/Machine_type.csv@L106 ...
60	数值	big5	231	data/AI_style.csv@L17 | data/AI_style.csv@L3 | data/AI_style.csv@L4 | data/AI_style.csv@L5 | data/AI_style.csv@L6 | data/AI_style.csv@L7 ...
20	数值	big5	210	data/AI_style.csv@L11 | data/Machine_group.csv@L3 | data/Machine_type.csv@L106 | data/Machine_type.csv@L111 | data/Machine_type.csv@L124 | data/Machine_type.csv@L127 ...
小工廠	中文	big5	201	data/txts.csv@L36 | stage/stage03.stg@seg1097+0x4 | stage/stage03.stg@seg1158+0x4 | stage/stage03.stg@seg1186+0x4 | stage/stage03.stg@seg1212+0x4 | stage/stage03.stg@seg1425+0x4 ...
50	数值	big5	158	data/AI_style.csv@L10 | data/AI_style.csv@L11 | data/AI_style.csv@L12 | data/AI_style.csv@L13 | data/AI_style.csv@L14 | data/AI_style.csv@L15 ...
16	数值	big5	153	data/AI_style.csv@L18 | data/Machine_group.csv@L18 | data/Machine_group.csv@L3 | data/Machine_type.csv@L100 | data/Machine_type.csv@L102 | data/Machine_type.csv@L105 ...
12	数值	big5	144	data/AI_style.csv@L14 | data/AI_style.csv@L21 | data/Machine_group.csv@L14 | data/Machine_group.csv@L17 | data/Machine_type.csv@L104 | data/Machine_type.csv@L11 ...
enum {	ASCII	ascii	138	Face/Bank.h@L1 | Face/Board.h@L1 | Face/BuildingFirm.h@L1 | Face/BuyLandConfirm.h@L1 | Face/CompanyInfo.h@L1 | Face/Dorm-1.h@L1 ...
};	ASCII	ascii	138	Face/Bank.h@L39 | Face/Board.h@L4 | Face/BuildingFirm.h@L60 | Face/BuyLandConfirm.h@L5 | Face/CompanyInfo.h@L16 | Face/Dorm-1.h@L5 ...
80	数值	big5	137	data/AI_style.csv@L18 | data/AI_style.csv@L3 | data/AI_style.csv@L5 | data/Machine_group.csv@L8 | data/Machine_type.csv@L103 | data/Machine_type.csv@L108 ...
110	数值	big5	133	data/AI_style.csv@L19 | data/AI_style.csv@L20 | data/AI_style.csv@L9 | data/Machine_group.csv@L3 | data/Machine_type.csv@L100 | data/Machine_type.csv@L103 ...
18	数值	big5	123	data/AI_style.csv@L19 | data/AI_style.csv@L20 | data/Machine_group.csv@L3 | data/Machine_type.csv@L10 | data/Machine_type.csv@L102 | data/Machine_type.csv@L103 ...
14	数值	big5	117	data/AI_style.csv@L16 | data/Machine_group.csv@L16 | data/Machine_group.csv@L17 | data/Machine_type.csv@L10 | data/Machine_type.csv@L107 | data/Machine_type.csv@L11 ...
中工廠	中文	big5	106	data/txts.csv@L37 | stage/stage02.stg@seg248+0x4 | stage/stage02.stg@seg408+0x4 | stage/stage02.stg@seg5+0x4 | stage/stage02.stg@seg670+0x4 | stage/stage03.stg@seg1154+0x4 ...
40	数值	big5	105	data/AI_style.csv@L9 | data/Machine_group.csv@L16 | data/Machine_type.csv@L127 | data/Machine_type.csv@L274 | data/Machine_type.csv@L279 | data/Machine_type.csv@L288 ...
砂土場	中文	big5	103	data/txts.csv@L45 | stage/stage02.stg@seg142+0x4 | stage/stage03.stg@seg1056+0x4 | stage/stage03.stg@seg1278+0x4 | stage/stage03.stg@seg1330+0x4 | stage/stage03.stg@seg386+0x4 ...
25	数值	big5	101	data/AI_style.csv@L6 | data/AI_style.csv@L8 | data/Machine_group.csv@L12 | data/Machine_type.csv@L107 | data/Machine_type.csv@L108 | data/Machine_type.csv@L112 ...
30	数值	big5	100	data/AI_style.csv@L10 | data/AI_style.csv@L4 | data/AI_style.csv@L6 | data/AI_style.csv@L7 | data/Machine_group.csv@L13 | data/Machine_type.csv@L109 ...
15	数值	big5	96	data/AI_style.csv@L14 | data/AI_style.csv@L17 | data/Machine_group.csv@L17 | data/Machine_type.csv@L100 | data/Machine_type.csv@L110 | data/Machine_type.csv@L115 ...
小商場	中文	big5	94	data/txts.csv@L36 | stage/stage03.stg@seg681+0x4 | stage/stage03.stg@seg875+0x4 | stage/stage03.stg@seg976+0x4 | stage/stage04.stg@seg831+0x4 | stage/stage04.stg@seg94+0x4 ...
19	数值	big5	92	data/AI_style.csv@L11 | data/AI_style.csv@L21 | data/Machine_group.csv@L3 | data/Machine_type.csv@L100 | data/Machine_type.csv@L104 | data/Machine_type.csv@L105 ...
21	数值	big5	91	data/AI_style.csv@L13 | data/Machine_group.csv@L3 | data/Machine_type.csv@L10 | data/Machine_type.csv@L100 | data/Machine_type.csv@L104 | data/Machine_type.csv@L113 ...
-20	数值	big5	89	data/Mur.csv@L100 | data/Mur.csv@L101 | data/Mur.csv@L102 | data/Mur.csv@L104 | data/Mur.csv@L106 | data/Mur.csv@L107 ...
28	数值	big5	86	data/AI_style.csv@L9 | data/Machine_group.csv@L13 | data/Machine_type.csv@L102 | data/Machine_type.csv@L103 | data/Machine_type.csv@L107 | data/Machine_type.csv@L108 ...
鐵礦場	中文	big5	84	data/txts.csv@L38 | stage/stage02.stg@seg189+0x4 | stage/stage03.stg@seg1019+0x4 | stage/stage03.stg@seg1129+0x4 | stage/stage03.stg@seg1244+0x4 | stage/stage03.stg@seg1313+0x4 ...
1686	数值	big5	79	data/Machine_type.csv@L10 | data/Machine_type.csv@L11 | data/Machine_type.csv@L112 | data/Machine_type.csv@L113 | data/Machine_type.csv@L114 | data/Machine_type.csv@L115 ...
1874	数值	big5	79	data/Machine_type.csv@L10 | data/Machine_type.csv@L107 | data/Machine_type.csv@L108 | data/Machine_type.csv@L109 | data/Machine_type.csv@L110 | data/Machine_type.csv@L111 ...
2083	数值	big5	79	data/Machine_type.csv@L102 | data/Machine_type.csv@L103 | data/Machine_type.csv@L104 | data/Machine_type.csv@L105 | data/Machine_type.csv@L106 | data/Machine_type.csv@L127 ...
9999	数值	big5	79	data/Machine_type.csv@L100 | data/Machine_type.csv@L101 | data/Machine_type.csv@L122 | data/Machine_type.csv@L123 | data/Machine_type.csv@L124 | data/Machine_type.csv@L125 ...
1517	数值	big5	74	data/Machine_type.csv@L11 | data/Machine_type.csv@L117 | data/Machine_type.csv@L118 | data/Machine_type.csv@L119 | data/Machine_type.csv@L12 | data/Machine_type.csv@L120 ...
-40	数值	big5	73	data/Mur.csv@L100 | data/Mur.csv@L101 | data/Mur.csv@L102 | data/Mur.csv@L104 | data/Mur.csv@L106 | data/Mur.csv@L107 ...
24	数值	big5	73	data/AI_style.csv@L18 | data/Machine_group.csv@L12 | data/Machine_type.csv@L10 | data/Machine_type.csv@L121 | data/Machine_type.csv@L126 | data/Machine_type.csv@L129 ...
hi(J	ASCII	ascii	72	CEO.exe@RVA 25BB0 | CEO.exe@RVA 3AC0A | CEO.exe@RVA 3ACB0 | CEO.exe@RVA 3AD26 | CEO.exe@RVA 3AD46 | CEO.exe@RVA 3AD5C ...
-3	数值	big5	71	data/Machine_type.csv@L104 | data/Machine_type.csv@L109 | data/Machine_type.csv@L114 | data/Machine_type.csv@L119 | data/Machine_type.csv@L124 | data/Machine_type.csv@L129 ...
23	数值	big5	69	data/Machine_group.csv@L12 | data/Machine_type.csv@L106 | data/Machine_type.csv@L131 | data/Machine_type.csv@L132 | data/Machine_type.csv@L136 | data/Machine_type.csv@L146 ...
13	数值	big5	66	data/AI_style.csv@L15 | data/AI_style.csv@L6 | data/Machine_group.csv@L15 | data/Machine_group.csv@L17 | data/Machine_type.csv@L106 | data/Machine_type.csv@L115 ...
2000	数值	big5	66	data/Machine_type.csv@L10 | data/Machine_type.csv@L107 | data/Machine_type.csv@L108 | data/Machine_type.csv@L116 | data/Machine_type.csv@L132 | data/Machine_type.csv@L133 ...
32	数值	big5	66	data/Machine_group.csv@L2 | data/Machine_type.csv@L102 | data/Machine_type.csv@L103 | data/Machine_type.csv@L111 | data/Machine_type.csv@L116 | data/Machine_type.csv@L127 ...
木材場	中文	big5	66	data/txts.csv@L44 | stage/stage02.stg@seg219+0x4 | stage/stage03.stg@seg1152+0x4 | stage/stage03.stg@seg1295+0x4 | stage/stage03.stg@seg1379+0x4 | stage/stage03.stg@seg413+0x4 ...
22	数值	big5	64	data/AI_style.csv@L4 | data/Machine_group.csv@L12 | data/Machine_type.csv@L112 | data/Machine_type.csv@L117 | data/Machine_type.csv@L119 | data/Machine_type.csv@L124 ...
-60	数值	big5	63	data/Mur.csv@L100 | data/Mur.csv@L101 | data/Mur.csv@L102 | data/Mur.csv@L106 | data/Mur.csv@L107 | data/Mur.csv@L108 ...
200	数值	big5	63	data/AI_style.csv@L14 | data/AI_style.csv@L18 | data/AI_style.csv@L5 | data/Machine_type.csv@L164 | data/Machine_type.csv@L202 | data/Machine_type.csv@L88 ...
大工廠	中文	big5	59	data/txts.csv@L38 | stage/stage02.stg@seg299+0x4 | stage/stage03.stg@seg771+0x4 | stage/stage03.stg@seg995+0x4 | stage/stage04.stg@seg1263+0x4 | stage/stage04.stg@seg372+0x4 ...
-10	数值	big5	58	data/Mur.csv@L100 | data/Mur.csv@L101 | data/Mur.csv@L102 | data/Mur.csv@L22 | data/Mur.csv@L24 | data/Mur.csv@L29 ...
Y_^[	ASCII	ascii	58	CEO.exe@RVA 1160D | CEO.exe@RVA 137D4 | CEO.exe@RVA 1D659 | CEO.exe@RVA 1E112 | CEO.exe@RVA 1F40A | CEO.exe@RVA 24FE1 ...
-4	数值	big5	57	data/Machine_type.csv@L104 | data/Machine_type.csv@L109 | data/Machine_type.csv@L114 | data/Machine_type.csv@L119 | data/Machine_type.csv@L124 | data/Machine_type.csv@L139 ...
1980	数值	big5	54	data/Machine_type.csv@L102 | data/Machine_type.csv@L103 | data/Machine_type.csv@L111 | data/Machine_type.csv@L127 | data/Machine_type.csv@L128 | data/Machine_type.csv@L136 ...
36	数值	big5	54	data/Machine_group.csv@L16 | data/Machine_type.csv@L101 | data/Machine_type.csv@L106 | data/Machine_type.csv@L111 | data/Machine_type.csv@L128 | data/Machine_type.csv@L132 ...
11	数值	big5	53	data/AI_style.csv@L13 | data/Machine_group.csv@L13 | data/Machine_group.csv@L17 | data/Machine_type.csv@L111 | data/Machine_type.csv@L120 | data/Machine_type.csv@L125 ...
煤碳場	中文	big5	53	data/txts.csv@L41 | stage/stage02.stg@seg468+0x4 | stage/stage03.stg@seg1041+0x4 | stage/stage03.stg@seg1261+0x4 | stage/stage03.stg@seg917+0x4 | stage/stage04.stg@seg119+0x4 ...
2025	数值	big5	52	data/Machine_type.csv@L114 | data/Machine_type.csv@L115 | data/Machine_type.csv@L139 | data/Machine_type.csv@L140 | data/Machine_type.csv@L164 | data/Machine_type.csv@L165 ...
食品機	中文	big5	52	data/Machine_group.csv@L16 | data/Machine_type.csv@L302 | data/Machine_type.csv@L303 | data/Machine_type.csv@L304 | data/Machine_type.csv@L305 | data/Machine_type.csv@L306 ...
2010	数值	big5	51	data/Machine_type.csv@L11 | data/Machine_type.csv@L111 | data/Machine_type.csv@L117 | data/Machine_type.csv@L118 | data/Machine_type.csv@L136 | data/Machine_type.csv@L142 ...
2020	数值	big5	51	data/Machine_type.csv@L112 | data/Machine_type.csv@L113 | data/Machine_type.csv@L12 | data/Machine_type.csv@L121 | data/Machine_type.csv@L13 | data/Machine_type.csv@L137 ...
1990	数值	big5	49	data/Machine_type.csv@L106 | data/Machine_type.csv@L112 | data/Machine_type.csv@L113 | data/Machine_type.csv@L131 | data/Machine_type.csv@L137 | data/Machine_type.csv@L138 ...
2030	数值	big5	49	data/Machine_type.csv@L10 | data/Machine_type.csv@L116 | data/Machine_type.csv@L122 | data/Machine_type.csv@L123 | data/Machine_type.csv@L14 | data/Machine_type.csv@L141 ...
=,8K	ASCII	ascii	49	CEO.exe@RVA 4BBA8 | CEO.exe@RVA 4BE7A | CEO.exe@RVA 4BF2C | CEO.exe@RVA 4C1FE | CEO.exe@RVA 4C2B0 | CEO.exe@RVA 4C582 ...
小農場	中文	big5	48	data/txts.csv@L36 | stage/stage06.stg@seg1496+0x4 | stage/stage06.stg@seg2297+0x4 | stage/stage06.stg@seg2637+0x4 | stage/stage06.stg@seg2895+0x4 | stage/stage06.stg@seg3041+0x4 ...
UNUSE_OBJ2,	ASCII	ascii	47	Face/Bank.h@L3 | Face/EnemyFirmInfo.h@L3 | Face/GameSetting.h@L3 | Face/IO_rule.h@L3 | Face/Load.h@L3 | Face/MachineProduct.h@L2 ...
34	数值	big5	46	data/Machine_group.csv@L2 | data/Machine_type.csv@L118 | data/Machine_type.csv@L123 | data/Machine_type.csv@L148 | data/Machine_type.csv@L158 | data/Machine_type.csv@L168 ...
2040	数值	big5	45	data/Machine_type.csv@L101 | data/Machine_type.csv@L11 | data/Machine_type.csv@L117 | data/Machine_type.csv@L118 | data/Machine_type.csv@L126 | data/Machine_type.csv@L142 ...
UNUSE_OBJ3,	ASCII	ascii	44	Face/Bank.h@L4 | Face/Dorm.h@L2 | Face/FirmBoard.h@L3 | Face/FirmLoadArea-1.h@L29 | Face/FirmMachineSell.h@L4 | Face/FirmMine.h@L4 ...
紡織機	中文	big5	44	data/Machine_group.csv@L5 | data/Machine_type.csv@L52 | data/Machine_type.csv@L53 | data/Machine_type.csv@L54 | data/Machine_type.csv@L55 | data/Machine_type.csv@L56 ...
1852	数值	big5	43	data/Machine_type.csv@L102 | data/Machine_type.csv@L103 | data/Machine_type.csv@L104 | data/Machine_type.csv@L105 | data/Machine_type.csv@L106 | data/Machine_type.csv@L127 ...
1499	数值	big5	42	data/Machine_type.csv@L10 | data/Machine_type.csv@L112 | data/Machine_type.csv@L113 | data/Machine_type.csv@L114 | data/Machine_type.csv@L115 | data/Machine_type.csv@L116 ...
1666	数值	big5	42	data/Machine_type.csv@L107 | data/Machine_type.csv@L108 | data/Machine_type.csv@L109 | data/Machine_type.csv@L110 | data/Machine_type.csv@L111 | data/Machine_type.csv@L132 ...
38	数值	big5	42	data/Machine_group.csv@L17 | data/Machine_type.csv@L104 | data/Machine_type.csv@L129 | data/Machine_type.csv@L139 | data/Machine_type.csv@L17 | data/Machine_type.csv@L184 ...
UNUSE_OBJ4,	ASCII	ascii	42	Face/Bank.h@L5 | Face/EnemyFirmInfo.h@L5 | Face/ExitButton.h@L5 | Face/FirmBoard.h@L4 | Face/FirmDorm.h@L5 | Face/FirmLoadArea-1.h@L30 ...
加工機	中文	big5	42	data/Machine_group.csv@L17 | data/Machine_type.csv@L327 | data/Machine_type.csv@L328 | data/Machine_type.csv@L329 | data/Machine_type.csv@L330 | data/Machine_type.csv@L331 ...
合併廠	中文	big5	42	data/txts.csv@L35 | stage/stage01.stg@seg132+0x4 | stage/stage01.stg@seg2+0x4 | stage/stage01.stg@seg49+0x4 | stage/stage02.stg@seg509+0x4 | stage/stage03.stg@seg2+0x4 ...
重電機	中文	big5	42	data/Machine_group.csv@L9 | data/Machine_type.csv@L152 | data/Machine_type.csv@L153 | data/Machine_type.csv@L154 | data/Machine_type.csv@L155 | data/Machine_type.csv@L156 ...
電子機	中文	big5	42	data/Machine_group.csv@L8 | data/Machine_type.csv@L127 | data/Machine_type.csv@L128 | data/Machine_type.csv@L129 | data/Machine_type.csv@L130 | data/Machine_type.csv@L131 ...
70	数值	big5	41	data/AI_style.csv@L16 | data/Machine_group.csv@L11 | data/Machine_type.csv@L152 | data/Machine_type.csv@L18 | data/Machine_type.csv@L21 | data/Machine_type.csv@L24 ...
採礦機	中文	big5	41	data/Machine_group.csv@L4 | data/Machine_type.csv@L32 | data/Machine_type.csv@L33 | data/Machine_type.csv@L34 | data/Machine_type.csv@L35 | data/Machine_type.csv@L36 ...
UNUSE_OBJ1,	ASCII	ascii	40	Face/FirmLoadArea-1.h@L27 | Face/FirmMine.h@L2 | Face/GameSetting.h@L2 | Face/IO_rule.h@L2 | Face/Load.h@L2 | Face/NoMoney.h@L2 ...
UNUSE_OBJ5,	ASCII	ascii	40	Face/Bank.h@L6 | Face/Dorm.h@L4 | Face/EnemyFirmInfo.h@L6 | Face/FirmBoard.h@L5 | Face/FirmLoadArea-1.h@L31 | Face/FirmMine.h@L6 ...
26	数值	big5	39	data/Machine_group.csv@L12 | data/Machine_type.csv@L114 | data/Machine_type.csv@L119 | data/Machine_type.csv@L127 | data/Machine_type.csv@L131 | data/Machine_type.csv@L141 ...
27	数值	big5	39	data/AI_style.csv@L12 | data/Machine_group.csv@L12 | data/Machine_type.csv@L134 | data/Machine_type.csv@L157 | data/Machine_type.csv@L159 | data/Machine_type.csv@L161 ...
-80	数值	big5	38	data/Mur.csv@L100 | data/Mur.csv@L101 | data/Mur.csv@L102 | data/Mur.csv@L107 | data/Mur.csv@L108 | data/Mur.csv@L22 ...
0012	数值	ascii	38	stage/stage04.stg@seg1673+0x0 | stage/stage06.stg@seg2051+0x0 | stage/stage06.stg@seg2936+0x0 | stage/stage06.stg@seg4014+0x0 | stage/stage06.stg@seg5009+0x0 | stage/stage08.stg@seg1045+0x0 ...
0013	数值	ascii	38	stage/stage06.stg@seg1635+0x0 | stage/stage06.stg@seg2025+0x0 | stage/stage06.stg@seg2392+0x0 | stage/stage06.stg@seg2919+0x0 | stage/stage06.stg@seg3997+0x0 | stage/stage06.stg@seg4985+0x0 ...
1950	数值	big5	38	data/Machine_type.csv@L102 | data/Machine_type.csv@L103 | data/Machine_type.csv@L127 | data/Machine_type.csv@L128 | data/Machine_type.csv@L152 | data/Machine_type.csv@L153 ...
化工機	中文	big5	38	data/Machine_group.csv@L12 | data/Machine_type.csv@L207 | data/Machine_type.csv@L208 | data/Machine_type.csv@L209 | data/Machine_type.csv@L210 | data/Machine_type.csv@L211 ...
輪車機	中文	big5	38	data/Machine_group.csv@L14 | data/Machine_type.csv@L257 | data/Machine_type.csv@L258 | data/Machine_type.csv@L259 | data/Machine_type.csv@L260 | data/Machine_type.csv@L261 ...
1214	数值	big5	37	data/Machine_type.csv@L122 | data/Machine_type.csv@L123 | data/Machine_type.csv@L124 | data/Machine_type.csv@L125 | data/Machine_type.csv@L126 | data/Machine_type.csv@L14 ...
1349	数值	big5	37	data/Machine_type.csv@L11 | data/Machine_type.csv@L117 | data/Machine_type.csv@L118 | data/Machine_type.csv@L119 | data/Machine_type.csv@L12 | data/Machine_type.csv@L120 ...
1365	数值	big5	37	data/Machine_type.csv@L122 | data/Machine_type.csv@L123 | data/Machine_type.csv@L124 | data/Machine_type.csv@L125 | data/Machine_type.csv@L126 | data/Machine_type.csv@L14 ...
2315	数值	big5	37	data/Machine_type.csv@L127 | data/Machine_type.csv@L128 | data/Machine_type.csv@L129 | data/Machine_type.csv@L130 | data/Machine_type.csv@L131 | data/Machine_type.csv@L152 ...
45	数值	big5	37	data/Machine_group.csv@L16 | data/Machine_type.csv@L108 | data/Machine_type.csv@L113 | data/Machine_type.csv@L138 | data/Machine_type.csv@L148 | data/Machine_type.csv@L158 ...
UNUSE_OBJ6,	ASCII	ascii	37	Face/Bank.h@L7 | Face/CompanyInfo.h@L7 | Face/FirmBoard.h@L6 | Face/FirmDorm.h@L7 | Face/GameSetting.h@L7 | Face/IO_rule.h@L6 ...
中商場	中文	big5	37	data/txts.csv@L37 | stage/stage00.stg@seg2+0x4 | stage/stage02.stg@seg2+0x4 | stage/stage02.stg@seg748+0x4 | stage/stage03.stg@seg554+0x4 | stage/stage03.stg@seg559+0x4 ...
17	数值	big5	36	data/AI_style.csv@L19 | data/Machine_group.csv@L3 | data/Machine_type.csv@L122 | data/Machine_type.csv@L162 | data/Machine_type.csv@L172 | data/Machine_type.csv@L18 ...
33	数值	big5	36	data/Machine_group.csv@L2 | data/Machine_type.csv@L101 | data/Machine_type.csv@L104 | data/Machine_type.csv@L109 | data/Machine_type.csv@L131 | data/Machine_type.csv@L134 ...
43	数值	big5	36	data/Machine_group.csv@L17 | data/Machine_type.csv@L134 | data/Machine_type.csv@L153 | data/Machine_type.csv@L163 | data/Machine_type.csv@L179 | data/Machine_type.csv@L203 ...
90	数值	big5	36	data/AI_style.csv@L19 | data/AI_style.csv@L8 | data/Machine_group.csv@L10 | data/Machine_type.csv@L207 | data/Machine_type.csv@L32 | data/Machine_type.csv@L78 ...
中農場	中文	big5	36	data/txts.csv@L37 | stage/stage05.stg@seg266+0x4 | stage/stage06.stg@seg1705+0x4 | stage/stage06.stg@seg1942+0x4 | stage/stage06.stg@seg2113+0x4 | stage/stage06.stg@seg3247+0x4 ...
塑化機	中文	big5	36	data/Machine_group.csv@L7 | data/Machine_type.csv@L102 | data/Machine_type.csv@L103 | data/Machine_type.csv@L104 | data/Machine_type.csv@L105 | data/Machine_type.csv@L106 ...
待售地	中文	big5	35	CEO.exe@RVA A2928 | data/building.csv@L10 | data/building.csv@L11 | data/building.csv@L12 | data/building.csv@L13 | data/building.csv@L14 ...
矽礦場	中文	big5	35	data/txts.csv@L40 | stage/stage02.stg@seg63+0x4 | stage/stage03.stg@seg1079+0x4 | stage/stage04.stg@seg3+0x4 | stage/stage06.stg@seg1728+0x4 | stage/stage06.stg@seg2859+0x4 ...
-99	数值	big5	34	data/Mur.csv@L100 | data/Mur.csv@L101 | data/Mur.csv@L102 | data/Mur.csv@L108 | data/Mur.csv@L22 | data/Mur.csv@L24 ...
UNUSE_OBJ7,	ASCII	ascii	34	Face/Bank.h@L8 | Face/CompanyInfo.h@L8 | Face/EnemyFirmInfo.h@L8 | Face/GameSetting.h@L8 | Face/IO_rule.h@L7 | Face/ProductBook.h@L18 ...
木工機	中文	big5	34	data/Machine_group.csv@L6 | data/Machine_type.csv@L100 | data/Machine_type.csv@L101 | data/Machine_type.csv@L77 | data/Machine_type.csv@L78 | data/Machine_type.csv@L79 ...
農田機	中文	big5	34	data/Machine_group.csv@L3 | data/Machine_type.csv@L17 | data/Machine_type.csv@L18 | data/Machine_type.csv@L19 | data/Machine_type.csv@L20 | data/Machine_type.csv@L21 ...
120	数值	big5	33	data/AI_style.csv@L12 | data/Machine_type.csv@L12 | data/Machine_type.csv@L122 | data/Machine_type.csv@L15 | data/Machine_type.csv@L282 | data/Machine_type.csv@L3 ...
31	数值	big5	33	data/AI_style.csv@L5 | data/Machine_group.csv@L2 | data/Machine_type.csv@L129 | data/Machine_type.csv@L154 | data/Machine_type.csv@L156 | data/Machine_type.csv@L166 ...
39	数值	big5	33	data/Machine_group.csv@L16 | data/Machine_type.csv@L113 | data/Machine_type.csv@L118 | data/Machine_type.csv@L143 | data/Machine_type.csv@L153 | data/Machine_type.csv@L156 ...
化物場	中文	big5	33	data/txts.csv@L43 | stage/stage02.stg@seg489+0x4 | stage/stage03.stg@seg1449+0x4 | stage/stage04.stg@seg1690+0x4 | stage/stage04.stg@seg1839+0x4 | stage/stage04.stg@seg614+0x4 ...
工地	中文	big5	33	data/building.csv@L36 | data/building.csv@L37 | data/building.csv@L38 | data/building.csv@L39 | data/building.csv@L40 | data/building.csv@L41 ...
0014	数值	ascii	32	stage/stage06.stg@seg1611+0x0 | stage/stage06.stg@seg2000+0x0 | stage/stage06.stg@seg2895+0x0 | stage/stage06.stg@seg3807+0x0 | stage/stage06.stg@seg3953+0x0 | stage/stage06.stg@seg4962+0x0 ...
UNUSE_OBJ8,	ASCII	ascii	32	Face/Bank.h@L9 | Face/CompanyInfo.h@L9 | Face/FirmDorm.h@L9 | Face/GameSetting.h@L9 | Face/MyFirmInfo-Mine.h@L9 | Face/ProductBook.h@L21 ...
燒窯機	中文	big5	32	data/Machine_group.csv@L13 | data/Machine_type.csv@L232 | data/Machine_type.csv@L233 | data/Machine_type.csv@L234 | data/Machine_type.csv@L235 | data/Machine_type.csv@L236 ...
101	数值	big5	31	data/Machine_group.csv@L14 | data/Machine_type.csv@L103 | data/Machine_type.csv@L233 | data/Machine_type.csv@L327 | data/Machine_type.csv@L329 | data/Machine_type.csv@L331 ...
2015	数值	big5	31	data/Machine_type.csv@L119 | data/Machine_type.csv@L120 | data/Machine_type.csv@L144 | data/Machine_type.csv@L145 | data/Machine_type.csv@L169 | data/Machine_type.csv@L170 ...
69	数值	big5	31	data/Machine_group.csv@L11 | data/Machine_type.csv@L141 | data/Machine_type.csv@L71 | data/Stages.csv@L12 | data/building.csv@L5 | data/building.csv@L73 ...
畜牧機	中文	big5	31	data/Machine_group.csv@L2 | data/Machine_type.csv@L10 | data/Machine_type.csv@L11 | data/Machine_type.csv@L12 | data/Machine_type.csv@L13 | data/Machine_type.csv@L14 ...
0015	数值	ascii	30	stage/stage04.stg@seg914+0x0 | stage/stage06.stg@seg1578+0x0 | stage/stage06.stg@seg1983+0x0 | stage/stage06.stg@seg2368+0x0 | stage/stage06.stg@seg2710+0x0 | stage/stage06.stg@seg2878+0x0 ...
0017	数值	ascii	30	stage/stage04.stg@seg846+0x0 | stage/stage06.stg@seg1537+0x0 | stage/stage06.stg@seg1942+0x0 | stage/stage06.stg@seg2321+0x0 | stage/stage06.stg@seg2666+0x0 | stage/stage06.stg@seg2844+0x0 ...
1012	数值	big5	30	data/Machine_type.csv@L11 | data/Machine_type.csv@L12 | data/Machine_type.csv@L13 | data/Machine_type.csv@L222 | data/Machine_type.csv@L223 | data/Machine_type.csv@L224 ...
1125	数值	big5	30	data/Machine_type.csv@L10 | data/Machine_type.csv@L217 | data/Machine_type.csv@L218 | data/Machine_type.csv@L219 | data/Machine_type.csv@L220 | data/Machine_type.csv@L221 ...
1250	数值	big5	30	data/Machine_type.csv@L20 | data/Machine_type.csv@L21 | data/Machine_type.csv@L212 | data/Machine_type.csv@L213 | data/Machine_type.csv@L214 | data/Machine_type.csv@L215 ...
1389	数值	big5	30	data/Machine_type.csv@L17 | data/Machine_type.csv@L18 | data/Machine_type.csv@L19 | data/Machine_type.csv@L2 | data/Machine_type.csv@L207 | data/Machine_type.csv@L208 ...
41	数值	big5	30	data/Machine_group.csv@L16 | data/Machine_type.csv@L101 | data/Machine_type.csv@L106 | data/Machine_type.csv@L131 | data/Machine_type.csv@L133 | data/Machine_type.csv@L141 ...
48	数值	big5	30	data/Machine_group.csv@L16 | data/Machine_type.csv@L129 | data/Machine_type.csv@L158 | data/Machine_type.csv@L19 | data/Machine_type.csv@L198 | data/Machine_type.csv@L257 ...
54	数值	big5	30	data/Machine_group.csv@L5 | data/Machine_type.csv@L106 | data/Machine_type.csv@L153 | data/Machine_type.csv@L193 | data/Machine_type.csv@L257 | data/Machine_type.csv@L278 ...
910	数值	big5	30	data/Machine_type.csv@L14 | data/Machine_type.csv@L15 | data/Machine_type.csv@L16 | data/Machine_type.csv@L227 | data/Machine_type.csv@L228 | data/Machine_type.csv@L229 ...
油礦場	中文	big5	30	data/txts.csv@L42 | stage/stage02.stg@seg87+0x4 | stage/stage03.stg@seg946+0x4 | stage/stage04.stg@seg1206+0x4 | stage/stage04.stg@seg1673+0x4 | stage/stage04.stg@seg527+0x4 ...
2005	数值	big5	29	data/Machine_type.csv@L109 | data/Machine_type.csv@L110 | data/Machine_type.csv@L134 | data/Machine_type.csv@L135 | data/Machine_type.csv@L159 | data/Machine_type.csv@L160 ...
29	数值	big5	29	data/Machine_group.csv@L13 | data/Machine_type.csv@L136 | data/Machine_type.csv@L161 | data/Machine_type.csv@L31 | data/Machine_type.csv@L43 | data/Machine_type.csv@L92 ...
46	数值	big5	29	data/Machine_group.csv@L16 | data/Machine_type.csv@L101 | data/Machine_type.csv@L128 | data/Machine_type.csv@L136 | data/Machine_type.csv@L153 | data/Machine_type.csv@L181 ...
57	数值	big5	29	data/Machine_group.csv@L5 | data/Machine_type.csv@L103 | data/Machine_type.csv@L114 | data/Machine_type.csv@L128 | data/Machine_type.csv@L138 | data/Machine_type.csv@L183 ...
99	数值	big5	29	data/Machine_group.csv@L18 | data/Machine_type.csv@L101 | data/Machine_type.csv@L221 | data/Machine_type.csv@L41 | data/Mur.csv@L30 | data/Mur.csv@L42 ...
UNUSE_OBJ13,	ASCII	ascii	29	Face/Bank.h@L14 | Face/FirmLoadArea_ItemBoard.h@L4 | Face/FirmMachine.h@L12 | Face/MyFirmInfo-Mine.h@L14 | Face/MyFirmReport.h@L15 | Face/ProductBook_Board.h@L4 ...
UNUSE_OBJ9,	ASCII	ascii	29	Face/Bank.h@L10 | Face/CompanyInfo.h@L10 | Face/EnemyFirmInfo.h@L10 | Face/FirmMachine.h@L10 | Face/GameSetting.h@L10 | Face/MyFirmInfo-Mine.h@L10 ...
印刷機	中文	big5	29	data/Machine_group.csv@L15 | data/Machine_type.csv@L282 | data/Machine_type.csv@L283 | data/Machine_type.csv@L284 | data/Machine_type.csv@L285 | data/Machine_type.csv@L286 ...
1985	数值	big5	28	data/Machine_type.csv@L104 | data/Machine_type.csv@L105 | data/Machine_type.csv@L129 | data/Machine_type.csv@L130 | data/Machine_type.csv@L154 | data/Machine_type.csv@L155 ...
2035	数值	big5	28	data/Machine_type.csv@L100 | data/Machine_type.csv@L124 | data/Machine_type.csv@L125 | data/Machine_type.csv@L149 | data/Machine_type.csv@L150 | data/Machine_type.csv@L174 ...
37	数值	big5	28	data/Machine_group.csv@L16 | data/Machine_type.csv@L158 | data/Machine_type.csv@L168 | data/Machine_type.csv@L287 | data/Machine_type.csv@L308 | data/Machine_type.csv@L333 ...
0016	数值	ascii	27	stage/stage04.stg@seg893+0x0 | stage/stage06.stg@seg1554+0x0 | stage/stage06.stg@seg1966+0x0 | stage/stage06.stg@seg2345+0x0 | stage/stage06.stg@seg2694+0x0 | stage/stage06.stg@seg2859+0x0 ...
1970	数值	big5	27	data/Machine_type.csv@L107 | data/Machine_type.csv@L108 | data/Machine_type.csv@L132 | data/Machine_type.csv@L133 | data/Machine_type.csv@L157 | data/Machine_type.csv@L158 ...
2500	数值	big5	27	data/Machine_type.csv@L157 | data/Machine_type.csv@L158 | data/Machine_type.csv@L159 | data/Machine_type.csv@L160 | data/Machine_type.csv@L161 | data/Machine_type.csv@L286 ...
35	数值	big5	27	data/Machine_group.csv@L2 | data/Machine_type.csv@L161 | data/Machine_type.csv@L201 | data/Machine_type.csv@L297 | data/Machine_type.csv@L37 | data/Machine_type.csv@L61 ...
=8-L	ASCII	ascii	27	CEO.exe@RVA 17F44 | CEO.exe@RVA 194B8 | CEO.exe@RVA 1B382 | CEO.exe@RVA 1C20A | CEO.exe@RVA 1E06E | CEO.exe@RVA 1E33 ...
UNUSE_OBJ10,	ASCII	ascii	27	Face/Bank.h@L11 | Face/FirmMachine.h@L11 | Face/GameSetting.h@L11 | Face/MyFirmReport.h@L12 | Face/ProductBook.h@L19 | Face/balance_info.h@L11 ...
150	数值	big5	26	data/AI_style.csv@L13 | data/AI_style.csv@L15 | data/AI_style.csv@L16 | data/AI_style.csv@L17 | data/AI_style.csv@L6 | data/AI_style.csv@L7 ...
UNUSE_OBJ14,	ASCII	ascii	26	Face/CompanyInfo.h@L12 | Face/FirmLoadArea_ItemBoard.h@L5 | Face/FirmMachine.h@L13 | Face/MyFirmReport.h@L16 | Face/ProductBook_Board.h@L5 | Face/RetailMachine.h@L15 ...
電腦機	中文	big5	26	data/Machine_group.csv@L10 | data/Machine_type.csv@L177 | data/Machine_type.csv@L178 | data/Machine_type.csv@L179 | data/Machine_type.csv@L180 | data/Machine_type.csv@L181 ...
1955	数值	big5	25	data/Machine_type.csv@L104 | data/Machine_type.csv@L105 | data/Machine_type.csv@L129 | data/Machine_type.csv@L130 | data/Machine_type.csv@L154 | data/Machine_type.csv@L155 ...
1995	数值	big5	25	data/Machine_type.csv@L114 | data/Machine_type.csv@L115 | data/Machine_type.csv@L139 | data/Machine_type.csv@L140 | data/Machine_type.csv@L164 | data/Machine_type.csv@L165 ...
2061	数值	big5	25	data/Machine_type.csv@L162 | data/Machine_type.csv@L163 | data/Machine_type.csv@L164 | data/Machine_type.csv@L165 | data/Machine_type.csv@L166 | data/Machine_type.csv@L187 ...
2250	数值	big5	25	data/Machine_type.csv@L162 | data/Machine_type.csv@L163 | data/Machine_type.csv@L164 | data/Machine_type.csv@L165 | data/Machine_type.csv@L166 | data/Machine_type.csv@L290 ...
2624	数值	big5	25	data/Machine_type.csv@L112 | data/Machine_type.csv@L113 | data/Machine_type.csv@L114 | data/Machine_type.csv@L115 | data/Machine_type.csv@L116 | data/Machine_type.csv@L162 ...
2778	数值	big5	25	data/Machine_type.csv@L152 | data/Machine_type.csv@L153 | data/Machine_type.csv@L154 | data/Machine_type.csv@L155 | data/Machine_type.csv@L156 | data/Machine_type.csv@L282 ...
SVWP	ASCII	ascii	25	CEO.exe@RVA 10D21 | CEO.exe@RVA 1D091 | CEO.exe@RVA 1D7D1 | CEO.exe@RVA 1EF71 | CEO.exe@RVA 23BB1 | CEO.exe@RVA 25A21 ...
精工機	中文	big5	25	data/Machine_group.csv@L18 | data/Machine_type.csv@L352 | data/Machine_type.csv@L353 | data/Machine_type.csv@L354 | data/Machine_type.csv@L355 | data/Machine_type.csv@L356 ...
0018	数值	ascii	24	stage/stage04.stg@seg831+0x0 | stage/stage06.stg@seg1520+0x0 | stage/stage06.stg@seg1910+0x0 | stage/stage06.stg@seg2297+0x0 | stage/stage06.stg@seg2637+0x0 | stage/stage06.stg@seg2820+0x0 ...
1312	数值	big5	24	data/Machine_type.csv@L202 | data/Machine_type.csv@L203 | data/Machine_type.csv@L204 | data/Machine_type.csv@L205 | data/Machine_type.csv@L206 | data/Machine_type.csv@L217 ...
1458	数值	big5	24	data/Machine_type.csv@L197 | data/Machine_type.csv@L198 | data/Machine_type.csv@L199 | data/Machine_type.csv@L200 | data/Machine_type.csv@L201 | data/Machine_type.csv@L212 ...
1620	数值	big5	24	data/Machine_type.csv@L192 | data/Machine_type.csv@L193 | data/Machine_type.csv@L194 | data/Machine_type.csv@L195 | data/Machine_type.csv@L196 | data/Machine_type.csv@L207 ...
1822	数值	big5	24	data/Machine_type.csv@L172 | data/Machine_type.csv@L173 | data/Machine_type.csv@L174 | data/Machine_type.csv@L175 | data/Machine_type.csv@L176 | data/Machine_type.csv@L298 ...
1975	数值	big5	24	data/Machine_type.csv@L109 | data/Machine_type.csv@L110 | data/Machine_type.csv@L134 | data/Machine_type.csv@L135 | data/Machine_type.csv@L159 | data/Machine_type.csv@L160 ...
2045	数值	big5	24	data/Machine_type.csv@L119 | data/Machine_type.csv@L120 | data/Machine_type.csv@L144 | data/Machine_type.csv@L145 | data/Machine_type.csv@L169 | data/Machine_type.csv@L170 ...
2291	数值	big5	24	data/Machine_type.csv@L157 | data/Machine_type.csv@L158 | data/Machine_type.csv@L159 | data/Machine_type.csv@L160 | data/Machine_type.csv@L161 | data/Machine_type.csv@L182 ...
2546	数值	big5	24	data/Machine_type.csv@L152 | data/Machine_type.csv@L153 | data/Machine_type.csv@L154 | data/Machine_type.csv@L155 | data/Machine_type.csv@L156 | data/Machine_type.csv@L177 ...
2916	数值	big5	24	data/Machine_type.csv@L107 | data/Machine_type.csv@L108 | data/Machine_type.csv@L109 | data/Machine_type.csv@L110 | data/Machine_type.csv@L111 | data/Machine_type.csv@L157 ...
3241	数值	big5	24	data/Machine_type.csv@L102 | data/Machine_type.csv@L103 | data/Machine_type.csv@L104 | data/Machine_type.csv@L105 | data/Machine_type.csv@L106 | data/Machine_type.csv@L152 ...
UNUSE_OBJ11,	ASCII	ascii	24	Face/Bank.h@L12 | Face/CompanyInfo.h@L11 | Face/MyFirmInfo-Mine.h@L12 | Face/MyFirmReport.h@L13 | Face/balance_info.h@L12 | Face/face_retailmachine.h@L12 ...
UNUSE_OBJ12,	ASCII	ascii	24	Face/Bank.h@L13 | Face/FirmBoard.h@L13 | Face/MyFirmReport.h@L14 | Face/balance_info.h@L13 | Face/face_machine.h@L13 | Face/face_machine_introduce.h@L13 ...
UNUSE_OBJ15,	ASCII	ascii	24	Face/Bank.h@L16 | Face/FirmLoadArea_ItemBoard.h@L6 | Face/FirmMachine.h@L14 | Face/MyFirmReport.h@L17 | Face/balance_info.h@L16 | Face/face_machine.h@L16 ...
七十一企業	中文	big5	23	data/AIInfo.csv@L5 | data/txts.csv@L5 | stage/stage00.stg@seg172+0x2 | stage/stage01.stg@seg221+0x2 | stage/stage02.stg@seg747+0x2 | stage/stage03.stg@seg553+0x2 ...
單菱商社	中文	big5	23	data/AIInfo.csv@L2 | data/txts.csv@L2 | stage/stage00.stg@seg67+0x2 | stage/stage01.stg@seg131+0x2 | stage/stage02.stg@seg4+0x2 | stage/stage03.stg@seg259+0x2 ...
微硬公司	中文	big5	23	data/AIInfo.csv@L6 | data/txts.csv@L6 | stage/stage00.stg@seg173+0x2 | stage/stage01.stg@seg222+0x2 | stage/stage02.stg@seg936+0x2 | stage/stage03.stg@seg626+0x2 ...
敗耳企業	中文	big5	23	data/AIInfo.csv@L7 | data/txts.csv@L7 | stage/stage00.stg@seg174+0x2 | stage/stage01.stg@seg223+0x2 | stage/stage02.stg@seg937+0x2 | stage/stage03.stg@seg627+0x2 ...
民房	中文	big5	23	data/building.csv@L70 | data/building.csv@L71 | data/building.csv@L72 | data/building.csv@L73 | data/building.csv@L74 | data/building.csv@L75 ...
耐急企業	中文	big5	23	data/AIInfo.csv@L3 | data/txts.csv@L3 | stage/stage00.stg@seg170+0x2 | stage/stage01.stg@seg219+0x2 | stage/stage02.stg@seg298+0x2 | stage/stage03.stg@seg440+0x2 ...
風力富企業	中文	big5	23	data/AIInfo.csv@L4 | data/txts.csv@L4 | stage/stage00.stg@seg171+0x2 | stage/stage01.stg@seg220+0x2 | stage/stage02.stg@seg508+0x2 | stage/stage03.stg@seg441+0x2 ...
01	数值	big5	22	data/Stages.csv@L3 | data/Talk.csv@L10 | data/Talk.csv@L11 | data/Talk.csv@L12 | data/Talk.csv@L13 | data/Talk.csv@L14 ...
1960	数值	big5	22	data/Machine_type.csv@L106 | data/Machine_type.csv@L131 | data/Machine_type.csv@L156 | data/Machine_type.csv@L211 | data/Machine_type.csv@L236 | data/Machine_type.csv@L261 ...
51	数值	big5	22	data/Machine_group.csv@L5 | data/Machine_type.csv@L103 | data/Machine_type.csv@L264 | data/Machine_type.csv@L269 | data/Machine_type.csv@L272 | data/Machine_type.csv@L357 ...
BTN_EXIT,	ASCII	ascii	22	Face/Bank.h@L2 | Face/ExitButton.h@L2 | Face/FirmLoadArea-1.h@L28 | Face/IO_rule.h@L19 | Face/Load-1.h@L2 | Face/Load.h@L4 ...
BTN_YES,	ASCII	ascii	22	Face/BuyLandConfirm.h@L2 | Face/Dorm-1.h@L2 | Face/FirmMachineSell.h@L2 | Face/FirmMachineStop.h@L2 | Face/LoadConfirm.h@L2 | Face/MenuConfirm.h@L2 ...
UNUSE_OBJ16,	ASCII	ascii	22	Face/FirmLoadArea_ItemBoard.h@L7 | Face/FirmMachine.h@L15 | Face/MyFirmReport.h@L18 | Face/SalaryAdjust.h@L17 | Face/balance_info.h@L17 | Face/face_machine.h@L17 ...
全電子企業	中文	big5	22	data/txts.csv@L13 | stage/stage00.stg@seg180+0x2 | stage/stage01.stg@seg229+0x2 | stage/stage02.stg@seg943+0x2 | stage/stage03.stg@seg975+0x2 | stage/stage04.stg@seg937+0x2 ...
加樂福企業	中文	big5	22	data/txts.csv@L20 | stage/stage00.stg@seg187+0x2 | stage/stage01.stg@seg236+0x2 | stage/stage02.stg@seg950+0x2 | stage/stage03.stg@seg1396+0x2 | stage/stage04.stg@seg1781+0x2 ...
大牧場企業	中文	big5	22	data/txts.csv@L8 | stage/stage00.stg@seg175+0x2 | stage/stage01.stg@seg224+0x2 | stage/stage02.stg@seg938+0x2 | stage/stage03.stg@seg628+0x2 | stage/stage04.stg@seg348+0x2 ...
大矽谷產業	中文	big5	22	data/txts.csv@L15 | stage/stage00.stg@seg182+0x2 | stage/stage01.stg@seg231+0x2 | stage/stage02.stg@seg945+0x2 | stage/stage03.stg@seg1150+0x2 | stage/stage04.stg@seg1205+0x2 ...
小家電公司	中文	big5	22	data/txts.csv@L14 | stage/stage00.stg@seg181+0x2 | stage/stage01.stg@seg230+0x2 | stage/stage02.stg@seg944+0x2 | stage/stage03.stg@seg1096+0x2 | stage/stage04.stg@seg1046+0x2 ...
文房企業	中文	big5	22	data/txts.csv@L12 | stage/stage00.stg@seg179+0x2 | stage/stage01.stg@seg228+0x2 | stage/stage02.stg@seg942+0x2 | stage/stage03.stg@seg802+0x2 | stage/stage04.stg@seg752+0x2 ...
晶圓機	中文	big5	22	data/Machine_group.csv@L11 | data/Machine_type.csv@L192 | data/Machine_type.csv@L193 | data/Machine_type.csv@L194 | data/Machine_type.csv@L195 | data/Machine_type.csv@L196 ...
書香企業	中文	big5	22	data/txts.csv@L17 | stage/stage00.stg@seg184+0x2 | stage/stage01.stg@seg233+0x2 | stage/stage02.stg@seg947+0x2 | stage/stage03.stg@seg1156+0x2 | stage/stage04.stg@seg1494+0x2 ...
有巢氏實業	中文	big5	22	data/txts.csv@L18 | stage/stage00.stg@seg185+0x2 | stage/stage01.stg@seg234+0x2 | stage/stage02.stg@seg948+0x2 | stage/stage03.stg@seg1157+0x2 | stage/stage04.stg@seg1599+0x2 ...
木造實業	中文	big5	22	data/txts.csv@L11 | stage/stage00.stg@seg178+0x2 | stage/stage01.stg@seg227+0x2 | stage/stage02.stg@seg941+0x2 | stage/stage03.stg@seg726+0x2 | stage/stage04.stg@seg613+0x2 ...
精工企業	中文	big5	22	data/txts.csv@L19 | stage/stage00.stg@seg186+0x2 | stage/stage01.stg@seg235+0x2 | stage/stage02.stg@seg949+0x2 | stage/stage03.stg@seg1312+0x2 | stage/stage04.stg@seg1672+0x2 ...
資源產業	中文	big5	22	data/txts.csv@L10 | stage/stage00.stg@seg177+0x2 | stage/stage01.stg@seg226+0x2 | stage/stage02.stg@seg940+0x2 | stage/stage03.stg@seg680+0x2 | stage/stage04.stg@seg544+0x2 ...
農產公司	中文	big5	22	data/txts.csv@L9 | stage/stage00.stg@seg176+0x2 | stage/stage01.stg@seg225+0x2 | stage/stage02.stg@seg939+0x2 | stage/stage03.stg@seg679+0x2 | stage/stage04.stg@seg442+0x2 ...
陶藝企業	中文	big5	22	data/txts.csv@L16 | stage/stage00.stg@seg183+0x2 | stage/stage01.stg@seg232+0x2 | stage/stage02.stg@seg946+0x2 | stage/stage03.stg@seg1151+0x2 | stage/stage04.stg@seg1360+0x2 ...
0019	数值	ascii	21	stage/stage04.stg@seg814+0x0 | stage/stage06.stg@seg1496+0x0 | stage/stage06.stg@seg1881+0x0 | stage/stage06.stg@seg2253+0x0 | stage/stage06.stg@seg2583+0x0 | stage/stage06.stg@seg2787+0x0 ...
2429	数值	big5	21	data/Machine_type.csv@L122 | data/Machine_type.csv@L123 | data/Machine_type.csv@L124 | data/Machine_type.csv@L125 | data/Machine_type.csv@L126 | data/Machine_type.csv@L147 ...
2699	数值	big5	21	data/Machine_type.csv@L117 | data/Machine_type.csv@L118 | data/Machine_type.csv@L119 | data/Machine_type.csv@L120 | data/Machine_type.csv@L121 | data/Machine_type.csv@L142 ...
2999	数值	big5	21	data/Machine_type.csv@L112 | data/Machine_type.csv@L113 | data/Machine_type.csv@L114 | data/Machine_type.csv@L115 | data/Machine_type.csv@L116 | data/Machine_type.csv@L137 ...
300	数值	big5	21	data/AI_style.csv@L4 | data/Machine_type.csv@L293 | data/Machine_type.csv@L302 | data/Machine_type.csv@L340 | data/building.csv@L71 | data/building.csv@L72 ...
3333	数值	big5	21	data/Machine_type.csv@L107 | data/Machine_type.csv@L108 | data/Machine_type.csv@L109 | data/Machine_type.csv@L110 | data/Machine_type.csv@L111 | data/Machine_type.csv@L132 ...
3704	数值	big5	21	data/Machine_type.csv@L102 | data/Machine_type.csv@L103 | data/Machine_type.csv@L104 | data/Machine_type.csv@L105 | data/Machine_type.csv@L106 | data/Machine_type.csv@L127 ...
44	数值	big5	21	data/Machine_group.csv@L16 | data/Machine_type.csv@L276 | data/Machine_type.csv@L281 | data/Machine_type.csv@L289 | data/Machine_type.csv@L46 | data/Machine_type.csv@L71 ...
55	数值	big5	21	data/Machine_group.csv@L5 | data/Machine_type.csv@L10 | data/Machine_type.csv@L112 | data/Machine_type.csv@L266 | data/Machine_type.csv@L271 | data/Machine_type.csv@L304 ...
58	数值	big5	21	data/Machine_group.csv@L5 | data/Machine_type.csv@L115 | data/Machine_type.csv@L281 | data/Machine_type.csv@L60 | data/Machine_type.csv@L86 | data/Machine_type.csv@L91 ...
64	数值	big5	21	data/Machine_group.csv@L6 | data/Machine_type.csv@L131 | data/Machine_type.csv@L133 | data/Machine_type.csv@L178 | data/Machine_type.csv@L258 | data/Machine_type.csv@L259 ...
75	数值	big5	21	data/AI_style.csv@L7 | data/Machine_group.csv@L9 | data/Machine_type.csv@L162 | data/Machine_type.csv@L77 | data/Machine_type.csv@L78 | data/building.csv@L100 ...
創業王企業	中文	big5	21	stage/stage00.stg@seg1+0x2 | stage/stage01.stg@seg1+0x2 | stage/stage02.stg@seg1+0x2 | stage/stage03.stg@seg1+0x2 | stage/stage04.stg@seg1+0x2 | stage/stage05.stg@seg1+0x2 ...
52	数值	big5	20	data/Machine_group.csv@L5 | data/Machine_type.csv@L104 | data/Machine_type.csv@L131 | data/Machine_type.csv@L54 | data/Machine_type.csv@L8 | data/Machine_type.csv@L91 ...
800	数值	big5	20	data/AI_style.csv@L3 | data/AI_style.csv@L5 | data/AI_style.csv@L6 | data/AI_style.csv@L8 | data/Machine_type.csv@L320 | data/building.csv@L100 ...
BTN_NO,	ASCII	ascii	20	Face/BuyLandConfirm.h@L3 | Face/Dorm-1.h@L3 | Face/FirmMachineSell.h@L3 | Face/FirmMachineStop.h@L3 | Face/LoadConfirm.h@L3 | Face/MenuConfirm.h@L3 ...
鋁礦場	中文	big5	20	data/txts.csv@L39 | stage/stage02.stg@seg726+0x4 | stage/stage06.stg@seg1285+0x4 | stage/stage06.stg@seg5530+0x4 | stage/stage08.stg@seg1299+0x4 | stage/stage08.stg@seg2333+0x4 ...
-30	数值	big5	19	data/build_relation.csv@L12 | data/build_relation.csv@L13 | data/build_relation.csv@L16 | data/build_relation.csv@L17 | data/build_relation.csv@L18 | data/build_relation.csv@L19 ...
0021	数值	ascii	19	stage/stage04.stg@seg753+0x0 | stage/stage06.stg@seg1421+0x0 | stage/stage06.stg@seg1809+0x0 | stage/stage06.stg@seg2186+0x0 | stage/stage06.stg@seg2513+0x0 | stage/stage06.stg@seg3601+0x0 ...
1062	数值	big5	19	data/Machine_type.csv@L227 | data/Machine_type.csv@L228 | data/Machine_type.csv@L229 | data/Machine_type.csv@L230 | data/Machine_type.csv@L231 | data/Machine_type.csv@L252 ...
1180	数值	big5	19	data/Machine_type.csv@L222 | data/Machine_type.csv@L223 | data/Machine_type.csv@L224 | data/Machine_type.csv@L225 | data/Machine_type.csv@L226 | data/Machine_type.csv@L247 ...
1668	数值	big5	19	data/Machine_type.csv@L172 | data/Machine_type.csv@L173 | data/Machine_type.csv@L174 | data/Machine_type.csv@L175 | data/Machine_type.csv@L176 | data/Machine_type.csv@L347 ...
1854	数值	big5	19	data/Machine_type.csv@L167 | data/Machine_type.csv@L168 | data/Machine_type.csv@L169 | data/Machine_type.csv@L170 | data/Machine_type.csv@L171 | data/Machine_type.csv@L342 ...
2124	数值	big5	19	data/Machine_type.csv@L122 | data/Machine_type.csv@L123 | data/Machine_type.csv@L124 | data/Machine_type.csv@L125 | data/Machine_type.csv@L126 | data/Machine_type.csv@L172 ...
2361	数值	big5	19	data/Machine_type.csv@L117 | data/Machine_type.csv@L118 | data/Machine_type.csv@L119 | data/Machine_type.csv@L120 | data/Machine_type.csv@L121 | data/Machine_type.csv@L167 ...
UNUSE_OBJ17,	ASCII	ascii	19	Face/Bank.h@L18 | Face/MyFirmReport.h@L19 | Face/RetailMachine.h@L18 | Face/balance_info.h@L18 | Face/face_machine_introduce.h@L18 | Face/fact_profit_info.h@L18 ...
UNUSE_OBJ18,	ASCII	ascii	19	Face/MyFirmReport.h@L20 | Face/RetailMachine.h@L19 | Face/balance_info.h@L19 | Face/extface_putland.h@L19 | Face/face_machine.h@L19 | Face/face_machine_introduce.h@L19 ...
hLLJ	ASCII	ascii	19	CEO.exe@RVA 675E8 | CEO.exe@RVA 676B1 | CEO.exe@RVA 676C3 | CEO.exe@RVA 676F7 | CEO.exe@RVA 6770D | CEO.exe@RVA 67723 ...
廠房	中文	big5	19	data/building.csv@L100 | data/building.csv@L101 | data/building.csv@L102 | data/building.csv@L103 | data/building.csv@L104 | data/building.csv@L105 ...
71	数值	big5	18	data/Machine_group.csv@L9 | data/Machine_type.csv@L153 | data/Machine_type.csv@L73 | data/building.csv@L75 | data/building.csv@L8 | data/mapcity.csv@L35 ...
111	数值	big5	17	data/Machine_group.csv@L3 | data/Machine_type.csv@L113 | data/Machine_type.csv@L258 | data/Machine_type.csv@L328 | data/Machine_type.csv@L330 | data/Machine_type.csv@L333 ...
1973	数值	big5	17	data/Machine_type.csv@L147 | data/Machine_type.csv@L148 | data/Machine_type.csv@L149 | data/Machine_type.csv@L150 | data/Machine_type.csv@L151 | data/Machine_type.csv@L172 ...
2193	数值	big5	17	data/Machine_type.csv@L142 | data/Machine_type.csv@L143 | data/Machine_type.csv@L144 | data/Machine_type.csv@L145 | data/Machine_type.csv@L146 | data/Machine_type.csv@L167 ...
2437	数值	big5	17	data/Machine_type.csv@L137 | data/Machine_type.csv@L138 | data/Machine_type.csv@L139 | data/Machine_type.csv@L140 | data/Machine_type.csv@L141 | data/Machine_type.csv@L162 ...
2708	数值	big5	17	data/Machine_type.csv@L132 | data/Machine_type.csv@L133 | data/Machine_type.csv@L134 | data/Machine_type.csv@L135 | data/Machine_type.csv@L136 | data/Machine_type.csv@L157 ...
3009	数值	big5	17	data/Machine_type.csv@L127 | data/Machine_type.csv@L128 | data/Machine_type.csv@L129 | data/Machine_type.csv@L130 | data/Machine_type.csv@L131 | data/Machine_type.csv@L152 ...
47	数值	big5	17	data/Machine_group.csv@L16 | data/Machine_type.csv@L3 | data/Machine_type.csv@L49 | data/Machine_type.csv@L89 | data/building.csv@L16 | data/building.csv@L50 ...
49	数值	big5	17	data/Machine_group.csv@L16 | data/Machine_type.csv@L271 | data/Machine_type.csv@L276 | data/Machine_type.csv@L285 | data/Machine_type.csv@L309 | data/Machine_type.csv@L4 ...
62	数值	big5	17	data/Machine_group.csv@L15 | data/Machine_type.csv@L129 | data/Machine_type.csv@L261 | data/Machine_type.csv@L266 | data/Machine_type.csv@L56 | data/Machine_type.csv@L64 ...
86	数值	big5	17	data/Machine_group.csv@L8 | data/Machine_type.csv@L193 | data/Machine_type.csv@L24 | data/Machine_type.csv@L258 | data/Machine_type.csv@L259 | data/Machine_type.csv@L263 ...
UNUSE_OBJ19,	ASCII	ascii	17	Face/FirmBoard.h@L20 | Face/MyFirmReport.h@L21 | Face/balance_info.h@L20 | Face/extface_putland.h@L20 | Face/face_machine_introduce.h@L20 | Face/fact_profit_info.h@L20 ...
102	数值	big5	16	data/Machine_group.csv@L14 | data/Machine_type.csv@L104 | data/Machine_type.csv@L234 | data/Machine_type.csv@L268 | data/Machine_type.csv@L42 | data/Mur.csv@L105 ...
105	数值	big5	16	data/Machine_group.csv@L14 | data/Machine_type.csv@L107 | data/Machine_type.csv@L242 | data/Machine_type.csv@L52 | data/Mur.csv@L108 | data/Mur.csv@L2 ...
2050	数值	big5	16	data/Machine_type.csv@L12 | data/Machine_type.csv@L121 | data/Machine_type.csv@L13 | data/Machine_type.csv@L146 | data/Machine_type.csv@L171 | data/Machine_type.csv@L226 ...
255	数值	big5	16	data/Machine_type.csv@L233 | data/Machine_type.csv@L242 | data/Machine_type.csv@L257 | data/product1.csv@L83 | data/smapclr.csv@L2 | data/smapclr.csv@L24 ...
4167	数值	big5	16	data/Machine_type.csv@L132 | data/Machine_type.csv@L133 | data/Machine_type.csv@L134 | data/Machine_type.csv@L135 | data/Machine_type.csv@L136 | data/Machine_type.csv@L177 ...
42	数值	big5	16	data/Machine_group.csv@L16 | data/Machine_type.csv@L44 | data/Machine_type.csv@L77 | data/Machine_type.csv@L79 | data/Machine_type.csv@L91 | data/Talk_idx.csv@L5 ...
5000	数值	big5	16	data/Machine_type.csv@L262 | data/Machine_type.csv@L263 | data/Machine_type.csv@L264 | data/Machine_type.csv@L265 | data/Machine_type.csv@L266 | data/Machine_type.csv@L355 ...
59	数值	big5	16	data/Machine_group.csv@L5 | data/Machine_type.csv@L116 | data/Machine_type.csv@L306 | data/Machine_type.csv@L61 | data/Machine_type.csv@L81 | data/Machine_type.csv@L88 ...
68	数值	big5	16	data/Machine_group.csv@L11 | data/Machine_type.csv@L140 | data/Machine_type.csv@L268 | data/Machine_type.csv@L269 | data/Machine_type.csv@L273 | data/Machine_type.csv@L283 ...
72	数值	big5	16	data/Machine_group.csv@L9 | data/Machine_type.csv@L128 | data/Machine_type.csv@L154 | data/Machine_type.csv@L257 | data/Machine_type.csv@L354 | data/Machine_type.csv@L74 ...
757	数值	big5	16	data/Machine_type.csv@L122 | data/Machine_type.csv@L123 | data/Machine_type.csv@L124 | data/Machine_type.csv@L125 | data/Machine_type.csv@L126 | data/Machine_type.csv@L280 ...
BTN_TITLEBAR,	ASCII	ascii	16	Face/Board.h@L2 | Face/BuildingFirm.h@L57 | Face/Dorm.h@L5 | Face/EnemyFirmInfo.h@L11 | Face/FirmBoard.h@L11 | Face/FirmDorm.h@L3 ...
大商場	中文	big5	16	data/txts.csv@L38 | stage/stage00.stg@seg68+0x4 | stage/stage02.stg@seg809+0x4 | stage/stage06.stg@seg2440+0x4 | stage/stage06.stg@seg3233+0x4 | stage/stage06.stg@seg3315+0x4 ...
02	数值	big5	15	data/Stages.csv@L4 | data/Talk.csv@L30 | data/Talk.csv@L31 | data/Talk.csv@L32 | data/Talk.csv@L33 | data/Talk.csv@L34 ...
03	数值	big5	15	data/Stages.csv@L5 | data/Talk.csv@L44 | data/Talk.csv@L45 | data/Talk.csv@L46 | data/Talk.csv@L47 | data/Talk.csv@L48 ...
04	数值	big5	15	data/Stages.csv@L6 | data/Talk.csv@L58 | data/Talk.csv@L59 | data/Talk.csv@L60 | data/Talk.csv@L61 | data/Talk.csv@L62 ...
05	数值	big5	15	data/Stages.csv@L7 | data/Talk.csv@L72 | data/Talk.csv@L73 | data/Talk.csv@L74 | data/Talk.csv@L75 | data/Talk.csv@L76 ...
103	数值	big5	15	data/Machine_group.csv@L14 | data/Machine_type.csv@L105 | data/Machine_type.csv@L235 | data/Machine_type.csv@L25 | data/Machine_type.csv@L43 | data/Mur.csv@L106 ...
104	数值	big5	15	data/Machine_group.csv@L14 | data/Machine_type.csv@L106 | data/Machine_type.csv@L19 | data/Machine_type.csv@L236 | data/Machine_type.csv@L43 | data/Mur.csv@L107 ...
2811	数值	big5	15	data/Machine_type.csv@L162 | data/Machine_type.csv@L163 | data/Machine_type.csv@L164 | data/Machine_type.csv@L165 | data/Machine_type.csv@L166 | data/Machine_type.csv@L202 ...
3124	数值	big5	15	data/Machine_type.csv@L157 | data/Machine_type.csv@L158 | data/Machine_type.csv@L159 | data/Machine_type.csv@L160 | data/Machine_type.csv@L161 | data/Machine_type.csv@L197 ...
3375	数值	big5	15	data/Machine_type.csv@L142 | data/Machine_type.csv@L143 | data/Machine_type.csv@L144 | data/Machine_type.csv@L145 | data/Machine_type.csv@L146 | data/Machine_type.csv@L187 ...
3472	数值	big5	15	data/Machine_type.csv@L152 | data/Machine_type.csv@L153 | data/Machine_type.csv@L154 | data/Machine_type.csv@L155 | data/Machine_type.csv@L156 | data/Machine_type.csv@L192 ...
3750	数值	big5	15	data/Machine_type.csv@L137 | data/Machine_type.csv@L138 | data/Machine_type.csv@L139 | data/Machine_type.csv@L140 | data/Machine_type.csv@L141 | data/Machine_type.csv@L182 ...
4500	数值	big5	15	data/Machine_type.csv@L267 | data/Machine_type.csv@L268 | data/Machine_type.csv@L269 | data/Machine_type.csv@L270 | data/Machine_type.csv@L271 | data/Machine_type.csv@L358 ...
78	数值	big5	15	data/Machine_group.csv@L9 | data/Machine_type.csv@L165 | data/Machine_type.csv@L17 | data/Machine_type.csv@L80 | data/building.csv@L67 | data/building.csv@L82 ...
842	数值	big5	15	data/Machine_type.csv@L117 | data/Machine_type.csv@L118 | data/Machine_type.csv@L119 | data/Machine_type.csv@L120 | data/Machine_type.csv@L121 | data/Machine_type.csv@L342 ...
93	数值	big5	15	data/Machine_group.csv@L7 | data/Machine_type.csv@L210 | data/Machine_type.csv@L22 | data/Machine_type.csv@L261 | data/Machine_type.csv@L34 | data/Machine_type.csv@L95 ...
h|bJ	ASCII	ascii	15	CEO.exe@RVA 83A86 | CEO.exe@RVA 83AC5 | CEO.exe@RVA 83ADE | CEO.exe@RVA 83AFC | CEO.exe@RVA 83B52 | CEO.exe@RVA 83EC5 ...
1041	数值	big5	14	data/Machine_type.csv@L107 | data/Machine_type.csv@L108 | data/Machine_type.csv@L109 | data/Machine_type.csv@L110 | data/Machine_type.csv@L111 | data/Machine_type.csv@L332 ...
1157	数值	big5	14	data/Machine_type.csv@L102 | data/Machine_type.csv@L103 | data/Machine_type.csv@L104 | data/Machine_type.csv@L105 | data/Machine_type.csv@L106 | data/Machine_type.csv@L32 ...
1200	数值	big5	14	data/AI_style.csv@L3 | data/AI_style.csv@L4 | data/AI_style.csv@L7 | data/AI_style.csv@L8 | data/building.csv@L103 | data/building.csv@L70 ...
1600	数值	big5	14	data/building.csv@L101 | data/building.csv@L107 | data/building.csv@L109 | data/building.csv@L111 | data/building.csv@L70 | data/building.csv@L71 ...
56	数值	big5	14	data/Machine_group.csv@L5 | data/Machine_type.csv@L10 | data/Machine_type.csv@L113 | data/Machine_type.csv@L58 | data/Machine_type.csv@L77 | data/Talk_idx.csv@L6 ...
58'J	ASCII	ascii	14	CEO.exe@RVA 124E5 | CEO.exe@RVA 12A0B | CEO.exe@RVA 132C3 | CEO.exe@RVA 133A4 | CEO.exe@RVA 13F29 | CEO.exe@RVA 28C95 ...
65	数值	big5	14	data/Machine_group.csv@L6 | data/Machine_type.csv@L137 | data/Machine_type.csv@L67 | data/Machine_type.csv@L81 | data/Machine_type.csv@L86 | data/building.csv@L20 ...
73	数值	big5	14	data/Machine_group.csv@L9 | data/Machine_type.csv@L155 | data/Machine_type.csv@L308 | data/Machine_type.csv@L75 | data/Machine_type.csv@L83 | data/building.csv@L14 ...
74	数值	big5	14	data/Machine_group.csv@L9 | data/Machine_type.csv@L156 | data/Machine_type.csv@L271 | data/Machine_type.csv@L28 | data/Machine_type.csv@L76 | data/building.csv@L48 ...
77	数值	big5	14	data/Machine_group.csv@L9 | data/Machine_type.csv@L164 | data/Machine_type.csv@L17 | data/Machine_type.csv@L263 | data/Machine_type.csv@L268 | data/Machine_type.csv@L58 ...
81	数值	big5	14	data/Machine_group.csv@L8 | data/Machine_type.csv@L178 | data/Machine_type.csv@L19 | data/Machine_type.csv@L278 | data/Machine_type.csv@L83 | data/Machine_type.csv@L88 ...
82	数值	big5	14	data/Machine_group.csv@L8 | data/Machine_type.csv@L179 | data/Machine_type.csv@L19 | data/Machine_type.csv@L303 | data/Machine_type.csv@L31 | data/Machine_type.csv@L78 ...
83	数值	big5	14	data/Machine_group.csv@L8 | data/Machine_type.csv@L180 | data/Machine_type.csv@L23 | data/Machine_type.csv@L25 | data/Machine_type.csv@L266 | data/Machine_type.csv@L85 ...
85	数值	big5	14	data/Machine_group.csv@L8 | data/Machine_type.csv@L192 | data/Machine_type.csv@L24 | data/Machine_type.csv@L87 | data/building.csv@L100 | data/building.csv@L101 ...
936	数值	big5	14	data/Machine_type.csv@L112 | data/Machine_type.csv@L113 | data/Machine_type.csv@L114 | data/Machine_type.csv@L115 | data/Machine_type.csv@L116 | data/Machine_type.csv@L337 ...
98	数值	big5	14	data/Machine_group.csv@L18 | data/Machine_type.csv@L100 | data/Machine_type.csv@L220 | data/Machine_type.csv@L28 | data/Machine_type.csv@L31 | data/Machine_type.csv@L40 ...
UNUSE_OBJ3	ASCII	ascii	14	Face/BuyLandConfirm.h@L4 | Face/Dorm-1.h@L4 | Face/FirmMachineStop.h@L4 | Face/LoadConfirm.h@L4 | Face/MenuConfirm.h@L4 | Face/MyFirmRemove.h@L4 ...
即時	中文	big5	14	data/Talk_idx.csv@L10 | data/Talk_idx.csv@L14 | data/Talk_idx.csv@L15 | data/Talk_idx.csv@L18 | data/Talk_idx.csv@L19 | data/Talk_idx.csv@L2 ...
$SV3	ASCII	ascii	13	CEO.exe@RVA 3AEE5 | CEO.exe@RVA 3B135 | CEO.exe@RVA 3C345 | CEO.exe@RVA 3C9C5 | CEO.exe@RVA 3D665 | CEO.exe@RVA 3F6A5 ...
0023	数值	ascii	13	stage/stage06.stg@seg1380+0x0 | stage/stage06.stg@seg1745+0x0 | stage/stage06.stg@seg2137+0x0 | stage/stage06.stg@seg2454+0x0 | stage/stage06.stg@seg3461+0x0 | stage/stage06.stg@seg3563+0x0 ...
1000	数值	big5	13	data/AI_style.csv@L5 | data/Stages.csv@L2 | data/Stages.csv@L3 | data/Stages.csv@L4 | data/Stages.csv@L5 | data/Stages.csv@L6 ...
3645	数值	big5	13	data/Machine_type.csv@L277 | data/Machine_type.csv@L278 | data/Machine_type.csv@L279 | data/Machine_type.csv@L280 | data/Machine_type.csv@L281 | data/Machine_type.csv@L364 ...
4000	数值	big5	13	data/Machine_type.csv@L37 | data/Machine_type.csv@L41 | data/Machine_type.csv@L45 | data/Stages.csv@L16 | data/Stages.csv@L17 | data/building.csv@L102 ...
4050	数值	big5	13	data/Machine_type.csv@L272 | data/Machine_type.csv@L273 | data/Machine_type.csv@L274 | data/Machine_type.csv@L275 | data/Machine_type.csv@L276 | data/Machine_type.csv@L361 ...
53	数值	big5	13	data/Machine_group.csv@L5 | data/Machine_type.csv@L105 | data/Machine_type.csv@L311 | data/Machine_type.csv@L55 | data/Machine_type.csv@L86 | data/Machine_type.csv@L9 ...
5556	数值	big5	13	data/Machine_type.csv@L257 | data/Machine_type.csv@L258 | data/Machine_type.csv@L259 | data/Machine_type.csv@L260 | data/Machine_type.csv@L261 | data/Machine_type.csv@L352 ...
61	数值	big5	13	data/Machine_group.csv@L15 | data/Machine_type.csv@L128 | data/Machine_type.csv@L273 | data/Machine_type.csv@L274 | data/Machine_type.csv@L278 | data/Machine_type.csv@L287 ...
66	数值	big5	13	data/Machine_group.csv@L6 | data/Machine_type.csv@L138 | data/Machine_type.csv@L276 | data/Machine_type.csv@L31 | data/Machine_type.csv@L68 | data/Machine_type.csv@L83 ...
=<-L	ASCII	ascii	13	CEO.exe@RVA 1E66F | CEO.exe@RVA 35397 | CEO.exe@RVA 60D0D | CEO.exe@RVA 61941 | CEO.exe@RVA 9234 | CEO.exe@RVA A501 ...
UNUSE_OBJ21,	ASCII	ascii	13	Face/FirmBoard.h@L22 | Face/IO_rule.h@L22 | Face/MyFirmReport.h@L23 | Face/extface_putland.h@L22 | Face/face_put_machine.h@L18 | Face/fact_profit_info.h@L22 ...
UNUSE_OBJ23,	ASCII	ascii	13	Face/Bank.h@L22 | Face/FirmBoard.h@L24 | Face/IO_rule.h@L24 | Face/extface_putland.h@L24 | Face/face_put_machine.h@L20 | Face/fact_profit_info.h@L24 ...
大農場	中文	big5	13	data/txts.csv@L38 | stage/stage06.stg@seg4919+0x4 | stage/stage08.stg@seg3585+0x4 | stage/stage08.stg@seg3787+0x4 | stage/stage09.stg@seg1217+0x4 | stage/stage09.stg@seg1313+0x4 ...
106	数值	big5	12	data/Machine_group.csv@L3 | data/Machine_type.csv@L108 | data/Machine_type.csv@L243 | data/Machine_type.csv@L52 | data/Talk.csv@L108 | data/building.csv@L111 ...
115	数值	big5	12	data/Machine_group.csv@L2 | data/Machine_type.csv@L117 | data/Machine_type.csv@L22 | data/Machine_type.csv@L263 | data/Machine_type.csv@L267 | data/Machine_type.csv@L62 ...
67	数值	big5	12	data/Machine_group.csv@L6 | data/Machine_type.csv@L139 | data/Machine_type.csv@L69 | data/Machine_type.csv@L79 | data/building.csv@L26 | data/building.csv@L71 ...
84	数值	big5	12	data/Machine_group.csv@L8 | data/Machine_type.csv@L181 | data/Machine_type.csv@L23 | data/Machine_type.csv@L86 | data/Talk_idx.csv@L8 | data/building.csv@L58 ...
88	数值	big5	12	data/Machine_group.csv@L10 | data/Machine_type.csv@L195 | data/Machine_type.csv@L25 | data/Machine_type.csv@L31 | data/Machine_type.csv@L90 | data/building.csv@L61 ...
95	数值	big5	12	data/Machine_group.csv@L7 | data/Machine_type.csv@L217 | data/Machine_type.csv@L35 | data/Machine_type.csv@L97 | data/building.csv@L100 | data/building.csv@L117 ...
97	数值	big5	12	data/Machine_group.csv@L18 | data/Machine_type.csv@L219 | data/Machine_type.csv@L258 | data/Machine_type.csv@L40 | data/Machine_type.csv@L99 | data/building.csv@L102 ...
0024	数值	ascii	11	stage/stage06.stg@seg1356+0x0 | stage/stage06.stg@seg1728+0x0 | stage/stage06.stg@seg2113+0x0 | stage/stage06.stg@seg2440+0x0 | stage/stage06.stg@seg3432+0x0 | stage/stage06.stg@seg4434+0x0 ...
09	数值	big5	11	data/Stages.csv@L11 | data/Talk.csv@L107 | data/Talk.csv@L108 | data/Talk.csv@L109 | data/Talk.csv@L110 | data/Talk.csv@L111 ...
107	数值	big5	11	data/Machine_group.csv@L3 | data/Machine_type.csv@L109 | data/Machine_type.csv@L244 | data/Machine_type.csv@L53 | data/Talk.csv@L109 | data/building.csv@L112 ...
109	数值	big5	11	data/Machine_group.csv@L3 | data/Machine_type.csv@L111 | data/Machine_type.csv@L246 | data/Machine_type.csv@L25 | data/Machine_type.csv@L28 | data/Machine_type.csv@L54 ...
120000	数值	big5	11	data/Machine_type.csv@L2 | data/Machine_type.csv@L219 | data/Machine_type.csv@L258 | data/Machine_type.csv@L284 | data/Machine_type.csv@L3 | data/Machine_type.csv@L302 ...
124	数值	big5	11	data/Machine_type.csv@L126 | data/Machine_type.csv@L290 | data/Machine_type.csv@L66 | data/Talk.csv@L126 | data/mapcity.csv@L11 | data/mapcity.csv@L15 ...
76	数值	big5	11	data/Machine_group.csv@L9 | data/Machine_type.csv@L163 | data/Machine_type.csv@L264 | data/Machine_type.csv@L78 | data/building.csv@L64 | data/building.csv@L80 ...
87	数值	big5	11	data/Machine_group.csv@L10 | data/Machine_type.csv@L194 | data/Machine_type.csv@L25 | data/Machine_type.csv@L89 | data/building.csv@L27 | data/building.csv@L91 ...
91	数值	big5	11	data/Machine_group.csv@L10 | data/Machine_type.csv@L208 | data/Machine_type.csv@L273 | data/Machine_type.csv@L33 | data/Machine_type.csv@L93 | data/Talk_idx.csv@L9 ...
92	数值	big5	11	data/Machine_group.csv@L7 | data/Machine_type.csv@L209 | data/Machine_type.csv@L28 | data/Machine_type.csv@L33 | data/Machine_type.csv@L94 | data/building.csv@L122 ...
96	数值	big5	11	data/Machine_group.csv@L7 | data/Machine_type.csv@L218 | data/Machine_type.csv@L35 | data/Machine_type.csv@L98 | data/building.csv@L101 | data/building.csv@L118 ...
SVW3	ASCII	ascii	11	CEO.exe@RVA 1EAB3 | CEO.exe@RVA 1EB83 | CEO.exe@RVA 1F500 | CEO.exe@RVA 408F4 | CEO.exe@RVA 4271B | CEO.exe@RVA 4B6A ...
UNUSE_OBJ26,	ASCII	ascii	11	Face/ProductBook.h@L27 | Face/extface_putland.h@L27 | Face/face_machine.h@L27 | Face/fact_profit_info.h@L27 | Face/factinf_port.h@L27 | Face/factinf_pro.h@L26 ...
UNUSE_OBJ30,	ASCII	ascii	11	Face/Bank.h@L28 | Face/RetailMachine.h@L31 | Face/SaleMachineInfo.h@L30 | Face/extface_putland.h@L31 | Face/face_retailmachine.h@L31 | Face/fact_profit_info.h@L31 ...
h89J	ASCII	ascii	11	CEO.exe@RVA 406D5 | CEO.exe@RVA 40734 | CEO.exe@RVA 53746 | CEO.exe@RVA 53780 | CEO.exe@RVA 58DCE | CEO.exe@RVA 58E59 ...
木材	中文	big5	11	data/Mur.csv@L1 | data/Mur.csv@L11 | data/building.csv@L29 | data/building.csv@L30 | data/building.csv@L31 | data/building.csv@L63 ...
煤碳	中文	big5	11	data/Mur.csv@L1 | data/Mur.csv@L8 | data/building.csv@L20 | data/building.csv@L21 | data/building.csv@L22 | data/building.csv@L54 ...
產品名稱	中文	big5	11	CEO.exe@RVA A2DA0 | data/Talk_idx.csv@L19 | data/Talk_idx.csv@L22 | data/Talk_idx.csv@L23 | data/Talk_idx.csv@L24 | data/Talk_idx.csv@L25 ...
石油	中文	big5	11	data/Mur.csv@L1 | data/Mur.csv@L9 | data/building.csv@L23 | data/building.csv@L24 | data/building.csv@L25 | data/building.csv@L57 ...
砂土	中文	big5	11	data/Mur.csv@L1 | data/Mur.csv@L12 | data/building.csv@L32 | data/building.csv@L33 | data/building.csv@L34 | data/building.csv@L66 ...
0025	数值	ascii	10	stage/stage06.stg@seg1302+0x0 | stage/stage06.stg@seg1705+0x0 | stage/stage06.stg@seg2084+0x0 | stage/stage06.stg@seg2417+0x0 | stage/stage06.stg@seg3315+0x0 | stage/stage06.stg@seg4410+0x0 ...
100000	数值	big5	10	data/Machine_type.csv@L217 | data/Machine_type.csv@L282 | data/Machine_type.csv@L36 | data/Stages.csv@L2 | data/Stages.csv@L3 | data/Stages.csv@L4 ...
1023	数值	big5	10	data/Stages.csv@L10 | data/Stages.csv@L12 | data/Stages.csv@L13 | data/Stages.csv@L14 | data/Stages.csv@L15 | data/Stages.csv@L17 ...
108	数值	big5	10	data/Machine_group.csv@L3 | data/Machine_type.csv@L110 | data/Machine_type.csv@L245 | data/Machine_type.csv@L53 | data/Talk.csv@L110 | data/building.csv@L62 ...
127	数值	big5	10	data/Machine_type.csv@L129 | data/Machine_type.csv@L293 | data/Machine_type.csv@L78 | data/Talk.csv@L129 | data/Talk_idx.csv@L14 | data/product1.csv@L42 ...
128	数值	big5	10	data/Machine_type.csv@L130 | data/Machine_type.csv@L19 | data/Machine_type.csv@L302 | data/Machine_type.csv@L78 | data/Talk.csv@L130 | data/product1.csv@L47 ...
20000	数值	big5	10	data/Machine_type.csv@L51 | data/building.csv@L39 | data/building.csv@L5 | data/building.csv@L74 | data/building.csv@L75 | data/building.csv@L77 ...
2276	数值	big5	10	data/Machine_type.csv@L172 | data/Machine_type.csv@L173 | data/Machine_type.csv@L174 | data/Machine_type.csv@L175 | data/Machine_type.csv@L176 | data/Machine_type.csv@L72 ...
2529	数值	big5	10	data/Machine_type.csv@L167 | data/Machine_type.csv@L168 | data/Machine_type.csv@L169 | data/Machine_type.csv@L170 | data/Machine_type.csv@L171 | data/Machine_type.csv@L67 ...
2884	数值	big5	10	data/Machine_type.csv@L29 | data/Machine_type.csv@L298 | data/Machine_type.csv@L299 | data/Machine_type.csv@L30 | data/Machine_type.csv@L300 | data/Machine_type.csv@L301 ...
30000000	数值	big5	10	data/Stages.csv@L10 | data/Stages.csv@L11 | data/Stages.csv@L12 | data/Stages.csv@L14 | data/Stages.csv@L16 | data/Stages.csv@L17 ...
3037	数值	big5	10	data/Machine_type.csv@L147 | data/Machine_type.csv@L148 | data/Machine_type.csv@L149 | data/Machine_type.csv@L150 | data/Machine_type.csv@L151 | data/Machine_type.csv@L272 ...
3205	数值	big5	10	data/Machine_type.csv@L26 | data/Machine_type.csv@L27 | data/Machine_type.csv@L28 | data/Machine_type.csv@L294 | data/Machine_type.csv@L295 | data/Machine_type.csv@L296 ...
3491	数值	big5	10	data/Machine_type.csv@L100 | data/Machine_type.csv@L101 | data/Machine_type.csv@L322 | data/Machine_type.csv@L323 | data/Machine_type.csv@L324 | data/Machine_type.csv@L325 ...
3562	数值	big5	10	data/Machine_type.csv@L23 | data/Machine_type.csv@L24 | data/Machine_type.csv@L25 | data/Machine_type.csv@L290 | data/Machine_type.csv@L291 | data/Machine_type.csv@L292 ...
3879	数值	big5	10	data/Machine_type.csv@L317 | data/Machine_type.csv@L318 | data/Machine_type.csv@L319 | data/Machine_type.csv@L320 | data/Machine_type.csv@L321 | data/Machine_type.csv@L92 ...
3958	数值	big5	10	data/Machine_type.csv@L20 | data/Machine_type.csv@L21 | data/Machine_type.csv@L22 | data/Machine_type.csv@L286 | data/Machine_type.csv@L287 | data/Machine_type.csv@L288 ...
400	数值	big5	10	data/Machine_type.csv@L94 | data/building.csv@L105 | data/building.csv@L108 | data/building.csv@L82 | data/building.csv@L83 | data/building.csv@L85 ...
40000	数值	big5	10	data/Machine_type.csv@L218 | data/Machine_type.csv@L238 | data/Machine_type.csv@L283 | data/Machine_type.csv@L37 | data/Machine_type.csv@L41 | data/Machine_type.csv@L45 ...
4311	数值	big5	10	data/Machine_type.csv@L312 | data/Machine_type.csv@L313 | data/Machine_type.csv@L314 | data/Machine_type.csv@L315 | data/Machine_type.csv@L316 | data/Machine_type.csv@L87 ...
4398	数值	big5	10	data/Machine_type.csv@L17 | data/Machine_type.csv@L18 | data/Machine_type.csv@L19 | data/Machine_type.csv@L282 | data/Machine_type.csv@L283 | data/Machine_type.csv@L284 ...
4791	数值	big5	10	data/Machine_type.csv@L307 | data/Machine_type.csv@L308 | data/Machine_type.csv@L309 | data/Machine_type.csv@L310 | data/Machine_type.csv@L311 | data/Machine_type.csv@L82 ...
500	数值	big5	10	data/AI_style.csv@L3 | data/AI_style.csv@L6 | data/Machine_type.csv@L254 | data/Machine_type.csv@L72 | data/building.csv@L77 | data/building.csv@L78 ...
5324	数值	big5	10	data/Machine_type.csv@L302 | data/Machine_type.csv@L303 | data/Machine_type.csv@L304 | data/Machine_type.csv@L305 | data/Machine_type.csv@L306 | data/Machine_type.csv@L77 ...
79	数值	big5	10	data/Machine_group.csv@L8 | data/Machine_type.csv@L166 | data/Machine_type.csv@L18 | data/Machine_type.csv@L81 | data/building.csv@L12 | data/building.csv@L83 ...
89	数值	big5	10	data/Machine_group.csv@L10 | data/Machine_type.csv@L196 | data/Machine_type.csv@L32 | data/Machine_type.csv@L91 | data/building.csv@L117 | data/building.csv@L6 ...
94	数值	big5	10	data/Machine_group.csv@L7 | data/Machine_type.csv@L211 | data/Machine_type.csv@L34 | data/Machine_type.csv@L96 | data/building.csv@L124 | data/building.csv@L49 ...
SHOW_NAME_BUILDING,	ASCII	ascii	10	Face/BuildingFirm.h@L58 | Face/MachineProduct.h@L14 | Face/MachineProduct.h@L15 | Face/MyFirmInfo-Mine.h@L16 | Face/MyFirmInfo-Mine.h@L17 | Face/MyFirmManage-1.h@L10 ...
UNUSE_OBJ20,	ASCII	ascii	10	Face/MyFirmReport.h@L22 | Face/extface_putland.h@L21 | Face/face_machine_introduce.h@L21 | Face/fact_profit_info.h@L21 | Face/famhall1.h@L21 | Face/famhall2.h@L21 ...
UNUSE_OBJ31,	ASCII	ascii	10	Face/IO_rule_1.h@L25 | Face/SaleMachineInfo.h@L31 | Face/buystuff_confirm.h@L4 | Face/extface_putland.h@L32 | Face/face_retailmachine.h@L33 | Face/fact_profit_info.h@L32 ...
h<,J	ASCII	ascii	10	CEO.exe@RVA 1CDC7 | CEO.exe@RVA 1D011 | CEO.exe@RVA 1D037 | CEO.exe@RVA 1D517 | CEO.exe@RVA 1D8E0 | CEO.exe@RVA 1D8FD ...
化學物	中文	big5	10	CEO.exe@RVA B3368 | data/building.csv@L26 | data/building.csv@L27 | data/building.csv@L28 | data/building.csv@L60 | data/building.csv@L61 ...
廠房名稱	中文	big5	10	data/Talk_idx.csv@L16 | data/Talk_idx.csv@L17 | data/Talk_idx.csv@L18 | data/Talk_idx.csv@L19 | data/Talk_idx.csv@L20 | data/Talk_idx.csv@L21 ...
112	数值	big5	9	data/Machine_group.csv@L2 | data/Machine_type.csv@L114 | data/Machine_type.csv@L259 | data/Machine_type.csv@L55 | data/Talk.csv@L114 | data/building.csv@L44 ...
136	数值	big5	9	data/Machine_type.csv@L138 | data/Machine_type.csv@L19 | data/Machine_type.csv@L22 | data/Machine_type.csv@L315 | data/Machine_type.csv@L87 | data/Talk.csv@L138 ...
140	数值	big5	9	data/AI_style.csv@L12 | data/AI_style.csv@L17 | data/AI_style.csv@L19 | data/Machine_type.csv@L142 | data/Machine_type.csv@L329 | data/Machine_type.csv@L89 ...
63	数值	big5	9	data/Machine_group.csv@L15 | data/Machine_type.csv@L130 | data/Machine_type.csv@L65 | data/building.csv@L23 | data/building.csv@L32 | data/building.csv@L66 ...
C1	ASCII	big5	9	data/formula.csv@L101 | data/formula.csv@L111 | data/formula.csv@L117 | data/formula.csv@L120 | data/formula.csv@L134 | data/formula.csv@L139 ...
SHOW_QUALITY,	ASCII	ascii	9	Face/FirmBoard.h@L8 | Face/FirmMachine.h@L18 | Face/FirmMine.h@L5 | Face/MyFirmInfo-Mine.h@L13 | Face/SaleMachineInfo.h@L9 | Face/face_machine.h@L20 ...
UNUSE_OBJ22,	ASCII	ascii	9	Face/IO_rule.h@L23 | Face/MyFirmReport.h@L24 | Face/extface_putland.h@L23 | Face/fact_profit_info.h@L23 | Face/famhall1.h@L23 | Face/famhall2.h@L23 ...
UNUSE_OBJ25,	ASCII	ascii	9	Face/ProductBook.h@L26 | Face/extface_putland.h@L26 | Face/face_salary_0.h@L3 | Face/fact_profit_info.h@L26 | Face/famhall1.h@L26 | Face/famhall2.h@L26 ...
UNUSE_OBJ29,	ASCII	ascii	9	Face/RetailMachine.h@L30 | Face/SaleMachineInfo.h@L29 | Face/extface_putland.h@L30 | Face/fact_profit_info.h@L30 | Face/factinf_pro.h@L29 | Face/famhall1.h@L30 ...
UNUSE_OBJ32,	ASCII	ascii	9	Face/IO_rule_1.h@L26 | Face/extface_putland.h@L33 | Face/face_put_machine.h@L27 | Face/fact_profit_info.h@L33 | Face/factinf_pro.h@L32 | Face/famhall1.h@L33 ...
UNUSE_OBJ34,	ASCII	ascii	9	Face/MyFirmReport.h@L36 | Face/SaleMachineInfo.h@L33 | Face/extface_putland.h@L35 | Face/face_retailmachine.h@L35 | Face/famhall1.h@L35 | Face/famhall2.h@L35 ...
b-/0	ASCII	ascii	9	stage/stage09.stg@seg495+0xB | stage/stage09.stg@seg496+0xB | stage/stage09.stg@seg508+0xB | stage/stage09.stg@seg512+0xB | stage/stage09.stg@seg520+0xB | stage/stage09.stg@seg525+0xB ...
工廠	中文	big5	9	data/building.csv@L116 | data/building.csv@L121 | data/building.csv@L94 | data/building.csv@L95 | data/building.csv@L96 | data/building.csv@L97 ...
-100	数值	big5	8	data/build_relation.csv@L10 | data/build_relation.csv@L11 | data/build_relation.csv@L4 | data/build_relation.csv@L5 | data/build_relation.csv@L6 | data/build_relation.csv@L7 ...
00	数值	big5	8	data/Stages.csv@L2 | data/Talk.csv@L2 | data/Talk.csv@L3 | data/Talk.csv@L4 | data/Talk.csv@L5 | data/Talk.csv@L6 ...
0026	数值	ascii	8	stage/stage06.stg@seg1285+0x0 | stage/stage06.stg@seg1682+0x0 | stage/stage06.stg@seg3291+0x0 | stage/stage06.stg@seg4393+0x0 | stage/stage06.stg@seg5187+0x0 | stage/stage06.stg@seg5373+0x0 ...
06	数值	big5	8	data/Stages.csv@L8 | data/Talk.csv@L86 | data/Talk.csv@L87 | data/Talk.csv@L88 | data/Talk.csv@L89 | data/Talk.csv@L90 ...
07	数值	big5	8	data/Stages.csv@L9 | data/Talk.csv@L93 | data/Talk.csv@L94 | data/Talk.csv@L95 | data/Talk.csv@L96 | data/Talk.csv@L97 ...
08	数值	big5	8	data/Stages.csv@L10 | data/Talk.csv@L100 | data/Talk.csv@L101 | data/Talk.csv@L102 | data/Talk.csv@L103 | data/Talk.csv@L104 ...
114	数值	big5	8	data/Machine_group.csv@L2 | data/Machine_type.csv@L116 | data/Machine_type.csv@L261 | data/Machine_type.csv@L56 | data/Talk.csv@L116 | data/building.csv@L50 ...
117	数值	big5	8	data/Machine_group.csv@L18 | data/Machine_type.csv@L119 | data/Machine_type.csv@L269 | data/Machine_type.csv@L63 | data/Talk.csv@L119 | data/product1.csv@L90 ...
118	数值	big5	8	data/Machine_group.csv@L18 | data/Machine_type.csv@L120 | data/Machine_type.csv@L270 | data/Machine_type.csv@L63 | data/Talk.csv@L120 | data/product1.csv@L91 ...
119	数值	big5	8	data/Machine_group.csv@L18 | data/Machine_type.csv@L121 | data/Machine_type.csv@L271 | data/Machine_type.csv@L64 | data/Talk.csv@L121 | data/product1.csv@L89 ...
12000	数值	big5	8	data/Machine_type.csv@L42 | data/Machine_type.csv@L44 | data/building.csv@L74 | data/building.csv@L75 | data/building.csv@L76 | data/building.csv@L77 ...
122	数值	big5	8	data/Machine_type.csv@L124 | data/Machine_type.csv@L22 | data/Machine_type.csv@L25 | data/Machine_type.csv@L284 | data/Machine_type.csv@L65 | data/Talk.csv@L124 ...
125	数值	big5	8	data/AI_style.csv@L8 | data/Machine_type.csv@L127 | data/Machine_type.csv@L291 | data/Machine_type.csv@L77 | data/Talk.csv@L127 | data/Talk_idx.csv@L13 ...
129	数值	big5	8	data/Machine_type.csv@L131 | data/Machine_type.csv@L258 | data/Machine_type.csv@L303 | data/Machine_type.csv@L79 | data/Talk.csv@L131 | data/Talk_idx.csv@L15 ...
130	数值	big5	8	data/AI_style.csv@L14 | data/AI_style.csv@L16 | data/AI_style.csv@L18 | data/Machine_type.csv@L132 | data/Machine_type.csv@L304 | data/Machine_type.csv@L79 ...
190	数值	big5	8	data/AI_style.csv@L11 | data/AI_style.csv@L20 | data/Machine_type.csv@L154 | data/Machine_type.csv@L192 | data/Machine_type.csv@L63 | data/building.csv@L87 ...
310	数值	big5	8	data/Machine_type.csv@L306 | data/Machine_type.csv@L312 | data/mapcity.csv@L16 | data/mapcity.csv@L21 | data/mapcity.csv@L23 | data/mapcity.csv@L43 ...
50000	数值	big5	8	data/Machine_type.csv@L22 | data/Machine_type.csv@L49 | data/Machine_type.csv@L68 | data/building.csv@L40 | data/building.csv@L6 | data/building.csv@L83 ...
5xCL	ASCII	ascii	8	CEO.exe@RVA 15DBA | CEO.exe@RVA 20E0A | CEO.exe@RVA 2722E | CEO.exe@RVA 2C8B | CEO.exe@RVA BE75 | CEO.exe@RVA BF73 ...
600	数值	big5	8	data/AI_style.csv@L3 | data/AI_style.csv@L8 | data/Machine_type.csv@L157 | data/Machine_type.csv@L48 | data/building.csv@L70 | data/maps.csv@L2 ...
Map00	ASCII	ascii/big5	8	data/maps.csv@L2 | stage/stage00.stg@seg0+0xC | stage/staget0.stg@seg0+0xC | stage/staget1.stg@seg0+0xC | stage/staget2.stg@seg0+0xC | stage/staget3.stg@seg0+0xC ...
UNUSE_OBJ28,	ASCII	ascii	8	Face/extface_putland.h@L29 | Face/face_machine.h@L29 | Face/fact_profit_info.h@L29 | Face/factinf_pro.h@L28 | Face/famhall1.h@L29 | Face/famhall2.h@L29 ...
UNUSE_OBJ33,	ASCII	ascii	8	Face/IO_rule_1.h@L30 | Face/MyFirmReport.h@L35 | Face/extface_putland.h@L34 | Face/famhall1.h@L34 | Face/famhall2.h@L34 | Face/freeplay.h@L34 ...
^`5'	ASCII	ascii	8	stage/stage09.stg@seg580+0xB | stage/stage09.stg@seg583+0xB | stage/stage09.stg@seg609+0xB | stage/stage09.stg@seg626+0xB | stage/stage09.stg@seg641+0xB | stage/stage09.stg@seg643+0xB ...
b-/2	ASCII	ascii	8	stage/stage09.stg@seg494+0xB | stage/stage09.stg@seg497+0xB | stage/stage09.stg@seg507+0xB | stage/stage09.stg@seg542+0xB | stage/stage09.stg@seg543+0xB | stage/stage09.stg@seg554+0xB ...
h 7J	ASCII	ascii	8	CEO.exe@RVA 3AB23 | CEO.exe@RVA 3ABDD | CEO.exe@RVA 3AC83 | CEO.exe@RVA 4894F | CEO.exe@RVA 4899D | CEO.exe@RVA 489EB ...
hp2J	ASCII	ascii	8	CEO.exe@RVA 2AFA3 | CEO.exe@RVA 2AFD9 | CEO.exe@RVA 401D9 | CEO.exe@RVA 424A9 | CEO.exe@RVA 42DD9 | CEO.exe@RVA 434F9 ...
113	数值	big5	7	data/Machine_group.csv@L2 | data/Machine_type.csv@L115 | data/Machine_type.csv@L260 | data/Machine_type.csv@L56 | data/Talk.csv@L115 | data/building.csv@L16 ...
116	数值	big5	7	data/Machine_group.csv@L2 | data/Machine_type.csv@L118 | data/Machine_type.csv@L268 | data/Machine_type.csv@L62 | data/Talk.csv@L118 | data/product1.csv@L43 ...
1200000	数值	big5	7	data/Machine_type.csv@L2 | data/Machine_type.csv@L219 | data/Machine_type.csv@L258 | data/Machine_type.csv@L284 | data/Machine_type.csv@L3 | data/Machine_type.csv@L302 ...
123	数值	big5	7	data/Machine_type.csv@L125 | data/Machine_type.csv@L285 | data/Machine_type.csv@L66 | data/Talk.csv@L125 | data/product1.csv@L38 | data/smapclr.csv@L21 ...
135	数值	big5	7	data/Machine_type.csv@L137 | data/Machine_type.csv@L314 | data/Machine_type.csv@L87 | data/Talk.csv@L137 | data/Talk_idx.csv@L18 | data/product1.csv@L14 ...
137	数值	big5	7	data/Machine_type.csv@L139 | data/Machine_type.csv@L316 | data/Machine_type.csv@L88 | data/Talk.csv@L139 | data/Talk_idx.csv@L19 | data/product1.csv@L31 ...
138000	数值	big5	7	data/Machine_type.csv@L224 | data/Machine_type.csv@L263 | data/Machine_type.csv@L288 | data/Machine_type.csv@L307 | data/Machine_type.csv@L5 | data/Machine_type.csv@L6 ...
1380000	数值	big5	7	data/Machine_type.csv@L224 | data/Machine_type.csv@L263 | data/Machine_type.csv@L288 | data/Machine_type.csv@L307 | data/Machine_type.csv@L5 | data/Machine_type.csv@L6 ...
143	数值	big5	7	data/Machine_type.csv@L145 | data/Machine_type.csv@L337 | data/Machine_type.csv@L91 | data/Talk.csv@L145 | data/product1.csv@L65 | data/smapclr.csv@L10 ...
155	数值	big5	7	data/Machine_type.csv@L112 | data/Machine_type.csv@L157 | data/Machine_type.csv@L3 | data/Talk.csv@L157 | data/Talk_idx.csv@L27 | data/mapcity.csv@L3 ...
158000	数值	big5	7	data/Machine_type.csv@L10 | data/Machine_type.csv@L229 | data/Machine_type.csv@L268 | data/Machine_type.csv@L292 | data/Machine_type.csv@L312 | data/Machine_type.csv@L8 ...
1580000	数值	big5	7	data/Machine_type.csv@L10 | data/Machine_type.csv@L229 | data/Machine_type.csv@L268 | data/Machine_type.csv@L292 | data/Machine_type.csv@L312 | data/Machine_type.csv@L8 ...
180	数值	big5	7	data/AI_style.csv@L11 | data/AI_style.csv@L21 | data/Machine_type.csv@L139 | data/Machine_type.csv@L182 | data/Machine_type.csv@L40 | data/building.csv@L76 ...
194	数值	big5	7	data/Machine_type.csv@L156 | data/Machine_type.csv@L196 | data/Machine_type.csv@L77 | data/mapcity.csv@L15 | data/mapcity.csv@L42 | data/smapclr.csv@L10 ...
250	数值	big5	7	data/Machine_type.csv@L218 | data/Machine_type.csv@L234 | data/Machine_type.csv@L252 | data/building.csv@L75 | data/maps.csv@L17 | data/maps.csv@L3 ...
5000000	数值	big5	7	data/Machine_type.csv@L176 | data/Machine_type.csv@L275 | data/Stages.csv@L16 | data/Stages.csv@L8 | data/formula.csv@L124 | data/formula.csv@L127 ...
5dCL	ASCII	ascii	7	CEO.exe@RVA 15DB1 | CEO.exe@RVA 20E01 | CEO.exe@RVA 2C85 | CEO.exe@RVA BE63 | CEO.exe@RVA BF69 | CEO.exe@RVA C341 ...
620	数值	big5	7	data/Machine_type.csv@L172 | data/Machine_type.csv@L83 | data/mapcity.csv@L17 | data/mapcity.csv@L24 | data/mapcity.csv@L44 | data/mapcity.csv@L51 ...
8000	数值	big5	7	data/building.csv@L74 | data/building.csv@L75 | data/building.csv@L76 | data/building.csv@L79 | data/building.csv@L87 | data/building.csv@L88 ...
UNUSE_OBJ24,	ASCII	ascii	7	Face/SaleMachineInfo.h@L23 | Face/extface_putland.h@L25 | Face/famhall1.h@L25 | Face/famhall2.h@L25 | Face/freeplay.h@L25 | Face/main1.h@L25 ...
UNUSE_OBJ27,	ASCII	ascii	7	Face/extface_putland.h@L28 | Face/fact_profit_info.h@L28 | Face/famhall1.h@L28 | Face/famhall2.h@L28 | Face/freeplay.h@L28 | Face/inoutinfo.h@L21 ...
UNUSE_OBJ36,	ASCII	ascii	7	Face/MyFirmReport.h@L38 | Face/SaleMachineInfo.h@L35 | Face/extface_putland.h@L37 | Face/face_machine_introduce.h@L29 | Face/fact_profit_info.h@L37 | Face/factinf_pro.h@L36 ...
script error , 	ASCII	ascii	7	CEO.exe@RVA A2958 | CEO.exe@RVA A29A0 | CEO.exe@RVA A29CC | CEO.exe@RVA A29F8 | CEO.exe@RVA A2A40 | CEO.exe@RVA A2B44 ...
}\tF;5	ASCII	ascii	7	CEO.exe@RVA 1DA9A | CEO.exe@RVA 1F54D | CEO.exe@RVA 202CD | CEO.exe@RVA 303D7 | CEO.exe@RVA 3A3B | CEO.exe@RVA 5EC3D ...
}\tG;=	ASCII	ascii	7	CEO.exe@RVA 1444F | CEO.exe@RVA 1462F | CEO.exe@RVA 1471F | CEO.exe@RVA 1480F | CEO.exe@RVA 14903 | CEO.exe@RVA 63307 ...
商場	中文	big5	7	data/building.csv@L100 | data/building.csv@L101 | data/building.csv@L102 | data/building.csv@L116 | data/building.csv@L121 | data/smapmenu.csv@L7 ...
的參數數量不對	中文	big5	7	CEO.exe@RVA A2973 | CEO.exe@RVA A29BD | CEO.exe@RVA A29E6 | CEO.exe@RVA A2A10 | CEO.exe@RVA A2A5E | CEO.exe@RVA A2B5E ...
礦場	中文	big5	7	data/building.csv@L110 | data/building.csv@L111 | data/building.csv@L112 | data/building.csv@L116 | data/building.csv@L121 | data/smapmenu.csv@L3 ...
編號	中文	big5	7	data/AIInfo.csv@L1 | data/Machine_group.csv@L1 | data/Stages.csv@L1 | data/Talk.csv@L1 | data/mapcity.csv@L2 | data/mapcity.csv@L29 ...
0027	数值	ascii	6	stage/stage06.stg@seg1253+0x0 | stage/stage06.stg@seg1659+0x0 | stage/stage06.stg@seg3247+0x0 | stage/stage06.stg@seg4366+0x0 | stage/stage06.stg@seg5163+0x0 | stage/stage08.stg@seg3118+0x0
10000	数值	big5	6	data/Machine_type.csv@L36 | data/Stages.csv@L8 | data/building.csv@L70 | data/building.csv@L78 | data/building.csv@L80 | data/formula.csv@L159
100000000	数值	big5	6	data/Stages.csv@L16 | data/Stages.csv@L17 | data/Stages.csv@L18 | data/Stages.csv@L19 | data/Stages.csv@L21 | data/Stages.csv@L9
131	数值	big5	6	data/Machine_type.csv@L133 | data/Machine_type.csv@L305 | data/Machine_type.csv@L80 | data/Talk.csv@L133 | data/Talk_idx.csv@L16 | data/product1.csv@L45
133	数值	big5	6	data/Machine_type.csv@L135 | data/Machine_type.csv@L312 | data/Machine_type.csv@L81 | data/Talk.csv@L135 | data/Talk_idx.csv@L17 | data/product1.csv@L4
134	数值	big5	6	data/Machine_type.csv@L136 | data/Machine_type.csv@L313 | data/Machine_type.csv@L81 | data/Talk.csv@L136 | data/product1.csv@L100 | data/product1.csv@L17
141	数值	big5	6	data/Machine_type.csv@L143 | data/Machine_type.csv@L330 | data/Machine_type.csv@L90 | data/Talk.csv@L143 | data/Talk_idx.csv@L21 | data/product1.csv@L26
1440	数值	big5	6	data/Stages.csv@L2 | data/Stages.csv@L3 | data/Stages.csv@L4 | data/Stages.csv@L5 | data/Stages.csv@L6 | data/Stages.csv@L7
146	数值	big5	6	data/Machine_type.csv@L102 | data/Machine_type.csv@L148 | data/Machine_type.csv@L340 | data/Talk.csv@L148 | data/Talk_idx.csv@L22 | data/product1.csv@L13
148	数值	big5	6	data/Machine_type.csv@L103 | data/Machine_type.csv@L150 | data/Machine_type.csv@L352 | data/Talk.csv@L150 | data/Talk_idx.csv@L23 | data/product1.csv@L44
1500	数值	big5	6	data/Stages.csv@L8 | data/building.csv@L84 | data/building.csv@L85 | data/building.csv@L86 | data/building.csv@L91 | data/maps.csv@L11
152	数值	big5	6	data/Machine_type.csv@L105 | data/Machine_type.csv@L154 | data/Machine_type.csv@L19 | data/Machine_type.csv@L359 | data/Talk.csv@L154 | data/Talk_idx.csv@L25
160	数值	big5	6	data/AI_style.csv@L13 | data/Machine_type.csv@L114 | data/Machine_type.csv@L162 | data/building.csv@L86 | data/building.csv@L91 | data/product1.csv@L85
160000	数值	big5	6	data/Machine_type.csv@L123 | data/Machine_type.csv@L221 | data/Machine_type.csv@L249 | data/Machine_type.csv@L285 | data/Machine_type.csv@L39 | data/Machine_type.csv@L75
1600000	数值	big5	6	data/Machine_type.csv@L123 | data/Machine_type.csv@L221 | data/Machine_type.csv@L249 | data/Machine_type.csv@L285 | data/Machine_type.csv@L75 | data/building.csv@L100
170	数值	big5	6	data/AI_style.csv@L10 | data/Machine_type.csv@L129 | data/Machine_type.csv@L17 | data/Machine_type.csv@L172 | data/smapclr.csv@L13 | data/smapclr.csv@L7
2080	数值	big5	6	data/Stages.csv@L2 | data/Stages.csv@L3 | data/Stages.csv@L4 | data/Stages.csv@L5 | data/Stages.csv@L6 | data/Stages.csv@L7
230000	数值	big5	6	data/Machine_type.csv@L102 | data/Machine_type.csv@L143 | data/building.csv@L18 | data/building.csv@L21 | data/building.csv@L52 | data/building.csv@L55
2650	数值	big5	6	data/Stages.csv@L2 | data/Stages.csv@L3 | data/Stages.csv@L4 | data/Stages.csv@L5 | data/Stages.csv@L6 | data/Stages.csv@L7
3200	数值	big5	6	data/building.csv@L102 | data/building.csv@L104 | data/building.csv@L109 | data/building.csv@L112 | data/building.csv@L77 | data/building.csv@L84
360000	数值	big5	6	data/Machine_type.csv@L259 | data/Machine_type.csv@L29 | data/Machine_type.csv@L352 | data/Machine_type.csv@L353 | data/Machine_type.csv@L354 | data/Machine_type.csv@L93
500000	数值	big5	6	data/Machine_type.csv@L176 | data/Machine_type.csv@L22 | data/Machine_type.csv@L275 | data/Machine_type.csv@L68 | data/formula.csv@L121 | data/formula.csv@L29
552000	数值	big5	6	data/Machine_type.csv@L140 | data/Machine_type.csv@L266 | data/building.csv@L19 | data/building.csv@L22 | data/building.csv@L53 | data/building.csv@L56
600000	数值	big5	6	data/Machine_type.csv@L177 | data/Machine_type.csv@L295 | data/Machine_type.csv@L77 | data/building.csv@L105 | data/building.csv@L111 | data/building.csv@L94
6170	数值	big5	6	data/Stages.csv@L2 | data/Stages.csv@L3 | data/Stages.csv@L4 | data/Stages.csv@L5 | data/Stages.csv@L6 | data/Stages.csv@L7
BTN_REPORT,	ASCII	ascii	6	Face/EnemyFirmInfo.h@L2 | Face/MyFirmButton.h@L4 | Face/MyFirmInfo-Mine.h@L3 | Face/MyFirmInfo.h@L3 | Face/MyFirmManage-1.h@L7 | Face/main1.h@L30
BTN_RESTART,	ASCII	ascii	6	Face/FirmMachine.h@L48 | Face/MyFirmManage-1.h@L3 | Face/MyFirmManage.h@L5 | Face/RetailMachine.h@L14 | Face/face_machine.h@L59 | Face/face_retailmachine.h@L29
BTN_STOP,	ASCII	ascii	6	Face/FirmMachine.h@L3 | Face/MyFirmManage.h@L3 | Face/RetailMachine.h@L5 | Face/face_machine.h@L58 | Face/face_retailmachine.h@L34 | Face/face_salesman.h@L2
C2	ASCII	big5	6	data/formula.csv@L102 | data/formula.csv@L121 | data/formula.csv@L140 | data/formula.csv@L76 | data/formula.csv@L88 | data/formula.csv@L94
PQRj	ASCII	ascii	6	CEO.exe@RVA 13A61 | CEO.exe@RVA 13AA4 | CEO.exe@RVA 30541 | CEO.exe@RVA 30584 | CEO.exe@RVA BE3F | CEO.exe@RVA BE84
SHOW_MACHINE_NAME,	ASCII	ascii	6	Face/FirmMachine.h@L46 | Face/MachineProduct.h@L16 | Face/RetailMachine.h@L12 | Face/SaleMachineInfo.h@L26 | Face/face_machine.h@L10 | Face/face_retailmachine.h@L18
SHOW_NAME,	ASCII	ascii	6	Face/FirmBoard.h@L12 | Face/FirmDorm.h@L4 | Face/FirmMine.h@L3 | Face/GameSetting.h@L12 | Face/factinf_mine.h@L15 | Face/factinf_port.h@L20
SHOW_QUANTITY,	ASCII	ascii	6	Face/FirmBoard.h@L9 | Face/FirmMine.h@L7 | Face/MyFirmInfo-Mine.h@L15 | Face/factinf_board.h@L23 | Face/factinf_mine.h@L17 | Face/forsale-mine.h@L15
WVRP	ASCII	ascii	6	CEO.exe@RVA 1661D | CEO.exe@RVA 4893E | CEO.exe@RVA 4898C | CEO.exe@RVA 489DA | CEO.exe@RVA 48A28 | CEO.exe@RVA 48A76
^`r(	ASCII	ascii	6	stage/stage09.stg@seg581+0xB | stage/stage09.stg@seg631+0xB | stage/stage09.stg@seg642+0xB | stage/stage09.stg@seg648+0xB | stage/stage09.stg@seg655+0xB | stage/stage09.stg@seg660+0xB
不該有參數	中文	big5	6	CEO.exe@RVA A2A35 | CEO.exe@RVA A2A88 | CEO.exe@RVA A2AC7 | CEO.exe@RVA A2AE8 | CEO.exe@RVA A2B0C | CEO.exe@RVA A2B38
中學	中文	big5	6	data/build_relation.csv@L1 | data/build_relation.csv@L10 | data/building.csv@L78 | data/mapcity.csv@L11 | data/mapcity.csv@L38 | data/smapclr.csv@L40
事務所	中文	big5	6	data/build_relation.csv@L1 | data/build_relation.csv@L21 | data/building.csv@L89 | data/mapcity.csv@L22 | data/mapcity.csv@L49 | data/smapclr.csv@L51
人氣商場	中文	big5	6	CEO.exe@RVA B3398 | data/building.csv@L103 | data/building.csv@L104 | data/building.csv@L116 | data/building.csv@L121 | data/smapmenu.csv@L8
兒童樂園	中文	big5	6	data/build_relation.csv@L1 | data/build_relation.csv@L6 | data/building.csv@L74 | data/mapcity.csv@L34 | data/mapcity.csv@L7 | data/smapclr.csv@L36
名人廣場	中文	big5	6	data/build_relation.csv@L1 | data/build_relation.csv@L5 | data/building.csv@L73 | data/mapcity.csv@L33 | data/mapcity.csv@L6 | data/smapclr.csv@L35
土屋	中文	big5	6	data/build_relation.csv@L1 | data/build_relation.csv@L12 | data/building.csv@L80 | data/mapcity.csv@L13 | data/mapcity.csv@L40 | data/smapclr.csv@L42
大學	中文	big5	6	data/build_relation.csv@L1 | data/build_relation.csv@L11 | data/building.csv@L79 | data/mapcity.csv@L12 | data/mapcity.csv@L39 | data/smapclr.csv@L41
市民廣場	中文	big5	6	data/build_relation.csv@L1 | data/build_relation.csv@L4 | data/building.csv@L72 | data/mapcity.csv@L32 | data/mapcity.csv@L5 | data/smapclr.csv@L34
會議中心	中文	big5	6	data/build_relation.csv@L1 | data/build_relation.csv@L8 | data/building.csv@L76 | data/mapcity.csv@L36 | data/mapcity.csv@L9 | data/smapclr.csv@L38
木屋	中文	big5	6	data/build_relation.csv@L1 | data/build_relation.csv@L13 | data/building.csv@L81 | data/mapcity.csv@L14 | data/mapcity.csv@L41 | data/smapclr.csv@L43
歌劇院	中文	big5	6	data/build_relation.csv@L1 | data/build_relation.csv@L7 | data/building.csv@L75 | data/mapcity.csv@L35 | data/mapcity.csv@L8 | data/smapclr.csv@L37
每月一次	中文	big5	6	data/Talk_idx.csv@L15 | data/Talk_idx.csv@L16 | data/Talk_idx.csv@L17 | data/Talk_idx.csv@L20 | data/Talk_idx.csv@L26 | data/Talk_idx.csv@L27
物種編號	中文	big5	6	data/Machine_type.csv@L1 | data/People_type.csv@L1 | data/building.csv@L1 | data/building.csv@L35 | data/building.csv@L69 | data/building.csv@L93
磚造二層公寓	中文	big5	6	data/build_relation.csv@L1 | data/build_relation.csv@L16 | data/building.csv@L84 | data/mapcity.csv@L17 | data/mapcity.csv@L44 | data/smapclr.csv@L46
社區公園	中文	big5	6	data/build_relation.csv@L1 | data/build_relation.csv@L2 | data/building.csv@L70 | data/mapcity.csv@L3 | data/mapcity.csv@L30 | data/smapclr.csv@L32
花園別墅	中文	big5	6	data/build_relation.csv@L1 | data/build_relation.csv@L15 | data/building.csv@L83 | data/mapcity.csv@L16 | data/mapcity.csv@L43 | data/smapclr.csv@L45
豪華木屋	中文	big5	6	data/build_relation.csv@L1 | data/build_relation.csv@L14 | data/building.csv@L82 | data/mapcity.csv@L15 | data/mapcity.csv@L42 | data/smapclr.csv@L44
貴族花園	中文	big5	6	data/build_relation.csv@L1 | data/build_relation.csv@L3 | data/building.csv@L71 | data/mapcity.csv@L31 | data/mapcity.csv@L4 | data/smapclr.csv@L33
車站	中文	big5	6	data/build_relation.csv@L1 | data/build_relation.csv@L9 | data/building.csv@L77 | data/mapcity.csv@L10 | data/mapcity.csv@L37 | data/smapclr.csv@L39
-5	数值	big5	5	data/Machine_type.csv@L259 | data/Machine_type.csv@L264 | data/Machine_type.csv@L269 | data/Machine_type.csv@L274 | data/Machine_type.csv@L279
-6	数值	big5	5	data/Machine_type.csv@L259 | data/Machine_type.csv@L264 | data/Machine_type.csv@L269 | data/Machine_type.csv@L274 | data/Machine_type.csv@L279
0028	数值	ascii	5	stage/stage06.stg@seg1224+0x0 | stage/stage06.stg@seg3233+0x0 | stage/stage06.stg@seg4351+0x0 | stage/stage06.stg@seg5139+0x0 | stage/stage08.stg@seg3090+0x0
1000000	数值	big5	5	data/Machine_type.csv@L217 | data/Machine_type.csv@L282 | data/Stages.csv@L10 | data/Stages.csv@L5 | data/building.csv@L108
1080000	数值	big5	5	data/Machine_type.csv@L94 | data/building.csv@L31 | data/building.csv@L34 | data/building.csv@L65 | data/building.csv@L68
121	数值	big5	5	data/Machine_type.csv@L123 | data/Machine_type.csv@L283 | data/Machine_type.csv@L65 | data/Talk.csv@L123 | data/product1.csv@L87
126	数值	big5	5	data/Machine_type.csv@L128 | data/Machine_type.csv@L292 | data/Machine_type.csv@L77 | data/Talk.csv@L128 | data/product1.csv@L46
132	数值	big5	5	data/Machine_type.csv@L134 | data/Machine_type.csv@L306 | data/Machine_type.csv@L80 | data/Talk.csv@L134 | data/product1.csv@L40
138	数值	big5	5	data/Machine_type.csv@L140 | data/Machine_type.csv@L327 | data/Machine_type.csv@L88 | data/Talk.csv@L140 | data/product1.csv@L24
139	数值	big5	5	data/Machine_type.csv@L141 | data/Machine_type.csv@L328 | data/Machine_type.csv@L89 | data/Talk.csv@L141 | data/Talk_idx.csv@L20
142	数值	big5	5	data/Machine_type.csv@L144 | data/Machine_type.csv@L331 | data/Machine_type.csv@L90 | data/Talk.csv@L144 | data/product1.csv@L30
144	数值	big5	5	data/Machine_type.csv@L146 | data/Machine_type.csv@L338 | data/Machine_type.csv@L91 | data/Talk.csv@L146 | data/product1.csv@L43
145	数值	big5	5	data/Machine_type.csv@L102 | data/Machine_type.csv@L147 | data/Machine_type.csv@L339 | data/Talk.csv@L147 | data/product1.csv@L15
147	数值	big5	5	data/Machine_type.csv@L103 | data/Machine_type.csv@L149 | data/Machine_type.csv@L341 | data/Talk.csv@L149 | data/product1.csv@L27
149	数值	big5	5	data/Machine_type.csv@L104 | data/Machine_type.csv@L151 | data/Machine_type.csv@L353 | data/Talk.csv@L151 | data/product1.csv@L50
151	数值	big5	5	data/Machine_type.csv@L105 | data/Machine_type.csv@L153 | data/Machine_type.csv@L358 | data/Talk.csv@L153 | data/product1.csv@L52
153	数值	big5	5	data/Machine_type.csv@L106 | data/Machine_type.csv@L155 | data/Machine_type.csv@L360 | data/Talk.csv@L155 | data/product1.csv@L105
154	数值	big5	5	data/Machine_type.csv@L106 | data/Machine_type.csv@L156 | data/Machine_type.csv@L2 | data/Talk.csv@L156 | data/Talk_idx.csv@L26
157	数值	big5	5	data/Machine_type.csv@L113 | data/Machine_type.csv@L159 | data/Machine_type.csv@L8 | data/smapclr.csv@L17 | data/smapclr.csv@L29
177	数值	big5	5	data/Machine_type.csv@L138 | data/Machine_type.csv@L179 | data/Machine_type.csv@L33 | data/product1.csv@L32 | data/smapclr.csv@L15
180000	数值	big5	5	data/Machine_type.csv@L152 | data/building.csv@L29 | data/building.csv@L32 | data/building.csv@L63 | data/building.csv@L66
181	数值	big5	5	data/Machine_type.csv@L140 | data/Machine_type.csv@L183 | data/Machine_type.csv@L41 | data/product1.csv@L84 | data/product1.csv@L91
181000	数值	big5	5	data/Machine_type.csv@L11 | data/Machine_type.csv@L12 | data/Machine_type.csv@L13 | data/Machine_type.csv@L296 | data/Machine_type.csv@L317
1810000	数值	big5	5	data/Machine_type.csv@L11 | data/Machine_type.csv@L12 | data/Machine_type.csv@L13 | data/Machine_type.csv@L296 | data/Machine_type.csv@L317
186	数值	big5	5	data/Machine_type.csv@L152 | data/Machine_type.csv@L188 | data/Machine_type.csv@L54 | data/mapcity.csv@L36 | data/mapcity.csv@L9
192	数值	big5	5	data/Machine_type.csv@L155 | data/Machine_type.csv@L194 | data/Machine_type.csv@L65 | data/smapclr.csv@L3 | data/smapclr.csv@L31
208000	数值	big5	5	data/Machine_type.csv@L14 | data/Machine_type.csv@L15 | data/Machine_type.csv@L16 | data/Machine_type.csv@L196 | data/Machine_type.csv@L322
2080000	数值	big5	5	data/Machine_type.csv@L14 | data/Machine_type.csv@L15 | data/Machine_type.csv@L16 | data/Machine_type.csv@L196 | data/Machine_type.csv@L322
218	数值	big5	5	data/Machine_type.csv@L131 | data/Machine_type.csv@L193 | data/Machine_type.csv@L220 | data/product1.csv@L57 | data/product1.csv@L83
239	数值	big5	5	data/Machine_type.csv@L192 | data/Machine_type.csv@L219 | data/Machine_type.csv@L241 | data/mapcity.csv@L27 | data/product1.csv@L15
248	数值	big5	5	data/Machine_type.csv@L211 | data/Machine_type.csv@L233 | data/Machine_type.csv@L250 | data/mapcity.csv@L31 | data/mapcity.csv@L4
2733	数值	big5	5	data/Machine_type.csv@L277 | data/Machine_type.csv@L278 | data/Machine_type.csv@L279 | data/Machine_type.csv@L280 | data/Machine_type.csv@L281
276000	数值	big5	5	data/Machine_type.csv@L104 | data/Machine_type.csv@L183 | data/Machine_type.csv@L301 | data/building.csv@L10 | data/building.csv@L44
30000	数值	big5	5	data/Machine_type.csv@L208 | data/Machine_type.csv@L24 | data/Machine_type.csv@L33 | data/building.csv@L88 | data/building.csv@L90
3187	数值	big5	5	data/Machine_type.csv@L100 | data/Machine_type.csv@L101 | data/Machine_type.csv@L97 | data/Machine_type.csv@L98 | data/Machine_type.csv@L99
3542	数值	big5	5	data/Machine_type.csv@L92 | data/Machine_type.csv@L93 | data/Machine_type.csv@L94 | data/Machine_type.csv@L95 | data/Machine_type.csv@L96
3796	数值	big5	5	data/Machine_type.csv@L100 | data/Machine_type.csv@L101 | data/Machine_type.csv@L97 | data/Machine_type.csv@L98 | data/Machine_type.csv@L99
3936	数值	big5	5	data/Machine_type.csv@L87 | data/Machine_type.csv@L88 | data/Machine_type.csv@L89 | data/Machine_type.csv@L90 | data/Machine_type.csv@L91
4099	数值	big5	5	data/Machine_type.csv@L277 | data/Machine_type.csv@L278 | data/Machine_type.csv@L279 | data/Machine_type.csv@L280 | data/Machine_type.csv@L281
4218	数值	big5	5	data/Machine_type.csv@L92 | data/Machine_type.csv@L93 | data/Machine_type.csv@L94 | data/Machine_type.csv@L95 | data/Machine_type.csv@L96
4250	数值	big5	5	data/Machine_type.csv@L100 | data/Machine_type.csv@L101 | data/Machine_type.csv@L97 | data/Machine_type.csv@L98 | data/Machine_type.csv@L99
4374	数值	big5	5	data/Machine_type.csv@L82 | data/Machine_type.csv@L83 | data/Machine_type.csv@L84 | data/Machine_type.csv@L85 | data/Machine_type.csv@L86
4555	数值	big5	5	data/Machine_type.csv@L272 | data/Machine_type.csv@L273 | data/Machine_type.csv@L274 | data/Machine_type.csv@L275 | data/Machine_type.csv@L276
46000	数值	big5	5	data/Machine_type.csv@L223 | data/Machine_type.csv@L243 | data/Machine_type.csv@L287 | data/building.csv@L42 | data/building.csv@L8
4630	数值	big5	5	data/Machine_type.csv@L127 | data/Machine_type.csv@L128 | data/Machine_type.csv@L129 | data/Machine_type.csv@L130 | data/Machine_type.csv@L131
4687	数值	big5	5	data/Machine_type.csv@L87 | data/Machine_type.csv@L88 | data/Machine_type.csv@L89 | data/Machine_type.csv@L90 | data/Machine_type.csv@L91
4723	数值	big5	5	data/Machine_type.csv@L92 | data/Machine_type.csv@L93 | data/Machine_type.csv@L94 | data/Machine_type.csv@L95 | data/Machine_type.csv@L96
4861	数值	big5	5	data/Machine_type.csv@L77 | data/Machine_type.csv@L78 | data/Machine_type.csv@L79 | data/Machine_type.csv@L80 | data/Machine_type.csv@L81
5062	数值	big5	5	data/Machine_type.csv@L267 | data/Machine_type.csv@L268 | data/Machine_type.csv@L269 | data/Machine_type.csv@L270 | data/Machine_type.csv@L271
5208	数值	big5	5	data/Machine_type.csv@L82 | data/Machine_type.csv@L83 | data/Machine_type.csv@L84 | data/Machine_type.csv@L85 | data/Machine_type.csv@L86
5248	数值	big5	5	data/Machine_type.csv@L87 | data/Machine_type.csv@L88 | data/Machine_type.csv@L89 | data/Machine_type.csv@L90 | data/Machine_type.csv@L91
5466	数值	big5	5	data/Machine_type.csv@L277 | data/Machine_type.csv@L278 | data/Machine_type.csv@L279 | data/Machine_type.csv@L280 | data/Machine_type.csv@L281
5625	数值	big5	5	data/Machine_type.csv@L262 | data/Machine_type.csv@L263 | data/Machine_type.csv@L264 | data/Machine_type.csv@L265 | data/Machine_type.csv@L266
5787	数值	big5	5	data/Machine_type.csv@L77 | data/Machine_type.csv@L78 | data/Machine_type.csv@L79 | data/Machine_type.csv@L80 | data/Machine_type.csv@L81
5832	数值	big5	5	data/Machine_type.csv@L82 | data/Machine_type.csv@L83 | data/Machine_type.csv@L84 | data/Machine_type.csv@L85 | data/Machine_type.csv@L86
6074	数值	big5	5	data/Machine_type.csv@L272 | data/Machine_type.csv@L273 | data/Machine_type.csv@L274 | data/Machine_type.csv@L275 | data/Machine_type.csv@L276
6250	数值	big5	5	data/Machine_type.csv@L257 | data/Machine_type.csv@L258 | data/Machine_type.csv@L259 | data/Machine_type.csv@L260 | data/Machine_type.csv@L261
6481	数值	big5	5	data/Machine_type.csv@L77 | data/Machine_type.csv@L78 | data/Machine_type.csv@L79 | data/Machine_type.csv@L80 | data/Machine_type.csv@L81
6749	数值	big5	5	data/Machine_type.csv@L267 | data/Machine_type.csv@L268 | data/Machine_type.csv@L269 | data/Machine_type.csv@L270 | data/Machine_type.csv@L271
720000	数值	big5	5	data/Machine_type.csv@L153 | data/Machine_type.csv@L179 | data/Machine_type.csv@L31 | data/Machine_type.csv@L318 | data/Machine_type.csv@L79
7499	数值	big5	5	data/Machine_type.csv@L262 | data/Machine_type.csv@L263 | data/Machine_type.csv@L264 | data/Machine_type.csv@L265 | data/Machine_type.csv@L266
8333	数值	big5	5	data/Machine_type.csv@L257 | data/Machine_type.csv@L258 | data/Machine_type.csv@L259 | data/Machine_type.csv@L260 | data/Machine_type.csv@L261
92000	数值	big5	5	data/Machine_type.csv@L103 | data/building.csv@L17 | data/building.csv@L20 | data/building.csv@L51 | data/building.csv@L54
BTN_ARROW,	ASCII	ascii	5	Face/FirmMachine.h@L9 | Face/RetailMachine.h@L2 | Face/SaleMachineInfo.h@L8 | Face/face_machine.h@L31 | Face/face_retailmachine.h@L25
BTN_BOARD,	ASCII	ascii	5	Face/FirmLoadArea_ItemBoard.h@L2 | Face/RetailMachine.h@L22 | Face/face_retailmachine.h@L37 | Face/factinf_buy.h@L5 | Face/factinf_profit.h@L5
BTN_REMOVE,	ASCII	ascii	5	Face/FirmBoard.h@L2 | Face/FirmDorm.h@L2 | Face/FirmLoadArea.h@L2 | Face/factinf_board.h@L31 | Face/factinf_port.h@L14
BTN_SELL,	ASCII	ascii	5	Face/FirmMachine.h@L4 | Face/MyFirmManage-1.h@L4 | Face/RetailMachine.h@L6 | Face/face_machine.h@L57 | Face/face_retailmachine.h@L32
C1=	ASCII	big5	5	data/formula.csv@L10 | data/formula.csv@L29 | data/formula.csv@L3 | data/formula.csv@L50 | data/formula.csv@L68
C2=	ASCII	big5	5	data/formula.csv@L11 | data/formula.csv@L30 | data/formula.csv@L4 | data/formula.csv@L51 | data/formula.csv@L69
C3	ASCII	big5	5	data/formula.csv@L103 | data/formula.csv@L132 | data/formula.csv@L141 | data/formula.csv@L77 | data/formula.csv@L89
C4	ASCII	big5	5	data/formula.csv@L104 | data/formula.csv@L133 | data/formula.csv@L142 | data/formula.csv@L78 | data/formula.csv@L90
Gr(\t	ASCII	ascii	5	stage/stage04.stg@seg1211+0xB | stage/stage04.stg@seg1214+0xB | stage/stage04.stg@seg1217+0xB | stage/stage04.stg@seg1218+0xB | stage/stage04.stg@seg1226+0xB
PQWSR	ASCII	ascii	5	CEO.exe@RVA 66D08 | CEO.exe@RVA 66DA2 | CEO.exe@RVA 66F11 | CEO.exe@RVA 66FB2 | CEO.exe@RVA 67068
RVVVh	ASCII	ascii	5	CEO.exe@RVA 3B1BF | CEO.exe@RVA 3C432 | CEO.exe@RVA 3D750 | CEO.exe@RVA 3FBB8 | CEO.exe@RVA 48006
SHOW_MACHINE_YEAR,	ASCII	ascii	5	Face/FirmMachine.h@L47 | Face/RetailMachine.h@L13 | Face/SaleMachineInfo.h@L27 | Face/face_machine.h@L12 | Face/face_retailmachine.h@L19
SHOW_NAME_BUILDING	ASCII	ascii	5	Face/EnemyFirmInfo.h@L12 | Face/MyFirmInfo-Mine.h@L18 | Face/MyFirmInfo.h@L6 | Face/MyFirmManage-1.h@L11 | Face/MyFirmManage.h@L7
SHOW_PRICE,	ASCII	ascii	5	Face/Dorm.h@L3 | Face/RetailMachine.h@L10 | Face/SaleMachineInfo.h@L10 | Face/face_retailmachine.h@L24 | Face/forsale-mine.h@L3
SVWj	ASCII	ascii	5	CEO.exe@RVA 5A383 | CEO.exe@RVA 5C958 | CEO.exe@RVA 5E2D3 | CEO.exe@RVA 636F3 | CEO.exe@RVA 94235
Trx\t	ASCII	ascii	5	stage/stage11.stg@seg1532+0xB | stage/stage11.stg@seg1534+0xB | stage/stage11.stg@seg1536+0xB | stage/stage11.stg@seg1538+0xB | stage/stage11.stg@seg1542+0xB
UNUSE_OBJ35,	ASCII	ascii	5	Face/IO_rule_1.h@L32 | Face/MyFirmReport.h@L37 | Face/balance_info.h@L66 | Face/extface_putland.h@L36 | Face/prod_info.h@L3
h(5J	ASCII	ascii	5	CEO.exe@RVA 326E9 | CEO.exe@RVA 32AE1 | CEO.exe@RVA 32B03 | CEO.exe@RVA 32C08 | CEO.exe@RVA 32ECE
hhPJ	ASCII	ascii	5	CEO.exe@RVA 6F5F6 | CEO.exe@RVA 6F6A6 | CEO.exe@RVA 6F87E | CEO.exe@RVA 6F8C3 | CEO.exe@RVA 6F8E2
國民住宅大樓	中文	big5	5	data/build_relation.csv@L1 | data/build_relation.csv@L18 | data/building.csv@L86 | data/mapcity.csv@L19 | data/mapcity.csv@L46
圖形編號	中文	big5	5	data/building.csv@L1 | data/building.csv@L35 | data/building.csv@L69 | data/building.csv@L93 | data/product1.csv@L1
小型辦公樓	中文	big5	5	data/build_relation.csv@L1 | data/build_relation.csv@L22 | data/building.csv@L90 | data/mapcity.csv@L23 | data/mapcity.csv@L50
摩天住宅大樓	中文	big5	5	data/build_relation.csv@L1 | data/build_relation.csv@L20 | data/building.csv@L88 | data/mapcity.csv@L21 | data/mapcity.csv@L48
摩天辦公大廈	中文	big5	5	data/build_relation.csv@L1 | data/build_relation.csv@L24 | data/building.csv@L92 | data/mapcity.csv@L25 | data/mapcity.csv@L52
每季一次	中文	big5	5	data/Talk_idx.csv@L14 | data/Talk_idx.csv@L22 | data/Talk_idx.csv@L23 | data/Talk_idx.csv@L24 | data/Talk_idx.csv@L25
每月首日	中文	big5	5	data/Talk_idx.csv@L16 | data/Talk_idx.csv@L17 | data/Talk_idx.csv@L20 | data/Talk_idx.csv@L26 | data/Talk_idx.csv@L27
皇家住宅大廈	中文	big5	5	data/build_relation.csv@L1 | data/build_relation.csv@L19 | data/building.csv@L87 | data/mapcity.csv@L20 | data/mapcity.csv@L47
磚造四層公寓	中文	big5	5	data/build_relation.csv@L1 | data/build_relation.csv@L17 | data/mapcity.csv@L18 | data/mapcity.csv@L45 | data/smapclr.csv@L47
科技農場	中文	big5	5	CEO.exe@RVA B33B0 | data/building.csv@L108 | data/building.csv@L109 | data/building.csv@L116 | data/building.csv@L121
辦公大樓	中文	big5	5	data/build_relation.csv@L1 | data/build_relation.csv@L23 | data/building.csv@L91 | data/mapcity.csv@L24 | data/mapcity.csv@L51
農場	中文	big5	5	data/building.csv@L105 | data/building.csv@L106 | data/building.csv@L107 | data/building.csv@L116 | data/building.csv@L121
+5hi	ASCII	ascii	4	CEO.exe@RVA 41E3B | CEO.exe@RVA 41EE7 | CEO.exe@RVA 41F9B | CEO.exe@RVA 41FF8
0029	数值	ascii	4	stage/stage06.stg@seg3216+0x0 | stage/stage06.stg@seg4289+0x0 | stage/stage06.stg@seg5116+0x0 | stage/stage08.stg@seg3058+0x0
10000000	数值	big5	4	data/Stages.csv@L11 | data/Stages.csv@L21 | data/Stages.csv@L7 | data/formula.csv@L123
110000	数值	big5	4	data/Machine_type.csv@L220 | data/Machine_type.csv@L38 | data/Machine_type.csv@L40 | data/Machine_type.csv@L86
115000	数值	big5	4	data/Machine_type.csv@L222 | data/Machine_type.csv@L286 | data/building.csv@L43 | data/building.csv@L9
15000	数值	big5	4	data/building.csv@L72 | data/building.csv@L79 | data/building.csv@L81 | data/building.csv@L84
156	数值	big5	4	data/Machine_type.csv@L112 | data/Machine_type.csv@L158 | data/Machine_type.csv@L4 | data/smapclr.csv@L25
173	数值	big5	4	data/Machine_type.csv@L131 | data/Machine_type.csv@L175 | data/Machine_type.csv@L23 | data/product1.csv@L67
174	数值	big5	4	data/Machine_type.csv@L131 | data/Machine_type.csv@L176 | data/Machine_type.csv@L24 | data/smapclr.csv@L13
175	数值	big5	4	data/AI_style.csv@L4 | data/Machine_type.csv@L137 | data/Machine_type.csv@L177 | data/Machine_type.csv@L25
176	数值	big5	4	data/Machine_type.csv@L137 | data/Machine_type.csv@L178 | data/Machine_type.csv@L32 | data/product1.csv@L12
1800000	数值	big5	4	data/Machine_type.csv@L152 | data/building.csv@L106 | data/building.csv@L112 | data/building.csv@L95
182	数值	big5	4	data/Machine_type.csv@L140 | data/Machine_type.csv@L184 | data/Machine_type.csv@L42 | data/product1.csv@L83
183	数值	big5	4	data/Machine_type.csv@L141 | data/Machine_type.csv@L185 | data/Machine_type.csv@L43 | data/product1.csv@L99
1943	数值	big5	4	data/mapcity.csv@L14 | data/mapcity.csv@L17 | data/mapcity.csv@L41 | data/mapcity.csv@L44
196	数值	big5	4	data/Machine_type.csv@L162 | data/Machine_type.csv@L198 | data/Machine_type.csv@L79 | data/smapclr.csv@L30
201	数值	big5	4	data/Machine_type.csv@L165 | data/Machine_type.csv@L203 | data/Machine_type.csv@L89 | data/smapclr.csv@L14
202	数值	big5	4	data/Machine_type.csv@L165 | data/Machine_type.csv@L204 | data/Machine_type.csv@L90 | data/smapclr.csv@L14
205	数值	big5	4	data/Machine_type.csv@L103 | data/Machine_type.csv@L177 | data/Machine_type.csv@L207 | data/mapcity.csv@L27
206	数值	big5	4	data/Machine_type.csv@L104 | data/Machine_type.csv@L177 | data/Machine_type.csv@L208 | data/product1.csv@L66
211	数值	big5	4	data/Machine_type.csv@L114 | data/Machine_type.csv@L180 | data/Machine_type.csv@L213 | data/mapcity.csv@L27
215	数值	big5	4	data/Machine_type.csv@L128 | data/Machine_type.csv@L192 | data/Machine_type.csv@L217 | data/product1.csv@L86
219	数值	big5	4	data/Machine_type.csv@L137 | data/Machine_type.csv@L194 | data/Machine_type.csv@L221 | data/smapclr.csv@L6
220	数值	big5	4	data/Machine_type.csv@L138 | data/Machine_type.csv@L194 | data/Machine_type.csv@L222 | data/mapcity.csv@L27
221	数值	big5	4	data/Machine_type.csv@L139 | data/Machine_type.csv@L195 | data/Machine_type.csv@L223 | data/smapclr.csv@L6
222	数值	big5	4	data/Machine_type.csv@L140 | data/Machine_type.csv@L195 | data/Machine_type.csv@L224 | data/smapclr.csv@L4
223	数值	big5	4	data/Machine_type.csv@L141 | data/Machine_type.csv@L196 | data/Machine_type.csv@L225 | data/product1.csv@L90
225	数值	big5	4	data/Machine_type.csv@L153 | data/Machine_type.csv@L207 | data/Machine_type.csv@L227 | data/smapclr.csv@L14
229	数值	big5	4	data/Machine_type.csv@L162 | data/Machine_type.csv@L209 | data/Machine_type.csv@L231 | data/product1.csv@L80
230	数值	big5	4	data/Machine_type.csv@L163 | data/Machine_type.csv@L209 | data/Machine_type.csv@L232 | data/smapclr.csv@L26
232	数值	big5	4	data/Machine_type.csv@L165 | data/Machine_type.csv@L210 | data/Machine_type.csv@L234 | data/product1.csv@L75
236	数值	big5	4	data/Machine_type.csv@L179 | data/Machine_type.csv@L217 | data/Machine_type.csv@L238 | data/product1.csv@L81
24000	数值	big5	4	data/Machine_type.csv@L18 | data/Machine_type.csv@L333 | data/Machine_type.csv@L78 | data/building.csv@L77
240000	数值	big5	4	data/Machine_type.csv@L178 | data/Machine_type.csv@L18 | data/Machine_type.csv@L333 | data/Machine_type.csv@L78
241	数值	big5	4	data/Machine_type.csv@L194 | data/Machine_type.csv@L220 | data/Machine_type.csv@L243 | data/smapclr.csv@L28
256	数值	big5	4	data/Machine_type.csv@L234 | data/Machine_type.csv@L242 | data/Machine_type.csv@L258 | data/formula.csv@L62
264	数值	big5	4	data/Machine_type.csv@L246 | data/Machine_type.csv@L257 | data/Machine_type.csv@L266 | data/product1.csv@L103
280	数值	big5	4	data/Machine_type.csv@L269 | data/Machine_type.csv@L282 | data/Machine_type.csv@L292 | data/building.csv@L78
289	数值	big5	4	data/Machine_type.csv@L284 | data/Machine_type.csv@L291 | data/Machine_type.csv@L314 | data/product1.csv@L96
297	数值	big5	4	data/Machine_type.csv@L292 | data/Machine_type.csv@L299 | data/Machine_type.csv@L337 | data/product1.csv@L88
299	数值	big5	4	data/Machine_type.csv@L293 | data/Machine_type.csv@L301 | data/Machine_type.csv@L339 | data/product1.csv@L52
300000	数值	big5	4	data/Machine_type.csv@L170 | data/Machine_type.csv@L208 | data/Machine_type.csv@L24 | data/Machine_type.csv@L257
349	数值	big5	4	data/Machine_type.csv@L351 | data/Machine_type.csv@L359 | data/Machine_type.csv@L6 | data/product1.csv@L43
350	数值	big5	4	data/AI_style.csv@L5 | data/Machine_type.csv@L352 | data/Machine_type.csv@L359 | data/Machine_type.csv@L7
352	数值	big5	4	data/Machine_type.csv@L12 | data/Machine_type.csv@L354 | data/Machine_type.csv@L360 | data/product1.csv@L12
3600000	数值	big5	4	data/Machine_type.csv@L259 | data/Machine_type.csv@L352 | data/Machine_type.csv@L353 | data/Machine_type.csv@L354
375	数值	big5	4	data/Machine_type.csv@L49 | data/maps.csv@L13 | data/maps.csv@L6 | data/maps.csv@L7
400000	数值	big5	4	data/Machine_type.csv@L122 | data/Machine_type.csv@L218 | data/Machine_type.csv@L238 | data/Machine_type.csv@L283
414000	数值	big5	4	data/Machine_type.csv@L264 | data/Machine_type.csv@L355 | data/Machine_type.csv@L356 | data/Machine_type.csv@L357
4140000	数值	big5	4	data/Machine_type.csv@L264 | data/Machine_type.csv@L355 | data/Machine_type.csv@L356 | data/Machine_type.csv@L357
450000	数值	big5	4	data/building.csv@L30 | data/building.csv@L33 | data/building.csv@L64 | data/building.csv@L67
463	数值	big5	4	data/Machine_type.csv@L197 | data/Machine_type.csv@L39 | data/product1.csv@L49 | data/product1.csv@L75
480000	数值	big5	4	data/Machine_type.csv@L124 | data/Machine_type.csv@L135 | data/Machine_type.csv@L261 | data/Machine_type.csv@L303
4800000	数值	big5	4	data/Machine_type.csv@L124 | data/Machine_type.csv@L135 | data/Machine_type.csv@L261 | data/building.csv@L101
50'J	ASCII	ascii	4	CEO.exe@RVA 215A | CEO.exe@RVA 2184 | CEO.exe@RVA 257E4 | CEO.exe@RVA 2F33C
513	数值	big5	4	data/Machine_type.csv@L277 | data/Machine_type.csv@L83 | data/product1.csv@L50 | data/product1.csv@L56
5t J	ASCII	ascii	4	CEO.exe@RVA 4ABA9 | CEO.exe@RVA 560CB | CEO.exe@RVA 64A7D | CEO.exe@RVA AEC8
700	数值	big5	4	data/AI_style.csv@L4 | data/AI_style.csv@L7 | data/Machine_type.csv@L213 | data/Machine_type.csv@L237
72000	数值	big5	4	data/Machine_type.csv@L153 | data/Machine_type.csv@L31 | data/Machine_type.csv@L318 | data/Machine_type.csv@L79
95hCL	ASCII	ascii	4	CEO.exe@RVA 204E6 | CEO.exe@RVA 20590 | CEO.exe@RVA 2061E | CEO.exe@RVA 206AF
=4-L	ASCII	ascii	4	CEO.exe@RVA 443FF | CEO.exe@RVA 45357 | CEO.exe@RVA 61826 | CEO.exe@RVA B318
?1mm	ASCII	ascii	4	CEO.exe@RVA AAC0F | CEO.exe@RVA AB3CF | CEO.exe@RVA AB4AF | CEO.exe@RVA ABC6F
?Xw$	ASCII	ascii	4	CEO.exe@RVA AAD0F | CEO.exe@RVA AB2CF | CEO.exe@RVA AB5AF | CEO.exe@RVA ABB6F
?uZEeu	ASCII	ascii	4	CEO.exe@RVA AAD6F | CEO.exe@RVA AB26F | CEO.exe@RVA AB60F | CEO.exe@RVA ABB0F
BTN_BACK	ASCII	ascii	4	Face/famhall1.h@L38 | Face/famhall2.h@L38 | Face/freeplay_menu.h@L4 | Face/taskmenu.h@L72
BTN_BG_1,	ASCII	ascii	4	Face/FirmLoadArea-1.h@L2 | Face/MyFirmReport.h@L2 | Face/SaleMachine.h@L2 | Face/main.h@L2
BTN_MANAGE,	ASCII	ascii	4	Face/MyFirmButton.h@L5 | Face/MyFirmInfo-Mine.h@L4 | Face/MyFirmInfo.h@L4 | Face/MyFirmManage-1.h@L8
C3=	ASCII	big5	4	data/formula.csv@L12 | data/formula.csv@L31 | data/formula.csv@L5 | data/formula.csv@L52
C4=	ASCII	big5	4	data/formula.csv@L13 | data/formula.csv@L32 | data/formula.csv@L53 | data/formula.csv@L6
C5=	ASCII	big5	4	data/formula.csv@L14 | data/formula.csv@L33 | data/formula.csv@L54 | data/formula.csv@L7
COMPANY_NAME,	ASCII	ascii	4	Face/face_talk.h@L3 | Face/fact_profit_info.h@L53 | Face/freeplay.h@L36 | Face/taskplay.h@L36
CPU	ASCII	big5	4	data/Mur.csv@L1 | data/Mur.csv@L73 | data/product1.csv@L72 | data/product2.csv@L72
GF;5hCL	ASCII	ascii	4	CEO.exe@RVA 2054C | CEO.exe@RVA 205FC | CEO.exe@RVA 2068D | CEO.exe@RVA 2071D
Hu1Pj	ASCII	ascii	4	CEO.exe@RVA 36FBB | CEO.exe@RVA 4AFEB | CEO.exe@RVA 5D3DB | CEO.exe@RVA 5E20B
Ir6\t	ASCII	ascii	4	stage/stage11.stg@seg5579+0xB | stage/stage11.stg@seg5581+0xB | stage/stage11.stg@seg5582+0xB | stage/stage11.stg@seg5587+0xB
LCa-	ASCII	ascii	4	stage/stage10.stg@seg545+0xB | stage/stage10.stg@seg550+0xB | stage/stage10.stg@seg552+0xB | stage/stage10.stg@seg573+0xB
LIST_PRODUCT,	ASCII	ascii	4	Face/FirmMachine.h@L51 | Face/SaleMachineInfo.h@L28 | Face/face_machine.h@L60 | Face/face_put_machine.h@L28
PDA	ASCII	big5	4	data/Mur.csv@L1 | data/Mur.csv@L90 | data/product1.csv@L89 | data/product2.csv@L89
PSVW	ASCII	ascii	4	CEO.exe@RVA 659C0 | CEO.exe@RVA 65C00 | CEO.exe@RVA 66050 | CEO.exe@RVA 7BA00
PVVh	ASCII	ascii	4	CEO.exe@RVA 40771 | CEO.exe@RVA 41338 | CEO.exe@RVA 4324B | CEO.exe@RVA 4397B
PVWj	ASCII	ascii	4	CEO.exe@RVA 13C9F | CEO.exe@RVA 13D49 | CEO.exe@RVA C16F | CEO.exe@RVA C247
QSSSh	ASCII	ascii	4	CEO.exe@RVA 4434B | CEO.exe@RVA 444A4 | CEO.exe@RVA 4543B | CEO.exe@RVA AE93
QSVW	ASCII	ascii	4	CEO.exe@RVA 33DE3 | CEO.exe@RVA 445B3 | CEO.exe@RVA 85AE3 | CEO.exe@RVA 88DEC
RPSW	ASCII	ascii	4	CEO.exe@RVA 3675E | CEO.exe@RVA 801C9 | CEO.exe@RVA 82EFD | CEO.exe@RVA 9091F
RPVQ	ASCII	ascii	4	CEO.exe@RVA 3823B | CEO.exe@RVA 38294 | CEO.exe@RVA 382E3 | CEO.exe@RVA 3DD3
SHOW_COST,	ASCII	ascii	4	Face/FirmBoard.h@L10 | Face/RetailMachine.h@L29 | Face/face_retailmachine.h@L21 | Face/factinf_board.h@L25
SHOW_ITEM,	ASCII	ascii	4	Face/FirmBoard.h@L7 | Face/RetailMachine.h@L9 | Face/face_retailmachine.h@L22 | Face/factinf_board.h@L21
SHOW_MANAGER_NUM,	ASCII	ascii	4	Face/FirmMachine.h@L16 | Face/SaleMachineInfo.h@L24 | Face/face_machine.h@L55 | Face/face_put_machine.h@L25
SHOW_NAME	ASCII	ascii	4	Face/Board.h@L3 | Face/Dorm.h@L6 | Face/FirmLoadArea.h@L4 | Face/LoadArea.h@L3
SHOW_OUT_NAME,	ASCII	ascii	4	Face/FirmMachine.h@L33 | Face/ProductBook.h@L5 | Face/face_machine.h@L21 | Face/face_put_machine.h@L5
SHOW_WORKER_NUM,	ASCII	ascii	4	Face/FirmMachine.h@L17 | Face/SaleMachineInfo.h@L12 | Face/face_machine.h@L56 | Face/face_put_machine.h@L26
SQRP	ASCII	ascii	4	CEO.exe@RVA 4E75 | CEO.exe@RVA 4F84 | CEO.exe@RVA 568D | CEO.exe@RVA 8CF0B
UNUSE_OBJ38,	ASCII	ascii	4	Face/FirmMachine.h@L43 | Face/extface_putland.h@L39 | Face/factinf_pro.h@L38 | Face/sreport.h@L39
UNUSE_OBJ44,	ASCII	ascii	4	Face/ProductBook.h@L6 | Face/face_machine.h@L45 | Face/factinf_pro.h@L45 | Face/inoutinfo.h@L2
VQRP	ASCII	ascii	4	CEO.exe@RVA 501F | CEO.exe@RVA 6D633 | CEO.exe@RVA A887 | CEO.exe@RVA A90A
Vj(jxj	ASCII	ascii	4	CEO.exe@RVA 2ADB0 | CEO.exe@RVA 2ADD1 | CEO.exe@RVA 2ADF5 | CEO.exe@RVA 2AE19
Wrg\t	ASCII	ascii	4	stage/stage11.stg@seg1000+0xB | stage/stage11.stg@seg1002+0xB | stage/stage11.stg@seg1004+0xB | stage/stage11.stg@seg998+0xB
_@}z	ASCII	ascii	4	stage/stage11.stg@seg4293+0xB | stage/stage11.stg@seg4294+0xB | stage/stage11.stg@seg4295+0xB | stage/stage11.stg@seg4296+0xB
d$y$	ASCII	ascii	4	stage/stage03.stg@seg468+0xB | stage/stage03.stg@seg472+0xB | stage/stage03.stg@seg473+0xB | stage/stage03.stg@seg476+0xB
f:\t%d	ASCII	ascii	4	CEO.exe@RVA A2E2F | CEO.exe@RVA A2E3F | CEO.exe@RVA A2E4F | CEO.exe@RVA A2E5F
h$PJ	ASCII	ascii	4	CEO.exe@RVA 6DD7B | CEO.exe@RVA 6DD8D | CEO.exe@RVA 6DDC1 | CEO.exe@RVA 6DDEF
h(/J	ASCII	ascii	4	CEO.exe@RVA 250EF | CEO.exe@RVA 25192 | CEO.exe@RVA 25955 | CEO.exe@RVA 25A5B
h(7J	ASCII	ascii	4	CEO.exe@RVA 3A9A0 | CEO.exe@RVA 3C8FE | CEO.exe@RVA 43A89 | CEO.exe@RVA 5B814
htNJ	ASCII	ascii	4	CEO.exe@RVA 6C349 | CEO.exe@RVA 6C38B | CEO.exe@RVA 6C4EB | CEO.exe@RVA 6C501
j)j\t	ASCII	ascii	4	CEO.exe@RVA 19471 | CEO.exe@RVA 1B500 | CEO.exe@RVA 1C31B | CEO.exe@RVA 2B277
m0_$@	ASCII	ascii	4	CEO.exe@RVA AB433 | CEO.exe@RVA ABCD3 | CEO.exe@RVA AD4A3 | CEO.exe@RVA AD4AB
t'h&	ASCII	ascii	4	CEO.exe@RVA 3FFEB | CEO.exe@RVA 4241B | CEO.exe@RVA 42D4B | CEO.exe@RVA 4346B
uZEeu	ASCII	ascii	4	CEO.exe@RVA AAE70 | CEO.exe@RVA AB170 | CEO.exe@RVA AB710 | CEO.exe@RVA ABA10
乳酪	中文	big5	4	data/Mur.csv@L1 | data/Mur.csv@L45 | data/product1.csv@L44 | data/product2.csv@L44
啤酒	中文	big5	4	data/Mur.csv@L1 | data/Mur.csv@L42 | data/product1.csv@L41 | data/product2.csv@L41
地毯	中文	big5	4	data/Mur.csv@L1 | data/Mur.csv@L60 | data/product1.csv@L59 | data/product2.csv@L59
報紙	中文	big5	4	data/Mur.csv@L1 | data/Mur.csv@L63 | data/product1.csv@L62 | data/product2.csv@L62
塑膠	中文	big5	4	data/Mur.csv@L1 | data/Mur.csv@L26 | data/product1.csv@L25 | data/product2.csv@L25
塑鋼	中文	big5	4	data/Mur.csv@L1 | data/Mur.csv@L28 | data/product1.csv@L27 | data/product2.csv@L27
學生人口	中文	big5	4	CEO.exe@RVA A2E28 | data/Stages.csv@L1 | data/building.csv@L69 | data/smapmenu.csv@L6
居住人口	中文	big5	4	CEO.exe@RVA A2E58 | data/Stages.csv@L1 | data/building.csv@L69 | data/smapmenu.csv@L3
工作人口	中文	big5	4	CEO.exe@RVA A2E48 | data/Stages.csv@L1 | data/building.csv@L69 | data/smapmenu.csv@L4
布偶	中文	big5	4	data/Mur.csv@L1 | data/Mur.csv@L62 | data/product1.csv@L61 | data/product2.csv@L61
布料	中文	big5	4	data/Mur.csv@L1 | data/Mur.csv@L54 | data/product1.csv@L53 | data/product2.csv@L53
床組	中文	big5	4	data/Mur.csv@L1 | data/Mur.csv@L68 | data/product1.csv@L67 | data/product2.csv@L67
建材-木	中文	big5	4	data/building.csv@L1 | data/building.csv@L35 | data/building.csv@L69 | data/building.csv@L93
建材-水泥	中文	big5	4	data/building.csv@L1 | data/building.csv@L35 | data/building.csv@L69 | data/building.csv@L93
建材-玻璃	中文	big5	4	data/building.csv@L1 | data/building.csv@L35 | data/building.csv@L69 | data/building.csv@L93
建材-砂土	中文	big5	4	data/building.csv@L1 | data/building.csv@L35 | data/building.csv@L69 | data/building.csv@L93
建材-磚	中文	big5	4	data/building.csv@L1 | data/building.csv@L35 | data/building.csv@L69 | data/building.csv@L93
建材-鋼	中文	big5	4	data/building.csv@L1 | data/building.csv@L35 | data/building.csv@L69 | data/building.csv@L93
建材-鐵	中文	big5	4	data/building.csv@L1 | data/building.csv@L35 | data/building.csv@L69 | data/building.csv@L93
建物種類	中文	big5	4	data/building.csv@L1 | data/building.csv@L35 | data/building.csv@L69 | data/building.csv@L93
引擎	中文	big5	4	data/Mur.csv@L1 | data/Mur.csv@L103 | data/product1.csv@L102 | data/product2.csv@L102
手錶	中文	big5	4	data/Mur.csv@L1 | data/Mur.csv@L101 | data/product1.csv@L100 | data/product2.csv@L100
披薩	中文	big5	4	data/Mur.csv@L1 | data/Mur.csv@L53 | data/product1.csv@L52 | data/product2.csv@L52
文具	中文	big5	4	data/Mur.csv@L1 | data/Mur.csv@L95 | data/product1.csv@L94 | data/product2.csv@L94
書桌	中文	big5	4	data/Mur.csv@L1 | data/Mur.csv@L67 | data/product1.csv@L66 | data/product2.csv@L66
果醬	中文	big5	4	data/Mur.csv@L1 | data/Mur.csv@L48 | data/product1.csv@L47 | data/product2.csv@L47
棉花	中文	big5	4	data/Mur.csv@L1 | data/Mur.csv@L19 | data/product1.csv@L18 | data/product2.csv@L18
機車	中文	big5	4	data/Mur.csv@L1 | data/Mur.csv@L107 | data/product1.csv@L106 | data/product2.csv@L106
橡樹	中文	big5	4	data/Mur.csv@L1 | data/Mur.csv@L20 | data/product1.csv@L19 | data/product2.csv@L19
橡膠	中文	big5	4	data/Mur.csv@L1 | data/Mur.csv@L27 | data/product1.csv@L26 | data/product2.csv@L26
櫥櫃	中文	big5	4	data/Mur.csv@L1 | data/Mur.csv@L69 | data/product1.csv@L68 | data/product2.csv@L68
每年一次	中文	big5	4	data/Talk_idx.csv@L11 | data/Talk_idx.csv@L12 | data/Talk_idx.csv@L8 | data/Talk_idx.csv@L9
每日隨機	中文	big5	4	data/Talk_idx.csv@L22 | data/Talk_idx.csv@L23 | data/Talk_idx.csv@L24 | data/Talk_idx.csv@L25
毛巾	中文	big5	4	data/Mur.csv@L1 | data/Mur.csv@L55 | data/product1.csv@L54 | data/product2.csv@L54
毛料	中文	big5	4	data/Mur.csv@L1 | data/Mur.csv@L36 | data/product1.csv@L35 | data/product2.csv@L35
水泥	中文	big5	4	data/Mur.csv@L1 | data/Mur.csv@L17 | data/product1.csv@L16 | data/product2.csv@L16
汽水	中文	big5	4	data/Mur.csv@L1 | data/Mur.csv@L43 | data/product1.csv@L42 | data/product2.csv@L42
汽車	中文	big5	4	data/Mur.csv@L1 | data/Mur.csv@L108 | data/product1.csv@L107 | data/product2.csv@L107
活動人口	中文	big5	4	CEO.exe@RVA A2E38 | data/Stages.csv@L1 | data/building.csv@L69 | data/smapmenu.csv@L5
浴缸	中文	big5	4	data/Mur.csv@L1 | data/Mur.csv@L97 | data/product1.csv@L96 | data/product2.csv@L96
滑鼠	中文	big5	4	data/Mur.csv@L1 | data/Mur.csv@L98 | data/product1.csv@L97 | data/product2.csv@L97
漢堡	中文	big5	4	data/Mur.csv@L1 | data/Mur.csv@L52 | data/product1.csv@L51 | data/product2.csv@L51
燈具	中文	big5	4	data/Mur.csv@L1 | data/Mur.csv@L33 | data/product1.csv@L32 | data/product2.csv@L32
玻璃	中文	big5	4	data/Mur.csv@L1 | data/Mur.csv@L32 | data/product1.csv@L31 | data/product2.csv@L31
瓷器	中文	big5	4	data/Mur.csv@L1 | data/Mur.csv@L31 | data/product1.csv@L30 | data/product2.csv@L30
生奶	中文	big5	4	data/Mur.csv@L1 | data/Mur.csv@L35 | data/product1.csv@L34 | data/product2.csv@L34
皮件	中文	big5	4	data/Mur.csv@L1 | data/Mur.csv@L58 | data/product1.csv@L57 | data/product2.csv@L57
皮革	中文	big5	4	data/Mur.csv@L1 | data/Mur.csv@L34 | data/product1.csv@L33 | data/product2.csv@L33
相機	中文	big5	4	data/Mur.csv@L1 | data/Mur.csv@L102 | data/product1.csv@L101 | data/product2.csv@L101
砂糖	中文	big5	4	data/Mur.csv@L1 | data/Mur.csv@L39 | data/product1.csv@L38 | data/product2.csv@L38
稻米	中文	big5	4	data/Mur.csv@L1 | data/Mur.csv@L24 | data/product1.csv@L23 | data/product2.csv@L23
窗簾	中文	big5	4	data/Mur.csv@L1 | data/Mur.csv@L57 | data/product1.csv@L56 | data/product2.csv@L56
管理者	中文	big5	4	CEO.exe@RVA B33D0 | data/People_type.csv@L2 | data/People_type.csv@L3 | data/People_type.csv@L4
肉品	中文	big5	4	data/Mur.csv@L1 | data/Mur.csv@L37 | data/product1.csv@L36 | data/product2.csv@L36
肉鬆	中文	big5	4	data/Mur.csv@L1 | data/Mur.csv@L49 | data/product1.csv@L48 | data/product2.csv@L48
肥料	中文	big5	4	data/Mur.csv@L1 | data/Mur.csv@L14 | data/product1.csv@L13 | data/product2.csv@L13
菸草	中文	big5	4	data/Mur.csv@L1 | data/Mur.csv@L21 | data/product1.csv@L20 | data/product2.csv@L20
蔬果	中文	big5	4	data/Mur.csv@L1 | data/Mur.csv@L22 | data/product1.csv@L21 | data/product2.csv@L21
蛋糕	中文	big5	4	data/Mur.csv@L1 | data/Mur.csv@L51 | data/product1.csv@L50 | data/product2.csv@L50
車體	中文	big5	4	data/Mur.csv@L1 | data/Mur.csv@L105 | data/product1.csv@L104 | data/product2.csv@L104
輪胎	中文	big5	4	data/Mur.csv@L1 | data/Mur.csv@L104 | data/product1.csv@L103 | data/product2.csv@L103
鍵盤	中文	big5	4	data/Mur.csv@L1 | data/Mur.csv@L96 | data/product1.csv@L95 | data/product2.csv@L95
雞蛋	中文	big5	4	data/Mur.csv@L1 | data/Mur.csv@L38 | data/product1.csv@L37 | data/product2.csv@L37
電池	中文	big5	4	data/Mur.csv@L1 | data/Mur.csv@L30 | data/product1.csv@L29 | data/product2.csv@L29
電鍋	中文	big5	4	data/Mur.csv@L1 | data/Mur.csv@L75 | data/product1.csv@L74 | data/product2.csv@L74
鞋子	中文	big5	4	data/Mur.csv@L1 | data/Mur.csv@L59 | data/product1.csv@L58 | data/product2.csv@L58
音響	中文	big5	4	data/Mur.csv@L1 | data/Mur.csv@L83 | data/product1.csv@L82 | data/product2.csv@L82
顧客	中文	big5	4	data/People_type.csv@L10 | data/People_type.csv@L11 | data/People_type.csv@L8 | data/People_type.csv@L9
飼料	中文	big5	4	data/Mur.csv@L1 | data/Mur.csv@L41 | data/product1.csv@L40 | data/product2.csv@L40
飾品	中文	big5	4	data/Mur.csv@L1 | data/Mur.csv@L100 | data/product1.csv@L99 | data/product2.csv@L99
餅乾	中文	big5	4	data/Mur.csv@L1 | data/Mur.csv@L50 | data/product1.csv@L49 | data/product2.csv@L49
香菸	中文	big5	4	data/Mur.csv@L1 | data/Mur.csv@L46 | data/product1.csv@L45 | data/product2.csv@L45
馬達	中文	big5	4	data/Mur.csv@L1 | data/Mur.csv@L74 | data/product1.csv@L73 | data/product2.csv@L73
鮮乳	中文	big5	4	data/Mur.csv@L1 | data/Mur.csv@L47 | data/product1.csv@L46 | data/product2.csv@L46
麵粉	中文	big5	4	data/Mur.csv@L1 | data/Mur.csv@L40 | data/product1.csv@L39 | data/product2.csv@L39
%s 是風力富砸下大錢所開發出的新產品，你們這些骯髒油膩的臭男人別想盜取我的成就！	中文	big5	3	data/Talk.csv@L18 | data/Talk.csv@L19 | data/Talk.csv@L20
-50	数值	big5	3	data/build_relation.csv@L12 | data/build_relation.csv@L23 | data/build_relation.csv@L33
000	数值	big5	3	data/Mur.csv@L2 | data/Mur.csv@L3 | data/Talk.csv@L2
001	数值	big5	3	data/Mur.csv@L2 | data/Mur.csv@L4 | data/Talk.csv@L3
002	数值	big5	3	data/Mur.csv@L2 | data/Mur.csv@L5 | data/Talk.csv@L4
003	数值	big5	3	data/Mur.csv@L2 | data/Mur.csv@L6 | data/Talk.csv@L5
0031	数值	ascii	3	stage/stage06.stg@seg3175+0x0 | stage/stage06.stg@seg4224+0x0 | stage/stage06.stg@seg5068+0x0
0032	数值	ascii	3	stage/stage06.stg@seg3123+0x0 | stage/stage06.stg@seg4193+0x0 | stage/stage06.stg@seg5066+0x0
004	数值	big5	3	data/Mur.csv@L2 | data/Mur.csv@L7 | data/Talk.csv@L6
005	数值	big5	3	data/Mur.csv@L2 | data/Mur.csv@L8 | data/Talk.csv@L7
006	数值	big5	3	data/Mur.csv@L2 | data/Mur.csv@L9 | data/Talk.csv@L8
007	数值	big5	3	data/Mur.csv@L10 | data/Mur.csv@L2 | data/Talk.csv@L9
008	数值	big5	3	data/Mur.csv@L11 | data/Mur.csv@L2 | data/Talk.csv@L10
009	数值	big5	3	data/Mur.csv@L12 | data/Mur.csv@L2 | data/Talk.csv@L11
010	数值	big5	3	data/Mur.csv@L13 | data/Mur.csv@L2 | data/Talk.csv@L12
011	数值	big5	3	data/Mur.csv@L14 | data/Mur.csv@L2 | data/Talk.csv@L13
012	数值	big5	3	data/Mur.csv@L15 | data/Mur.csv@L2 | data/Talk.csv@L14
013	数值	big5	3	data/Mur.csv@L16 | data/Mur.csv@L2 | data/Talk.csv@L15
014	数值	big5	3	data/Mur.csv@L17 | data/Mur.csv@L2 | data/Talk.csv@L16
015	数值	big5	3	data/Mur.csv@L18 | data/Mur.csv@L2 | data/Talk.csv@L17
016	数值	big5	3	data/Mur.csv@L19 | data/Mur.csv@L2 | data/Talk.csv@L18
017	数值	big5	3	data/Mur.csv@L2 | data/Mur.csv@L20 | data/Talk.csv@L19
018	数值	big5	3	data/Mur.csv@L2 | data/Mur.csv@L21 | data/Talk.csv@L20
019	数值	big5	3	data/Mur.csv@L2 | data/Mur.csv@L22 | data/Talk.csv@L21
020	数值	big5	3	data/Mur.csv@L2 | data/Mur.csv@L23 | data/Talk.csv@L22
021	数值	big5	3	data/Mur.csv@L2 | data/Mur.csv@L24 | data/Talk.csv@L23
022	数值	big5	3	data/Mur.csv@L2 | data/Mur.csv@L25 | data/Talk.csv@L24
023	数值	big5	3	data/Mur.csv@L2 | data/Mur.csv@L26 | data/Talk.csv@L25
024	数值	big5	3	data/Mur.csv@L2 | data/Mur.csv@L27 | data/Talk.csv@L26
025	数值	big5	3	data/Mur.csv@L2 | data/Mur.csv@L28 | data/Talk.csv@L27
026	数值	big5	3	data/Mur.csv@L2 | data/Mur.csv@L29 | data/Talk.csv@L28
027	数值	big5	3	data/Mur.csv@L2 | data/Mur.csv@L30 | data/Talk.csv@L29
028	数值	big5	3	data/Mur.csv@L2 | data/Mur.csv@L31 | data/Talk.csv@L30
029	数值	big5	3	data/Mur.csv@L2 | data/Mur.csv@L32 | data/Talk.csv@L31
030	数值	big5	3	data/Mur.csv@L2 | data/Mur.csv@L33 | data/Talk.csv@L32
031	数值	big5	3	data/Mur.csv@L2 | data/Mur.csv@L34 | data/Talk.csv@L33
032	数值	big5	3	data/Mur.csv@L2 | data/Mur.csv@L35 | data/Talk.csv@L34
033	数值	big5	3	data/Mur.csv@L2 | data/Mur.csv@L36 | data/Talk.csv@L35
034	数值	big5	3	data/Mur.csv@L2 | data/Mur.csv@L37 | data/Talk.csv@L36
035	数值	big5	3	data/Mur.csv@L2 | data/Mur.csv@L38 | data/Talk.csv@L37
036	数值	big5	3	data/Mur.csv@L2 | data/Mur.csv@L39 | data/Talk.csv@L38
037	数值	big5	3	data/Mur.csv@L2 | data/Mur.csv@L40 | data/Talk.csv@L39
038	数值	big5	3	data/Mur.csv@L2 | data/Mur.csv@L41 | data/Talk.csv@L40
039	数值	big5	3	data/Mur.csv@L2 | data/Mur.csv@L42 | data/Talk.csv@L41
040	数值	big5	3	data/Mur.csv@L2 | data/Mur.csv@L43 | data/Talk.csv@L42
041	数值	big5	3	data/Mur.csv@L2 | data/Mur.csv@L44 | data/Talk.csv@L43
042	数值	big5	3	data/Mur.csv@L2 | data/Mur.csv@L45 | data/Talk.csv@L44
043	数值	big5	3	data/Mur.csv@L2 | data/Mur.csv@L46 | data/Talk.csv@L45
044	数值	big5	3	data/Mur.csv@L2 | data/Mur.csv@L47 | data/Talk.csv@L46
045	数值	big5	3	data/Mur.csv@L2 | data/Mur.csv@L48 | data/Talk.csv@L47
046	数值	big5	3	data/Mur.csv@L2 | data/Mur.csv@L49 | data/Talk.csv@L48
047	数值	big5	3	data/Mur.csv@L2 | data/Mur.csv@L50 | data/Talk.csv@L49
048	数值	big5	3	data/Mur.csv@L2 | data/Mur.csv@L51 | data/Talk.csv@L50
049	数值	big5	3	data/Mur.csv@L2 | data/Mur.csv@L52 | data/Talk.csv@L51
050	数值	big5	3	data/Mur.csv@L2 | data/Mur.csv@L53 | data/Talk.csv@L52
051	数值	big5	3	data/Mur.csv@L2 | data/Mur.csv@L54 | data/Talk.csv@L53
052	数值	big5	3	data/Mur.csv@L2 | data/Mur.csv@L55 | data/Talk.csv@L54
053	数值	big5	3	data/Mur.csv@L2 | data/Mur.csv@L56 | data/Talk.csv@L55
054	数值	big5	3	data/Mur.csv@L2 | data/Mur.csv@L57 | data/Talk.csv@L56
055	数值	big5	3	data/Mur.csv@L2 | data/Mur.csv@L58 | data/Talk.csv@L57
056	数值	big5	3	data/Mur.csv@L2 | data/Mur.csv@L59 | data/Talk.csv@L58
057	数值	big5	3	data/Mur.csv@L2 | data/Mur.csv@L60 | data/Talk.csv@L59
058	数值	big5	3	data/Mur.csv@L2 | data/Mur.csv@L61 | data/Talk.csv@L60
059	数值	big5	3	data/Mur.csv@L2 | data/Mur.csv@L62 | data/Talk.csv@L61
060	数值	big5	3	data/Mur.csv@L2 | data/Mur.csv@L63 | data/Talk.csv@L62
061	数值	big5	3	data/Mur.csv@L2 | data/Mur.csv@L64 | data/Talk.csv@L63
062	数值	big5	3	data/Mur.csv@L2 | data/Mur.csv@L65 | data/Talk.csv@L64
063	数值	big5	3	data/Mur.csv@L2 | data/Mur.csv@L66 | data/Talk.csv@L65
064	数值	big5	3	data/Mur.csv@L2 | data/Mur.csv@L67 | data/Talk.csv@L66
065	数值	big5	3	data/Mur.csv@L2 | data/Mur.csv@L68 | data/Talk.csv@L67
066	数值	big5	3	data/Mur.csv@L2 | data/Mur.csv@L69 | data/Talk.csv@L68
067	数值	big5	3	data/Mur.csv@L2 | data/Mur.csv@L70 | data/Talk.csv@L69
068	数值	big5	3	data/Mur.csv@L2 | data/Mur.csv@L71 | data/Talk.csv@L70
069	数值	big5	3	data/Mur.csv@L2 | data/Mur.csv@L72 | data/Talk.csv@L71
070	数值	big5	3	data/Mur.csv@L2 | data/Mur.csv@L73 | data/Talk.csv@L72
071	数值	big5	3	data/Mur.csv@L2 | data/Mur.csv@L74 | data/Talk.csv@L73
072	数值	big5	3	data/Mur.csv@L2 | data/Mur.csv@L75 | data/Talk.csv@L74
073	数值	big5	3	data/Mur.csv@L2 | data/Mur.csv@L76 | data/Talk.csv@L75
074	数值	big5	3	data/Mur.csv@L2 | data/Mur.csv@L77 | data/Talk.csv@L76
075	数值	big5	3	data/Mur.csv@L2 | data/Mur.csv@L78 | data/Talk.csv@L77
076	数值	big5	3	data/Mur.csv@L2 | data/Mur.csv@L79 | data/Talk.csv@L78
077	数值	big5	3	data/Mur.csv@L2 | data/Mur.csv@L80 | data/Talk.csv@L79
078	数值	big5	3	data/Mur.csv@L2 | data/Mur.csv@L81 | data/Talk.csv@L80
079	数值	big5	3	data/Mur.csv@L2 | data/Mur.csv@L82 | data/Talk.csv@L81
080	数值	big5	3	data/Mur.csv@L2 | data/Mur.csv@L83 | data/Talk.csv@L82
081	数值	big5	3	data/Mur.csv@L2 | data/Mur.csv@L84 | data/Talk.csv@L83
082	数值	big5	3	data/Mur.csv@L2 | data/Mur.csv@L85 | data/Talk.csv@L84
083	数值	big5	3	data/Mur.csv@L2 | data/Mur.csv@L86 | data/Talk.csv@L85
084	数值	big5	3	data/Mur.csv@L2 | data/Mur.csv@L87 | data/Talk.csv@L86
085	数值	big5	3	data/Mur.csv@L2 | data/Mur.csv@L88 | data/Talk.csv@L87
086	数值	big5	3	data/Mur.csv@L2 | data/Mur.csv@L89 | data/Talk.csv@L88
087	数值	big5	3	data/Mur.csv@L2 | data/Mur.csv@L90 | data/Talk.csv@L89
088	数值	big5	3	data/Mur.csv@L2 | data/Mur.csv@L91 | data/Talk.csv@L90
089	数值	big5	3	data/Mur.csv@L2 | data/Mur.csv@L92 | data/Talk.csv@L91
090	数值	big5	3	data/Mur.csv@L2 | data/Mur.csv@L93 | data/Talk.csv@L92
091	数值	big5	3	data/Mur.csv@L2 | data/Mur.csv@L94 | data/Talk.csv@L93
092	数值	big5	3	data/Mur.csv@L2 | data/Mur.csv@L95 | data/Talk.csv@L94
093	数值	big5	3	data/Mur.csv@L2 | data/Mur.csv@L96 | data/Talk.csv@L95
094	数值	big5	3	data/Mur.csv@L2 | data/Mur.csv@L97 | data/Talk.csv@L96
095	数值	big5	3	data/Mur.csv@L2 | data/Mur.csv@L98 | data/Talk.csv@L97
096	数值	big5	3	data/Mur.csv@L2 | data/Mur.csv@L99 | data/Talk.csv@L98
097	数值	big5	3	data/Mur.csv@L100 | data/Mur.csv@L2 | data/Talk.csv@L99
098	数值	big5	3	data/Mur.csv@L101 | data/Mur.csv@L2 | data/Talk.csv@L100
099	数值	big5	3	data/Mur.csv@L102 | data/Mur.csv@L2 | data/Talk.csv@L101
102000	数值	big5	3	data/Machine_type.csv@L237 | data/Machine_type.csv@L350 | data/Machine_type.csv@L54
1020000	数值	big5	3	data/Machine_type.csv@L237 | data/Machine_type.csv@L350 | data/Machine_type.csv@L54
1060000	数值	big5	3	data/Machine_type.csv@L151 | data/Machine_type.csv@L234 | data/Machine_type.csv@L60
11000	数值	big5	3	data/Machine_type.csv@L38 | data/Machine_type.csv@L40 | data/Stages.csv@L17
130000	数值	big5	3	data/Machine_type.csv@L192 | data/Machine_type.csv@L46 | data/Machine_type.csv@L48
132000	数值	big5	3	data/Machine_type.csv@L227 | data/Machine_type.csv@L290 | data/Machine_type.csv@L305
1320000	数值	big5	3	data/Machine_type.csv@L227 | data/Machine_type.csv@L290 | data/Machine_type.csv@L305
139000	数值	big5	3	data/Machine_type.csv@L118 | data/Machine_type.csv@L216 | data/Machine_type.csv@L70
1390000	数值	big5	3	data/Machine_type.csv@L118 | data/Machine_type.csv@L216 | data/Machine_type.csv@L70
140000	数值	big5	3	data/Machine_type.csv@L244 | data/Machine_type.csv@L35 | data/Machine_type.csv@L50
158	数值	big5	3	data/Machine_type.csv@L113 | data/Machine_type.csv@L160 | data/Machine_type.csv@L9
159	数值	big5	3	data/Machine_type.csv@L10 | data/Machine_type.csv@L114 | data/Machine_type.csv@L161
161	数值	big5	3	data/Machine_type.csv@L115 | data/Machine_type.csv@L163 | data/product1.csv@L100
164	数值	big5	3	data/Machine_type.csv@L116 | data/Machine_type.csv@L166 | data/smapclr.csv@L27
165000	数值	big5	3	data/Machine_type.csv@L309 | data/building.csv@L27 | data/building.csv@L61
168	数值	big5	3	data/Machine_type.csv@L128 | data/Machine_type.csv@L170 | data/smapclr.csv@L12
169	数值	big5	3	data/Machine_type.csv@L129 | data/Machine_type.csv@L171 | data/smapclr.csv@L13
171	数值	big5	3	data/Machine_type.csv@L130 | data/Machine_type.csv@L173 | data/Machine_type.csv@L18
172	数值	big5	3	data/Machine_type.csv@L130 | data/Machine_type.csv@L174 | data/Machine_type.csv@L19
175000	数值	big5	3	data/Machine_type.csv@L74 | data/building.csv@L12 | data/building.csv@L46
178	数值	big5	3	data/Machine_type.csv@L138 | data/Machine_type.csv@L180 | data/Machine_type.csv@L34
179	数值	big5	3	data/Machine_type.csv@L139 | data/Machine_type.csv@L181 | data/Machine_type.csv@L35
184	数值	big5	3	data/Machine_type.csv@L141 | data/Machine_type.csv@L186 | data/Machine_type.csv@L52
184000	数值	big5	3	data/Machine_type.csv@L226 | data/Machine_type.csv@L254 | data/Machine_type.csv@L289
1840000	数值	big5	3	data/Machine_type.csv@L226 | data/Machine_type.csv@L254 | data/Machine_type.csv@L289
185	数值	big5	3	data/Machine_type.csv@L152 | data/Machine_type.csv@L187 | data/Machine_type.csv@L53
187	数值	big5	3	data/Machine_type.csv@L153 | data/Machine_type.csv@L189 | data/Machine_type.csv@L55
188	数值	big5	3	data/Machine_type.csv@L153 | data/Machine_type.csv@L190 | data/Machine_type.csv@L56
189	数值	big5	3	data/Machine_type.csv@L154 | data/Machine_type.csv@L191 | data/Machine_type.csv@L62
190000	数值	big5	3	data/Machine_type.csv@L47 | data/building.csv@L15 | data/building.csv@L49
191	数值	big5	3	data/Machine_type.csv@L155 | data/Machine_type.csv@L193 | data/Machine_type.csv@L64
193	数值	big5	3	data/Machine_type.csv@L156 | data/Machine_type.csv@L195 | data/Machine_type.csv@L66
195	数值	big5	3	data/Machine_type.csv@L162 | data/Machine_type.csv@L197 | data/Machine_type.csv@L78
197	数值	big5	3	data/Machine_type.csv@L163 | data/Machine_type.csv@L199 | data/Machine_type.csv@L80
198	数值	big5	3	data/Machine_type.csv@L163 | data/Machine_type.csv@L200 | data/Machine_type.csv@L81
199	数值	big5	3	data/Machine_type.csv@L164 | data/Machine_type.csv@L201 | data/Machine_type.csv@L87
200000	数值	big5	3	data/Machine_type.csv@L138 | data/Machine_type.csv@L51 | data/building.csv@L110
20000000	数值	big5	3	data/Stages.csv@L10 | data/Stages.csv@L12 | data/Stages.csv@L17
203	数值	big5	3	data/Machine_type.csv@L166 | data/Machine_type.csv@L205 | data/Machine_type.csv@L91
204	数值	big5	3	data/Machine_type.csv@L102 | data/Machine_type.csv@L166 | data/Machine_type.csv@L206
207	数值	big5	3	data/Machine_type.csv@L105 | data/Machine_type.csv@L178 | data/Machine_type.csv@L209
208	数值	big5	3	data/Machine_type.csv@L106 | data/Machine_type.csv@L178 | data/Machine_type.csv@L210
209	数值	big5	3	data/Machine_type.csv@L112 | data/Machine_type.csv@L179 | data/Machine_type.csv@L211
210	数值	big5	3	data/Machine_type.csv@L113 | data/Machine_type.csv@L179 | data/Machine_type.csv@L212
212	数值	big5	3	data/Machine_type.csv@L115 | data/Machine_type.csv@L180 | data/Machine_type.csv@L214
213	数值	big5	3	data/Machine_type.csv@L116 | data/Machine_type.csv@L181 | data/Machine_type.csv@L215
214	数值	big5	3	data/Machine_type.csv@L127 | data/Machine_type.csv@L181 | data/Machine_type.csv@L216
216	数值	big5	3	data/Machine_type.csv@L129 | data/Machine_type.csv@L192 | data/Machine_type.csv@L218
217	数值	big5	3	data/Machine_type.csv@L130 | data/Machine_type.csv@L193 | data/Machine_type.csv@L219
224	数值	big5	3	data/Machine_type.csv@L152 | data/Machine_type.csv@L196 | data/Machine_type.csv@L226
226	数值	big5	3	data/Machine_type.csv@L154 | data/Machine_type.csv@L207 | data/Machine_type.csv@L228
227	数值	big5	3	data/Machine_type.csv@L155 | data/Machine_type.csv@L208 | data/Machine_type.csv@L229
228	数值	big5	3	data/Machine_type.csv@L156 | data/Machine_type.csv@L208 | data/Machine_type.csv@L230
231	数值	big5	3	data/Machine_type.csv@L164 | data/Machine_type.csv@L210 | data/Machine_type.csv@L233
233	数值	big5	3	data/Machine_type.csv@L166 | data/Machine_type.csv@L211 | data/Machine_type.csv@L235
234	数值	big5	3	data/Machine_type.csv@L177 | data/Machine_type.csv@L211 | data/Machine_type.csv@L236
235	数值	big5	3	data/Machine_type.csv@L178 | data/Machine_type.csv@L217 | data/Machine_type.csv@L237
237	数值	big5	3	data/Machine_type.csv@L180 | data/Machine_type.csv@L218 | data/Machine_type.csv@L239
238	数值	big5	3	data/Machine_type.csv@L181 | data/Machine_type.csv@L218 | data/Machine_type.csv@L240
240	数值	big5	3	data/Machine_type.csv@L193 | data/Machine_type.csv@L219 | data/Machine_type.csv@L242
242	数值	big5	3	data/Machine_type.csv@L195 | data/Machine_type.csv@L220 | data/Machine_type.csv@L244
243	数值	big5	3	data/Machine_type.csv@L196 | data/Machine_type.csv@L221 | data/Machine_type.csv@L245
244	数值	big5	3	data/Machine_type.csv@L207 | data/Machine_type.csv@L221 | data/Machine_type.csv@L246
245	数值	big5	3	data/Machine_type.csv@L208 | data/Machine_type.csv@L232 | data/Machine_type.csv@L247
246	数值	big5	3	data/Machine_type.csv@L209 | data/Machine_type.csv@L232 | data/Machine_type.csv@L248
247	数值	big5	3	data/Machine_type.csv@L210 | data/Machine_type.csv@L233 | data/Machine_type.csv@L249
249	数值	big5	3	data/Machine_type.csv@L217 | data/Machine_type.csv@L234 | data/Machine_type.csv@L251
251	数值	big5	3	data/Machine_type.csv@L219 | data/Machine_type.csv@L235 | data/Machine_type.csv@L253
252	数值	big5	3	data/Machine_type.csv@L220 | data/Machine_type.csv@L235 | data/Machine_type.csv@L254
253	数值	big5	3	data/Machine_type.csv@L221 | data/Machine_type.csv@L236 | data/Machine_type.csv@L255
254	数值	big5	3	data/Machine_type.csv@L232 | data/Machine_type.csv@L236 | data/Machine_type.csv@L256
257	数值	big5	3	data/Machine_type.csv@L235 | data/Machine_type.csv@L243 | data/Machine_type.csv@L259
258	数值	big5	3	data/Machine_type.csv@L236 | data/Machine_type.csv@L243 | data/Machine_type.csv@L260
2580	数值	big5	3	data/Machine_type.csv@L29 | data/Machine_type.csv@L30 | data/Machine_type.csv@L31
259	数值	big5	3	data/Machine_type.csv@L242 | data/Machine_type.csv@L244 | data/Machine_type.csv@L261
260	数值	big5	3	data/Machine_type.csv@L243 | data/Machine_type.csv@L244 | data/Machine_type.csv@L262
261	数值	big5	3	data/Machine_type.csv@L244 | data/Machine_type.csv@L245 | data/Machine_type.csv@L263
265	数值	big5	3	data/Machine_type.csv@L257 | data/Machine_type.csv@L258 | data/Machine_type.csv@L267
266	数值	big5	3	data/Machine_type.csv@L257 | data/Machine_type.csv@L259 | data/Machine_type.csv@L268
267	数值	big5	3	data/Machine_type.csv@L258 | data/Machine_type.csv@L260 | data/Machine_type.csv@L269
268	数值	big5	3	data/Machine_type.csv@L258 | data/Machine_type.csv@L261 | data/Machine_type.csv@L270
269	数值	big5	3	data/Machine_type.csv@L259 | data/Machine_type.csv@L267 | data/Machine_type.csv@L271
270	数值	big5	3	data/Machine_type.csv@L259 | data/Machine_type.csv@L268 | data/Machine_type.csv@L272
271	数值	big5	3	data/Machine_type.csv@L260 | data/Machine_type.csv@L269 | data/Machine_type.csv@L273
272	数值	big5	3	data/Machine_type.csv@L260 | data/Machine_type.csv@L270 | data/Machine_type.csv@L274
273	数值	big5	3	data/Machine_type.csv@L261 | data/Machine_type.csv@L271 | data/Machine_type.csv@L275
274	数值	big5	3	data/Machine_type.csv@L261 | data/Machine_type.csv@L276 | data/Machine_type.csv@L282
275	数值	big5	3	data/Machine_type.csv@L267 | data/Machine_type.csv@L277 | data/Machine_type.csv@L283
276	数值	big5	3	data/Machine_type.csv@L267 | data/Machine_type.csv@L278 | data/Machine_type.csv@L284
2760000	数值	big5	3	data/Machine_type.csv@L104 | data/Machine_type.csv@L183 | data/Machine_type.csv@L301
277	数值	big5	3	data/Machine_type.csv@L268 | data/Machine_type.csv@L279 | data/Machine_type.csv@L285
278	数值	big5	3	data/Machine_type.csv@L268 | data/Machine_type.csv@L280 | data/Machine_type.csv@L290
279	数值	big5	3	data/Machine_type.csv@L269 | data/Machine_type.csv@L281 | data/Machine_type.csv@L291
281	数值	big5	3	data/Machine_type.csv@L270 | data/Machine_type.csv@L283 | data/Machine_type.csv@L293
282	数值	big5	3	data/Machine_type.csv@L270 | data/Machine_type.csv@L284 | data/Machine_type.csv@L302
283	数值	big5	3	data/Machine_type.csv@L271 | data/Machine_type.csv@L285 | data/Machine_type.csv@L303
284	数值	big5	3	data/Machine_type.csv@L271 | data/Machine_type.csv@L286 | data/Machine_type.csv@L304
285	数值	big5	3	data/Machine_type.csv@L282 | data/Machine_type.csv@L287 | data/Machine_type.csv@L305
286	数值	big5	3	data/Machine_type.csv@L282 | data/Machine_type.csv@L288 | data/Machine_type.csv@L306
2867	数值	big5	3	data/Machine_type.csv@L26 | data/Machine_type.csv@L27 | data/Machine_type.csv@L28
287	数值	big5	3	data/Machine_type.csv@L283 | data/Machine_type.csv@L289 | data/Machine_type.csv@L312
288	数值	big5	3	data/Machine_type.csv@L283 | data/Machine_type.csv@L290 | data/Machine_type.csv@L313
290	数值	big5	3	data/Machine_type.csv@L284 | data/Machine_type.csv@L292 | data/Machine_type.csv@L315
291	数值	big5	3	data/Machine_type.csv@L285 | data/Machine_type.csv@L293 | data/Machine_type.csv@L316
292	数值	big5	3	data/Machine_type.csv@L285 | data/Machine_type.csv@L294 | data/Machine_type.csv@L327
293	数值	big5	3	data/Machine_type.csv@L290 | data/Machine_type.csv@L295 | data/Machine_type.csv@L328
294	数值	big5	3	data/Machine_type.csv@L290 | data/Machine_type.csv@L296 | data/Machine_type.csv@L329
295	数值	big5	3	data/Machine_type.csv@L291 | data/Machine_type.csv@L297 | data/Machine_type.csv@L330
296	数值	big5	3	data/Machine_type.csv@L291 | data/Machine_type.csv@L298 | data/Machine_type.csv@L331
298	数值	big5	3	data/Machine_type.csv@L292 | data/Machine_type.csv@L300 | data/Machine_type.csv@L338
3000	数值	big5	3	data/Machine_type.csv@L33 | data/Stages.csv@L12 | data/Stages.csv@L13
3000000	数值	big5	3	data/Machine_type.csv@L170 | data/Machine_type.csv@L257 | data/Stages.csv@L2
301	数值	big5	3	data/Machine_type.csv@L302 | data/Machine_type.csv@L303 | data/Machine_type.csv@L341
302	数值	big5	3	data/Machine_type.csv@L302 | data/Machine_type.csv@L304 | data/Machine_type.csv@L352
303	数值	big5	3	data/Machine_type.csv@L303 | data/Machine_type.csv@L305 | data/Machine_type.csv@L353
304	数值	big5	3	data/Machine_type.csv@L303 | data/Machine_type.csv@L306 | data/Machine_type.csv@L354
305	数值	big5	3	data/Machine_type.csv@L304 | data/Machine_type.csv@L307 | data/Machine_type.csv@L358
306	数值	big5	3	data/Machine_type.csv@L304 | data/Machine_type.csv@L308 | data/Machine_type.csv@L359
307	数值	big5	3	data/Machine_type.csv@L305 | data/Machine_type.csv@L309 | data/Machine_type.csv@L360
3186	数值	big5	3	data/Machine_type.csv@L23 | data/Machine_type.csv@L24 | data/Machine_type.csv@L25
320	数值	big5	3	data/AI_style.csv@L7 | data/Machine_type.csv@L316 | data/Machine_type.csv@L322
32000	数值	big5	3	data/Machine_type.csv@L26 | data/Machine_type.csv@L343 | data/building.csv@L76
325	数值	big5	3	data/Machine_type.csv@L327 | data/Machine_type.csv@L329 | data/product1.csv@L61
336	数值	big5	3	data/Machine_type.csv@L338 | data/Machine_type.csv@L339 | data/product1.csv@L21
340	数值	big5	3	data/AI_style.csv@L8 | data/Machine_type.csv@L341 | data/Machine_type.csv@L342
342	数值	big5	3	data/Machine_type.csv@L344 | data/Machine_type.csv@L352 | data/product1.csv@L50
343	数值	big5	3	data/Machine_type.csv@L345 | data/Machine_type.csv@L353 | data/product1.csv@L44
348	数值	big5	3	data/Machine_type.csv@L350 | data/Machine_type.csv@L358 | data/Machine_type.csv@L5
35000	数值	big5	3	data/Machine_type.csv@L233 | data/Machine_type.csv@L27 | data/building.csv@L82
351	数值	big5	3	data/Machine_type.csv@L11 | data/Machine_type.csv@L353 | data/Machine_type.csv@L360
3541	数值	big5	3	data/Machine_type.csv@L20 | data/Machine_type.csv@L21 | data/Machine_type.csv@L22
360	数值	big5	3	data/Machine_type.csv@L26 | data/Machine_type.csv@L362 | data/Stages.csv@L21
36000	数值	big5	3	data/Machine_type.csv@L29 | data/Machine_type.csv@L93 | data/building.csv@L91
378	数值	big5	3	data/Machine_type.csv@L57 | data/product1.csv@L59 | data/product1.csv@L95
380000	数值	big5	3	data/Machine_type.csv@L127 | data/Machine_type.csv@L166 | data/Machine_type.csv@L58
389	数值	big5	3	data/Machine_type.csv@L73 | data/mapcity.csv@L22 | data/mapcity.csv@L49
3935	数值	big5	3	data/Machine_type.csv@L17 | data/Machine_type.csv@L18 | data/Machine_type.csv@L19
396000	数值	big5	3	data/Machine_type.csv@L267 | data/building.csv@L28 | data/building.csv@L62
40000000	数值	big5	3	data/Stages.csv@L13 | data/Stages.csv@L15 | data/formula.csv@L122
408	数值	big5	3	data/Machine_type.csv@L107 | data/product1.csv@L63 | data/product1.csv@L64
426	数值	big5	3	data/Machine_type.csv@L11 | data/Machine_type.csv@L135 | data/product1.csv@L38
430	数值	big5	3	data/Machine_type.csv@L13 | data/Machine_type.csv@L144 | data/product1.csv@L51
437	数值	big5	3	data/Machine_type.csv@L151 | data/Machine_type.csv@L16 | data/product1.csv@L57
438	数值	big5	3	data/Machine_type.csv@L157 | data/Machine_type.csv@L20 | data/product1.csv@L36
440	数值	big5	3	data/Machine_type.csv@L159 | data/Machine_type.csv@L21 | data/product1.csv@L12
440000	数值	big5	3	data/Machine_type.csv@L125 | data/Machine_type.csv@L19 | data/Machine_type.csv@L63
444	数值	big5	3	data/Machine_type.csv@L168 | data/Machine_type.csv@L26 | data/product1.csv@L48
454	数值	big5	3	data/Machine_type.csv@L183 | data/Machine_type.csv@L31 | data/product1.csv@L55
455	数值	big5	3	data/Machine_type.csv@L184 | data/Machine_type.csv@L31 | data/product1.csv@L74
456000	数值	big5	3	data/Machine_type.csv@L129 | data/building.csv@L16 | data/building.csv@L50
458	数值	big5	3	data/Machine_type.csv@L187 | data/Machine_type.csv@L37 | data/product1.csv@L99
460000	数值	big5	3	data/Machine_type.csv@L223 | data/Machine_type.csv@L243 | data/Machine_type.csv@L287
461	数值	big5	3	data/Machine_type.csv@L190 | data/Machine_type.csv@L38 | data/product1.csv@L56
472	数值	big5	3	data/Machine_type.csv@L206 | data/Machine_type.csv@L48 | data/product1.csv@L81
473	数值	big5	3	data/Machine_type.csv@L212 | data/Machine_type.csv@L48 | data/product1.csv@L59
476000	数值	big5	3	data/Machine_type.csv@L358 | data/Machine_type.csv@L359 | data/Machine_type.csv@L360
4760000	数值	big5	3	data/Machine_type.csv@L358 | data/Machine_type.csv@L359 | data/Machine_type.csv@L360
478	数值	big5	3	data/Machine_type.csv@L222 | data/Machine_type.csv@L51 | data/product1.csv@L54
4800	数值	big5	3	data/building.csv@L104 | data/building.csv@L85 | data/building.csv@L87
490	数值	big5	3	data/Machine_type.csv@L239 | data/Machine_type.csv@L67 | data/Stages.csv@L21
510	数值	big5	3	data/Machine_type.csv@L274 | data/Machine_type.csv@L82 | data/product1.csv@L60
52000	数值	big5	3	data/Machine_type.csv@L193 | data/Machine_type.csv@L228 | data/Machine_type.csv@L291
520000	数值	big5	3	data/Machine_type.csv@L193 | data/Machine_type.csv@L228 | data/Machine_type.csv@L291
546	数值	big5	3	data/Machine_type.csv@L110 | data/Machine_type.csv@L333 | data/product1.csv@L62
547000	数值	big5	3	data/Machine_type.csv@L361 | data/Machine_type.csv@L362 | data/Machine_type.csv@L363
5470000	数值	big5	3	data/Machine_type.csv@L361 | data/Machine_type.csv@L362 | data/Machine_type.csv@L363
555	数值	big5	3	data/Machine_type.csv@L119 | data/Machine_type.csv@L347 | data/product1.csv@L45
560	数值	big5	3	data/Machine_type.csv@L122 | data/Machine_type.csv@L355 | data/product1.csv@L98
568	数值	big5	3	data/Machine_type.csv@L126 | data/Machine_type.csv@L366 | data/product1.csv@L41
575	数值	big5	3	data/Machine_type.csv@L134 | data/Machine_type.csv@L6 | data/Stages.csv@L11
583	数值	big5	3	data/Machine_type.csv@L143 | data/Machine_type.csv@L20 | data/product1.csv@L97
589	数值	big5	3	data/Machine_type.csv@L146 | data/Machine_type.csv@L29 | data/product1.csv@L84
598	数值	big5	3	data/Machine_type.csv@L151 | data/Machine_type.csv@L46 | data/product1.csv@L52
5` J	ASCII	ascii	3	CEO.exe@RVA 99A64 | CEO.exe@RVA 99C6A | CEO.exe@RVA 9CF93
608	数值	big5	3	data/Machine_type.csv@L161 | data/Machine_type.csv@L61 | data/product1.csv@L46
629000	数值	big5	3	data/Machine_type.csv@L364 | data/Machine_type.csv@L365 | data/Machine_type.csv@L366
6290000	数值	big5	3	data/Machine_type.csv@L364 | data/Machine_type.csv@L365 | data/Machine_type.csv@L366
640000	数值	big5	3	data/Machine_type.csv@L126 | data/Machine_type.csv@L28 | data/Machine_type.csv@L329
6500000	数值	big5	3	data/formula.csv@L125 | data/formula.csv@L126 | data/formula.csv@L128
659	数值	big5	3	data/Machine_type.csv@L147 | data/Machine_type.csv@L201 | data/product1.csv@L58
66000	数值	big5	3	data/Machine_type.csv@L80 | data/building.csv@L26 | data/building.csv@L60
672	数值	big5	3	data/Machine_type.csv@L170 | data/Machine_type.csv@L213 | data/product1.csv@L47
680	数值	big5	3	data/Machine_type.csv@L183 | data/Machine_type.csv@L222 | data/product1.csv@L55
687	数值	big5	3	data/Machine_type.csv@L190 | data/Machine_type.csv@L225 | data/product1.csv@L42
690000	数值	big5	3	data/Machine_type.csv@L182 | data/Machine_type.csv@L299 | data/Machine_type.csv@L82
722	数值	big5	3	data/Machine_type.csv@L250 | data/Machine_type.csv@L253 | data/product1.csv@L79
76000	数值	big5	3	data/Machine_type.csv@L207 | data/building.csv@L14 | data/building.csv@L48
764	数值	big5	3	data/Machine_type.csv@L288 | data/Machine_type.csv@L320 | data/product1.csv@L57
765	数值	big5	3	data/Machine_type.csv@L288 | data/Machine_type.csv@L321 | data/product1.csv@L29
766	数值	big5	3	data/Machine_type.csv@L289 | data/Machine_type.csv@L322 | data/product1.csv@L60
768	数值	big5	3	data/Machine_type.csv@L294 | data/Machine_type.csv@L324 | data/Stages.csv@L19
78000	数值	big5	3	data/Machine_type.csv@L340 | data/building.csv@L23 | data/building.csv@L57
792	数值	big5	3	data/Machine_type.csv@L311 | data/Machine_type.csv@L364 | data/product1.csv@L12
8csm	ASCII	ascii	3	CEO.exe@RVA 8A381 | CEO.exe@RVA 8D7FF | CEO.exe@RVA 93207
90000	数值	big5	3	data/Machine_type.csv@L32 | data/Machine_type.csv@L34 | data/Machine_type.csv@L92
97000	数值	big5	3	data/Machine_type.csv@L235 | data/Machine_type.csv@L344 | data/Machine_type.csv@L57
970000	数值	big5	3	data/Machine_type.csv@L235 | data/Machine_type.csv@L344 | data/Machine_type.csv@L57
=x9K	ASCII	ascii	3	CEO.exe@RVA 69FF0 | CEO.exe@RVA 6A167 | CEO.exe@RVA 6A5AD
?es-8R	ASCII	ascii	3	CEO.exe@RVA A6157 | CEO.exe@RVA A615F | CEO.exe@RVA A6177
BOARD_COLOR,	ASCII	ascii	3	Face/face_machine.h@L24 | Face/face_put_machine.h@L15 | Face/factinf_pro.h@L56
BOARD_SUM,	ASCII	ascii	3	Face/face_machine.h@L26 | Face/face_put_machine.h@L17 | Face/factinf_pro.h@L25
BTN_ADD,	ASCII	ascii	3	Face/IO_rule_1.h@L5 | Face/RetailMachine.h@L4 | Face/face_retailmachine.h@L27
BTN_BG_2,	ASCII	ascii	3	Face/FirmLoadArea-1.h@L3 | Face/SaleMachine.h@L3 | Face/main.h@L3
BTN_BG_3,	ASCII	ascii	3	Face/FirmLoadArea-1.h@L4 | Face/SaleMachine.h@L4 | Face/main.h@L4
BTN_CANCEL,	ASCII	ascii	3	Face/GameSetting.h@L30 | Face/ceo_regist.h@L11 | Face/face_license.h@L9
BTN_DECONST,	ASCII	ascii	3	Face/BuildingFirm.h@L2 | Face/MyFirmManage-1.h@L5 | Face/MyFirmManage.h@L4
BTN_ENTER,	ASCII	ascii	3	Face/MyFirmInfo-Mine.h@L2 | Face/MyFirmInfo.h@L2 | Face/MyFirmManage-1.h@L6
BTN_MANAGER_ADD,	ASCII	ascii	3	Face/FirmMachine.h@L5 | Face/SalaryAdjust.h@L4 | Face/face_put_machine.h@L22
BTN_MANAGER_MINUS,	ASCII	ascii	3	Face/FirmMachine.h@L6 | Face/SalaryAdjust.h@L6 | Face/face_put_machine.h@L21
BTN_OK	ASCII	ascii	3	Face/NoMoney.h@L3 | Face/face_stage_info.h@L3 | Face/face_task.h@L3
BTN_OK,	ASCII	ascii	3	Face/GameSetting.h@L29 | Face/ceo_regist.h@L10 | Face/face_license.h@L8
BTN_WORKER_ADD,	ASCII	ascii	3	Face/FirmMachine.h@L8 | Face/SalaryAdjust.h@L11 | Face/face_put_machine.h@L24
BTN_WORKER_MINUS,	ASCII	ascii	3	Face/FirmMachine.h@L7 | Face/SalaryAdjust.h@L9 | Face/face_put_machine.h@L23
C5	ASCII	big5	3	data/formula.csv@L105 | data/formula.csv@L143 | data/formula.csv@L79
COLOR1,	ASCII	ascii	3	Face/lose_face.h@L16 | Face/taskplay.h@L88 | Face/win_face.h@L44
COLOR1_NAME,	ASCII	ascii	3	Face/lose_face.h@L17 | Face/taskplay.h@L89 | Face/win_face.h@L45
COLOR2,	ASCII	ascii	3	Face/lose_face.h@L18 | Face/taskplay.h@L90 | Face/win_face.h@L46
COLOR2_NAME,	ASCII	ascii	3	Face/lose_face.h@L19 | Face/taskplay.h@L91 | Face/win_face.h@L47
COLOR3,	ASCII	ascii	3	Face/lose_face.h@L20 | Face/taskplay.h@L92 | Face/win_face.h@L48
COLOR3_NAME,	ASCII	ascii	3	Face/lose_face.h@L21 | Face/taskplay.h@L93 | Face/win_face.h@L49
COLOR4,	ASCII	ascii	3	Face/lose_face.h@L22 | Face/taskplay.h@L94 | Face/win_face.h@L50
COLOR4_NAME,	ASCII	ascii	3	Face/lose_face.h@L23 | Face/taskplay.h@L95 | Face/win_face.h@L51
COLOR5,	ASCII	ascii	3	Face/lose_face.h@L24 | Face/taskplay.h@L96 | Face/win_face.h@L52
COLOR5_NAME,	ASCII	ascii	3	Face/lose_face.h@L25 | Face/taskplay.h@L97 | Face/win_face.h@L53
COLOR6,	ASCII	ascii	3	Face/lose_face.h@L26 | Face/taskplay.h@L98 | Face/win_face.h@L54
Crx\t	ASCII	ascii	3	stage/stage14.stg@seg1713+0xB | stage/stage14.stg@seg1719+0xB | stage/stage14.stg@seg1723+0xB
F )E	ASCII	ascii	3	CEO.exe@RVA 84C77 | CEO.exe@RVA 851F2 | CEO.exe@RVA 851FA
LCS-	ASCII	ascii	3	stage/stage10.stg@seg526+0xB | stage/stage10.stg@seg532+0xB | stage/stage10.stg@seg534+0xB
NPPQ	ASCII	ascii	3	CEO.exe@RVA 1C1B8 | CEO.exe@RVA 35E0D | CEO.exe@RVA F1BC
P1 = (標準價 + 標準價) * 100 / (標準價 + 價錢)	中文	big5	3	data/formula.csv@L79 | data/formula.csv@L88 | data/formula.csv@L94
PQRS	ASCII	ascii	3	CEO.exe@RVA 26A4D | CEO.exe@RVA 7EAAE | CEO.exe@RVA 7EBEE
PVQR	ASCII	ascii	3	CEO.exe@RVA 7BF30 | CEO.exe@RVA 7C01E | CEO.exe@RVA 7C117
QPPh	ASCII	ascii	3	CEO.exe@RVA 5391D | CEO.exe@RVA 5A613 | CEO.exe@RVA B529
QRPj	ASCII	ascii	3	CEO.exe@RVA 19531 | CEO.exe@RVA 28286 | CEO.exe@RVA 28D1F
QRWSP	ASCII	ascii	3	CEO.exe@RVA 66CEB | CEO.exe@RVA 66D80 | CEO.exe@RVA 66F90
R-O\t	ASCII	ascii	3	stage/stage08.stg@seg582+0xB | stage/stage08.stg@seg586+0xB | stage/stage08.stg@seg589+0xB
RPQW	ASCII	ascii	3	CEO.exe@RVA 2DECC | CEO.exe@RVA 3692E | CEO.exe@RVA 369DE
RPSQ	ASCII	ascii	3	CEO.exe@RVA 34AE6 | CEO.exe@RVA 5A9A0 | CEO.exe@RVA 7FC13
RPWQ	ASCII	ascii	3	CEO.exe@RVA 3CA6 | CEO.exe@RVA 3EBE | CEO.exe@RVA 3FA9
S$WQ	ASCII	ascii	3	CEO.exe@RVA 746EB | CEO.exe@RVA 7470D | CEO.exe@RVA 74740
SHOW_IN_NAME_1,	ASCII	ascii	3	Face/FirmMachine.h@L20 | Face/face_machine.h@L32 | Face/face_put_machine.h@L7
SHOW_IN_NAME_2,	ASCII	ascii	3	Face/FirmMachine.h@L21 | Face/face_machine.h@L33 | Face/face_put_machine.h@L8
SHOW_IN_NAME_3,	ASCII	ascii	3	Face/FirmMachine.h@L22 | Face/face_machine.h@L34 | Face/face_put_machine.h@L9
SHOW_IN_NAME_4,	ASCII	ascii	3	Face/FirmMachine.h@L23 | Face/face_machine.h@L35 | Face/face_put_machine.h@L10
SHOW_IN_NUM_1,	ASCII	ascii	3	Face/FirmMachine.h@L28 | Face/face_machine.h@L36 | Face/face_put_machine.h@L11
SHOW_IN_NUM_2,	ASCII	ascii	3	Face/FirmMachine.h@L29 | Face/face_machine.h@L37 | Face/face_put_machine.h@L12
SHOW_IN_NUM_3,	ASCII	ascii	3	Face/FirmMachine.h@L30 | Face/face_machine.h@L38 | Face/face_put_machine.h@L13
SHOW_IN_NUM_4,	ASCII	ascii	3	Face/FirmMachine.h@L31 | Face/face_machine.h@L39 | Face/face_put_machine.h@L14
SHOW_MONTH_1,	ASCII	ascii	3	Face/FirmMachine.h@L35 | Face/MyFirmReport.h@L5 | Face/face_machine.h@L46
SHOW_MONTH_2,	ASCII	ascii	3	Face/FirmMachine.h@L36 | Face/MyFirmReport.h@L6 | Face/face_machine.h@L47
SHOW_MONTH_3,	ASCII	ascii	3	Face/FirmMachine.h@L37 | Face/MyFirmReport.h@L7 | Face/face_machine.h@L48
SHOW_MONTH_4,	ASCII	ascii	3	Face/FirmMachine.h@L38 | Face/MyFirmReport.h@L8 | Face/face_machine.h@L49
SHOW_PROFIT_1,	ASCII	ascii	3	Face/EnemyFirmInfo.h@L4 | Face/MyFirmInfo-Mine.h@L6 | Face/MyFirmInfo-Up.h@L6
SHOW_STOCK,	ASCII	ascii	3	Face/FirmLoadArea_ItemBoard.h@L8 | Face/RetailMachine.h@L20 | Face/face_retailmachine.h@L30
SHOW_YEAR,	ASCII	ascii	3	Face/GameSetting.h@L14 | Face/SaleMachineInfo.h@L11 | Face/main.h@L20
SVWh	ASCII	ascii	3	CEO.exe@RVA 5D173 | CEO.exe@RVA 5D543 | CEO.exe@RVA 6CBCA
UNUSE_OBJ37,	ASCII	ascii	3	Face/IO_rule_1.h@L34 | Face/extface_putland.h@L38 | Face/sreport.h@L38
UNUSE_OBJ39,	ASCII	ascii	3	Face/IO_rule_1.h@L36 | Face/inoutinfo.h@L40 | Face/sreport.h@L40
UNUSE_OBJ41,	ASCII	ascii	3	Face/IO_rule_1.h@L37 | Face/face_retailmachine.h@L42 | Face/prod_info.h@L42
UNUSE_OBJ45,	ASCII	ascii	3	Face/IO_rule_1.h@L40 | Face/factinf_pro.h@L46 | Face/inoutinfo.h@L3
V$PQ	ASCII	ascii	3	CEO.exe@RVA 70CB0 | CEO.exe@RVA 7390B | CEO.exe@RVA 73918
\'^F	ASCII	ascii	3	stage/stage11.stg@seg2737+0xB | stage/stage11.stg@seg2746+0xB | stage/stage11.stg@seg2749+0xB
^`L*	ASCII	ascii	3	stage/stage09.stg@seg637+0xB | stage/stage09.stg@seg640+0xB | stage/stage09.stg@seg652+0xB
`Nc\t	ASCII	ascii	3	stage/stage14.stg@seg1595+0xB | stage/stage14.stg@seg1599+0xB | stage/stage14.stg@seg1600+0xB
a-_5	ASCII	ascii	3	stage/stage09.stg@seg528+0xB | stage/stage09.stg@seg540+0xB | stage/stage09.stg@seg545+0xB
b-0.	ASCII	ascii	3	stage/stage09.stg@seg503+0xB | stage/stage09.stg@seg504+0xB | stage/stage09.stg@seg557+0xB
f9T;	ASCII	ascii	3	CEO.exe@RVA 81603 | CEO.exe@RVA 81A35 | CEO.exe@RVA 829F1
hPMJ	ASCII	ascii	3	CEO.exe@RVA 6A10D | CEO.exe@RVA 6A14D | CEO.exe@RVA 6A24E
hl(J	ASCII	ascii	3	CEO.exe@RVA 4B2F3 | CEO.exe@RVA 56126 | CEO.exe@RVA B5D9
j/h{	ASCII	ascii	3	CEO.exe@RVA 1B3A4 | CEO.exe@RVA 1C22C | CEO.exe@RVA 91B2
j<PQ	ASCII	ascii	3	CEO.exe@RVA 28370 | CEO.exe@RVA 2849D | CEO.exe@RVA 2C868
j<SW	ASCII	ascii	3	CEO.exe@RVA 8BE66 | CEO.exe@RVA 8BE82 | CEO.exe@RVA 8BEB7
t"Ht	ASCII	ascii	3	CEO.exe@RVA 488E4 | CEO.exe@RVA 53807 | CEO.exe@RVA 53A8B
t'BR	ASCII	ascii	3	CEO.exe@RVA 79D0D | CEO.exe@RVA 79D43 | CEO.exe@RVA 79D9D
u+E6	ASCII	ascii	3	CEO.exe@RVA ABF11 | CEO.exe@RVA AC491 | CEO.exe@RVA ACF91
~eVW	ASCII	ascii	3	CEO.exe@RVA 25DFF | CEO.exe@RVA 299BF | CEO.exe@RVA 405F
七十一已開發出 %s 這項新產品，你們與其花大錢卻作不出任何東西，不如直接向我下訂單算了，有錢大家賺嘛！	中文	big5	3	data/Talk.csv@L21 | data/Talk.csv@L22 | data/Talk.csv@L23
加勒比海	中文	big5	3	CEO.exe@RVA B1CA0 | data/Stages.csv@L9 | data/maps.csv@L18
北京市	中文	big5	3	CEO.exe@RVA B1FC0 | data/Stages.csv@L11 | data/maps.csv@L5
北美洲	中文	big5	3	CEO.exe@RVA B2F60 | data/Stages.csv@L21 | data/maps.csv@L19
南美洲	中文	big5	3	CEO.exe@RVA B2150 | data/Stages.csv@L12 | data/maps.csv@L17
名稱	中文	big5	3	data/product1.csv@L1 | data/product2.csv@L1 | data/smapclr.csv@L1
和以往一樣，微硬又開發出了新產品 %s ，你們知道的，微硬就是有辦法！	中文	big5	3	data/Talk.csv@L24 | data/Talk.csv@L25 | data/Talk.csv@L26
單菱商社在此正式推出新產品 %s ，只要肯花錢，沒有我辦不到的事，哈哈哈！	中文	big5	3	data/Talk.csv@L12 | data/Talk.csv@L13 | data/Talk.csv@L14
夏威夷群島	中文	big5	3	CEO.exe@RVA B2C40 | data/Stages.csv@L19 | data/maps.csv@L16
工人	中文	big5	3	data/People_type.csv@L5 | data/People_type.csv@L6 | data/People_type.csv@L7
我—鐵男克勞斯，正式開發出新產品 %s ，身為萊因騎士的我，這項產品就算賣不出去我也絕不後悔！	中文	big5	3	data/Talk.csv@L27 | data/Talk.csv@L28 | data/Talk.csv@L29
本小姐鄭重宣告，耐急企業的新產品 %s 正式問世，當然，這也代表著女人的時代即將來臨！	中文	big5	3	data/Talk.csv@L15 | data/Talk.csv@L16 | data/Talk.csv@L17
東亞洲	中文	big5	3	CEO.exe@RVA B2600 | data/Stages.csv@L15 | data/maps.csv@L8
玩具	中文	big5	3	data/Mur.csv@L1 | data/Mur.csv@L99 | data/product1.csv@L98
矽礦	中文	big5	3	data/Mur.csv@L1 | data/Mur.csv@L7 | data/smapmenu.csv@L8
金礦	中文	big5	3	data/Mur.csv@L1 | data/Mur.csv@L3 | data/smapmenu.csv@L4
銀礦	中文	big5	3	data/Mur.csv@L1 | data/Mur.csv@L4 | data/smapmenu.csv@L5
鋁礦	中文	big5	3	data/Mur.csv@L1 | data/Mur.csv@L6 | data/smapmenu.csv@L7
鐵礦	中文	big5	3	data/Mur.csv@L1 | data/Mur.csv@L5 | data/smapmenu.csv@L6
阿拉伯半島	中文	big5	3	CEO.exe@RVA B2790 | data/Stages.csv@L16 | data/maps.csv@L14
電腦類	中文	big5	3	data/AIInfo.csv@L6 | data/AI_style.csv@L1 | data/Machine_group.csv@L10
食品類	中文	big5	3	data/AIInfo.csv@L5 | data/AI_style.csv@L1 | data/Machine_group.csv@L16
\t\tDO	ASCII	ascii	2	stage/stage05.stg@seg12+0x10 | stage/stage05.stg@seg13+0x10
 SW3	ASCII	ascii	2	CEO.exe@RVA 89542 | CEO.exe@RVA 89F18
 u(9A	ASCII	ascii	2	CEO.exe@RVA 6970F | CEO.exe@RVA 6975C
 u09A	ASCII	ascii	2	CEO.exe@RVA 697BF | CEO.exe@RVA 6981C
$9t?	ASCII	ascii	2	CEO.exe@RVA AC52C | CEO.exe@RVA ACECC
$SVW	ASCII	ascii	2	CEO.exe@RVA 1C535 | CEO.exe@RVA 6DFB3
% 'J	ASCII	ascii	2	CEO.exe@RVA 28CA6 | CEO.exe@RVA 47909
&2@UUUUUU	ASCII	ascii	2	CEO.exe@RVA AC455 | CEO.exe@RVA ACF55
(QWhI	ASCII	ascii	2	CEO.exe@RVA 5D20D | CEO.exe@RVA 5D5DD
(null)	ASCII	ascii/utf16le	2	CEO.exe@RVA A9DF4 | CEO.exe@RVA A9E04
(本廠)S0 = 100*MAX(0,(salary-平均所得/60))/(基本工資/2) * (att+200)/300	中文	big5	2	data/formula.csv@L36 | data/formula.csv@L43
(某區)民房可用人數 = S0 * S1 / C1	中文	big5	2	data/formula.csv@L38 | data/formula.csv@L45
+*tsJ	ASCII	ascii	2	CEO.exe@RVA AC700 | CEO.exe@RVA ACC80
,_^3	ASCII	ascii	2	CEO.exe@RVA 155F0 | CEO.exe@RVA 156E1
-70	数值	big5	2	data/build_relation.csv@L24 | data/build_relation.csv@L35
0034	数值	ascii	2	stage/stage06.stg@seg3065+0x0 | stage/stage06.stg@seg4136+0x0
0vB-	ASCII	ascii	2	CEO.exe@RVA AC7A0 | CEO.exe@RVA ACBC0
106000	数值	big5	2	data/Machine_type.csv@L234 | data/Machine_type.csv@L60
1100000	数值	big5	2	data/Machine_type.csv@L220 | data/Machine_type.csv@L86
111000	数值	big5	2	data/Machine_type.csv@L349 | data/Machine_type.csv@L62
1110000	数值	big5	2	data/Machine_type.csv@L349 | data/Machine_type.csv@L62
113000	数值	big5	2	data/Machine_type.csv@L100 | data/Machine_type.csv@L341
1130000	数值	big5	2	data/Machine_type.csv@L100 | data/Machine_type.csv@L341
1150000	数值	big5	2	data/Machine_type.csv@L222 | data/Machine_type.csv@L286
1166	数值	big5	2	data/mapcity.csv@L18 | data/mapcity.csv@L45
121000	数值	big5	2	data/Machine_type.csv@L113 | data/Machine_type.csv@L211
1210000	数值	big5	2	data/Machine_type.csv@L113 | data/Machine_type.csv@L211
122000	数值	big5	2	data/Machine_type.csv@L239 | data/Machine_type.csv@L65
1220000	数值	big5	2	data/Machine_type.csv@L239 | data/Machine_type.csv@L65
126000	数值	big5	2	data/Machine_type.csv@L225 | data/Machine_type.csv@L91
1260000	数值	big5	2	data/Machine_type.csv@L225 | data/Machine_type.csv@L91
13000	数值	big5	2	data/Machine_type.csv@L46 | data/Machine_type.csv@L48
14000	数值	big5	2	data/Machine_type.csv@L35 | data/Machine_type.csv@L50
144000	数值	big5	2	data/Machine_type.csv@L304 | data/Machine_type.csv@L96
1440000	数值	big5	2	data/Machine_type.csv@L304 | data/Machine_type.csv@L96
151000	数值	big5	2	data/Machine_type.csv@L294 | data/Machine_type.csv@L310
1510000	数值	big5	2	data/Machine_type.csv@L294 | data/Machine_type.csv@L310
152000	数值	big5	2	data/Machine_type.csv@L128 | data/Machine_type.csv@L69
1520000	数值	big5	2	data/Machine_type.csv@L128 | data/Machine_type.csv@L69
1550	数值	big5	2	data/mapcity.csv@L20 | data/mapcity.csv@L47
162	数值	big5	2	data/Machine_type.csv@L115 | data/Machine_type.csv@L164
163	数值	big5	2	data/Machine_type.csv@L116 | data/Machine_type.csv@L165
163000	数值	big5	2	data/Machine_type.csv@L200 | data/Machine_type.csv@L241
1630000	数值	big5	2	data/Machine_type.csv@L200 | data/Machine_type.csv@L241
165	数值	big5	2	data/Machine_type.csv@L127 | data/Machine_type.csv@L167
166	数值	big5	2	data/Machine_type.csv@L127 | data/Machine_type.csv@L168
167	数值	big5	2	data/Machine_type.csv@L128 | data/Machine_type.csv@L169
173000	数值	big5	2	data/Machine_type.csv@L298 | data/Machine_type.csv@L315
1730000	数值	big5	2	data/Machine_type.csv@L298 | data/Machine_type.csv@L315
1860	数值	big5	2	data/mapcity.csv@L18 | data/mapcity.csv@L45
195000	数值	big5	2	data/building.csv@L24 | data/building.csv@L58
1952	数值	big5	2	data/Stages.csv@L8 | data/product1.csv@L61
2000000	数值	big5	2	data/Machine_type.csv@L138 | data/Stages.csv@L3
2002	数值	big5	2	data/Stages.csv@L16 | data/Stages.csv@L21
207000	数值	big5	2	data/Machine_type.csv@L157 | data/Machine_type.csv@L300
2070000	数值	big5	2	data/Machine_type.csv@L157 | data/Machine_type.csv@L300
211000	数值	big5	2	data/Machine_type.csv@L231 | data/Machine_type.csv@L293
2110000	数值	big5	2	data/Machine_type.csv@L231 | data/Machine_type.csv@L293
220000	数值	big5	2	data/Machine_type.csv@L17 | data/Machine_type.csv@L311
2300000	数值	big5	2	data/Machine_type.csv@L102 | data/Machine_type.csv@L143
238000	数值	big5	2	data/Machine_type.csv@L162 | data/Machine_type.csv@L201
2380000	数值	big5	2	data/Machine_type.csv@L162 | data/Machine_type.csv@L201
2400	数值	big5	2	data/building.csv@L87 | data/building.csv@L91
2400000	数值	big5	2	data/Machine_type.csv@L178 | data/building.csv@L98
262	数值	big5	2	data/Machine_type.csv@L245 | data/Machine_type.csv@L264
263	数值	big5	2	data/Machine_type.csv@L246 | data/Machine_type.csv@L265
27000	数值	big5	2	data/Machine_type.csv@L21 | data/Machine_type.csv@L83
270000	数值	big5	2	data/Machine_type.csv@L21 | data/Machine_type.csv@L83
273000	数值	big5	2	data/Machine_type.csv@L167 | data/Machine_type.csv@L206
2730000	数值	big5	2	data/Machine_type.csv@L167 | data/Machine_type.csv@L206
28000	数值	big5	2	data/Machine_type.csv@L23 | data/Machine_type.csv@L338
280000	数值	big5	2	data/Machine_type.csv@L23 | data/Machine_type.csv@L338
308	数值	big5	2	data/Machine_type.csv@L305 | data/Machine_type.csv@L310
309	数值	big5	2	data/Machine_type.csv@L306 | data/Machine_type.csv@L311
3100	数值	big5	2	data/mapcity.csv@L19 | data/mapcity.csv@L46
311	数值	big5	2	data/Machine_type.csv@L312 | data/Machine_type.csv@L313
312	数值	big5	2	data/Machine_type.csv@L312 | data/Machine_type.csv@L314
313	数值	big5	2	data/Machine_type.csv@L313 | data/Machine_type.csv@L315
314	数值	big5	2	data/Machine_type.csv@L313 | data/Machine_type.csv@L316
315	数值	big5	2	data/Machine_type.csv@L314 | data/Machine_type.csv@L317
316	数值	big5	2	data/Machine_type.csv@L314 | data/Machine_type.csv@L318
317	数值	big5	2	data/Machine_type.csv@L315 | data/Machine_type.csv@L319
318	数值	big5	2	data/Machine_type.csv@L315 | data/Machine_type.csv@L320
319	数值	big5	2	data/Machine_type.csv@L316 | data/Machine_type.csv@L321
320000	数值	big5	2	data/Machine_type.csv@L26 | data/Machine_type.csv@L343
321	数值	big5	2	data/Machine_type.csv@L323 | data/Machine_type.csv@L327
322	数值	big5	2	data/Machine_type.csv@L324 | data/Machine_type.csv@L327
323	数值	big5	2	data/Machine_type.csv@L325 | data/Machine_type.csv@L328
324	数值	big5	2	data/Machine_type.csv@L326 | data/Machine_type.csv@L328
326	数值	big5	2	data/Machine_type.csv@L328 | data/Machine_type.csv@L329
327	数值	big5	2	data/Machine_type.csv@L329 | data/Machine_type.csv@L330
330	数值	big5	2	data/Machine_type.csv@L331 | data/Machine_type.csv@L332
331	数值	big5	2	data/Machine_type.csv@L333 | data/Machine_type.csv@L337
332	数值	big5	2	data/Machine_type.csv@L334 | data/Machine_type.csv@L337
333	数值	big5	2	data/Machine_type.csv@L335 | data/Machine_type.csv@L338
334	数值	big5	2	data/Machine_type.csv@L336 | data/Machine_type.csv@L338
335	数值	big5	2	data/Machine_type.csv@L337 | data/Machine_type.csv@L339
337	数值	big5	2	data/Machine_type.csv@L339 | data/Machine_type.csv@L340
34000	数值	big5	2	data/Machine_type.csv@L213 | data/Machine_type.csv@L53
340000	数值	big5	2	data/Machine_type.csv@L213 | data/Machine_type.csv@L53
341	数值	big5	2	data/Machine_type.csv@L343 | data/Machine_type.csv@L352
344	数值	big5	2	data/Machine_type.csv@L346 | data/Machine_type.csv@L353
345	数值	big5	2	data/Machine_type.csv@L347 | data/Machine_type.csv@L354
346	数值	big5	2	data/Machine_type.csv@L348 | data/Machine_type.csv@L354
347	数值	big5	2	data/Machine_type.csv@L349 | data/Machine_type.csv@L358
3500	数值	big5	2	data/Stages.csv@L14 | data/Stages.csv@L15
350000	数值	big5	2	data/Machine_type.csv@L233 | data/Machine_type.csv@L27
353	数值	big5	2	data/Machine_type.csv@L13 | data/Machine_type.csv@L355
354	数值	big5	2	data/Machine_type.csv@L14 | data/Machine_type.csv@L356
355	数值	big5	2	data/Machine_type.csv@L15 | data/Machine_type.csv@L357
356	数值	big5	2	data/Machine_type.csv@L16 | data/Machine_type.csv@L358
357	数值	big5	2	data/Machine_type.csv@L20 | data/Machine_type.csv@L359
358	数值	big5	2	data/Machine_type.csv@L21 | data/Machine_type.csv@L360
359	数值	big5	2	data/Machine_type.csv@L22 | data/Machine_type.csv@L361
361	数值	big5	2	data/Machine_type.csv@L27 | data/Machine_type.csv@L363
362	数值	big5	2	data/Machine_type.csv@L28 | data/Machine_type.csv@L364
363	数值	big5	2	data/Machine_type.csv@L29 | data/Machine_type.csv@L365
364	数值	big5	2	data/Machine_type.csv@L30 | data/Machine_type.csv@L366
366	数值	big5	2	data/Machine_type.csv@L36 | data/product1.csv@L58
370	数值	big5	2	data/AI_style.csv@L6 | data/Machine_type.csv@L44
3800000	数值	big5	2	data/Machine_type.csv@L127 | data/Machine_type.csv@L166
3887	数值	big5	2	data/mapcity.csv@L13 | data/mapcity.csv@L40
391	数值	big5	2	data/Machine_type.csv@L75 | data/People_type.csv@L8
393	数值	big5	2	data/Machine_type.csv@L82 | data/People_type.csv@L9
395	数值	big5	2	data/Machine_type.csv@L84 | data/People_type.csv@L10
397	数值	big5	2	data/Machine_type.csv@L86 | data/People_type.csv@L11
4000000	数值	big5	2	data/Machine_type.csv@L122 | data/formula.csv@L131
415	数值	big5	2	data/Machine_type.csv@L119 | data/product1.csv@L103
420	数值	big5	2	data/Machine_type.csv@L124 | data/Machine_type.csv@L5
420000	数值	big5	2	data/building.csv@L13 | data/building.csv@L47
421	数值	big5	2	data/Machine_type.csv@L125 | data/Machine_type.csv@L5
422	数值	big5	2	data/Machine_type.csv@L126 | data/Machine_type.csv@L6
423	数值	big5	2	data/Machine_type.csv@L132 | data/Machine_type.csv@L6
424	数值	big5	2	data/Machine_type.csv@L133 | data/Machine_type.csv@L7
425	数值	big5	2	data/Machine_type.csv@L134 | data/Machine_type.csv@L7
427	数值	big5	2	data/Machine_type.csv@L11 | data/Machine_type.csv@L136
428	数值	big5	2	data/Machine_type.csv@L12 | data/Machine_type.csv@L142
429	数值	big5	2	data/Machine_type.csv@L12 | data/Machine_type.csv@L143
431	数值	big5	2	data/Machine_type.csv@L13 | data/Machine_type.csv@L145
432	数值	big5	2	data/Machine_type.csv@L14 | data/Machine_type.csv@L146
433	数值	big5	2	data/Machine_type.csv@L14 | data/Machine_type.csv@L147
434	数值	big5	2	data/Machine_type.csv@L148 | data/Machine_type.csv@L15
435	数值	big5	2	data/Machine_type.csv@L149 | data/Machine_type.csv@L15
436	数值	big5	2	data/Machine_type.csv@L150 | data/Machine_type.csv@L16
439	数值	big5	2	data/Machine_type.csv@L158 | data/Machine_type.csv@L20
44000	数值	big5	2	data/Machine_type.csv@L19 | data/Machine_type.csv@L63
441	数值	big5	2	data/Machine_type.csv@L160 | data/Machine_type.csv@L21
442	数值	big5	2	data/Machine_type.csv@L161 | data/Machine_type.csv@L22
443	数值	big5	2	data/Machine_type.csv@L167 | data/Machine_type.csv@L22
445	数值	big5	2	data/Machine_type.csv@L169 | data/Machine_type.csv@L26
446	数值	big5	2	data/Machine_type.csv@L170 | data/Machine_type.csv@L27
447	数值	big5	2	data/Machine_type.csv@L171 | data/Machine_type.csv@L27
448	数值	big5	2	data/Machine_type.csv@L172 | data/Machine_type.csv@L28
449	数值	big5	2	data/Machine_type.csv@L173 | data/Machine_type.csv@L28
450	数值	big5	2	data/Machine_type.csv@L174 | data/Machine_type.csv@L29
451	数值	big5	2	data/Machine_type.csv@L175 | data/Machine_type.csv@L29
452	数值	big5	2	data/Machine_type.csv@L176 | data/Machine_type.csv@L30
453	数值	big5	2	data/Machine_type.csv@L182 | data/Machine_type.csv@L30
456	数值	big5	2	data/Machine_type.csv@L185 | data/Machine_type.csv@L36
457	数值	big5	2	data/Machine_type.csv@L186 | data/Machine_type.csv@L36
459	数值	big5	2	data/Machine_type.csv@L188 | data/Machine_type.csv@L37
460	数值	big5	2	data/Machine_type.csv@L189 | data/Machine_type.csv@L38
462	数值	big5	2	data/Machine_type.csv@L191 | data/Machine_type.csv@L39
464	数值	big5	2	data/Machine_type.csv@L198 | data/Machine_type.csv@L44
465	数值	big5	2	data/Machine_type.csv@L199 | data/Machine_type.csv@L44
466	数值	big5	2	data/Machine_type.csv@L200 | data/Machine_type.csv@L45
467	数值	big5	2	data/Machine_type.csv@L201 | data/Machine_type.csv@L45
468	数值	big5	2	data/Machine_type.csv@L202 | data/Machine_type.csv@L46
468000	数值	big5	2	data/building.csv@L25 | data/building.csv@L59
469	数值	big5	2	data/Machine_type.csv@L203 | data/Machine_type.csv@L46
470	数值	big5	2	data/Machine_type.csv@L204 | data/Machine_type.csv@L47
471	数值	big5	2	data/Machine_type.csv@L205 | data/Machine_type.csv@L47
474	数值	big5	2	data/Machine_type.csv@L213 | data/Machine_type.csv@L49
475	数值	big5	2	data/Machine_type.csv@L214 | data/Machine_type.csv@L49
476	数值	big5	2	data/Machine_type.csv@L215 | data/Machine_type.csv@L50
477	数值	big5	2	data/Machine_type.csv@L216 | data/Machine_type.csv@L50
479	数值	big5	2	data/Machine_type.csv@L223 | data/Machine_type.csv@L51
480	数值	big5	2	data/Machine_type.csv@L224 | data/Machine_type.csv@L57
481	数值	big5	2	data/Machine_type.csv@L225 | data/Machine_type.csv@L57
482	数值	big5	2	data/Machine_type.csv@L226 | data/Machine_type.csv@L58
483	数值	big5	2	data/Machine_type.csv@L227 | data/Machine_type.csv@L58
484	数值	big5	2	data/Machine_type.csv@L228 | data/Machine_type.csv@L59
485	数值	big5	2	data/Machine_type.csv@L229 | data/Machine_type.csv@L59
486	数值	big5	2	data/Machine_type.csv@L230 | data/Machine_type.csv@L60
487	数值	big5	2	data/Machine_type.csv@L231 | data/Machine_type.csv@L60
488	数值	big5	2	data/Machine_type.csv@L237 | data/Machine_type.csv@L61
489	数值	big5	2	data/Machine_type.csv@L238 | data/Machine_type.csv@L61
491	数值	big5	2	data/Machine_type.csv@L240 | data/Machine_type.csv@L67
492	数值	big5	2	data/Machine_type.csv@L241 | data/Machine_type.csv@L68
493	数值	big5	2	data/Machine_type.csv@L247 | data/Machine_type.csv@L68
494	数值	big5	2	data/Machine_type.csv@L248 | data/Machine_type.csv@L69
495	数值	big5	2	data/Machine_type.csv@L249 | data/Machine_type.csv@L69
496	数值	big5	2	data/Machine_type.csv@L250 | data/Machine_type.csv@L70
497	数值	big5	2	data/Machine_type.csv@L251 | data/Machine_type.csv@L70
498	数值	big5	2	data/Machine_type.csv@L252 | data/Machine_type.csv@L71
499	数值	big5	2	data/Machine_type.csv@L253 | data/Machine_type.csv@L71
4`f\t	ASCII	ascii	2	stage/stage08.stg@seg2711+0xB | stage/stage08.stg@seg2717+0xB
4`k\t	ASCII	ascii	2	stage/stage08.stg@seg2720+0xB | stage/stage08.stg@seg2721+0xB
5 5$5(5,5054585<5@5D5H5L5P5T5X5\5`5d5h5l5p5t5x5|5	ASCII	ascii	2	CEO.exe@RVA 5032C7 | CEO.exe@RVA 5034BF
5$8K	ASCII	ascii	2	CEO.exe@RVA 4AB95 | CEO.exe@RVA 4AD0B
501	数值	big5	2	data/Machine_type.csv@L255 | data/Machine_type.csv@L72
502	数值	big5	2	data/Machine_type.csv@L256 | data/Machine_type.csv@L73
503	数值	big5	2	data/Machine_type.csv@L262 | data/Machine_type.csv@L73
504	数值	big5	2	data/Machine_type.csv@L263 | data/Machine_type.csv@L74
505	数值	big5	2	data/Machine_type.csv@L264 | data/Machine_type.csv@L74
506	数值	big5	2	data/Machine_type.csv@L265 | data/Machine_type.csv@L75
507	数值	big5	2	data/Machine_type.csv@L266 | data/Machine_type.csv@L75
508	数值	big5	2	data/Machine_type.csv@L272 | data/Machine_type.csv@L76
508K	ASCII	ascii	2	CEO.exe@RVA 560B5 | CEO.exe@RVA 562A7
509	数值	big5	2	data/Machine_type.csv@L273 | data/Machine_type.csv@L76
511	数值	big5	2	data/Machine_type.csv@L275 | data/Machine_type.csv@L82
512	数值	big5	2	data/Machine_type.csv@L276 | data/Machine_type.csv@L83
514	数值	big5	2	data/Machine_type.csv@L278 | data/Machine_type.csv@L84
515	数值	big5	2	data/Machine_type.csv@L279 | data/Machine_type.csv@L84
516	数值	big5	2	data/Machine_type.csv@L280 | data/Machine_type.csv@L85
517	数值	big5	2	data/Machine_type.csv@L281 | data/Machine_type.csv@L85
518	数值	big5	2	data/Machine_type.csv@L286 | data/Machine_type.csv@L86
519	数值	big5	2	data/Machine_type.csv@L287 | data/Machine_type.csv@L86
520	数值	big5	2	data/Machine_type.csv@L288 | data/Machine_type.csv@L92
521	数值	big5	2	data/Machine_type.csv@L289 | data/Machine_type.csv@L92
522	数值	big5	2	data/Machine_type.csv@L294 | data/Machine_type.csv@L93
523	数值	big5	2	data/Machine_type.csv@L295 | data/Machine_type.csv@L93
524	数值	big5	2	data/Machine_type.csv@L296 | data/Machine_type.csv@L94
525	数值	big5	2	data/Machine_type.csv@L297 | data/Machine_type.csv@L94
526	数值	big5	2	data/Machine_type.csv@L298 | data/Machine_type.csv@L95
527	数值	big5	2	data/Machine_type.csv@L299 | data/Machine_type.csv@L95
528	数值	big5	2	data/Machine_type.csv@L300 | data/Machine_type.csv@L96
529	数值	big5	2	data/Machine_type.csv@L301 | data/Machine_type.csv@L96
530	数值	big5	2	data/Machine_type.csv@L307 | data/Machine_type.csv@L97
531	数值	big5	2	data/Machine_type.csv@L308 | data/Machine_type.csv@L97
532	数值	big5	2	data/Machine_type.csv@L309 | data/Machine_type.csv@L98
533	数值	big5	2	data/Machine_type.csv@L310 | data/Machine_type.csv@L98
534	数值	big5	2	data/Machine_type.csv@L311 | data/Machine_type.csv@L99
535	数值	big5	2	data/Machine_type.csv@L317 | data/Machine_type.csv@L99
536	数值	big5	2	data/Machine_type.csv@L100 | data/Machine_type.csv@L318
537	数值	big5	2	data/Machine_type.csv@L100 | data/Machine_type.csv@L319
538	数值	big5	2	data/Machine_type.csv@L101 | data/Machine_type.csv@L320
539	数值	big5	2	data/Machine_type.csv@L101 | data/Machine_type.csv@L321
540	数值	big5	2	data/Machine_type.csv@L107 | data/Machine_type.csv@L322
5400000	数值	big5	2	data/building.csv@L107 | data/building.csv@L96
541	数值	big5	2	data/Machine_type.csv@L107 | data/Machine_type.csv@L323
542	数值	big5	2	data/Machine_type.csv@L108 | data/Machine_type.csv@L324
543	数值	big5	2	data/Machine_type.csv@L108 | data/Machine_type.csv@L325
544	数值	big5	2	data/Machine_type.csv@L109 | data/Machine_type.csv@L326
545	数值	big5	2	data/Machine_type.csv@L109 | data/Machine_type.csv@L332
547	数值	big5	2	data/Machine_type.csv@L110 | data/Machine_type.csv@L334
548	数值	big5	2	data/Machine_type.csv@L111 | data/Machine_type.csv@L335
549	数值	big5	2	data/Machine_type.csv@L111 | data/Machine_type.csv@L336
550	数值	big5	2	data/Machine_type.csv@L117 | data/Machine_type.csv@L342
551	数值	big5	2	data/Machine_type.csv@L117 | data/Machine_type.csv@L343
552	数值	big5	2	data/Machine_type.csv@L118 | data/Machine_type.csv@L344
5520000	数值	big5	2	data/Machine_type.csv@L140 | data/Machine_type.csv@L266
553	数值	big5	2	data/Machine_type.csv@L118 | data/Machine_type.csv@L345
554	数值	big5	2	data/Machine_type.csv@L119 | data/Machine_type.csv@L346
556	数值	big5	2	data/Machine_type.csv@L120 | data/Machine_type.csv@L348
557	数值	big5	2	data/Machine_type.csv@L120 | data/Machine_type.csv@L349
558	数值	big5	2	data/Machine_type.csv@L121 | data/Machine_type.csv@L350
559	数值	big5	2	data/Machine_type.csv@L121 | data/Machine_type.csv@L351
561	数值	big5	2	data/Machine_type.csv@L122 | data/Machine_type.csv@L356
562	数值	big5	2	data/Machine_type.csv@L123 | data/Machine_type.csv@L357
563	数值	big5	2	data/Machine_type.csv@L123 | data/Machine_type.csv@L361
564	数值	big5	2	data/Machine_type.csv@L124 | data/Machine_type.csv@L362
565	数值	big5	2	data/Machine_type.csv@L124 | data/Machine_type.csv@L363
566	数值	big5	2	data/Machine_type.csv@L125 | data/Machine_type.csv@L364
567	数值	big5	2	data/Machine_type.csv@L125 | data/Machine_type.csv@L365
570	数值	big5	2	data/Machine_type.csv@L132 | data/Stages.csv@L11
574	数值	big5	2	data/Machine_type.csv@L134 | data/Machine_type.csv@L5
576	数值	big5	2	data/Machine_type.csv@L135 | data/Machine_type.csv@L7
577	数值	big5	2	data/Machine_type.csv@L11 | data/Machine_type.csv@L135
578	数值	big5	2	data/Machine_type.csv@L12 | data/Machine_type.csv@L136
579	数值	big5	2	data/Machine_type.csv@L13 | data/Machine_type.csv@L136
58-L	ASCII	ascii	2	CEO.exe@RVA 5ADD6 | CEO.exe@RVA 90FE
580	数值	big5	2	data/Machine_type.csv@L14 | data/Machine_type.csv@L142
581	数值	big5	2	data/Machine_type.csv@L142 | data/Machine_type.csv@L15
582	数值	big5	2	data/Machine_type.csv@L143 | data/Machine_type.csv@L16
584	数值	big5	2	data/Machine_type.csv@L144 | data/Machine_type.csv@L21
585	数值	big5	2	data/Machine_type.csv@L144 | data/Machine_type.csv@L22
586	数值	big5	2	data/Machine_type.csv@L145 | data/Machine_type.csv@L26
587	数值	big5	2	data/Machine_type.csv@L145 | data/Machine_type.csv@L27
588	数值	big5	2	data/Machine_type.csv@L146 | data/Machine_type.csv@L28
590	数值	big5	2	data/Machine_type.csv@L147 | data/Machine_type.csv@L30
59000	数值	big5	2	data/Machine_type.csv@L198 | data/Machine_type.csv@L330
590000	数值	big5	2	data/Machine_type.csv@L198 | data/Machine_type.csv@L330
591	数值	big5	2	data/Machine_type.csv@L147 | data/Machine_type.csv@L31
592	数值	big5	2	data/Machine_type.csv@L148 | data/Machine_type.csv@L36
593	数值	big5	2	data/Machine_type.csv@L148 | data/Machine_type.csv@L37
594	数值	big5	2	data/Machine_type.csv@L149 | data/Machine_type.csv@L38
595	数值	big5	2	data/Machine_type.csv@L149 | data/Machine_type.csv@L39
596	数值	big5	2	data/Machine_type.csv@L150 | data/Machine_type.csv@L44
597	数值	big5	2	data/Machine_type.csv@L150 | data/Machine_type.csv@L45
599	数值	big5	2	data/Machine_type.csv@L151 | data/Machine_type.csv@L47
5DKB	ASCII	ascii	2	CEO.exe@RVA AC1B1 | CEO.exe@RVA AD231
5P'J	ASCII	ascii	2	CEO.exe@RVA 44C8 | CEO.exe@RVA 75524
5`8K	ASCII	ascii	2	CEO.exe@RVA 5C841 | CEO.exe@RVA 5CC0F
60000	数值	big5	2	data/Machine_type.csv@L295 | data/Machine_type.csv@L77
601	数值	big5	2	data/Machine_type.csv@L157 | data/Machine_type.csv@L49
602	数值	big5	2	data/Machine_type.csv@L158 | data/Machine_type.csv@L50
603	数值	big5	2	data/Machine_type.csv@L158 | data/Machine_type.csv@L51
604	数值	big5	2	data/Machine_type.csv@L159 | data/Machine_type.csv@L57
605	数值	big5	2	data/Machine_type.csv@L159 | data/Machine_type.csv@L58
606	数值	big5	2	data/Machine_type.csv@L160 | data/Machine_type.csv@L59
607	数值	big5	2	data/Machine_type.csv@L160 | data/Machine_type.csv@L60
609	数值	big5	2	data/Machine_type.csv@L161 | data/Machine_type.csv@L67
610	数值	big5	2	data/Machine_type.csv@L167 | data/Machine_type.csv@L68
611	数值	big5	2	data/Machine_type.csv@L167 | data/Machine_type.csv@L69
612	数值	big5	2	data/Machine_type.csv@L168 | data/Machine_type.csv@L70
613	数值	big5	2	data/Machine_type.csv@L168 | data/Machine_type.csv@L71
614	数值	big5	2	data/Machine_type.csv@L169 | data/Machine_type.csv@L72
615	数值	big5	2	data/Machine_type.csv@L169 | data/Machine_type.csv@L73
616	数值	big5	2	data/Machine_type.csv@L170 | data/Machine_type.csv@L74
617	数值	big5	2	data/Machine_type.csv@L170 | data/Machine_type.csv@L75
618	数值	big5	2	data/Machine_type.csv@L171 | data/Machine_type.csv@L76
619	数值	big5	2	data/Machine_type.csv@L171 | data/Machine_type.csv@L82
621	数值	big5	2	data/Machine_type.csv@L172 | data/Machine_type.csv@L84
622	数值	big5	2	data/Machine_type.csv@L173 | data/Machine_type.csv@L85
623	数值	big5	2	data/Machine_type.csv@L173 | data/Machine_type.csv@L86
624	数值	big5	2	data/Machine_type.csv@L174 | data/Machine_type.csv@L92
625	数值	big5	2	data/Machine_type.csv@L174 | data/Machine_type.csv@L93
626	数值	big5	2	data/Machine_type.csv@L175 | data/Machine_type.csv@L94
627	数值	big5	2	data/Machine_type.csv@L175 | data/Machine_type.csv@L95
628	数值	big5	2	data/Machine_type.csv@L176 | data/Machine_type.csv@L96
629	数值	big5	2	data/Machine_type.csv@L176 | data/Machine_type.csv@L97
630	数值	big5	2	data/Machine_type.csv@L182 | data/Machine_type.csv@L98
631	数值	big5	2	data/Machine_type.csv@L182 | data/Machine_type.csv@L99
632	数值	big5	2	data/Machine_type.csv@L100 | data/Machine_type.csv@L183
633	数值	big5	2	data/Machine_type.csv@L101 | data/Machine_type.csv@L183
634	数值	big5	2	data/Machine_type.csv@L107 | data/Machine_type.csv@L184
635	数值	big5	2	data/Machine_type.csv@L108 | data/Machine_type.csv@L184
636	数值	big5	2	data/Machine_type.csv@L109 | data/Machine_type.csv@L185
637	数值	big5	2	data/Machine_type.csv@L110 | data/Machine_type.csv@L185
638	数值	big5	2	data/Machine_type.csv@L111 | data/Machine_type.csv@L186
639	数值	big5	2	data/Machine_type.csv@L117 | data/Machine_type.csv@L186
640	数值	big5	2	data/Machine_type.csv@L118 | data/Machine_type.csv@L187
6400	数值	big5	2	data/building.csv@L86 | data/building.csv@L91
64000	数值	big5	2	data/Machine_type.csv@L28 | data/Machine_type.csv@L329
641	数值	big5	2	data/Machine_type.csv@L119 | data/Machine_type.csv@L187
642	数值	big5	2	data/Machine_type.csv@L120 | data/Machine_type.csv@L188
643	数值	big5	2	data/Machine_type.csv@L121 | data/Machine_type.csv@L188
644	数值	big5	2	data/Machine_type.csv@L122 | data/Machine_type.csv@L189
645	数值	big5	2	data/Machine_type.csv@L123 | data/Machine_type.csv@L189
646	数值	big5	2	data/Machine_type.csv@L124 | data/Machine_type.csv@L190
647	数值	big5	2	data/Machine_type.csv@L125 | data/Machine_type.csv@L190
648	数值	big5	2	data/Machine_type.csv@L126 | data/Machine_type.csv@L191
649	数值	big5	2	data/Machine_type.csv@L132 | data/Machine_type.csv@L191
650	数值	big5	2	data/Machine_type.csv@L133 | data/Machine_type.csv@L197
651	数值	big5	2	data/Machine_type.csv@L134 | data/Machine_type.csv@L197
652	数值	big5	2	data/Machine_type.csv@L135 | data/Machine_type.csv@L198
653	数值	big5	2	data/Machine_type.csv@L136 | data/Machine_type.csv@L198
654	数值	big5	2	data/Machine_type.csv@L142 | data/Machine_type.csv@L199
655	数值	big5	2	data/Machine_type.csv@L143 | data/Machine_type.csv@L199
656	数值	big5	2	data/Machine_type.csv@L144 | data/Machine_type.csv@L200
657	数值	big5	2	data/Machine_type.csv@L145 | data/Machine_type.csv@L200
658	数值	big5	2	data/Machine_type.csv@L146 | data/Machine_type.csv@L201
660	数值	big5	2	data/Machine_type.csv@L148 | data/Machine_type.csv@L202
660000	数值	big5	2	data/Machine_type.csv@L180 | data/Machine_type.csv@L80
661	数值	big5	2	data/Machine_type.csv@L149 | data/Machine_type.csv@L202
662	数值	big5	2	data/Machine_type.csv@L150 | data/Machine_type.csv@L203
663	数值	big5	2	data/Machine_type.csv@L151 | data/Machine_type.csv@L203
664	数值	big5	2	data/Machine_type.csv@L157 | data/Machine_type.csv@L204
665	数值	big5	2	data/Machine_type.csv@L158 | data/Machine_type.csv@L204
666	数值	big5	2	data/Machine_type.csv@L159 | data/Machine_type.csv@L205
667	数值	big5	2	data/Machine_type.csv@L160 | data/Machine_type.csv@L205
668	数值	big5	2	data/Machine_type.csv@L161 | data/Machine_type.csv@L206
669	数值	big5	2	data/Machine_type.csv@L167 | data/Machine_type.csv@L206
670	数值	big5	2	data/Machine_type.csv@L168 | data/Machine_type.csv@L212
671	数值	big5	2	data/Machine_type.csv@L169 | data/Machine_type.csv@L212
673	数值	big5	2	data/Machine_type.csv@L171 | data/Machine_type.csv@L213
674	数值	big5	2	data/Machine_type.csv@L172 | data/Machine_type.csv@L214
675	数值	big5	2	data/Machine_type.csv@L173 | data/Machine_type.csv@L214
676	数值	big5	2	data/Machine_type.csv@L174 | data/Machine_type.csv@L215
677	数值	big5	2	data/Machine_type.csv@L175 | data/Machine_type.csv@L215
678	数值	big5	2	data/Machine_type.csv@L176 | data/Machine_type.csv@L216
679	数值	big5	2	data/Machine_type.csv@L182 | data/Machine_type.csv@L216
68000	数值	big5	2	data/Machine_type.csv@L203 | data/Machine_type.csv@L335
680000	数值	big5	2	data/Machine_type.csv@L203 | data/Machine_type.csv@L335
681	数值	big5	2	data/Machine_type.csv@L184 | data/Machine_type.csv@L222
682	数值	big5	2	data/Machine_type.csv@L185 | data/Machine_type.csv@L223
683	数值	big5	2	data/Machine_type.csv@L186 | data/Machine_type.csv@L223
684	数值	big5	2	data/Machine_type.csv@L187 | data/Machine_type.csv@L224
685	数值	big5	2	data/Machine_type.csv@L188 | data/Machine_type.csv@L224
686	数值	big5	2	data/Machine_type.csv@L189 | data/Machine_type.csv@L225
688	数值	big5	2	data/Machine_type.csv@L191 | data/Machine_type.csv@L226
689	数值	big5	2	data/Machine_type.csv@L197 | data/Machine_type.csv@L226
690	数值	big5	2	data/Machine_type.csv@L198 | data/Machine_type.csv@L227
69000	数值	big5	2	data/Machine_type.csv@L299 | data/Machine_type.csv@L82
691	数值	big5	2	data/Machine_type.csv@L199 | data/Machine_type.csv@L227
692	数值	big5	2	data/Machine_type.csv@L200 | data/Machine_type.csv@L228
693	数值	big5	2	data/Machine_type.csv@L201 | data/Machine_type.csv@L228
694	数值	big5	2	data/Machine_type.csv@L202 | data/Machine_type.csv@L229
695	数值	big5	2	data/Machine_type.csv@L203 | data/Machine_type.csv@L229
696	数值	big5	2	data/Machine_type.csv@L204 | data/Machine_type.csv@L230
697	数值	big5	2	data/Machine_type.csv@L205 | data/Machine_type.csv@L230
698	数值	big5	2	data/Machine_type.csv@L206 | data/Machine_type.csv@L231
699	数值	big5	2	data/Machine_type.csv@L212 | data/Machine_type.csv@L231
7$7,747<7D7L7T7\7d7l7t7|7	ASCII	ascii	2	CEO.exe@RVA 503457 | CEO.exe@RVA 5038F5
70000	数值	big5	2	data/building.csv@L11 | data/building.csv@L45
701	数值	big5	2	data/Machine_type.csv@L214 | data/Machine_type.csv@L237
702	数值	big5	2	data/Machine_type.csv@L215 | data/Machine_type.csv@L238
703	数值	big5	2	data/Machine_type.csv@L216 | data/Machine_type.csv@L238
704	数值	big5	2	data/Machine_type.csv@L222 | data/Machine_type.csv@L239
705	数值	big5	2	data/Machine_type.csv@L223 | data/Machine_type.csv@L239
706	数值	big5	2	data/Machine_type.csv@L224 | data/Machine_type.csv@L240
707	数值	big5	2	data/Machine_type.csv@L225 | data/Machine_type.csv@L240
708	数值	big5	2	data/Machine_type.csv@L226 | data/Machine_type.csv@L241
709	数值	big5	2	data/Machine_type.csv@L227 | data/Machine_type.csv@L241
710	数值	big5	2	data/Machine_type.csv@L228 | data/Machine_type.csv@L247
711	数值	big5	2	data/Machine_type.csv@L229 | data/Machine_type.csv@L247
712	数值	big5	2	data/Machine_type.csv@L230 | data/Machine_type.csv@L248
713	数值	big5	2	data/Machine_type.csv@L231 | data/Machine_type.csv@L248
714	数值	big5	2	data/Machine_type.csv@L237 | data/Machine_type.csv@L249
715	数值	big5	2	data/Machine_type.csv@L238 | data/Machine_type.csv@L249
716	数值	big5	2	data/Machine_type.csv@L239 | data/Machine_type.csv@L250
717	数值	big5	2	data/Machine_type.csv@L240 | data/Machine_type.csv@L250
718	数值	big5	2	data/Machine_type.csv@L241 | data/Machine_type.csv@L251
719	数值	big5	2	data/Machine_type.csv@L247 | data/Machine_type.csv@L251
720	数值	big5	2	data/Machine_type.csv@L248 | data/Machine_type.csv@L252
7200000	数值	big5	2	data/Machine_type.csv@L179 | data/building.csv@L99
721	数值	big5	2	data/Machine_type.csv@L249 | data/Machine_type.csv@L252
723	数值	big5	2	data/Machine_type.csv@L251 | data/Machine_type.csv@L253
724	数值	big5	2	data/Machine_type.csv@L252 | data/Machine_type.csv@L254
725	数值	big5	2	data/Machine_type.csv@L253 | data/Machine_type.csv@L254
726	数值	big5	2	data/Machine_type.csv@L254 | data/Machine_type.csv@L255
729	数值	big5	2	data/Machine_type.csv@L256 | data/Machine_type.csv@L262
730	数值	big5	2	data/Machine_type.csv@L262 | data/Machine_type.csv@L263
731	数值	big5	2	data/Machine_type.csv@L262 | data/Machine_type.csv@L264
732	数值	big5	2	data/Machine_type.csv@L263 | data/Machine_type.csv@L265
733	数值	big5	2	data/Machine_type.csv@L263 | data/Machine_type.csv@L266
734	数值	big5	2	data/Machine_type.csv@L264 | data/Machine_type.csv@L272
735	数值	big5	2	data/Machine_type.csv@L264 | data/Machine_type.csv@L273
736	数值	big5	2	data/Machine_type.csv@L265 | data/Machine_type.csv@L274
737	数值	big5	2	data/Machine_type.csv@L265 | data/Machine_type.csv@L275
738	数值	big5	2	data/Machine_type.csv@L266 | data/Machine_type.csv@L276
739	数值	big5	2	data/Machine_type.csv@L266 | data/Machine_type.csv@L277
740	数值	big5	2	data/Machine_type.csv@L272 | data/Machine_type.csv@L278
741	数值	big5	2	data/Machine_type.csv@L272 | data/Machine_type.csv@L279
742	数值	big5	2	data/Machine_type.csv@L273 | data/Machine_type.csv@L280
743	数值	big5	2	data/Machine_type.csv@L273 | data/Machine_type.csv@L281
744	数值	big5	2	data/Machine_type.csv@L274 | data/Machine_type.csv@L286
745	数值	big5	2	data/Machine_type.csv@L274 | data/Machine_type.csv@L287
746	数值	big5	2	data/Machine_type.csv@L275 | data/Machine_type.csv@L288
747	数值	big5	2	data/Machine_type.csv@L275 | data/Machine_type.csv@L289
748	数值	big5	2	data/Machine_type.csv@L276 | data/Machine_type.csv@L294
749	数值	big5	2	data/Machine_type.csv@L276 | data/Machine_type.csv@L295
750	数值	big5	2	data/Machine_type.csv@L277 | data/Machine_type.csv@L296
751	数值	big5	2	data/Machine_type.csv@L277 | data/Machine_type.csv@L297
752	数值	big5	2	data/Machine_type.csv@L278 | data/Machine_type.csv@L298
753	数值	big5	2	data/Machine_type.csv@L278 | data/Machine_type.csv@L299
754	数值	big5	2	data/Machine_type.csv@L279 | data/Machine_type.csv@L300
755	数值	big5	2	data/Machine_type.csv@L279 | data/Machine_type.csv@L301
756	数值	big5	2	data/Machine_type.csv@L280 | data/Machine_type.csv@L307
758	数值	big5	2	data/Machine_type.csv@L281 | data/Machine_type.csv@L309
759	数值	big5	2	data/Machine_type.csv@L281 | data/Machine_type.csv@L310
760	数值	big5	2	data/Machine_type.csv@L286 | data/Machine_type.csv@L311
761	数值	big5	2	data/Machine_type.csv@L286 | data/Machine_type.csv@L317
762	数值	big5	2	data/Machine_type.csv@L287 | data/Machine_type.csv@L318
763	数值	big5	2	data/Machine_type.csv@L287 | data/Machine_type.csv@L319
767	数值	big5	2	data/Machine_type.csv@L289 | data/Machine_type.csv@L323
769	数值	big5	2	data/Machine_type.csv@L294 | data/Machine_type.csv@L325
770	数值	big5	2	data/Machine_type.csv@L295 | data/Machine_type.csv@L326
771	数值	big5	2	data/Machine_type.csv@L295 | data/Machine_type.csv@L332
772	数值	big5	2	data/Machine_type.csv@L296 | data/Machine_type.csv@L333
773	数值	big5	2	data/Machine_type.csv@L296 | data/Machine_type.csv@L334
774	数值	big5	2	data/Machine_type.csv@L297 | data/Machine_type.csv@L335
775	数值	big5	2	data/Machine_type.csv@L297 | data/Machine_type.csv@L336
776	数值	big5	2	data/Machine_type.csv@L298 | data/Machine_type.csv@L342
777	数值	big5	2	data/Machine_type.csv@L298 | data/Machine_type.csv@L343
778	数值	big5	2	data/Machine_type.csv@L299 | data/Machine_type.csv@L344
779	数值	big5	2	data/Machine_type.csv@L299 | data/Machine_type.csv@L345
780	数值	big5	2	data/Machine_type.csv@L300 | data/Machine_type.csv@L346
781	数值	big5	2	data/Machine_type.csv@L300 | data/Machine_type.csv@L347
782	数值	big5	2	data/Machine_type.csv@L301 | data/Machine_type.csv@L348
783	数值	big5	2	data/Machine_type.csv@L301 | data/Machine_type.csv@L349
784	数值	big5	2	data/Machine_type.csv@L307 | data/Machine_type.csv@L350
785	数值	big5	2	data/Machine_type.csv@L307 | data/Machine_type.csv@L351
786	数值	big5	2	data/Machine_type.csv@L308 | data/Machine_type.csv@L355
787	数值	big5	2	data/Machine_type.csv@L308 | data/Machine_type.csv@L356
788	数值	big5	2	data/Machine_type.csv@L309 | data/Machine_type.csv@L357
789	数值	big5	2	data/Machine_type.csv@L309 | data/Machine_type.csv@L361
790	数值	big5	2	data/Machine_type.csv@L310 | data/Machine_type.csv@L362
791	数值	big5	2	data/Machine_type.csv@L310 | data/Machine_type.csv@L363
793	数值	big5	2	data/Machine_type.csv@L311 | data/Machine_type.csv@L365
794	数值	big5	2	data/Machine_type.csv@L317 | data/Machine_type.csv@L366
7`K\t	ASCII	ascii	2	stage/stage08.stg@seg1832+0xB | stage/stage08.stg@seg1834+0xB
8!8+8A8K8a8k8	ASCII	ascii	2	CEO.exe@RVA 502C3F | CEO.exe@RVA 502E49
809	数值	big5	2	data/Machine_type.csv@L324 | data/product1.csv@L94
82000	数值	big5	2	data/Machine_type.csv@L158 | data/Machine_type.csv@L84
820000	数值	big5	2	data/Machine_type.csv@L158 | data/Machine_type.csv@L84
83000	数值	big5	2	data/Machine_type.csv@L210 | data/Machine_type.csv@L323
830000	数值	big5	2	data/Machine_type.csv@L210 | data/Machine_type.csv@L323
85000	数值	big5	2	data/Machine_type.csv@L339 | data/Machine_type.csv@L52
850000	数值	big5	2	data/Machine_type.csv@L339 | data/Machine_type.csv@L52
86000	数值	big5	2	data/Machine_type.csv@L331 | data/Machine_type.csv@L90
860000	数值	big5	2	data/Machine_type.csv@L331 | data/Machine_type.csv@L90
89000	数值	big5	2	data/Machine_type.csv@L232 | data/Machine_type.csv@L345
890000	数值	big5	2	data/Machine_type.csv@L232 | data/Machine_type.csv@L345
8`Q\t	ASCII	ascii	2	stage/stage13.stg@seg521+0xB | stage/stage13.stg@seg527+0xB
9000	数值	big5	2	data/Machine_type.csv@L32 | data/Machine_type.csv@L34
93000	数值	big5	2	data/Machine_type.csv@L347 | data/Machine_type.csv@L55
930000	数值	big5	2	data/Machine_type.csv@L347 | data/Machine_type.csv@L55
95 ^	ASCII	ascii	2	CEO.exe@RVA 3FB7E | CEO.exe@RVA 3FC03
95 b	ASCII	ascii	2	CEO.exe@RVA 40676 | CEO.exe@RVA 407F4
95000	数值	big5	2	data/Machine_type.csv@L163 | data/Machine_type.csv@L215
950000	数值	big5	2	data/Machine_type.csv@L163 | data/Machine_type.csv@L215
958-L	ASCII	ascii	2	CEO.exe@RVA 1B7BC | CEO.exe@RVA C73A
95Xz	ASCII	ascii	2	CEO.exe@RVA 61D34 | CEO.exe@RVA 61E5D
95d8	ASCII	ascii	2	CEO.exe@RVA 97302 | CEO.exe@RVA 97315
95p`	ASCII	ascii	2	CEO.exe@RVA 60B3F | CEO.exe@RVA 60C3F
95t`	ASCII	ascii	2	CEO.exe@RVA 60BAA | CEO.exe@RVA 60C7B
960000	数值	big5	2	data/Machine_type.csv@L181 | data/Machine_type.csv@L81
99000	数值	big5	2	data/Machine_type.csv@L336 | data/Machine_type.csv@L95
990000	数值	big5	2	data/Machine_type.csv@L336 | data/Machine_type.csv@L95
9^8t	ASCII	ascii	2	CEO.exe@RVA 806A3 | CEO.exe@RVA 8071C
9csm	ASCII	ascii	2	CEO.exe@RVA 8D855 | CEO.exe@RVA 90E93
:rh\t	ASCII	ascii	2	stage/stage11.stg@seg2406+0xB | stage/stage11.stg@seg2409+0xB
;V,u	ASCII	ascii	2	CEO.exe@RVA 73D92 | CEO.exe@RVA 73E4A
;x }e	ASCII	ascii	2	CEO.exe@RVA 66D55 | CEO.exe@RVA 66F65
<$tPf	ASCII	ascii	2	CEO.exe@RVA 8A6AB | CEO.exe@RVA 8A7DB
<RWh	ASCII	ascii	2	CEO.exe@RVA 5D24A | CEO.exe@RVA 5D61A
=MOC	ASCII	ascii	2	CEO.exe@RVA 8D6E4 | CEO.exe@RVA 8DDDB
=d J	ASCII	ascii	2	CEO.exe@RVA 93759 | CEO.exe@RVA 96DB5
=m=@	ASCII	ascii	2	CEO.exe@RVA AC474 | CEO.exe@RVA ACF74
=t J	ASCII	ascii	2	CEO.exe@RVA 5F54E | CEO.exe@RVA BA80
>F;u	ASCII	ascii	2	CEO.exe@RVA 6A3DF | CEO.exe@RVA 6F41C
>Xzv	ASCII	ascii	2	CEO.exe@RVA AC5F7 | CEO.exe@RVA ACE37
?!?+?A?K?a?k?	ASCII	ascii	2	CEO.exe@RVA 502D1F | CEO.exe@RVA 502F29
?"u0	ASCII	ascii	2	CEO.exe@RVA 6457B | CEO.exe@RVA 645C5
?P),	ASCII	ascii	2	CEO.exe@RVA AC10F | CEO.exe@RVA AD2EF
?P/Y	ASCII	ascii	2	CEO.exe@RVA AADCF | CEO.exe@RVA AB66F
?X1U	ASCII	ascii	2	CEO.exe@RVA AC07F | CEO.exe@RVA AD3BF
@PVS	ASCII	ascii	2	CEO.exe@RVA 8D00C | CEO.exe@RVA 8D030
@f9Q	ASCII	ascii	2	CEO.exe@RVA 31044 | CEO.exe@RVA 3104B
@uoV	ASCII	ascii	2	CEO.exe@RVA 8BC06 | CEO.exe@RVA 9B327
@uoW	ASCII	ascii	2	CEO.exe@RVA 8AB3D | CEO.exe@RVA 8AC49
ABCDEFGHIJKLMNOPQRSTUVWXYZ	ASCII	ascii	2	CEO.exe@RVA B8A0E | CEO.exe@RVA B8C19
AGENT,	ASCII	ascii	2	Face/ceo_regist.h@L8 | Face/freeplay.h@L170
AGENT_COLOR,	ASCII	ascii	2	Face/ceo_regist.h@L7 | Face/freeplay.h@L41
ALL_BUT,	ASCII	ascii	2	Face/prod_info.h@L23 | Face/score_info.h@L144
ALRV	ASCII	ascii	2	CEO.exe@RVA 6C236 | CEO.exe@RVA 6C84E
ASSETS_DEBT,	ASCII	ascii	2	Face/profit_info.h@L23 | Face/score_info.h@L23
April	ASCII	ascii/utf16le	2	CEO.exe@RVA AA934 | CEO.exe@RVA AAAFC
August	ASCII	ascii/utf16le	2	CEO.exe@RVA AA90C | CEO.exe@RVA AAAE4
B"QP	ASCII	ascii	2	CEO.exe@RVA 10453 | CEO.exe@RVA 10536
B@;U	ASCII	ascii	2	CEO.exe@RVA D0BF | CEO.exe@RVA D120
BACK_PIC,	ASCII	ascii	2	Face/load_prograss.h@L2 | Face/save_prograss.h@L2
BOARD_COLOR_SEL,	ASCII	ascii	2	Face/face_machine.h@L25 | Face/face_put_machine.h@L16
BOSSHEAD,	ASCII	ascii	2	Face/ceo_info.h@L9 | Face/taskplay.h@L37
BOSSHEAD_NAME,	ASCII	ascii	2	Face/ceo_info.h@L10 | Face/taskplay.h@L38
BTN_1,	ASCII	ascii	2	Face/Load.h@L6 | Face/save.h@L4
BTN_10,	ASCII	ascii	2	Face/Load.h@L15 | Face/save.h@L13
BTN_2,	ASCII	ascii	2	Face/Load.h@L7 | Face/save.h@L5
BTN_3,	ASCII	ascii	2	Face/Load.h@L8 | Face/save.h@L6
BTN_4,	ASCII	ascii	2	Face/Load.h@L9 | Face/save.h@L7
BTN_5,	ASCII	ascii	2	Face/Load.h@L10 | Face/save.h@L8
BTN_6,	ASCII	ascii	2	Face/Load.h@L11 | Face/save.h@L9
BTN_7,	ASCII	ascii	2	Face/Load.h@L12 | Face/save.h@L10
BTN_8,	ASCII	ascii	2	Face/Load.h@L13 | Face/save.h@L11
BTN_9,	ASCII	ascii	2	Face/Load.h@L14 | Face/save.h@L12
BTN_BANK,	ASCII	ascii	2	Face/main.h@L12 | Face/main1.h@L32
BTN_BG_4,	ASCII	ascii	2	Face/FirmLoadArea-1.h@L5 | Face/main.h@L5
BTN_BG_5,	ASCII	ascii	2	Face/FirmLoadArea-1.h@L6 | Face/main.h@L6
BTN_BG_6,	ASCII	ascii	2	Face/FirmLoadArea-1.h@L7 | Face/main.h@L7
BTN_BG_7,	ASCII	ascii	2	Face/FirmLoadArea-1.h@L8 | Face/main.h@L8
BTN_BOARD	ASCII	ascii	2	Face/factinf_retail.h@L5 | Face/factinf_sale.h@L5
BTN_BUILD_FARM,	ASCII	ascii	2	Face/ToBuildFirm.h@L6 | Face/buildbtn.h@L5
BTN_BUILD_MINE,	ASCII	ascii	2	Face/ToBuildFirm.h@L8 | Face/buildbtn.h@L7
BTN_BUY,	ASCII	ascii	2	Face/face_btn1.h@L4 | Face/inoutinfo.h@L47
BTN_CLOSE,	ASCII	ascii	2	Face/extface_putland.h@L17 | Face/sreport.h@L4
BTN_GO,	ASCII	ascii	2	Face/Load.h@L5 | Face/save.h@L3
BTN_HELP,	ASCII	ascii	2	Face/main.h@L14 | Face/main1.h@L31
BTN_LOAD,	ASCII	ascii	2	Face/Load-1.h@L4 | Face/new_option.h@L8
BTN_MINE_PIC	ASCII	ascii	2	Face/FirmMine.h@L8 | Face/factinf_mine.h@L18
BTN_MINUS,	ASCII	ascii	2	Face/RetailMachine.h@L3 | Face/face_retailmachine.h@L26
BTN_MONTH,	ASCII	ascii	2	Face/fact_profit_info.h@L34 | Face/factinf.h@L13
BTN_OPTION,	ASCII	ascii	2	Face/main.h@L13 | Face/main1.h@L33
BTN_PEOPLE,	ASCII	ascii	2	Face/SmallMapBtn.h@L3 | Face/face_smallmap.h@L4
BTN_PIC_1,	ASCII	ascii	2	Face/SaleMachine.h@L13 | Face/face_buymachine.h@L17
BTN_PIC_2,	ASCII	ascii	2	Face/SaleMachine.h@L14 | Face/face_buymachine.h@L18
BTN_PIC_3,	ASCII	ascii	2	Face/SaleMachine.h@L15 | Face/face_buymachine.h@L19
BTN_PIC_4,	ASCII	ascii	2	Face/SaleMachine.h@L16 | Face/face_buymachine.h@L20
BTN_PIC_5,	ASCII	ascii	2	Face/SaleMachine.h@L17 | Face/face_buymachine.h@L21
BTN_PRODINFO,	ASCII	ascii	2	Face/main.h@L9 | Face/main1.h@L29
BTN_PRODUCT,	ASCII	ascii	2	Face/MyFirmButton.h@L3 | Face/main.h@L11
BTN_RENAME,	ASCII	ascii	2	Face/MyFirmManage-1.h@L2 | Face/MyFirmManage.h@L2
BTN_SAVE,	ASCII	ascii	2	Face/Load-1.h@L3 | Face/new_option.h@L7
BTN_SEASON,	ASCII	ascii	2	Face/fact_profit_info.h@L35 | Face/factinf.h@L12
BTN_SPEED,	ASCII	ascii	2	Face/Option.h@L6 | Face/new_option.h@L6
BTN_TITLEBAR1,	ASCII	ascii	2	Face/ToBuildFirm-Mine.h@L16 | Face/forsale-mine.h@L18
BTN_TYPE_1,	ASCII	ascii	2	Face/SaleMachine.h@L6 | Face/face_buymachine.h@L10
BTN_TYPE_2,	ASCII	ascii	2	Face/SaleMachine.h@L7 | Face/face_buymachine.h@L11
BTN_TYPE_3,	ASCII	ascii	2	Face/SaleMachine.h@L8 | Face/face_buymachine.h@L12
BTN_TYPE_4,	ASCII	ascii	2	Face/SaleMachine.h@L9 | Face/face_buymachine.h@L13
BTN_TYPE_5,	ASCII	ascii	2	Face/SaleMachine.h@L10 | Face/face_buymachine.h@L14
BTN_TYPE_6,	ASCII	ascii	2	Face/SaleMachine.h@L11 | Face/face_buymachine.h@L15
BTN_TYPE_7,	ASCII	ascii	2	Face/SaleMachine.h@L12 | Face/face_buymachine.h@L16
BTN_YEAR,	ASCII	ascii	2	Face/fact_profit_info.h@L36 | Face/factinf.h@L10
BULK_PRICE,	ASCII	ascii	2	Face/factinf_board.h@L28 | Face/factinf_pro.h@L54
BUS_NAME,	ASCII	ascii	2	Face/buyfact.h@L14 | Face/ceo_info.h@L8
C6	ASCII	big5	2	data/formula.csv@L144 | data/formula.csv@L80
C6=	ASCII	big5	2	data/formula.csv@L15 | data/formula.csv@L55
C7=	ASCII	big5	2	data/formula.csv@L16 | data/formula.csv@L56
C8=	ASCII	big5	2	data/formula.csv@L17 | data/formula.csv@L57
C9=	ASCII	big5	2	data/formula.csv@L18 | data/formula.csv@L58
CEO STEAM	ASCII	ascii	2	CEO.exe@RVA A3316 | CEO.exe@RVA A3320
CLR_1,	ASCII	ascii	2	Face/colorlist.h@L2 | Face/factinf_clrsel.h@L3
CLR_2,	ASCII	ascii	2	Face/colorlist.h@L3 | Face/factinf_clrsel.h@L4
CLR_3,	ASCII	ascii	2	Face/colorlist.h@L4 | Face/factinf_clrsel.h@L5
CLR_4,	ASCII	ascii	2	Face/colorlist.h@L5 | Face/factinf_clrsel.h@L6
CLR_5,	ASCII	ascii	2	Face/colorlist.h@L6 | Face/factinf_clrsel.h@L7
CLR_6,	ASCII	ascii	2	Face/colorlist.h@L7 | Face/factinf_clrsel.h@L8
CLR_7	ASCII	ascii	2	Face/colorlist.h@L8 | Face/factinf_clrsel.h@L9
COLOR,	ASCII	ascii	2	Face/buyfact.h@L13 | Face/freeplay.h@L40
COLOR6_NAME	ASCII	ascii	2	Face/lose_face.h@L27 | Face/win_face.h@L55
COMMING_GOODS,	ASCII	ascii	2	Face/FirmBoard.h@L23 | Face/factinf_board.h@L38
COMPETITION,	ASCII	ascii	2	Face/freeplay.h@L89 | Face/taskplay.h@L47
COR_NAME,	ASCII	ascii	2	Face/profit_info.h@L25 | Face/score_info.h@L25
DAMAGE,	ASCII	ascii	2	Face/FirmMachine.h@L2 | Face/face_machine.h@L54
DOaR	ASCII	ascii	2	stage/stage05.stg@seg10+0x12 | stage/stage05.stg@seg11+0x12
December	ASCII	ascii/utf16le	2	CEO.exe@RVA AA8C0 | CEO.exe@RVA AAAB8
EGB_IN_1,	ASCII	ascii	2	Face/FirmMachine.h@L24 | Face/face_machine.h@L40
EGB_IN_2,	ASCII	ascii	2	Face/FirmMachine.h@L25 | Face/face_machine.h@L41
EGB_IN_3,	ASCII	ascii	2	Face/FirmMachine.h@L26 | Face/face_machine.h@L42
EGB_IN_4,	ASCII	ascii	2	Face/FirmMachine.h@L27 | Face/face_machine.h@L43
EGB_OUT,	ASCII	ascii	2	Face/FirmMachine.h@L32 | Face/face_machine.h@L23
FAME_HALL,	ASCII	ascii	2	Face/MainMenu.h@L4 | Face/menu1.h@L5
FGIu	ASCII	ascii	2	CEO.exe@RVA 8C7CA | CEO.exe@RVA 8C7EB
FLOC_TITLE,	ASCII	ascii	2	Face/prod_info.h@L147 | Face/score_info.h@L143
FREE_MODEL,	ASCII	ascii	2	Face/famhall1.h@L37 | Face/famhall2.h@L37
February	ASCII	ascii/utf16le	2	CEO.exe@RVA AA94C | CEO.exe@RVA AAB0C
Fh;F	ASCII	ascii	2	CEO.exe@RVA 75129 | CEO.exe@RVA 752D9
Friday	ASCII	ascii/utf16le	2	CEO.exe@RVA AA9E4 | CEO.exe@RVA AAB5C
Gf9X	ASCII	ascii	2	CEO.exe@RVA 1EE94 | CEO.exe@RVA 1EE9B
HCl\t	ASCII	ascii	2	stage/stage14.stg@seg1558+0xB | stage/stage14.stg@seg1560+0xB
HEAD_PIC,	ASCII	ascii	2	Face/buyfact.h@L15 | Face/ceo_info.h@L11
HH:mm:ss	ASCII	ascii/utf16le	2	CEO.exe@RVA AA860 | CEO.exe@RVA AAA84
IC類	中文	big5	2	data/AI_style.csv@L1 | data/Machine_group.csv@L11
January	ASCII	ascii/utf16le	2	CEO.exe@RVA AA960 | CEO.exe@RVA AAB18
July	ASCII	ascii/utf16le	2	CEO.exe@RVA AA91C | CEO.exe@RVA AAAEC
June	ASCII	ascii/utf16le	2	CEO.exe@RVA AA928 | CEO.exe@RVA AAAF4
KUNKA_MODE,	ASCII	ascii	2	Face/MainMenu.h@L2 | Face/menu1.h@L2
Kr~\t	ASCII	ascii	2	stage/stage11.stg@seg3568+0xB | stage/stage11.stg@seg3572+0xB
LC[+	ASCII	ascii	2	stage/stage10.stg@seg563+0xB | stage/stage10.stg@seg576+0xB
LIST_ITEM	ASCII	ascii	2	Face/FirmLoadArea_list.h@L3 | Face/FirmMachine_List.h@L3
LIST_PRODUCT	ASCII	ascii	2	Face/SaleMachine.h@L24 | Face/face_buymachine.h@L27
LIST_PRODUCT_1,	ASCII	ascii	2	Face/RetailMachine.h@L24 | Face/face_retailmachine.h@L38
LIST_PRODUCT_2,	ASCII	ascii	2	Face/RetailMachine.h@L25 | Face/face_retailmachine.h@L40
LOSS_PROFIT,	ASCII	ascii	2	Face/balance_info.h@L24 | Face/score_info.h@L24
M$PPj	ASCII	ascii	2	CEO.exe@RVA 7BB9D | CEO.exe@RVA 7BCED
MAP_NAME,	ASCII	ascii	2	Face/taskplay.h@L44 | Face/win_face.h@L22
MM/dd/yy	ASCII	ascii/utf16le	2	CEO.exe@RVA AA89C | CEO.exe@RVA AAAA4
MONTH_BUT,	ASCII	ascii	2	Face/balance_info.h@L32 | Face/profit_info.h@L30
Map01	ASCII	ascii/big5	2	data/maps.csv@L3 | stage/stage13.stg@seg0+0xC
Map02	ASCII	ascii/big5	2	data/maps.csv@L4 | stage/stage07.stg@seg0+0xC
Map03	ASCII	ascii/big5	2	data/maps.csv@L5 | stage/stage04.stg@seg0+0xC
Map04	ASCII	ascii/big5	2	data/maps.csv@L6 | stage/stage09.stg@seg0+0xC
Map06	ASCII	ascii/big5	2	data/maps.csv@L8 | stage/stage11.stg@seg0+0xC
Map07	ASCII	ascii/big5	2	data/maps.csv@L9 | stage/stage01.stg@seg0+0xC
Map09	ASCII	ascii/big5	2	data/maps.csv@L11 | stage/stage02.stg@seg0+0xC
Map11	ASCII	ascii/big5	2	data/maps.csv@L13 | stage/stage10.stg@seg0+0xC
Map12	ASCII	ascii/big5	2	data/maps.csv@L14 | stage/stage12.stg@seg0+0xC
Map13	ASCII	ascii/big5	2	data/maps.csv@L15 | stage/stage14.stg@seg0+0xC
Map14	ASCII	ascii/big5	2	data/maps.csv@L16 | stage/stage05.stg@seg0+0xC
Map15	ASCII	ascii/big5	2	data/maps.csv@L17 | stage/stage03.stg@seg0+0xC
Map16	ASCII	ascii/big5	2	data/maps.csv@L18 | stage/stage08.stg@seg0+0xC
Map17	ASCII	ascii/big5	2	data/maps.csv@L19 | stage/stage06.stg@seg0+0xC
March	ASCII	ascii/utf16le	2	CEO.exe@RVA AA940 | CEO.exe@RVA AAB04
Monday	ASCII	ascii/utf16le	2	CEO.exe@RVA AAA2C | CEO.exe@RVA AAB84
M~O@	ASCII	ascii	2	stage/stage08.stg@seg1782+0xB | stage/stage08.stg@seg1788+0xB
N@;M	ASCII	ascii	2	CEO.exe@RVA 80073 | CEO.exe@RVA 80353
NC39	ASCII	ascii	2	stage/stage08.stg@seg2171+0xB | stage/stage08.stg@seg2174+0xB
NOKu	ASCII	ascii	2	CEO.exe@RVA 2081D | CEO.exe@RVA 5AA1
November	ASCII	ascii/utf16le	2	CEO.exe@RVA AA8D4 | CEO.exe@RVA AAAC4
Nu?-HF	ASCII	ascii	2	CEO.exe@RVA ABFA5 | CEO.exe@RVA AD445
Nx5P	ASCII	ascii	2	stage/stage12.stg@seg578+0xB | stage/stage12.stg@seg579+0xB
O$RP	ASCII	ascii	2	CEO.exe@RVA 72E1A | CEO.exe@RVA 72EDC
O@KW	ASCII	ascii	2	stage/stage08.stg@seg1901+0xB | stage/stage08.stg@seg1916+0xB
OWNERDRAW1,	ASCII	ascii	2	Face/FirmBoard.h@L14 | Face/factinf_board.h@L32
October	ASCII	ascii/utf16le	2	CEO.exe@RVA AA8E8 | CEO.exe@RVA AAAD0
OrDc	ASCII	ascii	2	stage/stage11.stg@seg5505+0xB | stage/stage11.stg@seg5507+0xB
Ox9P	ASCII	ascii	2	stage/stage12.stg@seg572+0xB | stage/stage12.stg@seg586+0xB
PLAYER_BUT,	ASCII	ascii	2	Face/prod_info.h@L24 | Face/score_info.h@L145
POINT_NUM,	ASCII	ascii	2	Face/taskplay.h@L40 | Face/win_face.h@L24
PORT_SUM,	ASCII	ascii	2	Face/factinf_port.h@L21 | Face/factinf_pro.h@L52
PQRV	ASCII	ascii	2	CEO.exe@RVA 2314D | CEO.exe@RVA 2391A
PQRhb	ASCII	ascii	2	CEO.exe@RVA 2B4C1 | CEO.exe@RVA 2B507
PQSW	ASCII	ascii	2	CEO.exe@RVA 367AE | CEO.exe@RVA 3695E
PQWV	ASCII	ascii	2	CEO.exe@RVA 6BEE6 | CEO.exe@RVA 8134E
PRODKIND_COUNT,	ASCII	ascii	2	Face/face_machine.h@L28 | Face/face_put_machine.h@L19
PROGRASS_BAR	ASCII	ascii	2	Face/load_prograss.h@L3 | Face/save_prograss.h@L3
PRWSQ	ASCII	ascii	2	CEO.exe@RVA 66EEF | CEO.exe@RVA 67046
PSj?	ASCII	ascii	2	CEO.exe@RVA 96DA1 | CEO.exe@RVA 96DD9
Ph ,J	ASCII	ascii	2	CEO.exe@RVA 3A9D9 | CEO.exe@RVA 3ACD8
Pj<QS	ASCII	ascii	2	CEO.exe@RVA 290CF | CEO.exe@RVA 291B1
Q@KW	ASCII	ascii	2	stage/stage08.stg@seg1905+0xB | stage/stage08.stg@seg1913+0xB
QPPhp	ASCII	ascii	2	CEO.exe@RVA 4A8EB | CEO.exe@RVA 5A127
QRPV	ASCII	ascii	2	CEO.exe@RVA 2A763 | CEO.exe@RVA 88097
QRPW	ASCII	ascii	2	CEO.exe@RVA 368C5 | CEO.exe@RVA 84B2D
QRWV	ASCII	ascii	2	CEO.exe@RVA 10683 | CEO.exe@RVA 1078F
QSV3	ASCII	ascii	2	CEO.exe@RVA 52003 | CEO.exe@RVA 61043
QUEST_MODEL,	ASCII	ascii	2	Face/famhall1.h@L36 | Face/famhall2.h@L36
R-h,	ASCII	ascii	2	stage/stage11.stg@seg1051+0xB | stage/stage11.stg@seg1063+0xB
RANDOM_MODE,	ASCII	ascii	2	Face/MainMenu.h@L3 | Face/menu1.h@L3
RETAIL_PRICE,	ASCII	ascii	2	Face/factinf_board.h@L29 | Face/factinf_pro.h@L55
RPQh	ASCII	ascii	2	CEO.exe@RVA 7C861 | CEO.exe@RVA 7D71D
RVVVh@	ASCII	ascii	2	CEO.exe@RVA 3CA4F | CEO.exe@RVA 3F6F1
RVVh@	ASCII	ascii	2	CEO.exe@RVA 48FC0 | CEO.exe@RVA 61DA4
RWPj	ASCII	ascii	2	CEO.exe@RVA 28720 | CEO.exe@RVA 28964
RWSP	ASCII	ascii	2	CEO.exe@RVA 6C1D5 | CEO.exe@RVA 6C7EC
Rj<PS	ASCII	ascii	2	CEO.exe@RVA 2D0E0 | CEO.exe@RVA 2D50C
SALES_ALLOW,	ASCII	ascii	2	Face/face_salary_0.h@L19 | Face/inoutinfo.h@L43
SALES_DEC,	ASCII	ascii	2	Face/face_salary_0.h@L23 | Face/inoutinfo.h@L41
SALES_IDLE,	ASCII	ascii	2	Face/face_salary_0.h@L7 | Face/inoutinfo.h@L48
SCBAR_RETAIL,	ASCII	ascii	2	Face/RetailMachine.h@L23 | Face/face_retailmachine.h@L39
SCBAR_SALEMACHINE,	ASCII	ascii	2	Face/SaleMachine.h@L18 | Face/face_buymachine.h@L9
SCROLL1,	ASCII	ascii	2	Face/IO_rule.h@L18 | Face/factinf.h@L9
SCROLL_1,	ASCII	ascii	2	Face/fact_profit_info.h@L38 | Face/taskplay.h@L110
SEASON_BUT,	ASCII	ascii	2	Face/balance_info.h@L31 | Face/profit_info.h@L29
SHOW_AVGSELL,	ASCII	ascii	2	Face/RetailMachine.h@L21 | Face/face_retailmachine.h@L28
SHOW_BOX_AMOUNT,	ASCII	ascii	2	Face/RetailMachine.h@L32 | Face/face_retailmachine.h@L36
SHOW_BOX_LEFT,	ASCII	ascii	2	Face/RetailMachine.h@L17 | Face/face_retailmachine.h@L20
SHOW_DIRT,	ASCII	ascii	2	Face/ToBuildFirm-1.h@L3 | Face/forsale-mine.h@L9
SHOW_DIRT_NUM,	ASCII	ascii	2	Face/ToBuildFirm-1.h@L10 | Face/forsale-mine.h@L10
SHOW_DORM_NUM,	ASCII	ascii	2	Face/FirmDorm.h@L6 | Face/factinf_dorm.h@L17
SHOW_FIXFEE,	ASCII	ascii	2	Face/FirmMachine.h@L19 | Face/face_machine.h@L18
SHOW_ITEM_1,	ASCII	ascii	2	Face/FirmLoadArea-1.h@L173 | Face/MyFirmReport.h@L25
SHOW_ITEM_10,	ASCII	ascii	2	Face/FirmLoadArea-1.h@L182 | Face/MyFirmReport.h@L34
SHOW_ITEM_2,	ASCII	ascii	2	Face/FirmLoadArea-1.h@L174 | Face/MyFirmReport.h@L26
SHOW_ITEM_3,	ASCII	ascii	2	Face/FirmLoadArea-1.h@L175 | Face/MyFirmReport.h@L27
SHOW_ITEM_4,	ASCII	ascii	2	Face/FirmLoadArea-1.h@L176 | Face/MyFirmReport.h@L28
SHOW_ITEM_5,	ASCII	ascii	2	Face/FirmLoadArea-1.h@L177 | Face/MyFirmReport.h@L29
SHOW_ITEM_6,	ASCII	ascii	2	Face/FirmLoadArea-1.h@L178 | Face/MyFirmReport.h@L30
SHOW_ITEM_7,	ASCII	ascii	2	Face/FirmLoadArea-1.h@L179 | Face/MyFirmReport.h@L31
SHOW_ITEM_8,	ASCII	ascii	2	Face/FirmLoadArea-1.h@L180 | Face/MyFirmReport.h@L32
SHOW_ITEM_9,	ASCII	ascii	2	Face/FirmLoadArea-1.h@L181 | Face/MyFirmReport.h@L33
SHOW_ITEM_NEXT,	ASCII	ascii	2	Face/RetailMachine.h@L16 | Face/face_retailmachine.h@L23
SHOW_MANAGER_NEED,	ASCII	ascii	2	Face/SalaryAdjust.h@L3 | Face/face_machine.h@L62
SHOW_MONEY,	ASCII	ascii	2	Face/GameSetting.h@L15 | Face/main.h@L15
SHOW_NAME_1,	ASCII	ascii	2	Face/SaleMachine.h@L19 | Face/face_buymachine.h@L22
SHOW_NAME_2,	ASCII	ascii	2	Face/SaleMachine.h@L20 | Face/face_buymachine.h@L23
SHOW_NAME_3,	ASCII	ascii	2	Face/SaleMachine.h@L21 | Face/face_buymachine.h@L24
SHOW_NAME_4,	ASCII	ascii	2	Face/SaleMachine.h@L22 | Face/face_buymachine.h@L25
SHOW_NAME_5,	ASCII	ascii	2	Face/SaleMachine.h@L23 | Face/face_buymachine.h@L26
SHOW_NEXTITEM,	ASCII	ascii	2	Face/FirmMachine.h@L44 | Face/face_machine.h@L30
SHOW_OUT_NUM,	ASCII	ascii	2	Face/FirmMachine.h@L34 | Face/face_machine.h@L22
SHOW_OUT_QUANTITY,	ASCII	ascii	2	Face/ProductBook.h@L7 | Face/SaleMachineInfo.h@L22
SHOW_PRICE	ASCII	ascii	2	Face/FirmMachineSell.h@L6 | Face/MyFirmSell.h@L8
SHOW_PRODUCE_1,	ASCII	ascii	2	Face/FirmMachine.h@L39 | Face/face_machine.h@L50
SHOW_PRODUCE_2,	ASCII	ascii	2	Face/FirmMachine.h@L40 | Face/face_machine.h@L51
SHOW_PRODUCE_3,	ASCII	ascii	2	Face/FirmMachine.h@L41 | Face/face_machine.h@L52
SHOW_PRODUCE_4,	ASCII	ascii	2	Face/FirmMachine.h@L42 | Face/face_machine.h@L53
SHOW_PROFIT_2,	ASCII	ascii	2	Face/EnemyFirmInfo.h@L7 | Face/MyFirmInfo-Mine.h@L8
SHOW_TYPE,	ASCII	ascii	2	Face/MyFirmInfo-Mine.h@L11 | Face/forsale-mine.h@L11
SHOW_UNITSTR1,	ASCII	ascii	2	Face/FirmMachine.h@L53 | Face/SaleMachineInfo.h@L36
SHOW_UNITSTR2,	ASCII	ascii	2	Face/FirmMachine.h@L54 | Face/SaleMachineInfo.h@L37
SHOW_UNITSTR3,	ASCII	ascii	2	Face/FirmMachine.h@L55 | Face/SaleMachineInfo.h@L38
SHOW_USER_NUM_NOW,	ASCII	ascii	2	Face/FirmDorm.h@L8 | Face/factinf_dorm.h@L20
SHOW_WORKER,	ASCII	ascii	2	Face/EnemyFirmInfo.h@L9 | Face/SalaryAdjust.h@L7
SPQh	ASCII	ascii	2	CEO.exe@RVA 2232F | CEO.exe@RVA 22384
SPWV	ASCII	ascii	2	CEO.exe@RVA 7F4B8 | CEO.exe@RVA 7F4D9
SRWV	ASCII	ascii	2	CEO.exe@RVA 7F597 | CEO.exe@RVA 7F668
STORAGE,	ASCII	ascii	2	Face/IO_rule_1.h@L45 | Face/factinf_pro.h@L50
Saturday	ASCII	ascii/utf16le	2	CEO.exe@RVA AA9D0 | CEO.exe@RVA AAB50
September	ASCII	ascii/utf16le	2	CEO.exe@RVA AA8F8 | CEO.exe@RVA AAAD8
Sunday	ASCII	ascii/utf16le	2	CEO.exe@RVA AAA3C | CEO.exe@RVA AAB8C
T#+z	ASCII	ascii	2	stage/stage11.stg@seg1922+0xB | stage/stage11.stg@seg1926+0xB
TH%=	ASCII	ascii	2	stage/stage11.stg@seg5424+0xB | stage/stage11.stg@seg5426+0xB
TRADE_1,	ASCII	ascii	2	Face/FirmBoard.h@L15 | Face/factinf_board.h@L40
TRADE_2,	ASCII	ascii	2	Face/FirmBoard.h@L16 | Face/factinf_board.h@L41
TRADE_3,	ASCII	ascii	2	Face/FirmBoard.h@L17 | Face/factinf_board.h@L42
TRADE_4,	ASCII	ascii	2	Face/FirmBoard.h@L18 | Face/factinf_board.h@L43
TRADE_5,	ASCII	ascii	2	Face/FirmBoard.h@L19 | Face/factinf_board.h@L44
Thursday	ASCII	ascii/utf16le	2	CEO.exe@RVA AA9F4 | CEO.exe@RVA AAB64
Tuesday	ASCII	ascii/utf16le	2	CEO.exe@RVA AAA1C | CEO.exe@RVA AAB7C
U&X>	ASCII	ascii	2	CEO.exe@RVA AC2D2 | CEO.exe@RVA AD092
UNUSE_OBJ31	ASCII	ascii	2	Face/SaleMachine-1.h@L4 | Face/factinf_chart.h@L32
UNUSE_OBJ40,	ASCII	ascii	2	Face/Bank.h@L35 | Face/factinf_pro.h@L40
UNUSE_OBJ43	ASCII	ascii	2	Face/Bank.h@L38 | Face/face_retailmachine.h@L44
UNUSE_OBJ46,	ASCII	ascii	2	Face/factinf_pro.h@L47 | Face/inoutinfo.h@L4
UNUSE_OBJ48,	ASCII	ascii	2	Face/IO_rule_1.h@L28 | Face/factinf_pro.h@L49
UNUSE_OBJ51,	ASCII	ascii	2	Face/BuildingFirm.h@L10 | Face/factinf_pro.h@L51
UNUSE_OBJ6	ASCII	ascii	2	Face/MyFirmInfo-Up.h@L7 | Face/buystuff_confirm.h@L7
UNUSE_OBJ60,	ASCII	ascii	2	Face/IO_rule_1.h@L27 | Face/face_machine.h@L61
UNUSE_OBJ62,	ASCII	ascii	2	Face/face_machine.h@L63 | Face/sreport.h@L56
Urq\t	ASCII	ascii	2	stage/stage14.stg@seg2372+0xB | stage/stage14.stg@seg2375+0xB
VPQR	ASCII	ascii	2	CEO.exe@RVA 4EF3 | CEO.exe@RVA FAE1
W<QV	ASCII	ascii	2	CEO.exe@RVA 6C5FD | CEO.exe@RVA 6CE36
WAITING_GOODS,	ASCII	ascii	2	Face/FirmBoard.h@L21 | Face/factinf_board.h@L36
WORKER_SUM,	ASCII	ascii	2	Face/CompanyInfo.h@L5 | Face/factinf_port.h@L24
WPQR	ASCII	ascii	2	CEO.exe@RVA 33C7A | CEO.exe@RVA 7F152
Wednesday	ASCII	ascii/utf16le	2	CEO.exe@RVA AAA08 | CEO.exe@RVA AAB70
X2CQ	ASCII	ascii	2	CEO.exe@RVA AC039 | CEO.exe@RVA AD379
XomN	ASCII	ascii	2	stage/stage11.stg@seg3409+0xB | stage/stage11.stg@seg3423+0xB
YEAR_BUT,	ASCII	ascii	2	Face/balance_info.h@L30 | Face/profit_info.h@L28
Yrk\t	ASCII	ascii	2	stage/stage11.stg@seg4366+0xB | stage/stage11.stg@seg4374+0xB
ZD#E	ASCII	ascii	2	stage/stage09.stg@seg3472+0xB | stage/stage09.stg@seg3484+0xB
ZDlC	ASCII	ascii	2	stage/stage09.stg@seg3470+0xB | stage/stage09.stg@seg3476+0xB
Z~|%	ASCII	ascii	2	stage/stage06.stg@seg4115+0xB | stage/stage06.stg@seg4124+0xB
]xmK	ASCII	ascii	2	stage/stage08.stg@seg4003+0xB | stage/stage08.stg@seg4007+0xB
^!@A	ASCII	ascii	2	stage/stage08.stg@seg2533+0xB | stage/stage08.stg@seg2537+0xB
^$S+	ASCII	ascii	2	CEO.exe@RVA 7F7B8 | CEO.exe@RVA 7F801
_^[3	ASCII	ascii	2	CEO.exe@RVA 869E5 | CEO.exe@RVA 869FB
_^[H	ASCII	ascii	2	CEO.exe@RVA 7057B | CEO.exe@RVA 70951
`5nY	ASCII	ascii	2	stage/staget4.stg@seg12+0xB | stage/staget5.stg@seg120+0xB
`VWh	ASCII	ascii	2	CEO.exe@RVA 59FEC | CEO.exe@RVA 5A31D
`[3\	ASCII	ascii	2	stage/staget4.stg@seg21+0xB | stage/staget5.stg@seg111+0xB
`rE\t	ASCII	ascii	2	stage/stage11.stg@seg2074+0xB | stage/stage11.stg@seg2085+0xB
a(;H	ASCII	ascii	2	stage/staget4.stg@seg37+0xB | stage/staget5.stg@seg95+0xB
a-\t8	ASCII	ascii	2	stage/stage09.stg@seg538+0xB | stage/stage09.stg@seg539+0xB
a-_7	ASCII	ascii	2	stage/stage09.stg@seg536+0xB | stage/stage09.stg@seg568+0xB
a.tE	ASCII	ascii	2	stage/staget4.stg@seg28+0xB | stage/staget5.stg@seg104+0xB
a;bL	ASCII	ascii	2	stage/stage10.stg@seg28+0xB | stage/stage10.stg@seg29+0xB
aHNU	ASCII	ascii	2	stage/staget4.stg@seg30+0xB | stage/staget5.stg@seg102+0xB
aS{O	ASCII	ascii	2	stage/stage10.stg@seg64+0xB | stage/stage10.stg@seg68+0xB
a`D 	ASCII	ascii	2	stage/stage09.stg@seg233+0xB | stage/stage09.stg@seg284+0xB
abcdefghijklmnopqrstuvwxyz	ASCII	ascii	2	CEO.exe@RVA B89EE | CEO.exe@RVA B8BF9
a}]E	ASCII	ascii	2	stage/staget4.stg@seg34+0xB | stage/staget5.stg@seg98+0xB
a~9?	ASCII	ascii	2	stage/stage08.stg@seg3617+0xB | stage/stage08.stg@seg3627+0xB
a~q=	ASCII	ascii	2	stage/stage08.stg@seg3615+0xB | stage/stage08.stg@seg3619+0xB
b-.4	ASCII	ascii	2	stage/stage09.stg@seg501+0xB | stage/stage09.stg@seg564+0xB
b-:0	ASCII	ascii	2	stage/stage09.stg@seg513+0xB | stage/stage09.stg@seg524+0xB
d$t#	ASCII	ascii	2	stage/stage03.stg@seg464+0xB | stage/stage03.stg@seg469+0xB
d-?"	ASCII	ascii	2	stage/stage10.stg@seg1639+0xB | stage/stage10.stg@seg1701+0xB
d-L$	ASCII	ascii	2	stage/stage10.stg@seg1666+0xB | stage/stage10.stg@seg1695+0xB
d-m!	ASCII	ascii	2	stage/stage10.stg@seg1667+0xB | stage/stage10.stg@seg1698+0xB
dFU 	ASCII	ascii	2	stage/stage09.stg@seg1269+0xB | stage/stage09.stg@seg1292+0xB
dddd, MMMM dd, yyyy	ASCII	ascii/utf16le	2	CEO.exe@RVA AA874 | CEO.exe@RVA AAA90
e-CS	ASCII	ascii	2	CEO.exe@RVA AC011 | CEO.exe@RVA AD351
f*"!	ASCII	ascii	2	CEO.exe@RVA AC311 | CEO.exe@RVA AD0D1
f-00f=	ASCII	ascii	2	CEO.exe@RVA 92EA7 | CEO.exe@RVA 93077
f6\tn	ASCII	ascii	2	CEO.exe@RVA AC932 | CEO.exe@RVA ACA92
f90u	ASCII	ascii	2	CEO.exe@RVA 9374A | CEO.exe@RVA 93752
f9L0	ASCII	ascii	2	CEO.exe@RVA 15A35 | CEO.exe@RVA 15AF5
f;H@	ASCII	ascii	2	CEO.exe@RVA 2534D | CEO.exe@RVA 2565E
g\>{	ASCII	ascii	2	CEO.exe@RVA AC699 | CEO.exe@RVA ACD79
h aJ	ASCII	ascii	2	CEO.exe@RVA 75096 | CEO.exe@RVA 75246
h$MJ	ASCII	ascii	2	CEO.exe@RVA 69F98 | CEO.exe@RVA 69FB4
h0)J	ASCII	ascii	2	CEO.exe@RVA 10DDB | CEO.exe@RVA 1162E
h4LJ	ASCII	ascii	2	CEO.exe@RVA 66544 | CEO.exe@RVA 665AB
h<5J	ASCII	ascii	2	CEO.exe@RVA 325F9 | CEO.exe@RVA 579D8
h<DJ	ASCII	ascii	2	CEO.exe@RVA 58D6E | CEO.exe@RVA 5B604
h@3J	ASCII	ascii	2	CEO.exe@RVA 2ACB7 | CEO.exe@RVA 2ACC2
hDPJ	ASCII	ascii	2	CEO.exe@RVA 6DE14 | CEO.exe@RVA 6DEB4
hP+F	ASCII	ascii	2	CEO.exe@RVA 59A7E | CEO.exe@RVA 62BC4
hPkF	ASCII	ascii	2	CEO.exe@RVA 66F0C | CEO.exe@RVA 67063
hTPJ	ASCII	ascii	2	CEO.exe@RVA 6F208 | CEO.exe@RVA 6F2C6
h\EJ	ASCII	ascii	2	CEO.exe@RVA 5B96A | CEO.exe@RVA 5CA73
hl,J	ASCII	ascii	2	CEO.exe@RVA 1D0FD | CEO.exe@RVA 1D84A
hp+J	ASCII	ascii	2	CEO.exe@RVA 11D29 | CEO.exe@RVA 11DC9
hpLJ	ASCII	ascii	2	CEO.exe@RVA 67A20 | CEO.exe@RVA 6BC92
hxPJ	ASCII	ascii	2	CEO.exe@RVA 6F94B | CEO.exe@RVA 6F9F0
h|,J	ASCII	ascii	2	CEO.exe@RVA 1D0D2 | CEO.exe@RVA 1D81F
h|.J	ASCII	ascii	2	CEO.exe@RVA 1F76D | CEO.exe@RVA 1F80D
j<PS	ASCII	ascii	2	CEO.exe@RVA 27BC1 | CEO.exe@RVA 2CCBA
j<QS	ASCII	ascii	2	CEO.exe@RVA 27BEF | CEO.exe@RVA 2907A
j<RP	ASCII	ascii	2	CEO.exe@RVA 287D5 | CEO.exe@RVA 31323
j<RS	ASCII	ascii	2	CEO.exe@RVA 27E76 | CEO.exe@RVA 2CB21
j@j 	ASCII	ascii	2	CEO.exe@RVA 93872 | CEO.exe@RVA 960E7
jZRP	ASCII	ascii	2	CEO.exe@RVA 312C8 | CEO.exe@RVA 31E7B
jdPQ	ASCII	ascii	2	CEO.exe@RVA 48935 | CEO.exe@RVA 48A1F
jdQR	ASCII	ascii	2	CEO.exe@RVA 48983 | CEO.exe@RVA 48A6D
jdRP	ASCII	ascii	2	CEO.exe@RVA 489D1 | CEO.exe@RVA 8CF31
jdh0	ASCII	ascii	2	CEO.exe@RVA 3C421 | CEO.exe@RVA 4A8CF
jdhP	ASCII	ascii	2	CEO.exe@RVA 3B03B | CEO.exe@RVA 5EF3A
jdhp	ASCII	ascii	2	CEO.exe@RVA 3CA3E | CEO.exe@RVA 61D93
n}in	ASCII	ascii	2	CEO.exe@RVA AC3D9 | CEO.exe@RVA AD039
r"9U	ASCII	ascii	2	CEO.exe@RVA 9A365 | CEO.exe@RVA 9A8B6
sqrt	ASCII	ascii	2	CEO.exe@RVA AE6A4 | CEO.exe@RVA B8310
s{c|H	ASCII	ascii	2	CEO.exe@RVA AC7F1 | CEO.exe@RVA ACC11
t(QP	ASCII	ascii	2	CEO.exe@RVA 657F3 | CEO.exe@RVA 6582A
tvPj	ASCII	ascii	2	CEO.exe@RVA 624CF | CEO.exe@RVA 6254E
tyPj	ASCII	ascii	2	CEO.exe@RVA 61F2B | CEO.exe@RVA 62D21
u#h`	ASCII	ascii	2	CEO.exe@RVA 69715 | CEO.exe@RVA 69762
u+h`	ASCII	ascii	2	CEO.exe@RVA 697C5 | CEO.exe@RVA 69822
u,9E	ASCII	ascii	2	CEO.exe@RVA 90C88 | CEO.exe@RVA 90CDA
uT*L	ASCII	ascii	2	CEO.exe@RVA 62A9 | CEO.exe@RVA 646B
uz;V,u	ASCII	ascii	2	CEO.exe@RVA 73D42 | CEO.exe@RVA 73DFA
v\tN+D$	ASCII	ascii	2	CEO.exe@RVA 92E4B | CEO.exe@RVA 98AB6
x:;M	ASCII	ascii	2	CEO.exe@RVA 858B3 | CEO.exe@RVA 85996
{4_^	ASCII	ascii	2	CEO.exe@RVA 74B74 | CEO.exe@RVA 74BC5
}\tC;	ASCII	ascii	2	CEO.exe@RVA 14BA9 | CEO.exe@RVA 14C99
~XSV	ASCII	ascii	2	CEO.exe@RVA 68360 | CEO.exe@RVA 68420
~Z;X	ASCII	ascii	2	CEO.exe@RVA 66D63 | CEO.exe@RVA 66F73
~];7r	ASCII	ascii	2	CEO.exe@RVA 6A736 | CEO.exe@RVA 6A7B4
上下貨區	中文	big5	2	data/smapclr.csv@L7 | data/txts.csv@L50
上年度淨利	中文	big5	2	data/Talk_idx.csv@L11 | data/Talk_idx.csv@L12
主機	中文	big5	2	data/Mur.csv@L1 | data/Mur.csv@L93
人口密度	中文	big5	2	data/Citys.csv@L1 | data/Stages.csv@L1
休閒	中文	big5	2	data/Mur.csv@L1 | data/Mur.csv@L65
休閒雜誌	中文	big5	2	data/product1.csv@L64 | data/product2.csv@L64
住商都市	中文	big5	2	data/mapcity.csv@L2 | data/mapcity.csv@L29
住宅都市	中文	big5	2	data/mapcity.csv@L2 | data/mapcity.csv@L29
傳真	中文	big5	2	data/Mur.csv@L1 | data/Mur.csv@L80
傳真機	中文	big5	2	data/product1.csv@L79 | data/product2.csv@L79
冰箱	中文	big5	2	data/Mur.csv@L1 | data/Mur.csv@L77
冷氣	中文	big5	2	data/Mur.csv@L1 | data/Mur.csv@L78
冷氣機	中文	big5	2	data/product1.csv@L77 | data/product2.csv@L77
化學	中文	big5	2	data/Mur.csv@L1 | data/Mur.csv@L10
化學類	中文	big5	2	data/AI_style.csv@L1 | data/Machine_group.csv@L12
印度	中文	big5	2	data/Stages.csv@L8 | data/maps.csv@L9
印表	中文	big5	2	data/Mur.csv@L1 | data/Mur.csv@L82
印表機	中文	big5	2	data/product1.csv@L81 | data/product2.csv@L81
原料加工類	中文	big5	2	data/AI_style.csv@L1 | data/Machine_group.csv@L17
古代	中文	big5	2	data/mapcity.csv@L2 | data/mapcity.csv@L29
台灣	中文	big5	2	data/Stages.csv@L13 | data/maps.csv@L3
商旅都市	中文	big5	2	data/mapcity.csv@L2 | data/mapcity.csv@L29
商業都市	中文	big5	2	data/mapcity.csv@L2 | data/mapcity.csv@L29
單車	中文	big5	2	data/Mur.csv@L1 | data/Mur.csv@L106
土地價格	中文	big5	2	data/Citys.csv@L1 | data/Stages.csv@L1
塑膠類	中文	big5	2	data/AI_style.csv@L1 | data/Machine_group.csv@L7
宿舍	中文	big5	2	data/smapclr.csv@L4 | data/txts.csv@L51
對話內容	中文	big5	2	data/Talk.csv@L1 | data/Talk_idx.csv@L1
小麥	中文	big5	2	data/Mur.csv@L1 | data/Mur.csv@L23
工地圖形編號	中文	big5	2	data/building.csv@L69 | data/building.csv@L93
工地編號	中文	big5	2	data/building.csv@L116 | data/building.csv@L121
布料服飾	中文	big5	2	data/product1.csv@L55 | data/product2.csv@L55
布衣	中文	big5	2	data/Mur.csv@L1 | data/Mur.csv@L56
平均工資	中文	big5	2	data/Citys.csv@L1 | data/Stages.csv@L1
建物名稱	中文	big5	2	data/mapcity.csv@L2 | data/mapcity.csv@L29
影印	中文	big5	2	data/Mur.csv@L1 | data/Mur.csv@L81
影印機	中文	big5	2	data/product1.csv@L80 | data/product2.csv@L80
微波	中文	big5	2	data/Mur.csv@L1 | data/Mur.csv@L89
微波爐	中文	big5	2	data/product1.csv@L88 | data/product2.csv@L88
掌上	中文	big5	2	data/Mur.csv@L1 | data/Mur.csv@L91
掌上遊樂器	中文	big5	2	data/product1.csv@L90 | data/product2.csv@L90
放影	中文	big5	2	data/Mur.csv@L1 | data/Mur.csv@L85
教學關卡一	中文	big5	2	CEO.exe@RVA B11B0 | data/Stages.csv@L2
教學關卡三	中文	big5	2	CEO.exe@RVA B14D0 | data/Stages.csv@L4
教學關卡二	中文	big5	2	CEO.exe@RVA B1340 | data/Stages.csv@L3
教學關卡五	中文	big5	2	CEO.exe@RVA B17F0 | data/Stages.csv@L6
教學關卡六	中文	big5	2	CEO.exe@RVA B1980 | data/Stages.csv@L7
教學關卡四	中文	big5	2	CEO.exe@RVA B1660 | data/Stages.csv@L5
教科	中文	big5	2	data/Mur.csv@L1 | data/Mur.csv@L66
教科書	中文	big5	2	data/product1.csv@L65 | data/product2.csv@L65
數位	中文	big5	2	data/Mur.csv@L1 | data/Mur.csv@L88
數位相機	中文	big5	2	data/product1.csv@L87 | data/product2.csv@L87
文教都市	中文	big5	2	data/mapcity.csv@L2 | data/mapcity.csv@L29
新廠房	中文	big5	2	CEO.exe@RVA A2900 | data/building.csv@L121
旅遊都市	中文	big5	2	data/mapcity.csv@L2 | data/mapcity.csv@L29
日本	中文	big5	2	data/Stages.csv@L17 | data/maps.csv@L6
書籍類	中文	big5	2	data/AI_style.csv@L1 | data/Machine_group.csv@L15
木工類	中文	big5	2	data/AI_style.csv@L1 | data/Machine_group.csv@L6
染料	中文	big5	2	data/Mur.csv@L1 | data/Mur.csv@L25
棧板	中文	big5	2	data/smapclr.csv@L5 | data/txts.csv@L49
機器名稱	中文	big5	2	data/Machine_group.csv@L1 | data/Machine_type.csv@L1
機器系列	中文	big5	2	data/product1.csv@L1 | data/product2.csv@L1
歐洲	中文	big5	2	data/Stages.csv@L18 | data/maps.csv@L13
每年首日	中文	big5	2	data/Talk_idx.csv@L11 | data/Talk_idx.csv@L12
毛料服飾	中文	big5	2	data/product1.csv@L60 | data/product2.csv@L60
毛衣	中文	big5	2	data/Mur.csv@L1 | data/Mur.csv@L61
水果酒	中文	big5	2	data/product1.csv@L43 | data/product2.csv@L43
沙發	中文	big5	2	data/Mur.csv@L1 | data/Mur.csv@L70
沙發組	中文	big5	2	data/product1.csv@L69 | data/product2.csv@L69
油墨染料	中文	big5	2	data/product1.csv@L24 | data/product2.csv@L24
洗衣	中文	big5	2	data/Mur.csv@L1 | data/Mur.csv@L79
洗衣機	中文	big5	2	data/product1.csv@L78 | data/product2.csv@L78
消費能力	中文	big5	2	data/Citys.csv@L1 | data/Stages.csv@L1
灰色	中文	big5	2	data/mapcity.csv@L1 | data/mapcity.csv@L28
燃料	中文	big5	2	data/Mur.csv@L1 | data/Mur.csv@L16
燃料油	中文	big5	2	data/product1.csv@L15 | data/product2.csv@L15
玻璃陶瓷類	中文	big5	2	data/AI_style.csv@L1 | data/Machine_group.csv@L13
現代	中文	big5	2	data/mapcity.csv@L2 | data/mapcity.csv@L29
畜牧類	中文	big5	2	data/AIInfo.csv@L4 | data/Machine_group.csv@L2
白色	中文	big5	2	data/mapcity.csv@L1 | data/mapcity.csv@L28
磚頭	中文	big5	2	data/Mur.csv@L1 | data/Mur.csv@L18
礦業類	中文	big5	2	data/AI_style.csv@L1 | data/Machine_group.csv@L4
空地	中文	big5	2	data/mapcity.csv@L26 | data/smapmenu.csv@L3
筆記	中文	big5	2	data/Mur.csv@L1 | data/Mur.csv@L94
筆記型電腦	中文	big5	2	data/product1.csv@L93 | data/product2.csv@L93
精工處理類	中文	big5	2	data/AI_style.csv@L1 | data/Machine_group.csv@L18
紅色	中文	big5	2	data/mapcity.csv@L1 | data/mapcity.csv@L28
紅酒	中文	big5	2	data/Mur.csv@L1 | data/Mur.csv@L44
紙張	中文	big5	2	data/Mur.csv@L1 | data/Mur.csv@L13
紡纖類	中文	big5	2	data/AI_style.csv@L1 | data/Machine_group.csv@L5
紫色	中文	big5	2	data/mapcity.csv@L1 | data/mapcity.csv@L28
綜合都市	中文	big5	2	data/mapcity.csv@L2 | data/mapcity.csv@L29
綠色	中文	big5	2	data/mapcity.csv@L1 | data/mapcity.csv@L28
總數 = sqrt(sqrt(整個城市各企業的總資產)) * 地圖面積 / C2 + C1	中文	big5	2	data/formula.csv@L120 | data/formula.csv@L127
自行車	中文	big5	2	data/product1.csv@L105 | data/product2.csv@L105
舊廠房	中文	big5	2	CEO.exe@RVA A2908 | data/building.csv@L116
芳香劑	中文	big5	2	data/product1.csv@L28 | data/product2.csv@L28
若 scan 完還沒有補滿, 則 :	中文	big5	2	data/formula.csv@L39 | data/formula.csv@L46
英國	中文	big5	2	data/Stages.csv@L10 | data/maps.csv@L11
藍色	中文	big5	2	data/mapcity.csv@L1 | data/mapcity.csv@L28
螢幕	中文	big5	2	data/Mur.csv@L1 | data/Mur.csv@L86
行動電話	中文	big5	2	data/product1.csv@L83 | data/product2.csv@L83
製造業、礦業	中文	big5	2	data/AIInfo.csv@L2 | data/AIInfo.csv@L7
財經	中文	big5	2	data/Mur.csv@L1 | data/Mur.csv@L64
財經雜誌	中文	big5	2	data/product1.csv@L63 | data/product2.csv@L63
買入後空地編號	中文	big5	2	data/building.csv@L1 | data/building.csv@L35
資源參考藏量	中文	big5	2	data/building.csv@L1 | data/building.csv@L35
資源種類	中文	big5	2	data/building.csv@L1 | data/building.csv@L35
車輛類	中文	big5	2	data/AI_style.csv@L1 | data/Machine_group.csv@L14
農業類	中文	big5	2	data/AI_style.csv@L1 | data/Machine_group.csv@L3
遊樂	中文	big5	2	data/Mur.csv@L1 | data/Mur.csv@L92
金礦場	中文	big5	2	data/txts.csv@L36 | stage/stage10.stg@seg579+0x4
銀礦場	中文	big5	2	data/txts.csv@L37 | stage/stage10.stg@seg520+0x4
鋼材	中文	big5	2	data/Mur.csv@L1 | data/Mur.csv@L15
錄放影機	中文	big5	2	data/product1.csv@L84 | data/product2.csv@L84
零售業、製造業	中文	big5	2	data/AIInfo.csv@L5 | data/AIInfo.csv@L6
電冰箱	中文	big5	2	data/product1.csv@L76 | data/product2.csv@L76
電子	中文	big5	2	data/Mur.csv@L1 | data/Mur.csv@L71
電子元件	中文	big5	2	data/product1.csv@L70 | data/product2.csv@L70
電子類	中文	big5	2	data/AI_style.csv@L1 | data/Machine_group.csv@L8
電機類	中文	big5	2	data/AI_style.csv@L1 | data/Machine_group.csv@L9
電腦主機	中文	big5	2	data/product1.csv@L92 | data/product2.csv@L92
電腦螢幕	中文	big5	2	data/product1.csv@L85 | data/product2.csv@L85
電視	中文	big5	2	data/Mur.csv@L1 | data/Mur.csv@L87
電視機	中文	big5	2	data/product1.csv@L86 | data/product2.csv@L86
電視遊樂器	中文	big5	2	data/product1.csv@L91 | data/product2.csv@L91
電話	中文	big5	2	data/Mur.csv@L1 | data/Mur.csv@L84
電路	中文	big5	2	data/Mur.csv@L1 | data/Mur.csv@L72
電路板	中文	big5	2	data/product1.csv@L71 | data/product2.csv@L71
電風扇	中文	big5	2	data/product1.csv@L75 | data/product2.csv@L75
需求等級	中文	big5	2	data/Stages.csv@L1 | data/product1.csv@L1
非洲	中文	big5	2	data/Stages.csv@L20 | data/maps.csv@L15
類別	中文	big5	2	data/Machine_group.csv@L1 | data/Talk.csv@L1
風扇	中文	big5	2	data/Mur.csv@L1 | data/Mur.csv@L76
香劑	中文	big5	2	data/Mur.csv@L1 | data/Mur.csv@L29
香港	中文	big5	2	data/Stages.csv@L14 | data/maps.csv@L4
黃色	中文	big5	2	data/mapcity.csv@L1 | data/mapcity.csv@L28
\tG;=	ASCII	ascii	1	CEO.exe@RVA 14540
\tSVW	ASCII	ascii	1	CEO.exe@RVA 64F78
\tX 9} 	ASCII	ascii	1	CEO.exe@RVA 9C656
\tv9j	ASCII	ascii	1	CEO.exe@RVA 72F77
\twoj	ASCII	ascii	1	CEO.exe@RVA 4AB33
        <requestedExecutionLevel level="asInvoker" uiAccess="false"></requestedExecutionLevel>	ASCII	ascii	1	CEO.exe@RVA 4F8494
      </requestedPrivileges>	ASCII	ascii	1	CEO.exe@RVA 4F84F4
      <requestedPrivileges>	ASCII	ascii	1	CEO.exe@RVA 4F8477
    </security>	ASCII	ascii	1	CEO.exe@RVA 4F8512
    <security>	ASCII	ascii	1	CEO.exe@RVA 4F8467
  </trustInfo>	ASCII	ascii	1	CEO.exe@RVA 4F8523
  <trustInfo xmlns="urn:schemas-microsoft-com:asm.v3">	ASCII	ascii	1	CEO.exe@RVA 4F842F
 !"#$%&'()*+,-./0123456789:;<=>?@ABCDEFGHIJKLMNOPQRSTUVWXYZ[\]^_`ABCDEFGHIJKLMNOPQRSTUVWXYZ{|}~	ASCII	ascii	1	CEO.exe@RVA ADE30
 !"#$%&'()*+,-./0123456789:;<=>?@ABCDEFGHIJKLMNOPQRSTUVWXYZ[\]^_`abcdefghijklmnopqrstuvwxyz{|}~	ASCII	ascii	1	CEO.exe@RVA AD55F
 !"#$%&'()*+,-./0123456789:;<=>?@abcdefghijklmnopqrstuvwxyz[\]^_`abcdefghijklmnopqrstuvwxyz{|}~	ASCII	ascii	1	CEO.exe@RVA ADCB0
 &.4@FL$	ASCII	utf16le	1	CEO.exe@RVA B7A32
 0*0F0P0`0f0	ASCII	ascii	1	CEO.exe@RVA 4FCDF4
 0|0	ASCII	ascii	1	CEO.exe@RVA 4FC5A0
 Base Class Array'	ASCII	ascii	1	CEO.exe@RVA ADF4C
 Base Class Descriptor at (	ASCII	ascii	1	CEO.exe@RVA ADF60
 Class Hierarchy Descriptor'	ASCII	ascii	1	CEO.exe@RVA ADF2C
 Complete Object Locator'	ASCII	ascii	1	CEO.exe@RVA ADF10
 G=t`	ASCII	ascii	1	CEO.exe@RVA 60179
 SVW	ASCII	ascii	1	CEO.exe@RVA 6EAF3
 Type Descriptor'	ASCII	ascii	1	CEO.exe@RVA ADF7C
 bigger 	ASCII	ascii	1	CEO.exe@RVA A296B
 cf>\t	ASCII	ascii	1	CEO.exe@RVA AD458
 crash 	ASCII	ascii	1	CEO.exe@RVA A2B57
 deflate 1.1.3 Copyright 1995-1998 Jean-loup Gailly 	ASCII	ascii	1	CEO.exe@RVA A5080
 delete	ASCII	ascii	1	CEO.exe@RVA AE428
 delete[]	ASCII	ascii	1	CEO.exe@RVA AE158
 equal 	ASCII	ascii	1	CEO.exe@RVA A29DF
 inflate 1.1.3 Copyright 1995-1998 Mark Adler 	ASCII	ascii	1	CEO.exe@RVA A5D48
 new	ASCII	ascii	1	CEO.exe@RVA AE430
 new[]	ASCII	ascii	1	CEO.exe@RVA AE164
 nobigger 	ASCII	ascii	1	CEO.exe@RVA A29B3
 not 	ASCII	ascii	1	CEO.exe@RVA A2A0B
 own_land 	ASCII	ascii	1	CEO.exe@RVA A2B83
 set_money 	ASCII	ascii	1	CEO.exe@RVA A2A53
!\t@%s --- %s	ASCII	ascii	1	CEO.exe@RVA A4665
!9v?	ASCII	ascii	1	CEO.exe@RVA A7604
!F !F(!F0!F8!F@	ASCII	ascii	1	CEO.exe@RVA 10200
!This program cannot be run in DOS mode.	ASCII	ascii	1	CEO.exe@FO 4D
!hH@J	ASCII	ascii	1	CEO.exe@RVA 4509F
!hi(J	ASCII	ascii	1	CEO.exe@RVA EAAD
!y##	ASCII	ascii	1	CEO.exe@RVA A8A7A
!|.4	ASCII	ascii	1	CEO.exe@RVA A8F08
"040p0	ASCII	ascii	1	CEO.exe@RVA 5027E8
"Q??	ASCII	ascii	1	CEO.exe@RVA ACA9D
"t1HuoPj	ASCII	ascii	1	CEO.exe@RVA 4939D
#0K0S0	ASCII	ascii	1	CEO.exe@RVA 4F9404
#D5p	ASCII	ascii	1	CEO.exe@RVA A7943
#w_j	ASCII	ascii	1	CEO.exe@RVA A8D88
#wi#:	ASCII	ascii	1	CEO.exe@RVA AC60A
#wi#:=	ASCII	ascii	1	CEO.exe@RVA ACE4A
$0J0	ASCII	ascii	1	CEO.exe@RVA 4FF60C
$;^8u	ASCII	ascii	1	CEO.exe@RVA 80404
$O1=	ASCII	ascii	1	CEO.exe@RVA A6A3C
$PQR	ASCII	ascii	1	CEO.exe@RVA 5972
$PQV	ASCII	ascii	1	CEO.exe@RVA 523C
$SQR	ASCII	ascii	1	CEO.exe@RVA 57C8
$Sh0-J	ASCII	ascii	1	CEO.exe@RVA 1F380
$WQSP	ASCII	ascii	1	CEO.exe@RVA 7261
$_^3	ASCII	ascii	1	CEO.exe@RVA 1A07B
$h(BJ	ASCII	ascii	1	CEO.exe@RVA 49238
$hi(J	ASCII	ascii	1	CEO.exe@RVA E105
$x<e	ASCII	ascii	1	CEO.exe@RVA A99FD
%.2f	ASCII	ascii	1	CEO.exe@RVA A37A0
%010	ASCII	ascii	1	CEO.exe@RVA 4FBAC0
%0[0	ASCII	ascii	1	CEO.exe@RVA 501B84
%10s:\t%s\t%s\t%s\t%s\t%s\t%s\t%s\t%s	ASCII	ascii	1	CEO.exe@RVA A2D80
%2.2f	ASCII	ascii	1	CEO.exe@RVA A4228
%3d%%	ASCII	ascii	1	CEO.exe@RVA A4998
%3d/%2d	ASCII	ascii	1	CEO.exe@RVA A46E0
%3d/%3d	ASCII	ascii	1	CEO.exe@RVA A39B4
%3d/%3d/%3d	ASCII	ascii	1	CEO.exe@RVA A392C
%7.0f	ASCII	ascii	1	CEO.exe@RVA A42F4
%?\9	ASCII	ascii	1	CEO.exe@RVA A8BB6
%?uY	ASCII	ascii	1	CEO.exe@RVA A8B86
%d %s	ASCII	ascii	1	CEO.exe@RVA A34D4
%d , %d	ASCII	ascii	1	CEO.exe@RVA A397C
%d x %d	ASCII	ascii	1	CEO.exe@RVA A40F8
%d+%d	ASCII	ascii	1	CEO.exe@RVA A38C0
%d.%d.%d %d:%d	ASCII	ascii	1	CEO.exe@RVA A4358
%d..%d	ASCII	ascii	1	CEO.exe@RVA A3730
%d.sav	ASCII	ascii	1	CEO.exe@RVA A286C
%d/%d	ASCII	ascii	1	CEO.exe@RVA A3728
%s   %12s    %3d/%3d      %7d	ASCII	ascii	1	CEO.exe@RVA A4598
%s 是我賣過賠錢最多的商品了，你年紀還輕，犯不著跟自己過不去吧！	中文	big5	1	data/Talk.csv@L67
%s 產品年營收 %s	中文	big5	1	data/txts.csv@L16
%s 產業年營收 %s	中文	big5	1	data/txts.csv@L17
%s 的獲利空間其實很小，你現在退出還來得及，等到虧損連連，可別怪我不顧同行道義沒先勸你喔！	中文	big5	1	data/Talk.csv@L39
%s 的生意可不是那麼好做的，憑我武田光的財力，就算賠本賣也倒不了，你這窮鬼拿什麼跟我比，哈哈哈！	中文	big5	1	data/Talk.csv@L61
%s 的零售就和騎士視為生命的榮譽一樣，我要以此與你一決勝負！	中文	big5	1	data/Talk.csv@L84
%s%d	ASCII	ascii	1	CEO.exe@RVA A455C
%s%s的%s，維修花費 %d元。	中文	big5	1	data/news.csv@L38
%s(%s)	ASCII	ascii	1	CEO.exe@RVA A45E0
%s\%d.sav	ASCII	ascii	1	CEO.exe@RVA A2CA8
%s\%s	ASCII	ascii	1	CEO.exe@RVA A2C7C
%s\slot%d\%d.sav	ASCII	ascii	1	CEO.exe@RVA A2C94
%s\slot%d\%s	ASCII	ascii	1	CEO.exe@RVA A2C6C
%s以 %d元買下一塊土地。	中文	big5	1	data/news.csv@L18
%s以 %d元買下品質 %d的%s礦地。	中文	big5	1	data/news.csv@L17
%s以 %d元賣出一筆土地。	中文	big5	1	data/news.csv@L20
%s以 %d元賣出品質 %d的%s礦地。	中文	big5	1	data/news.csv@L19
%s以%d元併購%s的%s。	中文	big5	1	data/news.csv@L29
%s向銀行償還 %d元的貸款，累計利息每月剩 %d元。	中文	big5	1	data/news.csv@L31
%s向銀行申請 %d元的貸款，累計利息每月達 %d元。	中文	big5	1	data/news.csv@L30
%s在資本家的贊助下重新開業了。	中文	big5	1	data/news.csv@L60
%s已成功生產出%s，正式宣告該產品問世。	中文	big5	1	data/news.csv@L32
%s很有潛力，看你頗有眼光，便宜賣你%s元就好！	中文	big5	1	data/txts.csv@L31
%s拆除了%s。	中文	big5	1	data/news.csv@L10
%s是本企業最賺錢的金雞母，沒有%s元絕對不賣！	中文	big5	1	data/txts.csv@L30
%s營運狀況良好，想買的話，至少也要拿出%s元！	中文	big5	1	data/txts.csv@L29
%s由於經營不善且資金週轉失靈，宣告倒閉。	中文	big5	1	data/news.csv@L3
%s發生嚴重竊案，清點財物發現損失現金 %d元。	中文	big5	1	data/news.csv@L45
%s的%s內%s礦源，因地震減少了 %d。	中文	big5	1	data/news.csv@L49
%s的%s內的%s礦源，突然增加了 %d。	中文	big5	1	data/news.csv@L48
%s的%s改以單位 %d元零售%s。	中文	big5	1	data/news.csv@L26
%s的%s改以整車 %d元批售%s。	中文	big5	1	data/news.csv@L25
%s的%s改以整車 %d元購買%s。	中文	big5	1	data/news.csv@L24
%s的%s發生工人罷工事件，生產受到影響。	中文	big5	1	data/news.csv@L46
%s的%s發生火災，廠房及機器付之一炬。	中文	big5	1	data/news.csv@L44
%s的%s發生管理者罷工事件，生產受到影響。	中文	big5	1	data/news.csv@L47
%s的%s礦場已興建完成。	中文	big5	1	data/news.csv@L4
%s的%s重新復工。	中文	big5	1	data/news.csv@L28
%s的%s開始以單位 %d元零售%s。	中文	big5	1	data/news.csv@L23
%s的%s開始以整車 %d元批售%s。	中文	big5	1	data/news.csv@L22
%s的%s開始以整車 %d元購買%s。	中文	big5	1	data/news.csv@L21
%s的%s開始停工。	中文	big5	1	data/news.csv@L27
%s的人氣商場已興建完成。	中文	big5	1	data/news.csv@L9
%s的商場已興建完成。	中文	big5	1	data/news.csv@L8
%s的工廠已興建完成。	中文	big5	1	data/news.csv@L5
%s的科技農場已興建完成。	中文	big5	1	data/news.csv@L7
%s的農場已興建完成。	中文	big5	1	data/news.csv@L6
%s盛大舉辦成立酒會，正式宣布加入市場經營。	中文	big5	1	data/news.csv@L2
%s開始動工興建%s礦場。	中文	big5	1	data/news.csv@L11
%s開始動工興建人氣商場。	中文	big5	1	data/news.csv@L16
%s開始動工興建商場。	中文	big5	1	data/news.csv@L15
%s開始動工興建工廠。	中文	big5	1	data/news.csv@L12
%s開始動工興建科技農場。	中文	big5	1	data/news.csv@L14
%s開始動工興建農場。	中文	big5	1	data/news.csv@L13
%s面積品質%2d%s礦地全新出售，售價 %d元。	中文	big5	1	data/news.csv@L33
%s面積土地全新出售，售價 %d元。	中文	big5	1	data/news.csv@L34
&080>0P0V0t0|0	ASCII	ascii	1	CEO.exe@RVA 4F9D10
&?~YK|	ASCII	ascii	1	CEO.exe@RVA A8BD6
'@!B	ASCII	ascii	1	stage/stage14.stg@seg433+0xB
'@=E	ASCII	ascii	1	stage/stage14.stg@seg432+0xB
'@|L	ASCII	ascii	1	stage/stage14.stg@seg439+0xB
( 8PX	ASCII	ascii	1	CEO.exe@RVA A9E31
('8PW	ASCII	ascii	1	CEO.exe@RVA ABE05
(+E 	ASCII	ascii	1	CEO.exe@RVA A8D9B
(H0f	ASCII	ascii	1	CEO.exe@RVA 9814B
(H@f	ASCII	ascii	1	CEO.exe@RVA 98190
(Hpf	ASCII	ascii	1	CEO.exe@RVA 9817F
(SVWj	ASCII	ascii	1	CEO.exe@RVA 5A055
(``f	ASCII	ascii	1	CEO.exe@RVA 98154
(民房)S1 = 居住人數量  * (平均所得/1000+25)/50 * 256 / (搶手度+128)	中文	big5	1	data/formula.csv@L37
(民房)S1 = 居住人數量 * (75-平均所得/1000)/50 * 256 / (搶手度+128)	中文	big5	1	data/formula.csv@L44
)(q?	ASCII	ascii	1	CEO.exe@RVA A7594
)0.080H0M0	ASCII	ascii	1	CEO.exe@RVA 4FF750
)040p0y0	ASCII	ascii	1	CEO.exe@RVA 502868
)0_0	ASCII	ascii	1	CEO.exe@RVA 4FEF64
)=xY	ASCII	ascii	1	CEO.exe@RVA 59255
)=|Y	ASCII	ascii	1	CEO.exe@RVA 592E6
*0<0_0f0u0{0	ASCII	ascii	1	CEO.exe@RVA 4FB594
*0j0	ASCII	ascii	1	CEO.exe@RVA 502B88
+050;0D0Q0Y0	ASCII	ascii	1	CEO.exe@RVA 4FEBA4
+151;1D1Q1Y1	ASCII	ascii	1	CEO.exe@RVA 4FEDAC
+34?	ASCII	ascii	1	CEO.exe@RVA A7434
+5@7	ASCII	ascii	1	CEO.exe@RVA 5F099
+A(]	ASCII	ascii	1	CEO.exe@RVA 4BAAA
+A,]	ASCII	ascii	1	CEO.exe@RVA 4BAB8
+AXV	ASCII	ascii	1	CEO.exe@RVA 83726
+CT=	ASCII	ascii	1	CEO.exe@RVA 30356
+F\^	ASCII	ascii	1	CEO.exe@RVA 870CA
+N(;	ASCII	ascii	1	CEO.exe@RVA 73D09
+NB=	ASCII	ascii	1	CEO.exe@RVA A87EC
+connect 	ASCII	ascii	1	CEO.exe@RVA A31C4
+connect_lobby 	ASCII	ascii	1	CEO.exe@RVA A31B4
+t HHt	ASCII	ascii	1	CEO.exe@RVA 9247F
,QPR	ASCII	ascii	1	CEO.exe@RVA 7D0BD
-15	数值	big5	1	data/build_relation.csv@L34
-35	数值	big5	1	data/build_relation.csv@L34
-64OS	ASCII	ascii	1	CEO.exe@RVA B9573
-8 ?	ASCII	ascii	1	CEO.exe@RVA A89D4
-w0`	ASCII	ascii	1	stage/stage12.stg@seg854+0xB
."S-	ASCII	ascii	1	CEO.exe@RVA AC500
.:3q	ASCII	ascii	1	CEO.exe@RVA B954A
.?AV?$CCallback@VCSteamAchievements@@UUserAchievementStored_t@@$0A@@@	ASCII	ascii	1	CEO.exe@RVA B3258
.?AV?$CCallback@VCSteamAchievements@@UUserStatsReceived_t@@$0A@@@	ASCII	ascii	1	CEO.exe@RVA B31C0
.?AV?$CCallback@VCSteamAchievements@@UUserStatsStored_t@@$0A@@@	ASCII	ascii	1	CEO.exe@RVA B3210
.?AV?$CCallbackImpl@$0BA@@@	ASCII	ascii	1	CEO.exe@RVA B3178
.?AV?$CCallbackImpl@$0BI@@@	ASCII	ascii	1	CEO.exe@RVA B3154
.?AV?$CCallbackImpl@$0JI@@@	ASCII	ascii	1	CEO.exe@RVA B319C
.?AVCCallbackBase@@	ASCII	ascii	1	CEO.exe@RVA B30F0
.?AVbad_alloc@std@@	ASCII	ascii	1	CEO.exe@RVA B82A8
.?AVbad_exception@std@@	ASCII	ascii	1	CEO.exe@RVA B85C8
.?AVexception@std@@	ASCII	ascii	1	CEO.exe@RVA B82C4
.?AVtype_info@@	ASCII	ascii	1	CEO.exe@RVA B8288
.@file not fond	ASCII	ascii	1	CEO.exe@RVA A2F56
.A333333	ASCII	ascii	1	CEO.exe@RVA A351E
.K="=	ASCII	ascii	1	CEO.exe@RVA A8B1B
.WAV	ASCII	ascii	1	CEO.exe@RVA A4E90
.WBV	ASCII	ascii	1	CEO.exe@RVA A4E88
.`5E	ASCII	ascii	1	stage/stage12.stg@seg206+0xB
.`}A	ASCII	ascii	1	stage/stage12.stg@seg202+0xB
.apkg	ASCII	ascii	1	CEO.exe@RVA A4D64
.ch1	ASCII	ascii	1	CEO.exe@RVA A4E20
.ch2	ASCII	ascii	1	CEO.exe@RVA A4CB4
.f1.	ASCII	ascii	1	CEO.exe@RVA A6248
.f2.	ASCII	ascii	1	CEO.exe@RVA A6250
.f3.	ASCII	ascii	1	CEO.exe@RVA A6258
.glt	ASCII	ascii	1	CEO.exe@RVA A62E0
.h ?	ASCII	ascii	1	CEO.exe@RVA A89E4
.idx1	ASCII	ascii	1	CEO.exe@RVA A4DF0
.idx2	ASCII	ascii	1	CEO.exe@RVA A4C60
.m1.	ASCII	ascii	1	CEO.exe@RVA A4B5C
.m2.	ASCII	ascii	1	CEO.exe@RVA A4BAC
.m3.	ASCII	ascii	1	CEO.exe@RVA A4BF4
.mpi	ASCII	ascii	1	CEO.exe@RVA A62B4
.pic1	ASCII	ascii	1	CEO.exe@RVA A4DF8
.pic2	ASCII	ascii	1	CEO.exe@RVA A4C68
.rsrc	ASCII	ascii	1	CEO.exe@FO 270
.text	ASCII	ascii	1	CEO.exe@FO 1F8
.unz.	ASCII	ascii	1	CEO.exe@RVA A501C
.z2.	ASCII	ascii	1	CEO.exe@RVA A5014
/8&d	ASCII	ascii	1	CEO.exe@FO 108
/`x(	ASCII	ascii	1	stage/stage13.stg@seg44+0xB
0\t3F3	ASCII	ascii	1	CEO.exe@RVA 5012C1
0 0$0(0,0004080<0@0D0H0L0P0f0x0	ASCII	ascii	1	CEO.exe@RVA 4FC94B
0 0$0(0,0004080<0@0D0[0i0w0	ASCII	ascii	1	CEO.exe@RVA 4FFCED
0 0$0(0,000M0x0|0	ASCII	ascii	1	CEO.exe@RVA 501CCF
0 0$0:0	ASCII	ascii	1	CEO.exe@RVA 501DEB
0 0(0;0Y0f0n0	ASCII	ascii	1	CEO.exe@RVA 4FD1D3
0 01060@0Q0W0b0k0	ASCII	ascii	1	CEO.exe@RVA 500235
0 01060Z0f0	ASCII	ascii	1	CEO.exe@RVA 4FAE13
0 171C1_1	ASCII	ascii	1	CEO.exe@RVA 4FD747
0!0*080G0U0_0v0	ASCII	ascii	1	CEO.exe@RVA 4FAF2B
0!0+0<0R0z0	ASCII	ascii	1	CEO.exe@RVA 4FA951
0!00070<0F0L0c0q0	ASCII	ascii	1	CEO.exe@RVA 4FE419
0!010;0Q0[0q0{0	ASCII	ascii	1	CEO.exe@RVA 502D47
0!010A0Q0a0q0	ASCII	ascii	1	CEO.exe@RVA 50315B
0!0D0W0_0i0t0}0	ASCII	ascii	1	CEO.exe@RVA 4FD919
0!0L0V0b0m0t0	ASCII	ascii	1	CEO.exe@RVA 4FD565
0!1+1	ASCII	ascii	1	CEO.exe@RVA 4FC18F
0"0*090?0J0Q0W0a0k0u0	ASCII	ascii	1	CEO.exe@RVA 4FD389
0"0-0	ASCII	ascii	1	CEO.exe@RVA 501E35
0"020B0R0b0r0	ASCII	ascii	1	CEO.exe@RVA 4FA37B
0"080Q0Z0]2	ASCII	ascii	1	CEO.exe@RVA 4FAD4F
0#0D0L0R0t0	ASCII	ascii	1	CEO.exe@RVA 4F900B
0#0J0Y0	ASCII	ascii	1	CEO.exe@RVA 500D2D
0#0k0	ASCII	ascii	1	CEO.exe@RVA 4F964B
0#1*1@1X1s1	ASCII	ascii	1	CEO.exe@RVA 501071
0#1/1g1r1	ASCII	ascii	1	CEO.exe@RVA 4FF615
0$0(0,0004080<0@0D0H0L0P0T0X0\0`0d0h0l0p0	ASCII	ascii	1	CEO.exe@RVA 4FB8C3
0$0*0;0J0Q0W0c0r0	ASCII	ascii	1	CEO.exe@RVA 4FD729
0$1<1`1l1	ASCII	ascii	1	CEO.exe@RVA 500767
0%0/0A0F0'141E1O1a1f1p1	ASCII	ascii	1	CEO.exe@RVA 4FA771
0%0:0G0	ASCII	ascii	1	CEO.exe@RVA 501887
0%0?0b0}0	ASCII	ascii	1	CEO.exe@RVA 4F9B2B
0%111<2	ASCII	ascii	1	CEO.exe@RVA 502769
0&0+0E0g0t0~0	ASCII	ascii	1	CEO.exe@RVA 501057
0&0-040:0	ASCII	ascii	1	CEO.exe@RVA 4FDA05
0&0A0P0Y0c0n0z0	ASCII	ascii	1	CEO.exe@RVA 4FEE41
0&0F0Q0_0	ASCII	ascii	1	CEO.exe@RVA 4FA485
0'0-01070;0A0E0K0O0U0Y0c0i0t0}0	ASCII	ascii	1	CEO.exe@RVA 5009FD
0'0-0@0V0[0i0t0	ASCII	ascii	1	CEO.exe@RVA 4FF945
0'090K0]0o0s0	ASCII	ascii	1	CEO.exe@RVA 4FB0EF
0'1/1	ASCII	ascii	1	CEO.exe@RVA 4FB653
0'191B1X1f1p1	ASCII	ascii	1	CEO.exe@RVA 4F9935
0'1l1	ASCII	ascii	1	CEO.exe@RVA 4FF4A1
0(0,0004080L0U0\0h0	ASCII	ascii	1	CEO.exe@RVA 500533
0(00060C0I0[0`0	ASCII	ascii	1	CEO.exe@RVA 4FCC31
0(010C0l0v0	ASCII	ascii	1	CEO.exe@RVA 4FA047
0(0>0Q0V0[0f0{0	ASCII	ascii	1	CEO.exe@RVA 4FD03B
0(0W0j0	ASCII	ascii	1	CEO.exe@RVA 500F07
0(0y0	ASCII	ascii	1	CEO.exe@RVA 500DA5
0(1g1	ASCII	ascii	1	CEO.exe@RVA 502469
0)0/0	ASCII	ascii	1	CEO.exe@RVA 4FDF95
0)050<0T0_0k0q0	ASCII	ascii	1	CEO.exe@RVA 501455
0*020g0	ASCII	ascii	1	CEO.exe@RVA 4FA68F
0*1M1V1o1u1	ASCII	ascii	1	CEO.exe@RVA 4FE7C3
0+000A0L0U0[0j0|0	ASCII	ascii	1	CEO.exe@RVA 4F952D
0+030C0K0X0a0j0p0v0	ASCII	ascii	1	CEO.exe@RVA 501A31
0+070?0r0	ASCII	ascii	1	CEO.exe@RVA 500753
0+0@0J0P0[0a0m0	ASCII	ascii	1	CEO.exe@RVA 4FE5B3
0+10151:1a1f1p1	ASCII	ascii	1	CEO.exe@RVA 4FFB61
0+101A1F1W1\1j1o1x1	ASCII	ascii	1	CEO.exe@RVA 500F11
0+11171=1C1	ASCII	ascii	1	CEO.exe@RVA 4FBE45
0,0U0	ASCII	ascii	1	CEO.exe@RVA 4F9261
0,2!3(393?3J3T3Z3f3l3u3{3	ASCII	ascii	1	CEO.exe@RVA 502339
0-050L0Y0m0u0	ASCII	ascii	1	CEO.exe@RVA 501563
0-060;0]0w0	ASCII	ascii	1	CEO.exe@RVA 4FAABF
0-0H0e0s0	ASCII	ascii	1	CEO.exe@RVA 4FC6A1
0.040k0y0	ASCII	ascii	1	CEO.exe@RVA 4F9E11
0.0V0~0	ASCII	ascii	1	CEO.exe@RVA 4F9F6B
0/0F0U0l0t0y0	ASCII	ascii	1	CEO.exe@RVA 500BA5
001R1z1	ASCII	ascii	1	CEO.exe@RVA 4F9D25
0035	数值	ascii	1	stage/stage06.stg@seg3041+0x0
004080<0@0D0H0L0P0T0X0\0`0d0h0l0p0t0x0|0	ASCII	ascii	1	CEO.exe@RVA 5037BC
01070	数值	ascii	1	CEO.exe@RVA 4FBC2F
010:0G0x0	ASCII	ascii	1	CEO.exe@RVA 501F8F
010;0Q0[0q0{0	ASCII	ascii	1	CEO.exe@RVA 502F53
010q0	ASCII	ascii	1	CEO.exe@RVA 502559
0123456789abcdefghijklmnopqrstuvwxyzABCDEFGHIJKLMNOPQRSTUVWXYZ+-*/,.<>?;:'[]{}|="\`~!@#$%^&*()_	ASCII	ascii	1	CEO.exe@RVA B3918
020A0G0z0	ASCII	ascii	1	CEO.exe@RVA 5008EB
021q2|2	ASCII	ascii	1	CEO.exe@RVA 4F926F
030:0?0I0O0s0	ASCII	ascii	1	CEO.exe@RVA 4FE143
03181=1G1L1R1X1^1g1	ASCII	ascii	1	CEO.exe@RVA 4FB109
031_2	ASCII	ascii	1	CEO.exe@RVA 4FCCFD
040=0	ASCII	ascii	1	CEO.exe@RVA 4FB731
040@0`0l0	ASCII	ascii	1	CEO.exe@RVA 50367B
050<0B0P0i0	ASCII	ascii	1	CEO.exe@RVA 4FF141
050N0Y0_0z0	ASCII	ascii	1	CEO.exe@RVA 4FDDE9
070=0V0z0	ASCII	ascii	1	CEO.exe@RVA 4FBE35
080<0@0D0H0L0P0m0	ASCII	ascii	1	CEO.exe@RVA 501BED
090K0Y0x0	ASCII	ascii	1	CEO.exe@RVA 4FB2AD
0:0?0D0O0U0z0	ASCII	ascii	1	CEO.exe@RVA 500391
0:1D1d1	ASCII	ascii	1	CEO.exe@RVA 4FCE03
0:1c1	ASCII	ascii	1	CEO.exe@RVA 4FC2D3
0:1m1r1w1|1	ASCII	ascii	1	CEO.exe@RVA 4FB2B9
0;0j0p0	ASCII	ascii	1	CEO.exe@RVA 50221B
0<0R0\0t0{0	ASCII	ascii	1	CEO.exe@RVA 4FE7AB
0<0s0	ASCII	ascii	1	CEO.exe@RVA 4FFE79
0>1k1t1	ASCII	ascii	1	CEO.exe@RVA 4FECB3
0A0Q0{0	ASCII	ascii	1	CEO.exe@RVA 502757
0A0`0	ASCII	ascii	1	CEO.exe@RVA 4F90E9
0A1d1y1	ASCII	ascii	1	CEO.exe@RVA 4FE275
0C1U1g1y1	ASCII	ascii	1	CEO.exe@RVA 4FAF47
0D1J1	ASCII	ascii	1	CEO.exe@RVA 4FB5A9
0E1Y1g1n2	ASCII	ascii	1	CEO.exe@RVA 500BBB
0G1L1Q1j1s1	ASCII	ascii	1	CEO.exe@RVA 4FCF13
0J0P0m0s0	ASCII	ascii	1	CEO.exe@RVA 4FBF91
0K;]	ASCII	ascii	1	CEO.exe@RVA 9BEE4
0N0c0s0	ASCII	ascii	1	CEO.exe@RVA 500E87
0N1T1m1u1	ASCII	ascii	1	CEO.exe@RVA 4FBFA5
0O1g1	ASCII	ascii	1	CEO.exe@RVA 50137D
0S1`1n1x1	ASCII	ascii	1	CEO.exe@RVA 4FD055
0VWj	ASCII	ascii	1	CEO.exe@RVA 6CF25
0W0f0	ASCII	ascii	1	CEO.exe@RVA 4F933D
0\0i0	ASCII	ascii	1	CEO.exe@RVA 4FF489
0]1q1}1	ASCII	ascii	1	CEO.exe@RVA 4FB813
0^0f0	ASCII	ascii	1	CEO.exe@RVA 4FF285
0f1x1	ASCII	ascii	1	CEO.exe@RVA 4FB90F
0h?[	ASCII	ascii	1	CEO.exe@RVA A7525
0o1|1	ASCII	ascii	1	CEO.exe@RVA 5003AF
0x8,	ASCII	ascii	1	stage/stage02.stg@seg738+0xB
0x<!	ASCII	ascii	1	stage/stage02.stg@seg735+0xB
0xn%	ASCII	ascii	1	stage/stage02.stg@seg740+0xB
0x{.	ASCII	ascii	1	stage/stage02.stg@seg743+0xB
1 1&1*10141?1D1O1X1d1j1{1	ASCII	ascii	1	CEO.exe@RVA 4FE5E1
1 1(101<1\1h1	ASCII	ascii	1	CEO.exe@RVA 503693
1 1,1	ASCII	ascii	1	CEO.exe@RVA 50340F
1 2'2D2P2[2i2	ASCII	ascii	1	CEO.exe@RVA 4FB81D
1 2=2E2]2e2}2	ASCII	ascii	1	CEO.exe@RVA 4FC5CF
1!1%1+1/15191?1C1I1M1S1W1b1g1r1{1	ASCII	ascii	1	CEO.exe@RVA 500257
1!1'1-181>1B1H1L1R1V1\1`1f1j1t1z1	ASCII	ascii	1	CEO.exe@RVA 4FE441
1!1+1A1K1a1k1	ASCII	ascii	1	CEO.exe@RVA 502D67
1!101R1f1r1	ASCII	ascii	1	CEO.exe@RVA 500901
1!111;1Q1a1k1	ASCII	ascii	1	CEO.exe@RVA 502F71
1!111<1@1E1	ASCII	ascii	1	CEO.exe@RVA 50317B
1!121B1{1	ASCII	ascii	1	CEO.exe@RVA 4F940D
1!1<1D1K1f1	ASCII	ascii	1	CEO.exe@RVA 4FA39B
1!2a2n2v2|2	ASCII	ascii	1	CEO.exe@RVA 4FE9F5
1"1&1,10161:1D1J1U1^1j1p1	ASCII	ascii	1	CEO.exe@RVA 4FE9D3
1"1(1.141:1@1F1M1T1[1a1g1m1s1y1	ASCII	ascii	1	CEO.exe@RVA 4FC975
1"1(1.1f1m1t1y1~1	ASCII	ascii	1	CEO.exe@RVA 4FCC59
1"1(1/1:1W1a1l1	ASCII	ascii	1	CEO.exe@RVA 4FD57D
1"1)1<1	ASCII	ascii	1	CEO.exe@RVA 4FEBB9
1"1@1L1Y1w1	ASCII	ascii	1	CEO.exe@RVA 501FAB
1"1_1j1	ASCII	ascii	1	CEO.exe@RVA 4F91CD
1#1+1	ASCII	ascii	1	CEO.exe@RVA 4FEC31
1#2v2	ASCII	ascii	1	CEO.exe@RVA 5014FF
1#IND	ASCII	ascii	1	CEO.exe@RVA AE644
1#INF	ASCII	ascii	1	CEO.exe@RVA AE63C
1#QNAN	ASCII	ascii	1	CEO.exe@RVA AE634
1#SNAN	ASCII	ascii	1	CEO.exe@RVA AE64C
1%1*101E1U1a1m1y1	ASCII	ascii	1	CEO.exe@RVA 4FDFBD
1%1+1A1	ASCII	ascii	1	CEO.exe@RVA 4FD1EF
1%1/1=1H1R1`1k1u1	ASCII	ascii	1	CEO.exe@RVA 4FF969
1%111P1_1	ASCII	ascii	1	CEO.exe@RVA 4FFD23
1%171N1U1[1	ASCII	ascii	1	CEO.exe@RVA 4FDB33
1%171]1o1	ASCII	ascii	1	CEO.exe@RVA 502A15
1%2b2	ASCII	ascii	1	CEO.exe@RVA 500053
1&141@1M1j1	ASCII	ascii	1	CEO.exe@RVA 4F9021
1&1D1d1	ASCII	ascii	1	CEO.exe@RVA 4FA69B
1'2,212K2	ASCII	ascii	1	CEO.exe@RVA 4FCF23
1'202:2Z2t2	ASCII	ascii	1	CEO.exe@RVA 500F2B
1(1.1O1Y1_1k1u1~1	ASCII	ascii	1	CEO.exe@RVA 501471
1(1.1T1Z1	ASCII	ascii	1	CEO.exe@RVA 4FC7D9
1(141@1L1p1	ASCII	ascii	1	CEO.exe@RVA 503857
1(1b2	ASCII	ascii	1	CEO.exe@RVA 502271
1(1r1	ASCII	ascii	1	CEO.exe@RVA 4FC493
1)1@1	ASCII	ascii	1	CEO.exe@RVA 4FC6B9
1)1_1	ASCII	ascii	1	CEO.exe@RVA 50218D
1*101B1H1Z1`1f1m1s1~1	ASCII	ascii	1	CEO.exe@RVA 4FAAE3
1*101K1d1j1s1	ASCII	ascii	1	CEO.exe@RVA 4FDE05
1*252B2N2[2g2t2	ASCII	ascii	1	CEO.exe@RVA 4F9771
1,1F1c1}1	ASCII	ascii	1	CEO.exe@RVA 4FC3C7
1,222Y2_2	ASCII	ascii	1	CEO.exe@RVA 4FBB9D
1,2?2L2r2	ASCII	ascii	1	CEO.exe@RVA 4FAC79
1-1F1J1O1V1`1e1z1	ASCII	ascii	1	CEO.exe@RVA 4F9759
1-2T2]2	ASCII	ascii	1	CEO.exe@RVA 4F935F
1.1.3	数值	ascii	1	CEO.exe@RVA A5078
1.10	数值	ascii	1	CEO.exe@RVA A49B4
1008	数值	big5	1	data/product1.csv@L21
10161<1_1	ASCII	ascii	1	CEO.exe@RVA 4FBC3F
101^1	ASCII	ascii	1	CEO.exe@RVA 501A57
101d1h1l1p1t1x1|1	ASCII	ascii	1	CEO.exe@RVA 501C1B
1029	数值	big5	1	data/product1.csv@L44
103000	数值	big5	1	data/Machine_type.csv@L97
1030000	数值	big5	1	data/Machine_type.csv@L97
104000	数值	big5	1	data/Machine_type.csv@L214
1040000	数值	big5	1	data/Machine_type.csv@L214
105000	数值	big5	1	data/Machine_type.csv@L108
1050000	数值	big5	1	data/Machine_type.csv@L108
10535	数值	big5	1	data/Stages.csv@L15
10600000	数值	big5	1	data/Machine_type.csv@L151
108000	数值	big5	1	data/Machine_type.csv@L94
109000	数值	big5	1	data/Machine_type.csv@L168
1090000	数值	big5	1	data/Machine_type.csv@L168
1104000	数值	big5	1	data/Machine_type.csv@L186
11040000	数值	big5	1	data/Machine_type.csv@L186
1109	数值	big5	1	data/product1.csv@L45
11171=1H1N1R1X1\1b1f1l1p1v1z1	ASCII	ascii	1	CEO.exe@RVA 4FE169
11191P1]1q1w1	ASCII	ascii	1	CEO.exe@RVA 501583
11191]1	ASCII	ascii	1	CEO.exe@RVA 502B93
112000	数值	big5	1	data/Machine_type.csv@L240
1120000	数值	big5	1	data/Machine_type.csv@L240
11220	数值	big5	1	data/Stages.csv@L8
11262J2y2	ASCII	ascii	1	CEO.exe@RVA 4FBC51
1137	数值	big5	1	data/product1.csv@L41
1147	数值	big5	1	data/product1.csv@L29
115E5O5W5_5v5	ASCII	ascii	1	CEO.exe@RVA 50027B
116000	数值	big5	1	data/Machine_type.csv@L59
1160000	数值	big5	1	data/Machine_type.csv@L59
117000	数值	big5	1	data/Machine_type.csv@L242
1170000	数值	big5	1	data/Machine_type.csv@L242
1187	数值	big5	1	data/product1.csv@L30
1197	数值	big5	1	data/product1.csv@L50
1216	数值	big5	1	data/product1.csv@L46
1224	数值	big5	1	data/product1.csv@L64
123000	数值	big5	1	data/Machine_type.csv@L99
1230000	数值	big5	1	data/Machine_type.csv@L99
12465	数值	big5	1	data/Stages.csv@L20
125000	数值	big5	1	data/Machine_type.csv@L173
1250000	数值	big5	1	data/Machine_type.csv@L173
1268000	数值	big5	1	data/Machine_type.csv@L191
12680000	数值	big5	1	data/Machine_type.csv@L191
127000	数值	big5	1	data/Machine_type.csv@L67
1270000	数值	big5	1	data/Machine_type.csv@L67
12710	数值	big5	1	data/Stages.csv@L12
1280	数值	big5	1	data/building.csv@L79
1280 x 720	ASCII	utf16le	1	CEO.exe@RVA A32B8
128000	数值	big5	1	data/Machine_type.csv@L245
1280000	数值	big5	1	data/Machine_type.csv@L245
129000	数值	big5	1	data/Machine_type.csv@L346
1290000	数值	big5	1	data/Machine_type.csv@L346
12955	数值	big5	1	data/Stages.csv@L15
12NS.ch1	ASCII	big5	1	FONTS.APKG@#0
12ns.fts	ASCII	big5	1	FONTS.APKG@#1
12ns.idx1	ASCII	big5	1	FONTS.APKG@#2
12ns.pic1	ASCII	big5	1	FONTS.APKG@#3
1300000	数值	big5	1	data/Machine_type.csv@L192
13191C1H1k1q1{1	ASCII	ascii	1	CEO.exe@RVA 50055F
131B1K1v1	ASCII	ascii	1	CEO.exe@RVA 4FA57D
133000	数值	big5	1	data/Machine_type.csv@L64
1330000	数值	big5	1	data/Machine_type.csv@L64
134000	数值	big5	1	data/Machine_type.csv@L247
1340000	数值	big5	1	data/Machine_type.csv@L247
1344	数值	big5	1	data/product1.csv@L47
136000	数值	big5	1	data/Machine_type.csv@L56
1360000	数值	big5	1	data/Machine_type.csv@L56
1368	数值	big5	1	data/product1.csv@L50
13825	数值	big5	1	data/Stages.csv@L9
1400000	数值	big5	1	data/Machine_type.csv@L244
142000	数值	big5	1	data/Machine_type.csv@L236
1420000	数值	big5	1	data/Machine_type.csv@L236
143000	数值	big5	1	data/Machine_type.csv@L195
1430000	数值	big5	1	data/Machine_type.csv@L195
1433	数值	big5	1	data/product1.csv@L54
14400000	数值	big5	1	data/building.csv@L102
145000	数值	big5	1	data/Machine_type.csv@L230
1450000	数值	big5	1	data/Machine_type.csv@L230
146000	数值	big5	1	data/Machine_type.csv@L72
1460000	数值	big5	1	data/Machine_type.csv@L72
147000	数值	big5	1	data/Machine_type.csv@L250
1470000	数值	big5	1	data/Machine_type.csv@L250
148000	数值	big5	1	data/Machine_type.csv@L351
1480000	数值	big5	1	data/Machine_type.csv@L351
149000	数值	big5	1	data/Machine_type.csv@L197
1490000	数值	big5	1	data/Machine_type.csv@L197
15080	数值	big5	1	data/Stages.csv@L19
1511	数值	big5	1	data/product1.csv@L43
1512	数值	big5	1	data/product1.csv@L95
15250	数值	big5	1	data/Stages.csv@L12
152Q2_2n2	ASCII	ascii	1	CEO.exe@RVA 4FA78D
15400	数值	big5	1	data/Stages.csv@L21
154000	数值	big5	1	data/Machine_type.csv@L252
1540000	数值	big5	1	data/Machine_type.csv@L252
1547	数值	big5	1	data/product1.csv@L37
155000	数值	big5	1	data/Machine_type.csv@L61
1550000	数值	big5	1	data/Machine_type.csv@L61
156000	数值	big5	1	data/Machine_type.csv@L194
1560000	数值	big5	1	data/Machine_type.csv@L194
1588	数值	big5	1	data/product1.csv@L55
1600 x 900	ASCII	utf16le	1	CEO.exe@RVA A32D0
16000	数值	big5	1	data/Machine_type.csv@L39
162H2l2	ASCII	ascii	1	CEO.exe@RVA 4FB915
164000	数值	big5	1	data/Machine_type.csv@L101
1640000	数值	big5	1	data/Machine_type.csv@L101
1650000	数值	big5	1	data/Machine_type.csv@L309
169000	数值	big5	1	data/Machine_type.csv@L255
1690000	数值	big5	1	data/Machine_type.csv@L255
17000	数值	big5	1	data/Machine_type.csv@L43
170000	数值	big5	1	data/Machine_type.csv@L43
1703	数值	big5	1	data/product1.csv@L38
171000	数值	big5	1	data/Machine_type.csv@L202
1710000	数值	big5	1	data/Machine_type.csv@L202
1719	数值	big5	1	data/product1.csv@L51
172D2j2	ASCII	ascii	1	CEO.exe@RVA 4FA6AD
174000	数值	big5	1	data/Machine_type.csv@L133
1740000	数值	big5	1	data/Machine_type.csv@L133
1750	数值	big5	1	data/product1.csv@L36
1750000	数值	big5	1	data/Machine_type.csv@L74
177000	数值	big5	1	data/Machine_type.csv@L66
1770000	数值	big5	1	data/Machine_type.csv@L66
178000	数值	big5	1	data/Machine_type.csv@L199
1780000	数值	big5	1	data/Machine_type.csv@L199
18000	数值	big5	1	data/building.csv@L85
1814	数值	big5	1	data/product1.csv@L55
182000	数值	big5	1	data/Machine_type.csv@L273
1820000	数值	big5	1	data/Machine_type.csv@L273
182F2T2	ASCII	ascii	1	CEO.exe@RVA 4F902F
18360	数值	big5	1	data/Stages.csv@L14
18435	数值	big5	1	data/Stages.csv@L13
187000	数值	big5	1	data/Machine_type.csv@L246
1870000	数值	big5	1	data/Machine_type.csv@L246
188000	数值	big5	1	data/Machine_type.csv@L205
1880000	数值	big5	1	data/Machine_type.csv@L205
1890	数值	big5	1	data/product1.csv@L95
189000	数值	big5	1	data/Machine_type.csv@L314
1890000	数值	big5	1	data/Machine_type.csv@L314
18910	数值	big5	1	data/Stages.csv@L12
18930	数值	big5	1	data/Stages.csv@L16
19000	数值	big5	1	data/Machine_type.csv@L47
1909	数值	big5	1	data/product1.csv@L15
1910	数值	big5	1	data/product1.csv@L54
1912	数值	big5	1	data/product1.csv@L29
1920	数值	big5	1	data/product1.csv@L23
192000	数值	big5	1	data/Machine_type.csv@L306
1920000	数值	big5	1	data/Machine_type.csv@L306
192j2	ASCII	ascii	1	CEO.exe@RVA 4FCE19
1941	数值	big5	1	data/product1.csv@L45
1961	数值	big5	1	data/product1.csv@L98
19720	数值	big5	1	data/Stages.csv@L16
19760	数值	big5	1	data/Stages.csv@L20
198000	数值	big5	1	data/Machine_type.csv@L155
1980000	数值	big5	1	data/Machine_type.csv@L155
1986	数值	big5	1	data/Stages.csv@L12
1987	数值	big5	1	data/Stages.csv@L12
199000	数值	big5	1	data/Machine_type.csv@L320
1990000	数值	big5	1	data/Machine_type.csv@L320
1991	数值	big5	1	data/Stages.csv@L16
1992	数值	big5	1	data/Stages.csv@L16
1:1E1N1d1p1}1	ASCII	ascii	1	CEO.exe@RVA 4FEE5D
1:1|1	ASCII	ascii	1	CEO.exe@RVA 4F955B
1:2G2P2[2e2v2	ASCII	ascii	1	CEO.exe@RVA 4FC07F
1:2U2	ASCII	ascii	1	CEO.exe@RVA 501679
1;1P1Y1k1	ASCII	ascii	1	CEO.exe@RVA 4FF76D
1;2C2S2_2t2	ASCII	ascii	1	CEO.exe@RVA 500C7B
1=4G4M4V4c4k4	ASCII	ascii	1	CEO.exe@RVA 4FECC1
1?2E2	ASCII	ascii	1	CEO.exe@RVA 5026BB
1?2K2P2	ASCII	ascii	1	CEO.exe@RVA 501E77
1?2Q2[2r2	ASCII	ascii	1	CEO.exe@RVA 4FC4A1
1@1J1U1l1	ASCII	ascii	1	CEO.exe@RVA 4FD93F
1@2G2	ASCII	ascii	1	CEO.exe@RVA 501383
1@2Y2	ASCII	ascii	1	CEO.exe@RVA 4FF785
1A1F1P1j1~1	ASCII	ascii	1	CEO.exe@RVA 500045
1B2|2b3^4	ASCII	ascii	1	CEO.exe@RVA 50222F
1C1I1Q1	ASCII	ascii	1	CEO.exe@RVA 50256B
1E1h1	ASCII	ascii	1	CEO.exe@RVA 4FFE83
1G1R1l1v1~1	ASCII	ascii	1	CEO.exe@RVA 4F9E2B
1I1`1	ASCII	ascii	1	CEO.exe@RVA 500C75
1J1V2h2	ASCII	ascii	1	CEO.exe@RVA 500E9F
1J1t1	ASCII	ascii	1	CEO.exe@RVA 4FD3AB
1J2r2	ASCII	ascii	1	CEO.exe@RVA 4FFE8B
1K1r1	ASCII	ascii	1	CEO.exe@RVA 500A99
1N1Q2V2`2q2w2	ASCII	ascii	1	CEO.exe@RVA 50010D
1N1h1p1~1	ASCII	ascii	1	CEO.exe@RVA 500D39
1O1W1c1p1w1	ASCII	ascii	1	CEO.exe@RVA 502887
1Q1Z1	ASCII	ascii	1	CEO.exe@RVA 4FA969
1S1\1a1x1	ASCII	ascii	1	CEO.exe@RVA 4FBACD
1S1_1	ASCII	ascii	1	CEO.exe@RVA 5026B5
1U2*3	ASCII	ascii	1	CEO.exe@RVA 4FED3B
1V2{2	ASCII	ascii	1	CEO.exe@RVA 501C2F
1Y1a1	ASCII	ascii	1	CEO.exe@RVA 4FAE2D
1[1a1r1z1	ASCII	ascii	1	CEO.exe@RVA 4FC5B3
1^1d1	ASCII	ascii	1	CEO.exe@RVA 4FF291
1`2s2	ASCII	ascii	1	CEO.exe@RVA 4FA58D
1c1k1	ASCII	ascii	1	CEO.exe@RVA 501AC3
1f;H	ASCII	ascii	1	CEO.exe@RVA 9B12A
1f;p	ASCII	ascii	1	CEO.exe@RVA 9B0B3
1i2s2	ASCII	ascii	1	CEO.exe@RVA 4F91D9
1l1z1	ASCII	ascii	1	CEO.exe@RVA 4FB747
1q2}2	ASCII	ascii	1	CEO.exe@RVA 4F90FF
1w<=	ASCII	ascii	1	CEO.exe@RVA A6AAC
1查表0亂數	中文	big5	1	data/Talk_idx.csv@L1
2\t2 21292P2	ASCII	ascii	1	CEO.exe@RVA 502BA9
2\t2N2b2	ASCII	ascii	1	CEO.exe@RVA 4FC199
2\t3c3|3	ASCII	ascii	1	CEO.exe@RVA 4FCB4F
2 !?	ASCII	ascii	1	CEO.exe@RVA A8A24
2 2$2(2,2024282<2@2D2H2L2P2T2X2\2	ASCII	ascii	1	CEO.exe@RVA 5033D7
2 2&2,22282?2F2M2T2[2b2i2p2v2|2	ASCII	ascii	1	CEO.exe@RVA 4FC9C5
2 2&2x2	ASCII	ascii	1	CEO.exe@RVA 4FB761
2 2-2c2h2r2w2	ASCII	ascii	1	CEO.exe@RVA 4FCC95
2 2.292T2\2h2~2	ASCII	ascii	1	CEO.exe@RVA 4FB417
2 3&323;3@3U3[3i3o3	ASCII	ascii	1	CEO.exe@RVA 4FAB31
2!2&222<2Q2[2q2{2	ASCII	ascii	1	CEO.exe@RVA 502F91
2!2+2A2K2a2q2{2	ASCII	ascii	1	CEO.exe@RVA 502D87
2!2?2D2[2g2	ASCII	ascii	1	CEO.exe@RVA 4FAE43
2!3*303@3Y3c3k3x3	ASCII	ascii	1	CEO.exe@RVA 4FCE27
2!313u3	ASCII	ascii	1	CEO.exe@RVA 501E01
2"2(2-22272M2X2	ASCII	ascii	1	CEO.exe@RVA 4FD59D
2"252B2I2O2	ASCII	ascii	1	CEO.exe@RVA 4FDFE3
2#2)2:2P2a2	ASCII	ascii	1	CEO.exe@RVA 4FE605
2#2*2/2]2h2r2x2	ASCII	ascii	1	CEO.exe@RVA 4F9D39
2#23292b2l2r2	ASCII	ascii	1	CEO.exe@RVA 4FA3B7
2#252N2	ASCII	ascii	1	CEO.exe@RVA 502A2F
2#2H2k2p2~2	ASCII	ascii	1	CEO.exe@RVA 4FD3BF
2#3_3	ASCII	ascii	1	CEO.exe@RVA 4FD95F
2$2,282X2d2	ASCII	ascii	1	CEO.exe@RVA 5036B1
2$2-242<2L205;5	ASCII	ascii	1	CEO.exe@RVA 501491
2$212	ASCII	ascii	1	CEO.exe@RVA 4FB65F
2$222O2T2Y2^2o2~2	ASCII	ascii	1	CEO.exe@RVA 4FDCA3
2$2D2R2]2c2	ASCII	ascii	1	CEO.exe@RVA 4FF4AD
2$3L3	ASCII	ascii	1	CEO.exe@RVA 502805
2%2+2	ASCII	ascii	1	CEO.exe@RVA 4FB5AF
2%2,222<2f2l2x2	ASCII	ascii	1	CEO.exe@RVA 4FAB0F
2%2-2	ASCII	ascii	1	CEO.exe@RVA 4FEB37
2%2/2?2f2	ASCII	ascii	1	CEO.exe@RVA 4FD75D
2%202B2O2\2i2q2~2	ASCII	ascii	1	CEO.exe@RVA 4F9B5B
2&282i2r2x2	ASCII	ascii	1	CEO.exe@RVA 501741
2&383d3t3z3	ASCII	ascii	1	CEO.exe@RVA 500DC7
2&3F3X3_3k3q3v3	ASCII	ascii	1	CEO.exe@RVA 4FC805
2'2/2:2K2Q2f2T3^3	ASCII	ascii	1	CEO.exe@RVA 4FBAE3
2'5U5q5	ASCII	ascii	1	CEO.exe@RVA 5011F1
2(212{2	ASCII	ascii	1	CEO.exe@RVA 4FC6CB
2(252;2H2R2]2w2	ASCII	ascii	1	CEO.exe@RVA 500581
2(2L2V2`2	ASCII	ascii	1	CEO.exe@RVA 501091
2(6/6B6U6#7D8=9	ASCII	ascii	1	CEO.exe@RVA 502315
2)292e2p2|2	ASCII	ascii	1	CEO.exe@RVA 50091B
2)2;2F2W2c2y2	ASCII	ascii	1	CEO.exe@RVA 4FE1A1
2*2/252[2e2|2	ASCII	ascii	1	CEO.exe@RVA 4FE7DB
2*212@2Q2z2	ASCII	ascii	1	CEO.exe@RVA 4FD951
2*262D2O2d2	ASCII	ascii	1	CEO.exe@RVA 4FD079
2*2H2Y2^2h2|2	ASCII	ascii	1	CEO.exe@RVA 4FFD31
2+232T2	ASCII	ascii	1	CEO.exe@RVA 502471
2,212G2W2]2o2	ASCII	ascii	1	CEO.exe@RVA 4FF993
2,222H2Y2	ASCII	ascii	1	CEO.exe@RVA 4FC7F3
2,WP	ASCII	ascii	1	stage/stage12.stg@seg424+0xB
2-2?2Q2c2u2	ASCII	ascii	1	CEO.exe@RVA 4FAF61
2.343T3`3f3t3{3	ASCII	ascii	1	CEO.exe@RVA 4FC1A3
2.373	数值	ascii	1	CEO.exe@RVA 4FBBB1
200000000	数值	big5	1	data/Stages.csv@L20
20010	数值	big5	1	data/Stages.csv@L18
2006	数值	big5	1	data/Stages.csv@L19
20115	数值	big5	1	data/Stages.csv@L8
2024282<2Z2n2|2	ASCII	ascii	1	CEO.exe@RVA 4FBE5F
203000	数值	big5	1	data/Machine_type.csv@L71
2030000	数值	big5	1	data/Machine_type.csv@L71
205000	数值	big5	1	data/Machine_type.csv@L204
2050000	数值	big5	1	data/Machine_type.csv@L204
20550	数值	big5	1	data/Stages.csv@L18
209000	数值	big5	1	data/Machine_type.csv@L278
2090000	数值	big5	1	data/Machine_type.csv@L278
2092	数值	big5	1	data/product1.csv@L52
21000	数值	big5	1	data/Machine_type.csv@L328
210000	数值	big5	1	data/Machine_type.csv@L328
2120	数值	big5	1	data/Stages.csv@L14
21250	数值	big5	1	data/Stages.csv@L16
21272K2Q2e2k2z2	ASCII	ascii	1	CEO.exe@RVA 4F995D
214000	数值	big5	1	data/Machine_type.csv@L251
2140000	数值	big5	1	data/Machine_type.csv@L251
216000	数值	big5	1	data/Machine_type.csv@L154
2160000	数值	big5	1	data/Machine_type.csv@L154
217000	数值	big5	1	data/Machine_type.csv@L319
2170000	数值	big5	1	data/Machine_type.csv@L319
21970	数值	big5	1	data/Stages.csv@L8
22000	数值	big5	1	data/Machine_type.csv@L17
2200000	数值	big5	1	data/Machine_type.csv@L311
223M3	ASCII	ascii	1	CEO.exe@RVA 501681
22495	数值	big5	1	data/Stages.csv@L18
227000	数值	big5	1	data/Machine_type.csv@L160
2270000	数值	big5	1	data/Machine_type.csv@L160
228000	数值	big5	1	data/Machine_type.csv@L325
2280000	数值	big5	1	data/Machine_type.csv@L325
22815	数值	big5	1	data/Stages.csv@L17
23090	数值	big5	1	data/Stages.csv@L20
2321	数值	big5	1	data/product1.csv@L37
232S2[2n2w2	ASCII	ascii	1	CEO.exe@RVA 4F9E43
233000	数值	big5	1	data/Machine_type.csv@L76
2330000	数值	big5	1	data/Machine_type.csv@L76
2331	数值	big5	1	data/product1.csv@L97
2375	数值	big5	1	data/product1.csv@L30
2386	数值	big5	1	data/product1.csv@L15
23O3t3	ASCII	ascii	1	CEO.exe@RVA 502A74
241000	数值	big5	1	data/Machine_type.csv@L297
2410000	数值	big5	1	data/Machine_type.csv@L297
24145	数值	big5	1	data/Stages.csv@L19
24170	数值	big5	1	data/Stages.csv@L10
242:2A2Q2W2t2z2	ASCII	ascii	1	CEO.exe@RVA 4FBCDF
242D2	ASCII	ascii	1	CEO.exe@RVA 502AE7
246000	数值	big5	1	data/Machine_type.csv@L256
2460000	数值	big5	1	data/Machine_type.csv@L256
24760	数值	big5	1	data/Stages.csv@L20
248000	数值	big5	1	data/Machine_type.csv@L159
2480000	数值	big5	1	data/Machine_type.csv@L159
249000	数值	big5	1	data/Machine_type.csv@L324
2490000	数值	big5	1	data/Machine_type.csv@L324
25000	数值	big5	1	data/Machine_type.csv@L20
250000	数值	big5	1	data/Machine_type.csv@L20
252000	数值	big5	1	data/Machine_type.csv@L316
2520000	数值	big5	1	data/Machine_type.csv@L316
25200000	数值	big5	1	data/building.csv@L104
252:2@2G2U2]2f2t2|2	ASCII	ascii	1	CEO.exe@RVA 4FB137
2530	数值	big5	1	data/product1.csv@L28
253000	数值	big5	1	data/Machine_type.csv@L105
2530000	数值	big5	1	data/Machine_type.csv@L105
25770	数值	big5	1	data/Stages.csv@L16
2579	数值	big5	1	data/product1.csv@L51
261000	数值	big5	1	data/Machine_type.csv@L165
2610000	数值	big5	1	data/Machine_type.csv@L165
262G2q2	ASCII	ascii	1	CEO.exe@RVA 4FB2D7
264000	数值	big5	1	data/Machine_type.csv@L107
2640000	数值	big5	1	data/Machine_type.csv@L107
265000	数值	big5	1	data/Machine_type.csv@L148
2650000	数值	big5	1	data/Machine_type.csv@L148
2667	数值	big5	1	data/product1.csv@L48
272X2	ASCII	ascii	1	CEO.exe@RVA 4FA14B
273T3X3\3`3d3h3l3p3t3x3|3	ASCII	ascii	1	CEO.exe@RVA 4FEA01
2800000	数值	big5	1	data/building.csv@L103
282M2	ASCII	ascii	1	CEO.exe@RVA 501CF3
2830	数值	big5	1	data/product1.csv@L94
283F3i344C4L4V4_4t4z4	ASCII	ascii	1	CEO.exe@RVA 4FAE51
285000	数值	big5	1	data/Machine_type.csv@L164
2850000	数值	big5	1	data/Machine_type.csv@L164
288000	数值	big5	1	data/Machine_type.csv@L156
2880000	数值	big5	1	data/Machine_type.csv@L156
289000	数值	big5	1	data/Machine_type.csv@L321
2890000	数值	big5	1	data/Machine_type.csv@L321
290000	数值	big5	1	data/Machine_type.csv@L110
2900000	数值	big5	1	data/Machine_type.csv@L110
2914	数值	big5	1	data/product1.csv@L97
2925	数值	big5	1	data/Stages.csv@L14
2980	数值	big5	1	data/Stages.csv@L13
2989	数值	big5	1	data/product1.csv@L52
2;2F2L2Y2_2	ASCII	ascii	1	CEO.exe@RVA 4FDE23
2<4Z4	ASCII	ascii	1	CEO.exe@RVA 501D6B
2<6D6L6T6\6d6l6t6|6	ASCII	ascii	1	CEO.exe@RVA 503A51
2=2L2[2g2	ASCII	ascii	1	CEO.exe@RVA 50077D
2>2]2h2q2	ASCII	ascii	1	CEO.exe@RVA 4FFB99
2?2g2	ASCII	ascii	1	CEO.exe@RVA 4FC3D9
2?3V3r3	ASCII	ascii	1	CEO.exe@RVA 4F965F
2@2H2z2	ASCII	ascii	1	CEO.exe@RVA 4FA073
2@3Y3k3}3	ASCII	ascii	1	CEO.exe@RVA 4FF78D
2@3l3	ASCII	ascii	1	CEO.exe@RVA 4FFE91
2@3n3t3~3	ASCII	ascii	1	CEO.exe@RVA 4FA883
2@buffer full	ASCII	ascii	1	CEO.exe@RVA A27D6
2C2J2P2l2s2y2	ASCII	ascii	1	CEO.exe@RVA 4FE471
2D2j2	ASCII	ascii	1	CEO.exe@RVA 4F9425
2E2M2q2v2	ASCII	ascii	1	CEO.exe@RVA 4FF169
2E3U3	ASCII	ascii	1	CEO.exe@RVA 4FEE71
2F3X3	ASCII	ascii	1	CEO.exe@RVA 4FFD41
2P2l8p8t8x8|8	ASCII	ascii	1	CEO.exe@RVA 503867
2PWV	ASCII	ascii	1	CEO.exe@RVA 7F4F6
2R3W3n3}3	ASCII	ascii	1	CEO.exe@RVA 4FA79F
2V7h7J8P8	ASCII	ascii	1	CEO.exe@RVA 5016BD
2X2a2w2	ASCII	ascii	1	CEO.exe@RVA 4FA97F
2Y2a2	ASCII	ascii	1	CEO.exe@RVA 4FF29D
2\2`2d2h2l2p2	ASCII	ascii	1	CEO.exe@RVA 4F9F7F
2`2d2h2l2p2t2x2|2	ASCII	ascii	1	CEO.exe@RVA 503A27
2`>&	ASCII	ascii	1	stage/stage12.stg@seg410+0xB
2c2l2r2	ASCII	ascii	1	CEO.exe@RVA 502583
2fC!	ASCII	ascii	1	stage/stage12.stg@seg473+0xB
2g3o3w3	ASCII	ascii	1	CEO.exe@RVA 4F936D
2ieO=	ASCII	ascii	1	CEO.exe@RVA A752B
2m2x2	ASCII	ascii	1	CEO.exe@RVA 501FC7
2u2{2	ASCII	ascii	1	CEO.exe@RVA 4FDB63
3\t3 31393P3z3	ASCII	ascii	1	CEO.exe@RVA 502BBF
3\t4#464<4D4R4Y4_4g4	ASCII	ascii	1	CEO.exe@RVA 4FF7AB
3\t4$474<4A4V4[4`4j4v4	ASCII	ascii	1	CEO.exe@RVA 4FD235
3 3$3(3,3034383<3@3D3H3L3P3T3X3\3`3d3h3l3p3t3x3|3	ASCII	ascii	1	CEO.exe@RVA 5031C7
3 3'3D3R3[3	ASCII	ascii	1	CEO.exe@RVA 4F9989
3!3&343^3	ASCII	ascii	1	CEO.exe@RVA 50292F
3!3(32383?3I3f3m3w3~3	ASCII	ascii	1	CEO.exe@RVA 4FB16B
3!3+3A3K3a3q3{3	ASCII	ascii	1	CEO.exe@RVA 502DA7
3!3+3D3p3x3	ASCII	ascii	1	CEO.exe@RVA 4FF18F
3!313A3Q3a3q3	ASCII	ascii	1	CEO.exe@RVA 502FB1
3!383	ASCII	ascii	1	CEO.exe@RVA 4FBCFF
3"3+3A3K3	ASCII	ascii	1	CEO.exe@RVA 4FF4CD
3"303<3P3U3Z3e3y3	ASCII	ascii	1	CEO.exe@RVA 4FDE3B
3"3B3R3k3q3	ASCII	ascii	1	CEO.exe@RVA 4F9D5D
3"4*41474D4	ASCII	ascii	1	CEO.exe@RVA 4FE2A3
3"4*494A4L4Y4j4v4	ASCII	ascii	1	CEO.exe@RVA 4FE631
3"4-4?4K4Q4k4z4	ASCII	ascii	1	CEO.exe@RVA 502289
3#3)383>3|3	ASCII	ascii	1	CEO.exe@RVA 4FC09B
3#353	ASCII	ascii	1	CEO.exe@RVA 4FB935
3#373H3N3	ASCII	ascii	1	CEO.exe@RVA 4FD3DD
3#4d4	ASCII	ascii	1	CEO.exe@RVA 501C3D
3$3*3=3Q3	ASCII	ascii	1	CEO.exe@RVA 4FCCA5
3$313R3_3l3y3	ASCII	ascii	1	CEO.exe@RVA 4F9F9B
3$313`3e3s3	ASCII	ascii	1	CEO.exe@RVA 4FAD6D
3$363<3R3l3p3t3x3|3	ASCII	ascii	1	CEO.exe@RVA 4FD771
3$363>3X3	ASCII	ascii	1	CEO.exe@RVA 4FA153
3$3F3,535	ASCII	ascii	1	CEO.exe@RVA 5028BF
3$4R4	ASCII	ascii	1	CEO.exe@RVA 4FFE9D
3%3+3J3O3p3u384=4O4m4	ASCII	ascii	1	CEO.exe@RVA 50258F
3%3+3v3	ASCII	ascii	1	CEO.exe@RVA 501FDD
3%3,333:3A3H3R3Y3`3	ASCII	ascii	1	CEO.exe@RVA 4FCA13
3%3.343	ASCII	ascii	1	CEO.exe@RVA 4F9039
3&3/383>3D3O3t3{3	ASCII	ascii	1	CEO.exe@RVA 4F9B83
3&34393G3g3	ASCII	ascii	1	CEO.exe@RVA 4FBE87
3&3A3G3a3	ASCII	ascii	1	CEO.exe@RVA 4FE61D
3&3Z3f3u3	ASCII	ascii	1	CEO.exe@RVA 502AF1
3&3e3w3	ASCII	ascii	1	CEO.exe@RVA 4F9797
3&404?4K4i4n4{4	ASCII	ascii	1	CEO.exe@RVA 4FBEA3
3&454H4V4o4	ASCII	ascii	1	CEO.exe@RVA 50006D
3&484v4	ASCII	ascii	1	CEO.exe@RVA 500A53
3'32393D3J3V3c3n3	ASCII	ascii	1	CEO.exe@RVA 4FEF87
3'393H3`3	ASCII	ascii	1	CEO.exe@RVA 500793
3'3?3i3	ASCII	ascii	1	CEO.exe@RVA 50159B
3'3J3	ASCII	ascii	1	CEO.exe@RVA 500EA9
3(4_4e4	ASCII	ascii	1	CEO.exe@RVA 4FBFC5
3)30353?3D3N3T3^3{3	ASCII	ascii	1	CEO.exe@RVA 4FDB81
3*373D3a3u3	ASCII	ascii	1	CEO.exe@RVA 4FB43F
3+363e3p3	ASCII	ascii	1	CEO.exe@RVA 50227B
3+393T3o3	ASCII	ascii	1	CEO.exe@RVA 4FAF7F
3+3:3C3J3j3o3z3	ASCII	ascii	1	CEO.exe@RVA 4FE28B
3+4#5	ASCII	ascii	1	CEO.exe@RVA 4FB833
3+434<4M4j4	ASCII	ascii	1	CEO.exe@RVA 4FB2FD
3,373H3T3k3v3	ASCII	ascii	1	CEO.exe@RVA 4FE1C3
3-353W3n3	ASCII	ascii	1	CEO.exe@RVA 4FC6E1
3-3U3n3	ASCII	ascii	1	CEO.exe@RVA 4FAC8D
3.3:3I3j3}3	ASCII	ascii	1	CEO.exe@RVA 4F9285
3.3:3Y3n3	ASCII	ascii	1	CEO.exe@RVA 50012B
3.4g4	ASCII	ascii	1	CEO.exe@RVA 4F9E5D
303000	数值	big5	1	data/Machine_type.csv@L112
3030000	数值	big5	1	data/Machine_type.csv@L112
303U3	ASCII	ascii	1	CEO.exe@RVA 501E87
3062	数值	big5	1	data/product1.csv@L60
30A0_0d0i0	ASCII	ascii	1	CEO.exe@RVA 4FE9A8
31000	数值	big5	1	data/Machine_type.csv@L88
310000	数值	big5	1	data/Machine_type.csv@L88
313000	数值	big5	1	data/Machine_type.csv@L172
3130000	数值	big5	1	data/Machine_type.csv@L172
313:3A3G3O3e3q3	ASCII	ascii	1	CEO.exe@RVA 4FDCCD
31445	数值	big5	1	data/Stages.csv@L9
316000	数值	big5	1	data/Machine_type.csv@L109
3160000	数值	big5	1	data/Machine_type.csv@L109
3163	数值	big5	1	data/product1.csv@L28
317000	数值	big5	1	data/Machine_type.csv@L188
3170000	数值	big5	1	data/Machine_type.csv@L188
32100	数值	big5	1	data/Stages.csv@L18
323F3}3	ASCII	ascii	1	CEO.exe@RVA 4FCF35
3260	数值	big5	1	data/Stages.csv@L21
327000	数值	big5	1	data/Machine_type.csv@L169
3270000	数值	big5	1	data/Machine_type.csv@L169
328	数值	big5	1	data/Machine_type.csv@L330
329	数值	big5	1	data/Machine_type.csv@L331
32X16.ch2	ASCII	big5	1	PICS.APKG@#0
32X16.idx2	ASCII	big5	1	PICS.APKG@#1
32X16.mpi	ASCII	big5	1	PICS.APKG@#2
32X16.pic2	ASCII	big5	1	PICS.APKG@#3
330000	数值	big5	1	data/Machine_type.csv@L260
3300000	数值	big5	1	data/Machine_type.csv@L260
331000	数值	big5	1	data/Machine_type.csv@L161
3310000	数值	big5	1	data/Machine_type.csv@L161
332000	数值	big5	1	data/Machine_type.csv@L326
3320000	数值	big5	1	data/Machine_type.csv@L326
333000	数值	big5	1	data/Machine_type.csv@L115
3330000	数值	big5	1	data/Machine_type.csv@L115
333R3i3t3	ASCII	ascii	1	CEO.exe@RVA 4FB2F1
3359	数值	big5	1	data/product1.csv@L21
338	数值	big5	1	data/Machine_type.csv@L340
339	数值	big5	1	data/Machine_type.csv@L341
33<3~3	ASCII	ascii	1	CEO.exe@RVA 500CA8
343=3j3	ASCII	ascii	1	CEO.exe@RVA 4FC2ED
343>3b3l3d4m4	ASCII	ascii	1	CEO.exe@RVA 4FA995
343@3`3l3	ASCII	ascii	1	CEO.exe@RVA 5036CB
344000	数值	big5	1	data/Machine_type.csv@L175
3440000	数值	big5	1	data/Machine_type.csv@L175
344>4r4	ASCII	ascii	1	CEO.exe@RVA 4FA22D
344B4a4	ASCII	ascii	1	CEO.exe@RVA 501757
345000	数值	big5	1	data/Machine_type.csv@L262
3450000	数值	big5	1	data/Machine_type.csv@L262
348000	数值	big5	1	data/Machine_type.csv@L117
3480000	数值	big5	1	data/Machine_type.csv@L117
3500000	数值	big5	1	data/Stages.csv@L6
353;3A3L3R3_3	ASCII	ascii	1	CEO.exe@RVA 5010AD
353>3G3L3S3Y3]3c3g3m3q3w3{3	ASCII	ascii	1	CEO.exe@RVA 4FD09B
353K3[3i3y3	ASCII	ascii	1	CEO.exe@RVA 4FF9B1
354P4Z4p4	ASCII	ascii	1	CEO.exe@RVA 4FBAFD
3555	数值	big5	1	data/Stages.csv@L17
3597	数值	big5	1	data/product1.csv@L39
363000	数值	big5	1	data/Machine_type.csv@L114
3630000	数值	big5	1	data/Machine_type.csv@L114
363<3	ASCII	ascii	1	CEO.exe@RVA 4FA3CB
3649	数值	big5	1	data/product1.csv@L46
365	数值	big5	1	data/Machine_type.csv@L31
367	数值	big5	1	data/Machine_type.csv@L37
368	数值	big5	1	data/Machine_type.csv@L38
368000	数值	big5	1	data/Machine_type.csv@L106
3680000	数值	big5	1	data/Machine_type.csv@L106
369	数值	big5	1	data/Machine_type.csv@L39
37.=	ASCII	ascii	1	CEO.exe@RVA A693C
37000	数值	big5	1	data/Machine_type.csv@L348
370000	数值	big5	1	data/Machine_type.csv@L348
371	数值	big5	1	data/Machine_type.csv@L45
372	数值	big5	1	data/Machine_type.csv@L46
373	数值	big5	1	data/Machine_type.csv@L47
374	数值	big5	1	data/Machine_type.csv@L48
374U4{4f;l;	ASCII	ascii	1	CEO.exe@RVA 502771
375000	数值	big5	1	data/Machine_type.csv@L174
3750000	数值	big5	1	data/Machine_type.csv@L174
37580	数值	big5	1	data/Stages.csv@L21
376	数值	big5	1	data/Machine_type.csv@L50
377	数值	big5	1	data/Machine_type.csv@L51
379	数值	big5	1	data/Machine_type.csv@L58
379000	数值	big5	1	data/Machine_type.csv@L265
3790000	数值	big5	1	data/Machine_type.csv@L265
380	数值	big5	1	data/Machine_type.csv@L59
38000	数值	big5	1	data/Machine_type.csv@L58
381	数值	big5	1	data/Machine_type.csv@L60
3819	数值	big5	1	data/product1.csv@L62
382	数值	big5	1	data/Machine_type.csv@L61
382000	数值	big5	1	data/Machine_type.csv@L120
3820000	数值	big5	1	data/Machine_type.csv@L120
3823	数值	big5	1	data/product1.csv@L29
383	数值	big5	1	data/Machine_type.csv@L67
3830	数值	big5	1	data/Stages.csv@L10
384	数值	big5	1	data/Machine_type.csv@L68
384?4E4L4W4	ASCII	ascii	1	CEO.exe@RVA 4FDA33
385	数值	big5	1	data/Machine_type.csv@L69
386	数值	big5	1	data/Machine_type.csv@L70
3868	数值	big5	1	data/product1.csv@L51
3869	数值	big5	1	data/product1.csv@L37
387	数值	big5	1	data/Machine_type.csv@L71
388	数值	big5	1	data/Machine_type.csv@L72
390	数值	big5	1	data/Machine_type.csv@L74
39000	数值	big5	1	data/Machine_type.csv@L30
390000	数值	big5	1	data/Machine_type.csv@L30
3905	数值	big5	1	data/product1.csv@L61
392	数值	big5	1	data/Machine_type.csv@L76
394	数值	big5	1	data/Machine_type.csv@L83
396	数值	big5	1	data/Machine_type.csv@L85
3960000	数值	big5	1	data/Machine_type.csv@L267
398	数值	big5	1	data/Machine_type.csv@L92
399	数值	big5	1	data/Machine_type.csv@L93
3:4M4	ASCII	ascii	1	CEO.exe@RVA 4F9589
3<3A3F3K3\3k3r3w3	ASCII	ascii	1	CEO.exe@RVA 4FDA15
3<4b4	ASCII	ascii	1	CEO.exe@RVA 5015A5
3<L=	ASCII	ascii	1	CEO.exe@RVA A874C
3?4F4	ASCII	ascii	1	CEO.exe@RVA 500C19
3@3D3H3L3P3d3h3t3x3|3	ASCII	ascii	1	CEO.exe@RVA 50341D
3@4\4	ASCII	ascii	1	CEO.exe@RVA 4FFD49
3A3K3l3r3x3	ASCII	ascii	1	CEO.exe@RVA 4FC4B3
3A4c5o5	ASCII	ascii	1	CEO.exe@RVA 4FBBBB
3C4I4N4a4	ASCII	ascii	1	CEO.exe@RVA 4FAC9D
3D3O3[3{3	ASCII	ascii	1	CEO.exe@RVA 500939
3F4k4	ASCII	ascii	1	CEO.exe@RVA 501FE9
3F;s	ASCII	ascii	1	CEO.exe@RVA DA66
3G3T3r3	ASCII	ascii	1	CEO.exe@RVA 4F9579
3J3,4?4M4d4u4	ASCII	ascii	1	CEO.exe@RVA 4FCD05
3K4T4x4	ASCII	ascii	1	CEO.exe@RVA 4FA5A9
3K4]4	ASCII	ascii	1	CEO.exe@RVA 500137
3M4S4y4	ASCII	ascii	1	CEO.exe@RVA 4F9997
3M4V4h4n4	ASCII	ascii	1	CEO.exe@RVA 4F9045
3O4X4	ASCII	ascii	1	CEO.exe@RVA 501B2F
3P4}4	ASCII	ascii	1	CEO.exe@RVA 4FEBCB
3R4{4	ASCII	ascii	1	CEO.exe@RVA 4FA3D3
3S3]3h3u3|3	ASCII	ascii	1	CEO.exe@RVA 5005A1
3W3f3	ASCII	ascii	1	CEO.exe@RVA 501891
3X3s3	ASCII	ascii	1	CEO.exe@RVA 4FDFF5
3X4s4m5	ASCII	ascii	1	CEO.exe@RVA 501689
3Y3_3	ASCII	ascii	1	CEO.exe@RVA 4FF2A9
3a3j3	ASCII	ascii	1	CEO.exe@RVA 4FC5EF
3b4k4	ASCII	ascii	1	CEO.exe@RVA 4FF1A1
3c3p3~3	ASCII	ascii	1	CEO.exe@RVA 4FD21B
3k3u3	ASCII	ascii	1	CEO.exe@RVA 4FD5B5
3t(;	ASCII	ascii	1	CEO.exe@RVA 978D6
3t375N5]5i5u5	ASCII	ascii	1	CEO.exe@RVA 50150F
3{9=	ASCII	ascii	1	CEO.exe@RVA ACD9C
3~4_5	ASCII	ascii	1	CEO.exe@RVA 502A3B
4\t4 4,4@4E4J4U4i4p4u4	ASCII	ascii	1	CEO.exe@RVA 4FE00F
4 4$4(4,4044484<4@4D4H4L4P4T4X4\4`4d4h4l4p4t4x4|4	ASCII	ascii	1	CEO.exe@RVA 503247
4 4$4(4,4044484D4J4S4[4	ASCII	ascii	1	CEO.exe@RVA 4FAB5B
4 41474B4K4q4y4	ASCII	ascii	1	CEO.exe@RVA 4FEA33
4 4=4w4	ASCII	ascii	1	CEO.exe@RVA 4FDE5D
4 4?4^4}4	ASCII	ascii	1	CEO.exe@RVA 4FEFA1
4!4&4,414E4X4	ASCII	ascii	1	CEO.exe@RVA 4FCB67
4!414A4Q4a4q4	ASCII	ascii	1	CEO.exe@RVA 502FD1
4!42484_4p4	ASCII	ascii	1	CEO.exe@RVA 4FD3F9
4!4C4W4]4j4y4	ASCII	ascii	1	CEO.exe@RVA 4FB45B
4!4^4y4	ASCII	ascii	1	CEO.exe@RVA 4F9297
4!5&505:5?5I5a5g5r5{5	ASCII	ascii	1	CEO.exe@RVA 4FD7AD
4!5&505A5G5R5[5q5{5	ASCII	ascii	1	CEO.exe@RVA 4FD5F1
4"4'4-434;4A4G4M4S4Y4^4d4j4p4v4|4	ASCII	ascii	1	CEO.exe@RVA 4FF2B7
4"43494\4g4w4	ASCII	ascii	1	CEO.exe@RVA 4FE1E5
4"444W4m4}4	ASCII	ascii	1	CEO.exe@RVA 4FF9CD
4"464@4F4P4r4	ASCII	ascii	1	CEO.exe@RVA 4FC82B
4"5:5H5V5p5u5z5	ASCII	ascii	1	CEO.exe@RVA 4FE2AF
4"5g5q5	ASCII	ascii	1	CEO.exe@RVA 4FBEBD
4#4(434<4O4`4	ASCII	ascii	1	CEO.exe@RVA 4FB187
4$4)4A4F4P4a4g4r4{4	ASCII	ascii	1	CEO.exe@RVA 4FD0CF
4$44465H5	ASCII	ascii	1	CEO.exe@RVA 4FCCB1
4$454@4U4h4n4t4}4	ASCII	ascii	1	CEO.exe@RVA 5010BF
4$5(5,5054585<517	ASCII	ascii	1	CEO.exe@RVA 501A95
4%494B4	ASCII	ascii	1	CEO.exe@RVA 4FBD0D
4%4E4X4r4~4	ASCII	ascii	1	CEO.exe@RVA 4FFBBB
4%4V4]4	ASCII	ascii	1	CEO.exe@RVA 50189B
4%5+5U5,6	ASCII	ascii	1	CEO.exe@RVA 5013B3
4&5,5|5	ASCII	ascii	1	CEO.exe@RVA 4FCE53
4&5;5E5	ASCII	ascii	1	CEO.exe@RVA 4F9129
4'4F4X4	ASCII	ascii	1	CEO.exe@RVA 4FB779
4'4~4	ASCII	ascii	1	CEO.exe@RVA 4FED49
4'5V5	ASCII	ascii	1	CEO.exe@RVA 4F9447
4';=	ASCII	ascii	1	CEO.exe@RVA A77AC
4(494J4S4^4d4i4	ASCII	ascii	1	CEO.exe@RVA 500F49
4(4T4_4k4	ASCII	ascii	1	CEO.exe@RVA 500951
4)474C4K4g4	ASCII	ascii	1	CEO.exe@RVA 4FDCEB
4*4;4F4`4d4h4l4	ASCII	ascii	1	CEO.exe@RVA 5005C1
4+424J4	ASCII	ascii	1	CEO.exe@RVA 5003C5
4,4044484<4@4D4]4|4	ASCII	ascii	1	CEO.exe@RVA 501A75
4,424E4K4^4d4w4}4	ASCII	ascii	1	CEO.exe@RVA 4FC313
4,4G4b4}4	ASCII	ascii	1	CEO.exe@RVA 4FAF93
4.454<4A4^4e4s4	ASCII	ascii	1	CEO.exe@RVA 4F9BAB
4/454=4F4Y4r4x4}4	ASCII	ascii	1	CEO.exe@RVA 50139B
4/4:4J4W4o4	ASCII	ascii	1	CEO.exe@RVA 5007AB
4/555	ASCII	ascii	1	CEO.exe@RVA 4FBFCF
4/5G5]5n5	ASCII	ascii	1	CEO.exe@RVA 4FE80B
401	数值	big5	1	data/Machine_type.csv@L95
402	数值	big5	1	data/Machine_type.csv@L96
403	数值	big5	1	data/Machine_type.csv@L97
4032	数值	big5	1	data/product1.csv@L47
40360	数值	big5	1	data/Stages.csv@L15
404	数值	big5	1	data/Machine_type.csv@L98
405	数值	big5	1	data/Machine_type.csv@L99
406	数值	big5	1	data/Machine_type.csv@L100
407	数值	big5	1	data/Machine_type.csv@L101
409	数值	big5	1	data/Machine_type.csv@L108
410	数值	big5	1	data/Machine_type.csv@L109
41000	数值	big5	1	data/Machine_type.csv@L98
410000	数值	big5	1	data/Machine_type.csv@L98
411	数值	big5	1	data/Machine_type.csv@L110
412	数值	big5	1	data/Machine_type.csv@L111
4122	数值	big5	1	data/product1.csv@L42
413	数值	big5	1	data/Machine_type.csv@L117
414	数值	big5	1	data/Machine_type.csv@L118
41464@4Q4W4b4k4	ASCII	ascii	1	CEO.exe@RVA 4FE49D
414;4Q4a4k4	ASCII	ascii	1	CEO.exe@RVA 502DC9
414W4	ASCII	ascii	1	CEO.exe@RVA 50236D
415=5J5Q5`5q5	ASCII	ascii	1	CEO.exe@RVA 4FDCFD
415b5	ASCII	ascii	1	CEO.exe@RVA 50280D
416	数值	big5	1	data/Machine_type.csv@L120
417	数值	big5	1	data/Machine_type.csv@L121
417000	数值	big5	1	data/Machine_type.csv@L119
4170000	数值	big5	1	data/Machine_type.csv@L119
418	数值	big5	1	data/Machine_type.csv@L122
418000	数值	big5	1	data/Machine_type.csv@L130
4180000	数值	big5	1	data/Machine_type.csv@L130
419	数值	big5	1	data/Machine_type.csv@L123
422000	数值	big5	1	data/Machine_type.csv@L111
4220000	数值	big5	1	data/Machine_type.csv@L111
4230	数值	big5	1	data/Stages.csv@L9
42320	数值	big5	1	data/Stages.csv@L10
424Z4	ASCII	ascii	1	CEO.exe@RVA 4FDBA5
425P5}5	ASCII	ascii	1	CEO.exe@RVA 4FEDD1
4315	数值	big5	1	data/Stages.csv@L19
43484=4I4W4u4z4	ASCII	ascii	1	CEO.exe@RVA 4FD793
43484C4O4W4\4g4p4	ASCII	ascii	1	CEO.exe@RVA 4FD5D1
434A4_4d4i4	ASCII	ascii	1	CEO.exe@RVA 4FF501
435000	数值	big5	1	data/Machine_type.csv@L270
4350000	数值	big5	1	data/Machine_type.csv@L270
436000	数值	big5	1	data/Machine_type.csv@L171
4360000	数值	big5	1	data/Machine_type.csv@L171
437000	数值	big5	1	data/Machine_type.csv@L132
4370000	数值	big5	1	data/Machine_type.csv@L132
4380	数值	big5	1	data/Stages.csv@L13
4400000	数值	big5	1	data/Machine_type.csv@L125
4428	数值	big5	1	data/product1.csv@L28
4447	数值	big5	1	data/product1.csv@L94
4457	数值	big5	1	data/product1.csv@L44
45000	数值	big5	1	data/building.csv@L71
4500000	数值	big5	1	data/Stages.csv@L4
455000	数值	big5	1	data/Machine_type.csv@L272
4550000	数值	big5	1	data/Machine_type.csv@L272
455v5	ASCII	ascii	1	CEO.exe@RVA 50013D
4560000	数值	big5	1	data/Machine_type.csv@L129
4625	数值	big5	1	data/Stages.csv@L13
475000	数值	big5	1	data/Machine_type.csv@L269
4750000	数值	big5	1	data/Machine_type.csv@L269
48000	数值	big5	1	data/Machine_type.csv@L303
484000	数值	big5	1	data/Machine_type.csv@L116
4840000	数值	big5	1	data/Machine_type.csv@L116
4889	数值	big5	1	data/product1.csv@L48
4:4W4t4	ASCII	ascii	1	CEO.exe@RVA 4FA09D
4:4h4	ASCII	ascii	1	CEO.exe@RVA 4FCA35
4;5D5h5	ASCII	ascii	1	CEO.exe@RVA 4FA5B9
4;5r5	ASCII	ascii	1	CEO.exe@RVA 4FCF41
4<4H4h4t4	ASCII	ascii	1	CEO.exe@RVA 5036E3
4=4O4r4z4	ASCII	ascii	1	CEO.exe@RVA 4FBC67
4>4H4	ASCII	ascii	1	CEO.exe@RVA 5026C9
4>4_4l4	ASCII	ascii	1	CEO.exe@RVA 4F943B
4?4K4p4t4x4|4	ASCII	ascii	1	CEO.exe@RVA 4FEE77
4A4f4q4	ASCII	ascii	1	CEO.exe@RVA 4FE7F7
4D5H5L5P5T5X5\5`5d5h5q5	ASCII	ascii	1	CEO.exe@RVA 4FFD51
4D5J5	ASCII	ascii	1	CEO.exe@RVA 4F91F1
4F5L5	ASCII	ascii	1	CEO.exe@RVA 4F9FB9
4H5N5	ASCII	ascii	1	CEO.exe@RVA 4FC0BD
4M4S4	ASCII	ascii	1	CEO.exe@RVA 4FC4C9
4MN\t	ASCII	ascii	1	CEO.exe@RVA 34D04
4N8\t	ASCII	ascii	1	stage/stage14.stg@seg836+0xB
4O4c4}4	ASCII	ascii	1	CEO.exe@RVA 4F97A7
4O7Y7_7h7u7}7	ASCII	ascii	1	CEO.exe@RVA 4FEBD9
4P!?	ASCII	ascii	1	CEO.exe@RVA A8A34
4Q4x4	ASCII	ascii	1	CEO.exe@RVA 4FA7B3
4U5f5q5	ASCII	ascii	1	CEO.exe@RVA 5015AD
4X5_5	ASCII	ascii	1	CEO.exe@RVA 4FA16B
4X5~5	ASCII	ascii	1	CEO.exe@RVA 4FA0AB
4Z4l4	ASCII	ascii	1	CEO.exe@RVA 4F9D6B
4Z6k6|6	ASCII	ascii	1	CEO.exe@RVA 500CB1
4[4a4	ASCII	ascii	1	CEO.exe@RVA 4FC0AD
4`a\t	ASCII	ascii	1	stage/stage08.stg@seg2713+0xB
4c5i5	ASCII	ascii	1	CEO.exe@RVA 4FC4D7
4f5l5r5	ASCII	ascii	1	CEO.exe@RVA 4FBC73
4g%6	ASCII	ascii	1	CEO.exe@RVA A8CE8
4g5<6	ASCII	ascii	1	CEO.exe@RVA 4FEC51
4g5q5	ASCII	ascii	1	CEO.exe@RVA 4F9D77
4o4x4	ASCII	ascii	1	CEO.exe@RVA 501D13
4o4y4	ASCII	ascii	1	CEO.exe@RVA 4FA161
4p4v4	ASCII	ascii	1	CEO.exe@RVA 4F9119
4r5?6F6	ASCII	ascii	1	CEO.exe@RVA 502239
5 -J	ASCII	ascii	1	CEO.exe@RVA 2E7F2
5 -L	ASCII	ascii	1	CEO.exe@RVA AE7E
5 5(545T5`5	ASCII	ascii	1	CEO.exe@RVA 5036F9
5 5*545R5]5b5m5w5	ASCII	ascii	1	CEO.exe@RVA 50177B
5 5,565A5v5}5	ASCII	ascii	1	CEO.exe@RVA 4FAFB1
5 5:5N5c5	ASCII	ascii	1	CEO.exe@RVA 500087
5 6,6A6W6b6s6	ASCII	ascii	1	CEO.exe@RVA 5007DB
5!5*575I5R5	ASCII	ascii	1	CEO.exe@RVA 4FB315
5!5+5A5K5a5k5	ASCII	ascii	1	CEO.exe@RVA 502BDF
5!5+5A5K5a5q5{5	ASCII	ascii	1	CEO.exe@RVA 502DE7
5!515A5Q5a5j5	ASCII	ascii	1	CEO.exe@RVA 502FF1
5!515A5U5m5t5	ASCII	ascii	1	CEO.exe@RVA 5018B3
5!6/6>6W6i6q6}6	ASCII	ascii	1	CEO.exe@RVA 4FA23B
5"5&5,50565:5D5J5U5^5j5p5	ASCII	ascii	1	CEO.exe@RVA 4FF52D
5"575D5\5d5u5	ASCII	ascii	1	CEO.exe@RVA 4FE657
5"9&9*9.92969:9>9B9F9J9N9U9u9z9k:	ASCII	ascii	1	CEO.exe@RVA 50264B
5#5)5;5D5Z5d5l5y5	ASCII	ascii	1	CEO.exe@RVA 4FE4D7
5#515=5C5P5u5	ASCII	ascii	1	CEO.exe@RVA 4FB477
5#5<5@5D5H5L5P5T5	ASCII	ascii	1	CEO.exe@RVA 4FD419
5#606a6f6p6	ASCII	ascii	1	CEO.exe@RVA 500981
5#6H6W6c6	ASCII	ascii	1	CEO.exe@RVA 4F9133
5$5+5d5	ASCII	ascii	1	CEO.exe@RVA 4FDBB7
5$5A5G5\5b5o5	ASCII	ascii	1	CEO.exe@RVA 4FA6C5
5$6)6.636:6e6p6	ASCII	ascii	1	CEO.exe@RVA 4FC631
5$6,646>6I6S6r6	ASCII	ascii	1	CEO.exe@RVA 4FA3F5
5%5?5I5f5	ASCII	ascii	1	CEO.exe@RVA 4FAB87
5%5@5U5p5	ASCII	ascii	1	CEO.exe@RVA 4FFBD1
5'5,575@5G5M5Z5`5l5	ASCII	ascii	1	CEO.exe@RVA 4FD261
5'545T5d5p5	ASCII	ascii	1	CEO.exe@RVA 4FE207
5'585H5i5|5	ASCII	ascii	1	CEO.exe@RVA 4F97C1
5'6R6r6~6	ASCII	ascii	1	CEO.exe@RVA 4FFED3
5(5-535K5O5k5	ASCII	ascii	1	CEO.exe@RVA 4F99B9
5)5/5:5G5N5Y5e5s5	ASCII	ascii	1	CEO.exe@RVA 5005ED
5)505=5D5Q5X5e5l5y5	ASCII	ascii	1	CEO.exe@RVA 4FC613
5)6>6	ASCII	ascii	1	CEO.exe@RVA 4FA7C9
5*5/5@5X5]5v5	ASCII	ascii	1	CEO.exe@RVA 4FCA53
5*505A5I5j5t5	ASCII	ascii	1	CEO.exe@RVA 4FD109
5*616	ASCII	ascii	1	CEO.exe@RVA 4FB83F
5+555[5	ASCII	ascii	1	CEO.exe@RVA 5022AB
5+5A5I5Y5	ASCII	ascii	1	CEO.exe@RVA 4F95A1
5+5W5	ASCII	ascii	1	CEO.exe@RVA 4FAD95
5+646X6	ASCII	ascii	1	CEO.exe@RVA 4FA5C9
5,525I5]5	ASCII	ascii	1	CEO.exe@RVA 4FF9E9
5,5;5Q5Z5`5h5x5	ASCII	ascii	1	CEO.exe@RVA 4FF7D7
5,7o7	ASCII	ascii	1	CEO.exe@RVA 5024ED
5-52575<5f5t5	ASCII	ascii	1	CEO.exe@RVA 4F9BD3
5-5?5^5p5	ASCII	ascii	1	CEO.exe@RVA 4FEA4F
5-696E6d6j6t6y6	ASCII	ascii	1	CEO.exe@RVA 4FC4E5
5-6S6_6	ASCII	ascii	1	CEO.exe@RVA 4FF635
5.5H5d5	ASCII	ascii	1	CEO.exe@RVA 4FDA4B
5/5M5T5c5l5	ASCII	ascii	1	CEO.exe@RVA 5003CF
50000000	数值	big5	1	data/Stages.csv@L20
502000	数值	big5	1	data/Machine_type.csv@L137
5020000	数值	big5	1	data/Machine_type.csv@L137
505P5	ASCII	ascii	1	CEO.exe@RVA 4F92A7
50?0R0q0v0{0	ASCII	ascii	1	CEO.exe@RVA 4FC7C0
515;5R5d5v5	ASCII	ascii	1	CEO.exe@RVA 4FC403
515>5]5r5z5	ASCII	ascii	1	CEO.exe@RVA 502A7D
515C5c5h5y5~5	ASCII	ascii	1	CEO.exe@RVA 4FFEB5
515I5Z5	ASCII	ascii	1	CEO.exe@RVA 4FBD1F
5185	数值	big5	1	data/Stages.csv@L14
5200	数值	big5	1	data/building.csv@L79
5205	数值	big5	1	data/Stages.csv@L9
523000	数值	big5	1	data/Machine_type.csv@L277
5230000	数值	big5	1	data/Machine_type.csv@L277
524000	数值	big5	1	data/Machine_type.csv@L134
5240000	数值	big5	1	data/Machine_type.csv@L134
53000	数值	big5	1	data/Machine_type.csv@L248
530000	数值	big5	1	data/Machine_type.csv@L248
535H5V5m5	ASCII	ascii	1	CEO.exe@RVA 5007C5
536v6}6	ASCII	ascii	1	CEO.exe@RVA 4FB327
54000	数值	big5	1	data/Machine_type.csv@L327
540000	数值	big5	1	data/Machine_type.csv@L327
545:5d5j5	ASCII	ascii	1	CEO.exe@RVA 4FC843
546000	数值	big5	1	data/Machine_type.csv@L274
5460000	数值	big5	1	data/Machine_type.csv@L274
548K	ASCII	ascii	1	CEO.exe@RVA 57844
54DL	ASCII	ascii	1	CEO.exe@RVA 22D3E
5500	数值	big5	1	data/Stages.csv@L21
55000	数值	big5	1	data/Machine_type.csv@L308
550000	数值	big5	1	data/Machine_type.csv@L308
555<5H5j5	ASCII	ascii	1	CEO.exe@RVA 4FDE83
556000	数值	big5	1	data/Machine_type.csv@L121
5560000	数值	big5	1	data/Machine_type.csv@L121
56000	数值	big5	1	data/Machine_type.csv@L25
560000	数值	big5	1	data/Machine_type.csv@L25
56840	数值	big5	1	data/Stages.csv@L12
569	数值	big5	1	data/Machine_type.csv@L126
571	数值	big5	1	data/Machine_type.csv@L132
572	数值	big5	1	data/Machine_type.csv@L133
573	数值	big5	1	data/Machine_type.csv@L133
5731	数值	big5	1	data/product1.csv@L54
575000	数值	big5	1	data/Machine_type.csv@L280
5750000	数值	big5	1	data/Machine_type.csv@L280
575V5|5	ASCII	ascii	1	CEO.exe@RVA 4FEFB3
575X5y506V6	ASCII	ascii	1	CEO.exe@RVA 4FC32D
5761	数值	big5	1	data/product1.csv@L23
577000	数值	big5	1	data/Machine_type.csv@L142
5770000	数值	big5	1	data/Machine_type.csv@L142
58"J	ASCII	ascii	1	CEO.exe@RVA 6D0B1
58000	数值	big5	1	data/Machine_type.csv@L73
580000	数值	big5	1	data/Machine_type.csv@L73
585E5	ASCII	ascii	1	CEO.exe@RVA 4FB5C5
586|6	ASCII	ascii	1	CEO.exe@RVA 501693
595D5	ASCII	ascii	1	CEO.exe@RVA 5010DD
5960	数值	big5	1	data/product1.csv@L38
596z6	ASCII	ascii	1	CEO.exe@RVA 501FF9
5:6@6W6	ASCII	ascii	1	CEO.exe@RVA 4FC857
5:6F6U6[6y6	ASCII	ascii	1	CEO.exe@RVA 4FB78F
5<5T5	ASCII	ascii	1	CEO.exe@RVA 4FE031
5=5D5	ASCII	ascii	1	CEO.exe@RVA 501C4B
5=6k6	ASCII	ascii	1	CEO.exe@RVA 502943
5>5L5S5X5_5e5r5	ASCII	ascii	1	CEO.exe@RVA 4F967D
5>5n5	ASCII	ascii	1	CEO.exe@RVA 4FCD25
5@/J	ASCII	ascii	1	CEO.exe@RVA 76070
5C6L6	ASCII	ascii	1	CEO.exe@RVA 4F9055
5D"J	ASCII	ascii	1	CEO.exe@RVA 657EC
5D6X6p6	ASCII	ascii	1	CEO.exe@RVA 501C59
5F5X5d5z5	ASCII	ascii	1	CEO.exe@RVA 50096B
5G5P5c5"606P6	ASCII	ascii	1	CEO.exe@RVA 4FB94F
5G6M6	ASCII	ascii	1	CEO.exe@RVA 4FACBB
5H6M6V6e6	ASCII	ascii	1	CEO.exe@RVA 5020B3
5L6b6	ASCII	ascii	1	CEO.exe@RVA 4FA4B9
5M5d5k5	ASCII	ascii	1	CEO.exe@RVA 4F937D
5M6T6f6n6	ASCII	ascii	1	CEO.exe@RVA 4FA177
5O8Y8_8h8u8}8	ASCII	ascii	1	CEO.exe@RVA 4FEDE1
5PCL	ASCII	ascii	1	CEO.exe@RVA AF7D
5Q6W6	ASCII	ascii	1	CEO.exe@RVA 501B41
5T J	ASCII	ascii	1	CEO.exe@RVA 657CE
5T"J	ASCII	ascii	1	CEO.exe@RVA 6F5C2
5TCL	ASCII	ascii	1	CEO.exe@RVA AEF6
5V5h5	ASCII	ascii	1	CEO.exe@RVA 4FB789
5W6\6	ASCII	ascii	1	CEO.exe@RVA 50131D
5Y6c6i6x6	ASCII	ascii	1	CEO.exe@RVA 501D77
5\8K	ASCII	ascii	1	CEO.exe@RVA 5B14F
5`!J	ASCII	ascii	1	CEO.exe@RVA 8E66F
5`7d7	ASCII	ascii	1	CEO.exe@RVA 50394B
5c5m5s5	ASCII	ascii	1	CEO.exe@RVA 4FC705
5d!J	ASCII	ascii	1	CEO.exe@RVA 8E71C
5e5}5	ASCII	ascii	1	CEO.exe@RVA 5025AD
5f9p	ASCII	ascii	1	CEO.exe@RVA 18A08
5haJ	ASCII	ascii	1	CEO.exe@RVA 75FAA
5m5v5	ASCII	ascii	1	CEO.exe@RVA 4FF1AD
5r6{6	ASCII	ascii	1	CEO.exe@RVA 4F9D7F
5rT\t	ASCII	ascii	1	stage/stage04.stg@seg534+0xB
6\t7/7M7T7X7\7`7d7h7l7p7	ASCII	ascii	1	CEO.exe@RVA 50200B
6\t747F7d7w7	ASCII	ascii	1	CEO.exe@RVA 4FEA73
6 6$6(6,606	ASCII	ascii	1	CEO.exe@RVA 50353F
6 6$6(6,6064686<6@6D6H6L6P6T6X6\6`6d6h6l6p6t6x6|6	ASCII	ascii	1	CEO.exe@RVA 503347
6 6/6F6R6u6	ASCII	ascii	1	CEO.exe@RVA 4FBD2D
6 626D6J6^6c6q6}6	ASCII	ascii	1	CEO.exe@RVA 4FB499
6 6E6L6W6j6x6	ASCII	ascii	1	CEO.exe@RVA 4FB9FD
6!6&6a6f6p6	ASCII	ascii	1	CEO.exe@RVA 4FFBE5
6!6.656:6	ASCII	ascii	1	CEO.exe@RVA 5014A5
6!616;6Q6[6q6	ASCII	ascii	1	CEO.exe@RVA 502E09
6!616;6Q6a6k6	ASCII	ascii	1	CEO.exe@RVA 502BFF
6!616A6Q6a6q6	ASCII	ascii	1	CEO.exe@RVA 503011
6!6;6H6U6_6m6w6	ASCII	ascii	1	CEO.exe@RVA 4FE04D
6!7'7-7F7N7	ASCII	ascii	1	CEO.exe@RVA 4FC4F9
6"6(656?6Q6b6m6s6{6	ASCII	ascii	1	CEO.exe@RVA 4F9BF9
6"6*61676G6r6	ASCII	ascii	1	CEO.exe@RVA 4FE2CF
6"6-636?6S6X6^6q6	ASCII	ascii	1	CEO.exe@RVA 4F97ED
6"60676N6	ASCII	ascii	1	CEO.exe@RVA 4FD7E5
6"606L6_6r6	ASCII	ascii	1	CEO.exe@RVA 500615
6"6<6^6n6v6	ASCII	ascii	1	CEO.exe@RVA 5010EF
6"6@6I6O6U6j6	ASCII	ascii	1	CEO.exe@RVA 4FE677
6"6D6p6x6~6	ASCII	ascii	1	CEO.exe@RVA 4FB1BD
6#6)60676>6E6L6S6Z6b6j6r6~6	ASCII	ascii	1	CEO.exe@RVA 5022C3
6#6+636R6d6	ASCII	ascii	1	CEO.exe@RVA 4F9E7B
6#6,626V6n6	ASCII	ascii	1	CEO.exe@RVA 4FDA6B
6#6-6G6W6~6	ASCII	ascii	1	CEO.exe@RVA 502B07
6#63696D6L6j6	ASCII	ascii	1	CEO.exe@RVA 4F99E3
6#9-939<9I9Q9	ASCII	ascii	1	CEO.exe@RVA 4FEB65
6$6*626<6N6Y6z6	ASCII	ascii	1	CEO.exe@RVA 4FEFE3
6$646=6C6S6c6l6u6	ASCII	ascii	1	CEO.exe@RVA 4FABAD
6$6A6G6M6v6	ASCII	ascii	1	CEO.exe@RVA 4FA6D5
6$6Q6Z6g6z6	ASCII	ascii	1	CEO.exe@RVA 4FEB57
6$6j6t6	ASCII	ascii	1	CEO.exe@RVA 4FF801
6$737	ASCII	ascii	1	CEO.exe@RVA 50123F
6$7Q7I9K;	ASCII	ascii	1	CEO.exe@RVA 502243
6&7/757I7Q7s7z7	ASCII	ascii	1	CEO.exe@RVA 4FCD51
6&787S7u7	ASCII	ascii	1	CEO.exe@RVA 4FA4C3
6'676R6W6^6	ASCII	ascii	1	CEO.exe@RVA 500EB7
6'6:6b6h6|6	ASCII	ascii	1	CEO.exe@RVA 4FCD39
6'6A6F6P6Z6_6i6	ASCII	ascii	1	CEO.exe@RVA 4FFD79
6'6c6j6p6}6	ASCII	ascii	1	CEO.exe@RVA 5018D7
6(6H6d6h6	ASCII	ascii	1	CEO.exe@RVA 503717
6(6L6t6	ASCII	ascii	1	CEO.exe@RVA 4FBC81
6(6x6	ASCII	ascii	1	CEO.exe@RVA 4FF1B7
6(`J	ASCII	ascii	1	CEO.exe@RVA A9168
6)606T6^6h6	ASCII	ascii	1	CEO.exe@RVA 50179B
6)636V6b6s6|6	ASCII	ascii	1	CEO.exe@RVA 4F9699
6)6C6	ASCII	ascii	1	CEO.exe@RVA 4FC1D1
6)6s6	ASCII	ascii	1	CEO.exe@RVA 4FBB19
6)73797G7M7	ASCII	ascii	1	CEO.exe@RVA 4FBFE3
6)7i7z7	ASCII	ascii	1	CEO.exe@RVA 4FE2E1
6*6V6^6c6m6s6	ASCII	ascii	1	CEO.exe@RVA 4FD27D
6*737	ASCII	ascii	1	CEO.exe@RVA 4FF1C1
6+6;6J6	ASCII	ascii	1	CEO.exe@RVA 500D67
6+6F6m6~6	ASCII	ascii	1	CEO.exe@RVA 4FE4EF
6-636E6W6z6	ASCII	ascii	1	CEO.exe@RVA 4FFA05
6-656[6e6s6	ASCII	ascii	1	CEO.exe@RVA 4FD62D
6-6?6E6W6]6x6	ASCII	ascii	1	CEO.exe@RVA 4FBECD
6.646D6J6W6	ASCII	ascii	1	CEO.exe@RVA 4FC71D
6/8E8[8	ASCII	ascii	1	CEO.exe@RVA 500DEF
6000000	数值	big5	1	data/Machine_type.csv@L177
6001	数值	big5	1	data/product1.csv@L62
602000	数值	big5	1	data/Machine_type.csv@L139
6020000	数值	big5	1	data/Machine_type.csv@L139
60470	数值	big5	1	data/Stages.csv@L8
606X6	ASCII	ascii	1	CEO.exe@RVA 4FF557
607;7C7K7O7\7a7g7t7z7	ASCII	ascii	1	CEO.exe@RVA 4FB1D5
607~7	ASCII	ascii	1	CEO.exe@RVA 4F96A7
608000	数值	big5	1	data/Machine_type.csv@L131
6080000	数值	big5	1	data/Machine_type.csv@L131
61000	数值	big5	1	data/Machine_type.csv@L253
610000	数值	big5	1	data/Machine_type.csv@L253
6119	数值	big5	1	data/product1.csv@L64
6126	数值	big5	1	data/product1.csv@L36
616;6W6]6o6|6	ASCII	ascii	1	CEO.exe@RVA 4FEECB
616X6	ASCII	ascii	1	CEO.exe@RVA 4FDD0F
617W7c7	ASCII	ascii	1	CEO.exe@RVA 4F9399
62000	数值	big5	1	data/Machine_type.csv@L332
620000	数值	big5	1	data/Machine_type.csv@L332
626=6l6w6	ASCII	ascii	1	CEO.exe@RVA 5003E3
626P6p6v6}6	ASCII	ascii	1	CEO.exe@RVA 4F92B7
627000	数值	big5	1	data/Machine_type.csv@L279
6270000	数值	big5	1	data/Machine_type.csv@L279
63000	数值	big5	1	data/Machine_type.csv@L313
630000	数值	big5	1	data/Machine_type.csv@L313
633000	数值	big5	1	data/Machine_type.csv@L271
6330000	数值	big5	1	data/Machine_type.csv@L271
634000	数值	big5	1	data/Machine_type.csv@L145
6340000	数值	big5	1	data/Machine_type.csv@L145
6400000	数值	big5	1	data/Machine_type.csv@L126
6450	数值	big5	1	data/Stages.csv@L13
647>7r7{7a8n8	ASCII	ascii	1	CEO.exe@RVA 4F9201
64X32.idx2	ASCII	big5	1	PICS.APKG@#5
64X32.mpi	ASCII	big5	1	PICS.APKG@#6
64x32.ch2	ASCII	big5	1	PICS.APKG@#4
656]6	ASCII	ascii	1	CEO.exe@RVA 4F9391
658P8f8|8	ASCII	ascii	1	CEO.exe@RVA 502AAB
6600000	数值	big5	1	data/Machine_type.csv@L180
663000	数值	big5	1	data/Machine_type.csv@L147
6630000	数值	big5	1	data/Machine_type.csv@L147
676=6V6_6i6w6	ASCII	ascii	1	CEO.exe@RVA 50029F
6871	数值	big5	1	data/product1.csv@L42
6900000	数值	big5	1	data/Machine_type.csv@L182
692000	数值	big5	1	data/Machine_type.csv@L144
6920000	数值	big5	1	data/Machine_type.csv@L144
6934	数值	big5	1	data/product1.csv@L63
697?7	ASCII	ascii	1	CEO.exe@RVA 4FEEE1
699000	数值	big5	1	data/Machine_type.csv@L136
6990000	数值	big5	1	data/Machine_type.csv@L136
6:6E6K6Q6W6\9	ASCII	ascii	1	CEO.exe@RVA 5028CB
6:6L6j6|6	ASCII	ascii	1	CEO.exe@RVA 4FEA63
6<7E7	ASCII	ascii	1	CEO.exe@RVA 5014B1
6B6p6	ASCII	ascii	1	CEO.exe@RVA 4FD123
6B7K7V7[7	ASCII	ascii	1	CEO.exe@RVA 4FBBD1
6B7M7	ASCII	ascii	1	CEO.exe@RVA 4FACC3
6C0!	ASCII	ascii	1	stage/stage14.stg@seg238+0xB
6C7I7	ASCII	ascii	1	CEO.exe@RVA 4FC0CB
6E6b6	ASCII	ascii	1	CEO.exe@RVA 5025C1
6G6U6[6o6w6	ASCII	ascii	1	CEO.exe@RVA 4FDE9B
6G7L7	ASCII	ascii	1	CEO.exe@RVA 4FCCBD
6K6b6	ASCII	ascii	1	CEO.exe@RVA 4FA0B7
6K{?	ASCII	ascii	1	CEO.exe@RVA A7674
6L6R6	ASCII	ascii	1	CEO.exe@RVA 500DE7
6N7e7	ASCII	ascii	1	CEO.exe@RVA 502A49
6Nj\t	ASCII	ascii	1	stage/stage14.stg@seg1616+0xB
6Q7W7	ASCII	ascii	1	CEO.exe@RVA 4FD12D
6QRP	ASCII	ascii	1	CEO.exe@RVA 6E513
6W7u7	ASCII	ascii	1	CEO.exe@RVA 50009D
6X748B8j8	ASCII	ascii	1	CEO.exe@RVA 4FBC91
6Z6j6p6|6	ASCII	ascii	1	CEO.exe@RVA 50238B
6]7n7	ASCII	ascii	1	CEO.exe@RVA 501EA3
6a7h7	ASCII	ascii	1	CEO.exe@RVA 501C63
6h7l7p7t7	ASCII	ascii	1	CEO.exe@RVA 4FC415
6i6+7S7c7	ASCII	ascii	1	CEO.exe@RVA 502A8F
6i6x6	ASCII	ascii	1	CEO.exe@RVA 4FD96F
6rn\t	ASCII	ascii	1	stage/stage11.stg@seg3238+0xB
7 7$7(7,70728?8	ASCII	ascii	1	CEO.exe@RVA 4FA8AB
7 7$777A7X7u7	ASCII	ascii	1	CEO.exe@RVA 4FB67B
7 7074787@7X7\7t7	ASCII	ascii	1	CEO.exe@RVA 503553
7 919k9x9	ASCII	ascii	1	CEO.exe@RVA 5025CF
7!!\t	ASCII	ascii	1	stage/stage06.stg@seg2923+0xB
7!7'7/7=7K7]7t7	ASCII	ascii	1	CEO.exe@RVA 4FD805
7!7*757:7A7S7X7^7h7	ASCII	ascii	1	CEO.exe@RVA 5018FB
7!7*767C7O7Z7z7	ASCII	ascii	1	CEO.exe@RVA 4FFDB1
7!7+7A7K7a7k7	ASCII	ascii	1	CEO.exe@RVA 502C1F
7!7+7A7K7a7q7{7	ASCII	ascii	1	CEO.exe@RVA 502E29
7!7,7I7Q7b7	ASCII	ascii	1	CEO.exe@RVA 5017BF
7!717A7Q7a7q7	ASCII	ascii	1	CEO.exe@RVA 503031
7!7<7w7	ASCII	ascii	1	CEO.exe@RVA 4F9D89
7!7>7I7V7e7	ASCII	ascii	1	CEO.exe@RVA 4FB4BF
7"7'717J7Q7W7a7k7	ASCII	ascii	1	CEO.exe@RVA 4FDA87
7"7*737?7D7I7O7S7Y7^7d7i7x7	ASCII	ascii	1	CEO.exe@RVA 5023B7
7"7-7D7K7Q7]7b7h7m7r7|7	ASCII	ascii	1	CEO.exe@RVA 4FD299
7"717:7@7N7T7	ASCII	ascii	1	CEO.exe@RVA 4FBB25
7"7A7J7	ASCII	ascii	1	CEO.exe@RVA 4FFC15
7"8g8n8	ASCII	ascii	1	CEO.exe@RVA 5026F5
7#7(7>7x7	ASCII	ascii	1	CEO.exe@RVA 5009A1
7#7)73797C7L7W7\7e7o7z7	ASCII	ascii	1	CEO.exe@RVA 5029D5
7#7)737<7Q7W7a7v7	ASCII	ascii	1	CEO.exe@RVA 4FADA3
7#7Z7	ASCII	ascii	1	CEO.exe@RVA 4FA0C3
7$71797	ASCII	ascii	1	CEO.exe@RVA 4FEC5B
7$767Y7g7	ASCII	ascii	1	CEO.exe@RVA 4FC72B
7$777F7Q7Z7w7}7	ASCII	ascii	1	CEO.exe@RVA 4F9E89
7$7:7j7	ASCII	ascii	1	CEO.exe@RVA 500C2F
7$7<7B7K7T7i7o7z7	ASCII	ascii	1	CEO.exe@RVA 501107
7$7?7i7	ASCII	ascii	1	CEO.exe@RVA 4FBD41
7$7H7	ASCII	ascii	1	CEO.exe@RVA 4FA5DB
7$7m7	ASCII	ascii	1	CEO.exe@RVA 5015D1
7$8.8H8N8h8	ASCII	ascii	1	CEO.exe@RVA 4FB4D1
7$8Q8x8	ASCII	ascii	1	CEO.exe@RVA 4FC421
7%717?7H7N7W7k7u7~7	ASCII	ascii	1	CEO.exe@RVA 4F9A09
7%7B7]7	ASCII	ascii	1	CEO.exe@RVA 4F9C2D
7&7/757H7S7	ASCII	ascii	1	CEO.exe@RVA 4F980D
7&7C7^7{7	ASCII	ascii	1	CEO.exe@RVA 4FE501
7&7]7	ASCII	ascii	1	CEO.exe@RVA 4FDBD1
7&8W8	ASCII	ascii	1	CEO.exe@RVA 4FD2BF
7'7:7O7k7q7~7	ASCII	ascii	1	CEO.exe@RVA 500403
7'8`8	ASCII	ascii	1	CEO.exe@RVA 4FCD6B
7(7-7;7G7U7`7u7	ASCII	ascii	1	CEO.exe@RVA 4FEFFD
7(7=7b7t7	ASCII	ascii	1	CEO.exe@RVA 5007F5
7(7>7C7U7Z7_7k7z7	ASCII	ascii	1	CEO.exe@RVA 4FD445
7(7H7h7t7	ASCII	ascii	1	CEO.exe@RVA 50372B
7)757K7W7	ASCII	ascii	1	CEO.exe@RVA 4FE071
7*737i7r7	ASCII	ascii	1	CEO.exe@RVA 50162B
7*747F7U7n7	ASCII	ascii	1	CEO.exe@RVA 4FB33D
7*767;7B7Q7^7c7n7	ASCII	ascii	1	CEO.exe@RVA 4FE833
7*7f7v7	ASCII	ascii	1	CEO.exe@RVA 4FCE69
7+747H7N7T7	ASCII	ascii	1	CEO.exe@RVA 4FDEB3
7+7L7m7	ASCII	ascii	1	CEO.exe@RVA 4FA409
7+81888A8Q8W8g8	ASCII	ascii	1	CEO.exe@RVA 4F945B
7-7A7Z7f7t7~7	ASCII	ascii	1	CEO.exe@RVA 4FD64B
7-7E7`7{7	ASCII	ascii	1	CEO.exe@RVA 4FF661
7-868O8	ASCII	ascii	1	CEO.exe@RVA 4FA18B
7.7B7	ASCII	ascii	1	CEO.exe@RVA 5021AD
7/7G7n7	ASCII	ascii	1	CEO.exe@RVA 501205
700PP	ASCII	ascii	1	CEO.exe@RVA ABE0E
700WP	ASCII	ascii	1	CEO.exe@RVA A9E39
7020	数值	big5	1	data/Stages.csv@L10
70757C7N7u7z7	ASCII	ascii	1	CEO.exe@RVA 4FD993
707H7T7	ASCII	ascii	1	CEO.exe@RVA 4F92C7
707M7`7s7	ASCII	ascii	1	CEO.exe@RVA 500631
70<0d0	ASCII	ascii	1	CEO.exe@RVA 500C00
71000	数值	big5	1	data/Machine_type.csv@L337
710000	数值	big5	1	data/Machine_type.csv@L337
7165	数值	big5	1	data/Stages.csv@L8
71787D7K7]7b7g7l7q7v7{7	ASCII	ascii	1	CEO.exe@RVA 4FF311
717A7F7P7U7_7d7n7s7}7	ASCII	ascii	1	CEO.exe@RVA 4FF817
718:8t8}8	ASCII	ascii	1	CEO.exe@RVA 50163B
7200	数值	big5	1	data/building.csv@L91
727	数值	big5	1	data/Machine_type.csv@L255
72777<7N7Z7	ASCII	ascii	1	CEO.exe@RVA 4FE695
727E7U7^7y7	ASCII	ascii	1	CEO.exe@RVA 4FCA73
727H7u7	ASCII	ascii	1	CEO.exe@RVA 4FFA1F
727Z7	ASCII	ascii	1	CEO.exe@RVA 5026E7
728	数值	big5	1	data/Machine_type.csv@L256
728000	数值	big5	1	data/Machine_type.csv@L276
7280000	数值	big5	1	data/Machine_type.csv@L276
72888Z8n8}8	ASCII	ascii	1	CEO.exe@RVA 4FEA8F
728=8X8_8d8h8l8	ASCII	ascii	1	CEO.exe@RVA 50202B
729000	数值	big5	1	data/Machine_type.csv@L150
7290000	数值	big5	1	data/Machine_type.csv@L150
7300	数值	big5	1	data/Stages.csv@L10
737Z7h7	ASCII	ascii	1	CEO.exe@RVA 501329
7380	数值	big5	1	data/Stages.csv@L15
74000	数值	big5	1	data/Machine_type.csv@L334
740000	数值	big5	1	data/Machine_type.csv@L334
747>7_7i7H8Q8	ASCII	ascii	1	CEO.exe@RVA 4FA9B9
75000	数值	big5	1	data/Machine_type.csv@L85
750000	数值	big5	1	data/Machine_type.csv@L85
758>8	ASCII	ascii	1	CEO.exe@RVA 4FF1CD
759000	数值	big5	1	data/Machine_type.csv@L185
7590000	数值	big5	1	data/Machine_type.csv@L185
760000	数值	big5	1	data/Machine_type.csv@L207
7737	数值	big5	1	data/product1.csv@L37
780000	数值	big5	1	data/Machine_type.csv@L340
788<8@8D8D9	ASCII	ascii	1	CEO.exe@RVA 501D31
79000	数值	big5	1	data/Machine_type.csv@L87
790000	数值	big5	1	data/Machine_type.csv@L87
793000	数值	big5	1	data/Machine_type.csv@L187
7930000	数值	big5	1	data/Machine_type.csv@L187
795	数值	big5	1	data/Machine_type.csv@L317
795000	数值	big5	1	data/Machine_type.csv@L149
7950000	数值	big5	1	data/Machine_type.csv@L149
796	数值	big5	1	data/Machine_type.csv@L318
797	数值	big5	1	data/Machine_type.csv@L318
798	数值	big5	1	data/Machine_type.csv@L319
799	数值	big5	1	data/Machine_type.csv@L319
7<8X8\8`8d8h8l8p8t8	ASCII	ascii	1	CEO.exe@RVA 4FE223
7=7F7Q7[7	ASCII	ascii	1	CEO.exe@RVA 4FC879
7>7D7Y7y7	ASCII	ascii	1	CEO.exe@RVA 4FFEED
7D7r7	ASCII	ascii	1	CEO.exe@RVA 4FF563
7D8L8v8|8	ASCII	ascii	1	CEO.exe@RVA 501AAB
7D8b8	ASCII	ascii	1	CEO.exe@RVA 4FECE7
7E8V8b8h8{8	ASCII	ascii	1	CEO.exe@RVA 4FD663
7F7^7v7	ASCII	ascii	1	CEO.exe@RVA 4FAE81
7J8T9	ASCII	ascii	1	CEO.exe@RVA 5015D7
7K7{7	ASCII	ascii	1	CEO.exe@RVA 4FBA15
7K8\8q8	ASCII	ascii	1	CEO.exe@RVA 5013C1
7L8U8	ASCII	ascii	1	CEO.exe@RVA 4FBD5D
7M8h9	ASCII	ascii	1	CEO.exe@RVA 4FCCC5
7N8e8	ASCII	ascii	1	CEO.exe@RVA 4FADBF
7P7z7	ASCII	ascii	1	CEO.exe@RVA 4FA7D7
7P8Y8_8]9~9C:}:	ASCII	ascii	1	CEO.exe@RVA 501C6B
7Q7\7e7	ASCII	ascii	1	CEO.exe@RVA 5002C3
7R8^8	ASCII	ascii	1	CEO.exe@RVA 4F9D99
7S7`7n7	ASCII	ascii	1	CEO.exe@RVA 4FABD9
7T7e7	ASCII	ascii	1	CEO.exe@RVA 500CC5
7T7v7	ASCII	ascii	1	CEO.exe@RVA 4F9149
7T8\8d8	ASCII	ascii	1	CEO.exe@RVA 4F93A7
7W7i7q7}7	ASCII	ascii	1	CEO.exe@RVA 4FA259
7Z7i7	ASCII	ascii	1	CEO.exe@RVA 4FB7A5
7[8j8	ASCII	ascii	1	CEO.exe@RVA 502817
7`8z8	ASCII	ascii	1	CEO.exe@RVA 500C91
7c889	ASCII	ascii	1	CEO.exe@RVA 4FED67
7g7n8	ASCII	ascii	1	CEO.exe@RVA 500EC9
7o7x7	ASCII	ascii	1	CEO.exe@RVA 4FAFDF
8\t9!9&9+909W9\9a9	ASCII	ascii	1	CEO.exe@RVA 4FF03F
8\t969@9J9T9	ASCII	ascii	1	CEO.exe@RVA 4FC89F
8 8$8(8,8=8E8	ASCII	ascii	1	CEO.exe@RVA 4FD82D
8 8%8*8/84898>8C8H8M8R8W8\8a8l8t8	ASCII	ascii	1	CEO.exe@RVA 4FF367
8 8084888<8D8\8l8p8	ASCII	ascii	1	CEO.exe@RVA 503581
8 81878K8	ASCII	ascii	1	CEO.exe@RVA 4FAFEF
8 8W8g8	ASCII	ascii	1	CEO.exe@RVA 4FFDCB
8!8+808:8@8J8T8z8	ASCII	ascii	1	CEO.exe@RVA 4FD9C1
8!818A8Q8a8q8	ASCII	ascii	1	CEO.exe@RVA 503051
8!9";O;U;	ASCII	ascii	1	CEO.exe@RVA 501BAD
8!919Q9Z9t9	ASCII	ascii	1	CEO.exe@RVA 501ECD
8"838S8h8	ASCII	ascii	1	CEO.exe@RVA 500809
8#8(8C8H8o8t8y8	ASCII	ascii	1	CEO.exe@RVA 4FF843
8#8?8	ASCII	ascii	1	CEO.exe@RVA 5023EF
8#8^8	ASCII	ascii	1	CEO.exe@RVA 4FA41B
8$8.8B8Q8Z8`8n8t8	ASCII	ascii	1	CEO.exe@RVA 4F92D9
8$858E8V8^8r8	ASCII	ascii	1	CEO.exe@RVA 500ACB
8$8>8K8W8t8	ASCII	ascii	1	CEO.exe@RVA 4FB7B1
8%81888>8X8^8d8o8x8	ASCII	ascii	1	CEO.exe@RVA 4FCF6B
8%8M8	ASCII	ascii	1	CEO.exe@RVA 4FEEEB
8%8l8v8	ASCII	ascii	1	CEO.exe@RVA 4FC743
8&8+8n8	ASCII	ascii	1	CEO.exe@RVA 500421
8&848B8U8	ASCII	ascii	1	CEO.exe@RVA 50015F
8&848F8[8f8x8	ASCII	ascii	1	CEO.exe@RVA 4FD46B
8&8:8E8Y8d8x8	ASCII	ascii	1	CEO.exe@RVA 4FFA3B
8&989V9	ASCII	ascii	1	CEO.exe@RVA 4FB981
8&9:9N9b9v9	ASCII	ascii	1	CEO.exe@RVA 4FAE9F
8&9a9	ASCII	ascii	1	CEO.exe@RVA 501531
8'808E8b8u8	ASCII	ascii	1	CEO.exe@RVA 50064B
8'828M8^8t8{8	ASCII	ascii	1	CEO.exe@RVA 5002DB
8'8W8a8i8	ASCII	ascii	1	CEO.exe@RVA 4FAE8F
8'929Z9e9	ASCII	ascii	1	CEO.exe@RVA 4FC20F
8(8H8r8	ASCII	ascii	1	CEO.exe@RVA 4FB971
8)8/8?8e8	ASCII	ascii	1	CEO.exe@RVA 4FCA89
8)80868D8K8^8c8v8{8	ASCII	ascii	1	CEO.exe@RVA 4F9833
8)848U8`8*939=9P9k9}9	ASCII	ascii	1	CEO.exe@RVA 4FA0CF
8)8=8K8U8c8m8{8	ASCII	ascii	1	CEO.exe@RVA 4FB203
8*818D8	ASCII	ascii	1	CEO.exe@RVA 4FEBED
8*8=8C8a8f8p8	ASCII	ascii	1	CEO.exe@RVA 4FE6AD
8*8G8	ASCII	ascii	1	CEO.exe@RVA 4F9E9F
8*949:9^9l9v9{9	ASCII	ascii	1	CEO.exe@RVA 4FFF17
8+868z8	ASCII	ascii	1	CEO.exe@RVA 4FCE7B
8,888S8]8e8n8y8~8	ASCII	ascii	1	CEO.exe@RVA 5017DF
8,:`:f:	ASCII	ascii	1	CEO.exe@RVA 4F906D
8-828C8H8Z8_8q8v8	ASCII	ascii	1	CEO.exe@RVA 4FF57B
8-83898?8E8K8Q8X8}8	ASCII	ascii	1	CEO.exe@RVA 4FB693
8-8@8G8c8s8y8	ASCII	ascii	1	CEO.exe@RVA 4FF023
8-8F8O8_8l8	ASCII	ascii	1	CEO.exe@RVA 5000BB
8.848g8|8	ASCII	ascii	1	CEO.exe@RVA 4FBA23
800 x 600	ASCII	utf16le	1	CEO.exe@RVA A32A4
800000	数值	big5	1	data/building.csv@L97
8000000	数值	big5	1	data/formula.csv@L129
80075	数值	big5	1	data/Stages.csv@L20
801	数值	big5	1	data/Machine_type.csv@L320
802	数值	big5	1	data/Machine_type.csv@L321
803	数值	big5	1	data/Machine_type.csv@L321
803000	数值	big5	1	data/Machine_type.csv@L141
8030000	数值	big5	1	data/Machine_type.csv@L141
804	数值	big5	1	data/Machine_type.csv@L322
805	数值	big5	1	data/Machine_type.csv@L322
806	数值	big5	1	data/Machine_type.csv@L323
807	数值	big5	1	data/Machine_type.csv@L323
808	数值	big5	1	data/Machine_type.csv@L324
80868T8Z8	ASCII	ascii	1	CEO.exe@RVA 4FC88D
808B8	ASCII	ascii	1	CEO.exe@RVA 4FA6F1
808B8R8	ASCII	ascii	1	CEO.exe@RVA 4FE2F3
808L8P8p8x8|8	ASCII	ascii	1	CEO.exe@RVA 50373D
80959s9{9	ASCII	ascii	1	CEO.exe@RVA 5023FF
809u9	ASCII	ascii	1	CEO.exe@RVA 502B2B
80t/	ASCII	ascii	1	CEO.exe@RVA 8CABA
810	数值	big5	1	data/Machine_type.csv@L325
81000	数值	big5	1	data/Machine_type.csv@L342
810000	数值	big5	1	data/Machine_type.csv@L342
811	数值	big5	1	data/Machine_type.csv@L325
812	数值	big5	1	data/Machine_type.csv@L326
813	数值	big5	1	data/Machine_type.csv@L326
8130	数值	big5	1	data/Stages.csv@L14
814	数值	big5	1	data/Machine_type.csv@L332
815	数值	big5	1	data/Machine_type.csv@L332
816	数值	big5	1	data/Machine_type.csv@L333
817	数值	big5	1	data/Machine_type.csv@L333
818	数值	big5	1	data/Machine_type.csv@L334
8185	数值	big5	1	data/Stages.csv@L9
81888\8c8	ASCII	ascii	1	CEO.exe@RVA 4FE859
818:8H8	ASCII	ascii	1	CEO.exe@RVA 4FDA9F
818:8O8`8f8q8z8	ASCII	ascii	1	CEO.exe@RVA 501123
818@8\8a8l8	ASCII	ascii	1	CEO.exe@RVA 4FB351
819	数值	big5	1	data/Machine_type.csv@L334
819H9	ASCII	ascii	1	CEO.exe@RVA 4FB7C1
820	数值	big5	1	data/Machine_type.csv@L335
821	数值	big5	1	data/Machine_type.csv@L335
822	数值	big5	1	data/Machine_type.csv@L336
823	数值	big5	1	data/Machine_type.csv@L336
824	数值	big5	1	data/Machine_type.csv@L342
825	数值	big5	1	data/Machine_type.csv@L342
826	数值	big5	1	data/Machine_type.csv@L343
8260	数值	big5	1	data/Stages.csv@L17
827	数值	big5	1	data/Machine_type.csv@L343
828	数值	big5	1	data/Machine_type.csv@L344
828000	数值	big5	1	data/Machine_type.csv@L184
8280000	数值	big5	1	data/Machine_type.csv@L184
828:8T8[8`8m8v8	ASCII	ascii	1	CEO.exe@RVA 501D89
828E8L8e8	ASCII	ascii	1	CEO.exe@RVA 4FF683
829	数值	big5	1	data/Machine_type.csv@L344
830	数值	big5	1	data/Machine_type.csv@L345
831	数值	big5	1	data/Machine_type.csv@L345
8312	数值	big5	1	data/product1.csv@L30
832	数值	big5	1	data/Machine_type.csv@L346
833	数值	big5	1	data/Machine_type.csv@L346
834	数值	big5	1	data/Machine_type.csv@L347
835	数值	big5	1	data/Machine_type.csv@L347
836	数值	big5	1	data/Machine_type.csv@L348
836000	数值	big5	1	data/Machine_type.csv@L281
8360000	数值	big5	1	data/Machine_type.csv@L281
837	数值	big5	1	data/Machine_type.csv@L348
838	数值	big5	1	data/Machine_type.csv@L349
838:8	ASCII	ascii	1	CEO.exe@RVA 4FC0D7
838q8{8	ASCII	ascii	1	CEO.exe@RVA 4FA7EF
839	数值	big5	1	data/Machine_type.csv@L349
840	数值	big5	1	data/Machine_type.csv@L350
841	数值	big5	1	data/Machine_type.csv@L350
843	数值	big5	1	data/Machine_type.csv@L351
844	数值	big5	1	data/Machine_type.csv@L355
845	数值	big5	1	data/Machine_type.csv@L355
846	数值	big5	1	data/Machine_type.csv@L356
847	数值	big5	1	data/Machine_type.csv@L356
848	数值	big5	1	data/Machine_type.csv@L357
848?8Y8d8l8|8	ASCII	ascii	1	CEO.exe@RVA 5020E1
849	数值	big5	1	data/Machine_type.csv@L357
850	数值	big5	1	data/Machine_type.csv@L361
851	数值	big5	1	data/Machine_type.csv@L361
852	数值	big5	1	data/Machine_type.csv@L362
8526	数值	big5	1	data/product1.csv@L41
853	数值	big5	1	data/Machine_type.csv@L362
854	数值	big5	1	data/Machine_type.csv@L363
855	数值	big5	1	data/Machine_type.csv@L363
856	数值	big5	1	data/Machine_type.csv@L364
85670	数值	big5	1	data/Stages.csv@L16
857	数值	big5	1	data/Machine_type.csv@L364
858	数值	big5	1	data/Machine_type.csv@L365
859	数值	big5	1	data/Machine_type.csv@L365
860	数值	big5	1	data/Machine_type.csv@L366
861	数值	big5	1	data/Machine_type.csv@L366
868@8J8e8k8	ASCII	ascii	1	CEO.exe@RVA 4FC1EF
87000	数值	big5	1	data/Machine_type.csv@L212
870000	数值	big5	1	data/Machine_type.csv@L212
872000	数值	big5	1	data/Machine_type.csv@L190
8720000	数值	big5	1	data/Machine_type.csv@L190
878A8	ASCII	ascii	1	CEO.exe@RVA 4F9157
878[8	ASCII	ascii	1	CEO.exe@RVA 4FC50F
889	数值	big5	1	data/product1.csv@L48
898D8	ASCII	ascii	1	CEO.exe@RVA 500F71
899D9O9T9b9	ASCII	ascii	1	CEO.exe@RVA 4FDD1F
8;8g8	ASCII	ascii	1	CEO.exe@RVA 4F9C3D
8=8F8e8k8	ASCII	ascii	1	CEO.exe@RVA 4FD149
8=8F8e8x8	ASCII	ascii	1	CEO.exe@RVA 501EB9
8?8O8`8o8	ASCII	ascii	1	CEO.exe@RVA 5009B3
8@9I9	ASCII	ascii	1	CEO.exe@RVA 4FF1D9
8A8L8^8p8	ASCII	ascii	1	CEO.exe@RVA 5021BB
8B8H8s8	ASCII	ascii	1	CEO.exe@RVA 4FFF01
8C8X8	ASCII	ascii	1	CEO.exe@RVA 4FC345
8C9H9R9	ASCII	ascii	1	CEO.exe@RVA 5021D7
8C;\t	ASCII	ascii	1	stage/stage11.stg@seg2114+0xB
8D8X8	ASCII	ascii	1	CEO.exe@RVA 4FBB41
8D8k8	ASCII	ascii	1	CEO.exe@RVA 4FE083
8F\tu18F	ASCII	ascii	1	CEO.exe@RVA 15FE1
8H9N9T9	ASCII	ascii	1	CEO.exe@RVA 4F9DA1
8J9U=	ASCII	ascii	1	CEO.exe@RVA 4FD9DB
8K8R8[8n8t8	ASCII	ascii	1	CEO.exe@RVA 4FACCF
8L9[9y9	ASCII	ascii	1	CEO.exe@RVA 4F95BF
8N9e9	ASCII	ascii	1	CEO.exe@RVA 4FADC7
8P\tu	ASCII	ascii	1	CEO.exe@RVA 3FF03
8P9V9\9m9g:}:	ASCII	ascii	1	CEO.exe@RVA 4F92F3
8Q8[8	ASCII	ascii	1	CEO.exe@RVA 4FBFFB
8SVW	ASCII	ascii	1	CEO.exe@RVA 69923
8W8i8q8}8	ASCII	ascii	1	CEO.exe@RVA 4FA271
8X9^9h9	ASCII	ascii	1	CEO.exe@RVA 4F915F
8\9g9v9	ASCII	ascii	1	CEO.exe@RVA 4FC355
8`8::O:	ASCII	ascii	1	CEO.exe@RVA 501AD5
8c8m8y8	ASCII	ascii	1	CEO.exe@RVA 4F9A35
8e9k9q9	ASCII	ascii	1	CEO.exe@RVA 5016A1
8l8u8	ASCII	ascii	1	CEO.exe@RVA 5014C5
8p9t9x9|9	ASCII	ascii	1	CEO.exe@RVA 4FD83F
9 9$9,9D9T9X9h9l9p9x9	ASCII	ascii	1	CEO.exe@RVA 5035B3
9!9)9E9V9d9o9	ASCII	ascii	1	CEO.exe@RVA 4FF6B3
9!91979N9W9k9	ASCII	ascii	1	CEO.exe@RVA 4F9A49
9!919;9Q9[9q9	ASCII	ascii	1	CEO.exe@RVA 502E69
9!919A9Q9a9q9	ASCII	ascii	1	CEO.exe@RVA 503071
9!:4:N:[:a:p:	ASCII	ascii	1	CEO.exe@RVA 4FD853
9!N\t	ASCII	ascii	1	stage/stage06.stg@seg3607+0xB
9"9G9Y9a9m9w9	ASCII	ascii	1	CEO.exe@RVA 4FA28F
9":+:3:J:u:	ASCII	ascii	1	CEO.exe@RVA 501159
9#9-9B9K9T9\9z9	ASCII	ascii	1	CEO.exe@RVA 500671
9#929A9H9V9d9q9x9	ASCII	ascii	1	CEO.exe@RVA 4FD489
9$949	ASCII	ascii	1	CEO.exe@RVA 4FCD75
9$9O9	ASCII	ascii	1	CEO.exe@RVA 5020FB
9$:L:u:	ASCII	ascii	1	CEO.exe@RVA 4F9FF5
9%9/999C9M9	ASCII	ascii	1	CEO.exe@RVA 5002FF
9%91979@9E9L9R9V9\9`9f9j9p9t9	ASCII	ascii	1	CEO.exe@RVA 4FD683
9%9=9G9X9`9h9o9	ASCII	ascii	1	CEO.exe@RVA 4FB369
9%9P9p9u9	ASCII	ascii	1	CEO.exe@RVA 4FBF01
9&\?	ASCII	ascii	1	CEO.exe@RVA A74B4
9'9-91979;9A9E9K9O9Y9_9j9s9	ASCII	ascii	1	CEO.exe@RVA 50082B
9'919b9h9p9v9~9	ASCII	ascii	1	CEO.exe@RVA 501803
9(9-9G9i9y9	ASCII	ascii	1	CEO.exe@RVA 500F81
9(9.92989<9B9F9L9P9Z9`9k9t9	ASCII	ascii	1	CEO.exe@RVA 500177
9(969:9A9O9\9j9r9	ASCII	ascii	1	CEO.exe@RVA 50192D
9)9/9@9F9b9|9	ASCII	ascii	1	CEO.exe@RVA 4FE6E5
9)9/9P9^9e9	ASCII	ascii	1	CEO.exe@RVA 4FA9DD
9)9>9F9Q9_9n9	ASCII	ascii	1	CEO.exe@RVA 4FB6B7
9):/:;:O:V:\:e:z:	ASCII	ascii	1	CEO.exe@RVA 50043D
9):9:~:	ASCII	ascii	1	CEO.exe@RVA 500A69
9*919D9	ASCII	ascii	1	CEO.exe@RVA 4FEDF5
9+949=9T9Y9d9o9x9	ASCII	ascii	1	CEO.exe@RVA 4FE881
9+9D9]9u9	ASCII	ascii	1	CEO.exe@RVA 5000DB
9+:1:G:P:	ASCII	ascii	1	CEO.exe@RVA 4FC015
9+:7:I:O:c:p:	ASCII	ascii	1	CEO.exe@RVA 4FC8AD
9,979R9z9	ASCII	ascii	1	CEO.exe@RVA 50042D
9,9Z9d9j9y9	ASCII	ascii	1	CEO.exe@RVA 4FEEFB
9,9m9	ASCII	ascii	1	CEO.exe@RVA 4FA5FD
9,:3:I:X:]:e:v:	ASCII	ascii	1	CEO.exe@RVA 4FBF1D
9-:6:	ASCII	ascii	1	CEO.exe@RVA 4FAC01
9-:<:	ASCII	ascii	1	CEO.exe@RVA 5015DF
9-:K:	ASCII	ascii	1	CEO.exe@RVA 4FD16B
9.979B9r9|9	ASCII	ascii	1	CEO.exe@RVA 4FA803
9.9=9J9U9c9	ASCII	ascii	1	CEO.exe@RVA 4FE305
9/9?9O9_9o9	ASCII	ascii	1	CEO.exe@RVA 4FB007
9/9P9n9|9	ASCII	ascii	1	CEO.exe@RVA 4FF393
9/9f9q9	ASCII	ascii	1	CEO.exe@RVA 4FDAB7
900000	数值	big5	1	data/Machine_type.csv@L92
9000000	数值	big5	1	data/building.csv@L109
90969F9M9R9	ASCII	ascii	1	CEO.exe@RVA 4FCA99
909K9\9j9x9	ASCII	ascii	1	CEO.exe@RVA 4FE099
909a9g9m9x9~9	ASCII	ascii	1	CEO.exe@RVA 4FEAA3
90tW	ASCII	ascii	1	CEO.exe@RVA 9096A
91000	数值	big5	1	data/Machine_type.csv@L209
910000	数值	big5	1	data/Machine_type.csv@L209
911恐怖攻擊事件讓紐約市民經歷了一次戰爭般的浩劫，在世人的關懷與鼓勵下，他們已逐漸走出了恐懼與不安的陰影。身為紐約商會會長的您，決心善用企業力量，以提供充分的物資為目標，逐步提昇紐約市民的生活滿意度，讓世人再次見證紐約市民的勇敢與強韌！	中文	big5	1	data/Stages.csv@L21
919;9Q9[9q9	ASCII	ascii	1	CEO.exe@RVA 502C5F
919G9c9j9s9y9	ASCII	ascii	1	CEO.exe@RVA 4FB501
920000	数值	big5	1	data/Machine_type.csv@L103
923000	数值	big5	1	data/Machine_type.csv@L146
9230000	数值	big5	1	data/Machine_type.csv@L146
9285	数值	big5	1	data/Stages.csv@L21
92<;<	ASCII	ascii	1	CEO.exe@RVA 4F916B
93:j:	ASCII	ascii	1	CEO.exe@RVA 502B33
94000	数值	big5	1	data/Machine_type.csv@L89
940000	数值	big5	1	data/Machine_type.csv@L89
9490	数值	big5	1	data/Stages.csv@L15
94989T9X9`9h9p9t9|9	ASCII	ascii	1	CEO.exe@RVA 50375B
94999>9b9t9z9~9	ASCII	ascii	1	CEO.exe@RVA 4FDEED
95$8K	ASCII	ascii	1	CEO.exe@RVA 4AB8C
9508K	ASCII	ascii	1	CEO.exe@RVA 560AC
951000	数值	big5	1	data/Machine_type.csv@L189
9510000	数值	big5	1	data/Machine_type.csv@L189
95155	数值	big5	1	data/Stages.csv@L18
958t	ASCII	ascii	1	CEO.exe@RVA 439AC
959	数值	big5	1	data/Stages.csv@L16
959@9x9	ASCII	ascii	1	CEO.exe@RVA 4FACE5
959Y9	ASCII	ascii	1	CEO.exe@RVA 502705
95Pq	ASCII	ascii	1	CEO.exe@RVA 4327C
95X+	ASCII	ascii	1	CEO.exe@RVA 9B589
95\8	ASCII	ascii	1	CEO.exe@RVA 97161
95hn	ASCII	ascii	1	CEO.exe@RVA 42B5C
95p6	ASCII	ascii	1	CEO.exe@RVA 91C08
9600	数值	big5	1	data/building.csv@L74
96000	数值	big5	1	data/Machine_type.csv@L81
9600000	数值	big5	1	data/Machine_type.csv@L181
9635	数值	big5	1	data/Stages.csv@L21
969=9Q9X9|9	ASCII	ascii	1	CEO.exe@RVA 4F947D
975	数值	big5	1	data/product1.csv@L32
979G9Q9W9k9	ASCII	ascii	1	CEO.exe@RVA 4FFDD9
98"?	ASCII	ascii	1	CEO.exe@RVA A8A84
981	数值	big5	1	data/Stages.csv@L11
985	数值	big5	1	data/product1.csv@L74
989<9G9U9[9p9x9	ASCII	ascii	1	CEO.exe@RVA 4F9859
98t^	ASCII	ascii	1	CEO.exe@RVA 8B1D7
9970	数值	big5	1	data/Stages.csv@L12
999>9C9R9W9r9w9	ASCII	ascii	1	CEO.exe@RVA 4FF867
999Q9V9f9l9	ASCII	ascii	1	CEO.exe@RVA 4FC0E5
9::F:	ASCII	ascii	1	CEO.exe@RVA 4FE529
9<9E9v9	ASCII	ascii	1	CEO.exe@RVA 4FBD71
9<9N9	ASCII	ascii	1	CEO.exe@RVA 4FB85F
9=9h:x:	ASCII	ascii	1	CEO.exe@RVA 4FB21D
9>9Y9e9	ASCII	ascii	1	CEO.exe@RVA 4FBA39
9>u&	ASCII	ascii	1	CEO.exe@RVA 8DF61
9?9D9V9[9i9n9|9	ASCII	ascii	1	CEO.exe@RVA 4FFA55
9A ~	ASCII	ascii	1	CEO.exe@RVA 68A02
9A4t	ASCII	ascii	1	CEO.exe@RVA 801E6
9AXu	ASCII	ascii	1	CEO.exe@RVA 84249
9B:-;	ASCII	ascii	1	CEO.exe@RVA 501341
9C t	ASCII	ascii	1	CEO.exe@RVA 88573
9F$t!	ASCII	ascii	1	CEO.exe@RVA 81C49
9G:!;,;};	ASCII	ascii	1	CEO.exe@RVA 500BD3
9G:Z:y:	ASCII	ascii	1	CEO.exe@RVA 5028D9
9H9|9	ASCII	ascii	1	CEO.exe@RVA 4F9C4B
9H;f;	ASCII	ascii	1	CEO.exe@RVA 4FCE95
9J ~	ASCII	ascii	1	CEO.exe@RVA 80CD9
9K:T:	ASCII	ascii	1	CEO.exe@RVA 4FF1E5
9M$u	ASCII	ascii	1	CEO.exe@RVA 922B9
9N0t3	ASCII	ascii	1	CEO.exe@RVA 73860
9N:e:	ASCII	ascii	1	CEO.exe@RVA 4FADCF
9O u	ASCII	ascii	1	CEO.exe@RVA 70A31
9O9}9	ASCII	ascii	1	CEO.exe@RVA 4FCF89
9P9\9	ASCII	ascii	1	CEO.exe@RVA 4FE51D
9PLu	ASCII	ascii	1	CEO.exe@RVA 77561
9Q\t	ASCII	ascii	1	CEO.exe@RVA 8424E
9R;;<	ASCII	ascii	1	CEO.exe@RVA 5000F3
9V0t0	ASCII	ascii	1	CEO.exe@RVA 73F5E
9V4u	ASCII	ascii	1	CEO.exe@RVA 74845
9V9\9`9d9h9	ASCII	ascii	1	CEO.exe@RVA 50204F
9V9h9	ASCII	ascii	1	CEO.exe@RVA 4FBCA5
9] SS	ASCII	ascii	1	CEO.exe@RVA 99C71
9] t	ASCII	ascii	1	CEO.exe@RVA 9C76F
9]$u	ASCII	ascii	1	CEO.exe@RVA 99A53
9](SS	ASCII	ascii	1	CEO.exe@RVA 99A6B
9^ u	ASCII	ascii	1	CEO.exe@RVA 8432A
9^:q:	ASCII	ascii	1	CEO.exe@RVA 4F96D7
9_9e9k9t9|9	ASCII	ascii	1	CEO.exe@RVA 501141
9_^[	ASCII	ascii	1	CEO.exe@RVA 6F681
9`9f9	ASCII	ascii	1	CEO.exe@RVA 4FA4E1
9a:f:v:	ASCII	ascii	1	CEO.exe@RVA 4FAEB5
9g:y:	ASCII	ascii	1	CEO.exe@RVA 5009D1
9j9z9	ASCII	ascii	1	CEO.exe@RVA 4F9FE5
9u!_^	ASCII	ascii	1	CEO.exe@RVA 44252
9x9~9	ASCII	ascii	1	CEO.exe@RVA 4FABF5
9x|9	ASCII	ascii	1	stage/staget5.stg@seg184+0xB
9~ u	ASCII	ascii	1	CEO.exe@RVA 70D03
9~8t	ASCII	ascii	1	CEO.exe@RVA 80702
: :$:<:H:h:t:	ASCII	ascii	1	CEO.exe@RVA 5035DF
: :%:g:r:	ASCII	ascii	1	CEO.exe@RVA 4F9A6D
: :-:5:	ASCII	ascii	1	CEO.exe@RVA 4FED71
: ;2;B;P;Y;	ASCII	ascii	1	CEO.exe@RVA 4FA619
:!:&:-:7:<:G:g:y:	ASCII	ascii	1	CEO.exe@RVA 4FA2B5
:!:1:A:Q:a:q:	ASCII	ascii	1	CEO.exe@RVA 503091
:!:9:	ASCII	ascii	1	CEO.exe@RVA 4FB389
:!:::@:J:U:[:{:	ASCII	ascii	1	CEO.exe@RVA 500AF5
:!:<:A:h:m:r:	ASCII	ascii	1	CEO.exe@RVA 4FF88B
:!:F:	ASCII	ascii	1	CEO.exe@RVA 4F95D3
:":&:3:S:a:	ASCII	ascii	1	CEO.exe@RVA 4FFA83
:":,:B:a:g:m:x:~:	ASCII	ascii	1	CEO.exe@RVA 4FE8AB
:":F:}:	ASCII	ascii	1	CEO.exe@RVA 5025E9
:#:+:A:T:Y:^:o:~:	ASCII	ascii	1	CEO.exe@RVA 4FD2DB
:#:0:6:J:W:^:c:h:m:w:}:	ASCII	ascii	1	CEO.exe@RVA 4FDD43
:#:1:>:E:L:Z:g:n:~:	ASCII	ascii	1	CEO.exe@RVA 4FD4B9
:#:7:>:u:	ASCII	ascii	1	CEO.exe@RVA 4FDC09
:#:7:?:T:_:l:x:~:	ASCII	ascii	1	CEO.exe@RVA 4FC439
:$:-:9:?:Q:Z:z:	ASCII	ascii	1	CEO.exe@RVA 4FF087
:$:/:4:S:i:t:	ASCII	ascii	1	CEO.exe@RVA 4FFF35
:$:/:::E:Q:i:	ASCII	ascii	1	CEO.exe@RVA 4FE6FF
:$:<:B:K:T:i:o:z:	ASCII	ascii	1	CEO.exe@RVA 500F9B
:$:>:H:R:	ASCII	ascii	1	CEO.exe@RVA 4FBD89
:$:B:S:	ASCII	ascii	1	CEO.exe@RVA 4FB6CF
:$;:;g;s;	ASCII	ascii	1	CEO.exe@RVA 4FCFA9
:%:*:4:B:[:q:y:	ASCII	ascii	1	CEO.exe@RVA 4F9C63
:&:,:3:	ASCII	ascii	1	CEO.exe@RVA 4F9DAD
:&:,:j:p:	ASCII	ascii	1	CEO.exe@RVA 4FA70F
:&:-:_:n:|:	ASCII	ascii	1	CEO.exe@RVA 4FBA4B
:&:I:N:S:q:v:	ASCII	ascii	1	CEO.exe@RVA 4FFDED
:&;3;E;N;T;e;	ASCII	ascii	1	CEO.exe@RVA 500B0D
:':-:f:t:	ASCII	ascii	1	CEO.exe@RVA 501E47
:':0:;:C:a:m:	ASCII	ascii	1	CEO.exe@RVA 502411
:':1:	ASCII	ascii	1	CEO.exe@RVA 4FC659
:':::F:T:m:	ASCII	ascii	1	CEO.exe@RVA 4FD6B7
:';.;H;O;	ASCII	ascii	1	CEO.exe@RVA 4FA723
:';0;6;C;[;`;z;	ASCII	ascii	1	CEO.exe@RVA 501169
:(:2:=:H:L:P:T:	ASCII	ascii	1	CEO.exe@RVA 501DAD
:(:::`:m:{:	ASCII	ascii	1	CEO.exe@RVA 502AB9
:(:J:X:r:w:	ASCII	ascii	1	CEO.exe@RVA 4F9EB5
:(;5;@;O;V;l;u;|;	ASCII	ascii	1	CEO.exe@RVA 501EED
:):1:D:L:h:w:	ASCII	ascii	1	CEO.exe@RVA 4F9875
:):2:	ASCII	ascii	1	CEO.exe@RVA 4FF3B1
:):?:c:	ASCII	ascii	1	CEO.exe@RVA 4FC535
:):L:Y:e:m:u:	ASCII	ascii	1	CEO.exe@RVA 502717
:*;0;s;y;	ASCII	ascii	1	CEO.exe@RVA 4FB5F3
:*;Z;	ASCII	ascii	1	CEO.exe@RVA 502B3B
:+:L:Q:\:h:p:u:	ASCII	ascii	1	CEO.exe@RVA 4FDF13
:+:S:a:	ASCII	ascii	1	CEO.exe@RVA 4FB5E9
:,:::E:N:^:o:	ASCII	ascii	1	CEO.exe@RVA 4FA9FF
:,:=:E:U:f:	ASCII	ascii	1	CEO.exe@RVA 50249D
:.:E:W:l:}:	ASCII	ascii	1	CEO.exe@RVA 5013CF
:/:?:U:j:r:	ASCII	ascii	1	CEO.exe@RVA 4FB027
:/;E;	ASCII	ascii	1	CEO.exe@RVA 4FCD97
:0D0b0k0	ASCII	ascii	1	CEO.exe@RVA 4F91C0
:1:6:?:I:a:k:	ASCII	ascii	1	CEO.exe@RVA 502C7F
:1:;:Q:[:q:{:	ASCII	ascii	1	CEO.exe@RVA 502E8B
:1:Q:[:r:	ASCII	ascii	1	CEO.exe@RVA 4FA4EF
:1;5;A;N;\;j;o;v;};	ASCII	ascii	1	CEO.exe@RVA 50045B
:2:;:b:h:	ASCII	ascii	1	CEO.exe@RVA 4FACF7
:2:=:M:e:l:~:	ASCII	ascii	1	CEO.exe@RVA 4FE0AD
:2:F:P:d:r:y:	ASCII	ascii	1	CEO.exe@RVA 4F9497
:2:N:	ASCII	ascii	1	CEO.exe@RVA 50207F
:3:8:=:B:Z:e:x:	ASCII	ascii	1	CEO.exe@RVA 5001A7
:4:9:D:	ASCII	ascii	1	CEO.exe@RVA 500E0F
:4:A:	ASCII	ascii	1	CEO.exe@RVA 4FEAD7
:4:g:	ASCII	ascii	1	CEO.exe@RVA 4FC35D
:5;K;_;e;	ASCII	ascii	1	CEO.exe@RVA 4FB397
:5;R;	ASCII	ascii	1	CEO.exe@RVA 5025F3
:6:]:x:	ASCII	ascii	1	CEO.exe@RVA 50195D
:7:@:Z:p:v:	ASCII	ascii	1	CEO.exe@RVA 4F921F
:9:H:	ASCII	ascii	1	CEO.exe@RVA 501245
:::F:Q:e:	ASCII	ascii	1	CEO.exe@RVA 4FB7C9
:::g:y:	ASCII	ascii	1	CEO.exe@RVA 4FA60D
:;:E:	ASCII	ascii	1	CEO.exe@RVA 4FC0FF
:<:h:	ASCII	ascii	1	CEO.exe@RVA 4FDAC9
:>;E;`;g;n;	ASCII	ascii	1	CEO.exe@RVA 5013DB
:@:F:_:l:	ASCII	ascii	1	CEO.exe@RVA 4FFC37
:D;~;	ASCII	ascii	1	CEO.exe@RVA 502425
:Esp	ASCII	ascii	1	CEO.exe@RVA AD4E7
:G:u:	ASCII	ascii	1	CEO.exe@RVA 4FCF9B
:G;W;n;	ASCII	ascii	1	CEO.exe@RVA 4FE8DD
:H;N;	ASCII	ascii	1	CEO.exe@RVA 502A59
:K:U:c:n:	ASCII	ascii	1	CEO.exe@RVA 4FE319
:L:d:k:s:x:|:	ASCII	ascii	1	CEO.exe@RVA 502101
:N:S:X:	ASCII	ascii	1	CEO.exe@RVA 4FF5A9
:N:X:i:r:}:	ASCII	ascii	1	CEO.exe@RVA 4FA821
:N;z;	ASCII	ascii	1	CEO.exe@RVA 4FB22F
:O:!<'<I<c<r<	ASCII	ascii	1	CEO.exe@RVA 4FA42D
:O:m:	ASCII	ascii	1	CEO.exe@RVA 4FA8C5
:S;f>x>	ASCII	ascii	1	CEO.exe@RVA 501D45
:T;Z;	ASCII	ascii	1	CEO.exe@RVA 4F922F
:T;|;	ASCII	ascii	1	CEO.exe@RVA 4FB7D3
:U:^:d:u:	ASCII	ascii	1	CEO.exe@RVA 5016CD
:U;[;	ASCII	ascii	1	CEO.exe@RVA 4FC545
:]=O>	ASCII	ascii	1	CEO.exe@RVA A8D7A
:_^3	ASCII	ascii	1	CEO.exe@RVA 6F7FC
:a;h;	ASCII	ascii	1	CEO.exe@RVA 5021E3
:c:i:	ASCII	ascii	1	CEO.exe@RVA 4FCD85
:e;j<	ASCII	ascii	1	CEO.exe@RVA 4FCCCF
:h"?bC	ASCII	ascii	1	CEO.exe@RVA A8A94
:h:o:}:	ASCII	ascii	1	CEO.exe@RVA 4FF6C7
:j;q;	ASCII	ascii	1	CEO.exe@RVA 4FB98F
:m<s<	ASCII	ascii	1	CEO.exe@RVA 500E17
:n:u:}:	ASCII	ascii	1	CEO.exe@RVA 4FCAAF
:r;{;	ASCII	ascii	1	CEO.exe@RVA 4FE711
:u;J<	ASCII	ascii	1	CEO.exe@RVA 4FEC7D
; ;$;(;,;5;B;O;	ASCII	ascii	1	CEO.exe@RVA 4FA003
; ;*;0;;;D;P;];	ASCII	ascii	1	CEO.exe@RVA 4FFE1D
; ;+;3;>;F;Q;Y;d;k;x;|;	ASCII	ascii	1	CEO.exe@RVA 4FA83F
;!;';-;3;9;?;E;K;Q;Z;`;f;k;q;w;};	ASCII	ascii	1	CEO.exe@RVA 4FF20B
;!;1;A;Q;a;q;	ASCII	ascii	1	CEO.exe@RVA 5030B1
;!;2;V;~;	ASCII	ascii	1	CEO.exe@RVA 4FEF1D
;!;?;V;	ASCII	ascii	1	CEO.exe@RVA 4F93CF
;";*;0;;;G;M;S;Y;_;e;k;t;z;	ASCII	ascii	1	CEO.exe@RVA 4F9C83
;";.;?;W;i;q;};	ASCII	ascii	1	CEO.exe@RVA 4FA2DD
;";7;?;U;b;q;z;	ASCII	ascii	1	CEO.exe@RVA 4FCAC5
;";I;\;	ASCII	ascii	1	CEO.exe@RVA 4F95E3
;#;);D;N;g;n;	ASCII	ascii	1	CEO.exe@RVA 4F907D
;#;,;1;<;E;L;Y;b;i;w;	ASCII	ascii	1	CEO.exe@RVA 4FB049
;#;,;6;Z;_;e;~;	ASCII	ascii	1	CEO.exe@RVA 4FAA17
;#;6;D;N=	ASCII	ascii	1	CEO.exe@RVA 501E55
;$;.;q;|;	ASCII	ascii	1	CEO.exe@RVA 4FF3CB
;$;D;P;p;|;	ASCII	ascii	1	CEO.exe@RVA 5035F9
;$<.<7<@<J<n<	ASCII	ascii	1	CEO.exe@RVA 4F9EE1
;%;1;J;R;X;w;	ASCII	ascii	1	CEO.exe@RVA 4FC243
;%;:;O;e;y;	ASCII	ascii	1	CEO.exe@RVA 4FFF59
;%<1<;<I<_<d<}<	ASCII	ascii	1	CEO.exe@RVA 4FB99D
;%<2<=<K<[<i<q<	ASCII	ascii	1	CEO.exe@RVA 4FD4ED
;&;,;;;^;k;	ASCII	ascii	1	CEO.exe@RVA 4F94B7
;&;8;Z;	ASCII	ascii	1	CEO.exe@RVA 4FC66B
;&<8<S<x<	ASCII	ascii	1	CEO.exe@RVA 4FF6ED
;';7;V;	ASCII	ascii	1	CEO.exe@RVA 5001C3
;';L;R;[;a;p;	ASCII	ascii	1	CEO.exe@RVA 4FBF33
;'<-<<<B<N<	ASCII	ascii	1	CEO.exe@RVA 4FE54F
;'<-<p<	ASCII	ascii	1	CEO.exe@RVA 501AE9
;(;7;@;Y;v;z;	ASCII	ascii	1	CEO.exe@RVA 4F9893
;(;V;	ASCII	ascii	1	CEO.exe@RVA 4FA103
;);2;=;[;e;s;	ASCII	ascii	1	CEO.exe@RVA 501831
;);7;D;S;k;z;	ASCII	ascii	1	CEO.exe@RVA 501981
;);;;F;L;j;x;	ASCII	ascii	1	CEO.exe@RVA 4FDD6B
;);>;E;c;i;q;	ASCII	ascii	1	CEO.exe@RVA 4FCBA3
;*;0;M;	ASCII	ascii	1	CEO.exe@RVA 4FF6D7
;*;5;=;H;Y;^;|;	ASCII	ascii	1	CEO.exe@RVA 4FEAF3
;*;H;N;W;];b;q;v;	ASCII	ascii	1	CEO.exe@RVA 4F96F9
;*<1<S<Z<	ASCII	ascii	1	CEO.exe@RVA 50224D
;+;J;	ASCII	ascii	1	CEO.exe@RVA 4FE537
;+<9<G<[<y<~<	ASCII	ascii	1	CEO.exe@RVA 4FFC55
;+<9<W<b<y<	ASCII	ascii	1	CEO.exe@RVA 50184B
;,;2;F;a;g;{;	ASCII	ascii	1	CEO.exe@RVA 4FF0A9
;,<5<	ASCII	ascii	1	CEO.exe@RVA 4F9DCB
;-;6;F;b;h;z;	ASCII	ascii	1	CEO.exe@RVA 4FB521
;-;>;K;j;s;y;~;	ASCII	ascii	1	CEO.exe@RVA 4FBDA3
;-<t<	ASCII	ascii	1	CEO.exe@RVA 4FDAE1
;/;4;9;>;O;^;e;j;t;z;	ASCII	ascii	1	CEO.exe@RVA 4FDC1D
;001t1x1|1	ASCII	ascii	1	CEO.exe@RVA 501264
;0;=;	ASCII	ascii	1	CEO.exe@RVA 4FBBE7
;1;6;@;Q;W;b;k;	ASCII	ascii	1	CEO.exe@RVA 4FE33B
;1;;;Q;[;q;{;	ASCII	ascii	1	CEO.exe@RVA 502CA1
;1;A;K;a;q;{;	ASCII	ascii	1	CEO.exe@RVA 502EAB
;1;Q;q;	ASCII	ascii	1	CEO.exe@RVA 4FAEC5
;1;Z;	ASCII	ascii	1	CEO.exe@RVA 50272F
;1<=<	ASCII	ascii	1	CEO.exe@RVA 50294F
;2;7;E;a;	ASCII	ascii	1	CEO.exe@RVA 4F9ECB
;2;;;f;l;	ASCII	ascii	1	CEO.exe@RVA 4FAD05
;2;z;	ASCII	ascii	1	CEO.exe@RVA 4FB6DB
;2<I<	ASCII	ascii	1	CEO.exe@RVA 5016EF
;3;P;X;m;~;	ASCII	ascii	1	CEO.exe@RVA 500FB9
;3<<<Z<	ASCII	ascii	1	CEO.exe@RVA 4FA733
;5$+	ASCII	ascii	1	CEO.exe@RVA 87B33
;6;I;d;{;	ASCII	ascii	1	CEO.exe@RVA 4FC8C3
;6<G<b<}<	ASCII	ascii	1	CEO.exe@RVA 4FE8F7
;7;w;~;	ASCII	ascii	1	CEO.exe@RVA 4FE0C7
;7<B<H<l<	ASCII	ascii	1	CEO.exe@RVA 4F95F1
;7|G;p	ASCII	ascii	1	CEO.exe@RVA 8DE44
;8;I;P;V;d;r;	ASCII	ascii	1	CEO.exe@RVA 4FD301
;8<<<@<D<H<L<P<T<X<\<`<d<h<	ASCII	ascii	1	CEO.exe@RVA 4FF89D
;9u\t	ASCII	ascii	1	CEO.exe@RVA 9BEDE
;:<I<R<g<	ASCII	ascii	1	CEO.exe@RVA 4FA8D3
;;;I;};	ASCII	ascii	1	CEO.exe@RVA 4FFC49
;;;\;g;m;	ASCII	ascii	1	CEO.exe@RVA 5006A3
;=,F	ASCII	ascii	1	CEO.exe@RVA 565F6
;@;S;v;	ASCII	ascii	1	CEO.exe@RVA 4FC369
;@<F<K<Q<b<m=|=j>!?	ASCII	ascii	1	CEO.exe@RVA 502AC7
;A,s	ASCII	ascii	1	CEO.exe@RVA 80886
;A@|	ASCII	ascii	1	CEO.exe@RVA 78FEA
;A`u	ASCII	ascii	1	CEO.exe@RVA 84289
;C;I;M;S;W;];a;v;	ASCII	ascii	1	CEO.exe@RVA 4FFAA5
;C;P;x;	ASCII	ascii	1	CEO.exe@RVA 4FC10F
;C<L<:=?=	ASCII	ascii	1	CEO.exe@RVA 4F9237
;C<Q<o<t<y<	ASCII	ascii	1	CEO.exe@RVA 4FE36D
;E t	ASCII	ascii	1	CEO.exe@RVA 2707B
;G;U;f;	ASCII	ascii	1	CEO.exe@RVA 4F9305
;G<T=t=	ASCII	ascii	1	CEO.exe@RVA 4FD6D5
;H<S<Y<{<	ASCII	ascii	1	CEO.exe@RVA 4FFAC7
;H<k<	ASCII	ascii	1	CEO.exe@RVA 5029FF
;J<Q<\<c<	ASCII	ascii	1	CEO.exe@RVA 4FB7E5
;N,u	ASCII	ascii	1	CEO.exe@RVA 73DD8
;N;m;	ASCII	ascii	1	CEO.exe@RVA 4FDAD3
;O;{;	ASCII	ascii	1	CEO.exe@RVA 4F9DBF
;Q<m<	ASCII	ascii	1	CEO.exe@RVA 5009D9
;Qdt	ASCII	ascii	1	CEO.exe@RVA 8428E
;R;r;	ASCII	ascii	1	CEO.exe@RVA 5016E3
;RIFF	ASCII	ascii	1	CEO.exe@RVA 6F580
;S;`;m;z;	ASCII	ascii	1	CEO.exe@RVA 501C85
;V;t;	ASCII	ascii	1	CEO.exe@RVA 4FEBFF
;Z;`;d;h;l;	ASCII	ascii	1	CEO.exe@RVA 502125
;\;g;	ASCII	ascii	1	CEO.exe@RVA 5024AB
;^4u	ASCII	ascii	1	CEO.exe@RVA 8046E
;g;q;|;	ASCII	ascii	1	CEO.exe@RVA 4FA501
;m<t<	ASCII	ascii	1	CEO.exe@RVA 5021ED
;r;{;	ASCII	ascii	1	CEO.exe@RVA 4F9A79
;t$,v-	ASCII	ascii	1	CEO.exe@RVA 98C64
;x }[	ASCII	ascii	1	CEO.exe@RVA 66CC5
;x }n	ASCII	ascii	1	CEO.exe@RVA 66DF5
;y }{	ASCII	ascii	1	CEO.exe@RVA 67005
;~,s	ASCII	ascii	1	CEO.exe@RVA 806FD
;~,}T	ASCII	ascii	1	CEO.exe@RVA 80643
< <&<9<B<^<e<k<u<}<	ASCII	ascii	1	CEO.exe@RVA 5001D1
< <1<M<U<`<f<l<u<~<	ASCII	ascii	1	CEO.exe@RVA 5019B3
< tK<\ttG	ASCII	ascii	1	CEO.exe@RVA 935F7
<!<'</<5<;<A<G<M<S<o<v<	ASCII	ascii	1	CEO.exe@RVA 4FC27B
<!<'</<E<Q<l<}<	ASCII	ascii	1	CEO.exe@RVA 4FDC47
<!<*<6<E<R<`<f<o<u<	ASCII	ascii	1	CEO.exe@RVA 4FCAE3
<!<+<5<?<I<i<o<s<y<}<	ASCII	ascii	1	CEO.exe@RVA 4F9CAB
<!<+<A<K<a<q<{<	ASCII	ascii	1	CEO.exe@RVA 502EC9
<!<1<A<Q<a<q<	ASCII	ascii	1	CEO.exe@RVA 5030D1
<!=*=f=l=	ASCII	ascii	1	CEO.exe@RVA 4FAD19
<"<(<9<S<X<b<n<	ASCII	ascii	1	CEO.exe@RVA 500B2B
<"<)<D<x<	ASCII	ascii	1	CEO.exe@RVA 4FE729
<"<P<^<k<r<	ASCII	ascii	1	CEO.exe@RVA 4FB889
<"='=B=G=X=]=n=s=	ASCII	ascii	1	CEO.exe@RVA 4FCFDB
<"t;	ASCII	ascii	1	CEO.exe@RVA 37896
<#</<J<V<q<}<	ASCII	ascii	1	CEO.exe@RVA 4FB073
<#<6<;<@<a<f<p<z<	ASCII	ascii	1	CEO.exe@RVA 4FFF79
<$<*<D<L<j<t<}<	ASCII	ascii	1	CEO.exe@RVA 4FD89B
<$<,<C<P<`<i<w<	ASCII	ascii	1	CEO.exe@RVA 4FF3E5
<$</<J<O<Y<|<	ASCII	ascii	1	CEO.exe@RVA 4F9A8D
<$<A<E<n<|<	ASCII	ascii	1	CEO.exe@RVA 4F98B1
<$<A<T<^<	ASCII	ascii	1	CEO.exe@RVA 4FBF4D
<$Xf	ASCII	ascii	1	CEO.exe@RVA 88A59
<$tTf	ASCII	ascii	1	CEO.exe@RVA 8C2FB
<&<2<<<J<s<	ASCII	ascii	1	CEO.exe@RVA 4FC123
<'*6	ASCII	ascii	1	CEO.exe@RVA A975F
<'<-<9<[<q<	ASCII	ascii	1	CEO.exe@RVA 4FD323
<'<-<S<Y<	ASCII	ascii	1	CEO.exe@RVA 4FB60B
<'<2<B<g<y<	ASCII	ascii	1	CEO.exe@RVA 4FA2FF
<'<5=?=	ASCII	ascii	1	CEO.exe@RVA 4FF25B
<(<.<7<=<H<V<\<m<~<	ASCII	ascii	1	CEO.exe@RVA 5006C1
<(<.<J<	ASCII	ascii	1	CEO.exe@RVA 4FE0DF
<(<3<><G<R<Z<e<k<u<z<	ASCII	ascii	1	CEO.exe@RVA 4FC8D9
<(<4<T<\<h<	ASCII	ascii	1	CEO.exe@RVA 503611
<(<;<O<	ASCII	ascii	1	CEO.exe@RVA 4FA10F
<(<H<h<	ASCII	ascii	1	CEO.exe@RVA 5037A1
<(=,=0=4=8=<=@=T=i=	ASCII	ascii	1	CEO.exe@RVA 4FB555
<(=e=l=M?Y?	ASCII	ascii	1	CEO.exe@RVA 5014DD
<)<`<x<|<	ASCII	ascii	1	CEO.exe@RVA 501BBD
<)TH	ASCII	ascii	1	CEO.exe@RVA A97DF
<*<0<M<R<j<p<	ASCII	ascii	1	CEO.exe@RVA 4FB539
<*<8<><d<	ASCII	ascii	1	CEO.exe@RVA 4FCEA3
<*=4=9=B=H=M=V=[=c=l=q=y=	ASCII	ascii	1	CEO.exe@RVA 500E23
<+<A<S<X<b<h<r<}<	ASCII	ascii	1	CEO.exe@RVA 50048B
<+=@=K=c=s=|=	ASCII	ascii	1	CEO.exe@RVA 4F9EFF
<+t"<-t	ASCII	ascii	1	CEO.exe@RVA 92378
<,<4<	ASCII	ascii	1	CEO.exe@RVA 500FD7
<,=Y=b=o=	ASCII	ascii	1	CEO.exe@RVA 4FEB8B
<-<F<L<d<r<	ASCII	ascii	1	CEO.exe@RVA 4F9311
<-<W<	ASCII	ascii	1	CEO.exe@RVA 50213D
</<?<^<d<i<u<	ASCII	ascii	1	CEO.exe@RVA 4FCBC5
</=r=	ASCII	ascii	1	CEO.exe@RVA 4FDF47
</assembly>PAPADDINGXXPADDINGPADDINGXXPADDINGPADDINGXXPADDINGPADDINGXXPADDINGPADDINGXXPADDINGPADDINGXXPADDINGPADDINGXXPADDINGPADDINGXXPADDINGPADDINGXXPADDINGPADDINGXXPADDINGPADDINGXXPADDINGPADDINGXXPADDING	ASCII	ascii	1	CEO.exe@RVA 4F8533
<0<9<E<^<n<w<	ASCII	ascii	1	CEO.exe@RVA 501F0D
<0<J<	ASCII	ascii	1	CEO.exe@RVA 4FBB63
<0s0	ASCII	ascii	1	CEO.exe@RVA 4FCCF4
<0||<9	ASCII	ascii	1	CEO.exe@RVA 37CD2
<1<7<A<[<	ASCII	ascii	1	CEO.exe@RVA 4FCDA7
<1<;<Q<[<q<{<	ASCII	ascii	1	CEO.exe@RVA 502CC1
<2;}	ASCII	ascii	1	CEO.exe@RVA 6DBA6
<2<@<I<	ASCII	ascii	1	CEO.exe@RVA 4FA62D
<2<T<x<	ASCII	ascii	1	CEO.exe@RVA 4FAED7
<2=L=i=	ASCII	ascii	1	CEO.exe@RVA 4FADE7
<3<8<V<f<l<	ASCII	ascii	1	CEO.exe@RVA 4FF0C7
<3<j<w<	ASCII	ascii	1	CEO.exe@RVA 4FFE33
<4<8<<<@<D<H<L<S<X<]<b<g<l<q<v<{<	ASCII	ascii	1	CEO.exe@RVA 4FA1C9
<4<G<`<t<	ASCII	ascii	1	CEO.exe@RVA 4FB6ED
<4<T<	ASCII	ascii	1	CEO.exe@RVA 502433
<5=;=Q=n=	ASCII	ascii	1	CEO.exe@RVA 50251F
<6<E<p<	ASCII	ascii	1	CEO.exe@RVA 4FEF2B
<6<L<q<	ASCII	ascii	1	CEO.exe@RVA 4FCFC1
<6=D=R=^=l=x=	ASCII	ascii	1	CEO.exe@RVA 5006E1
<8 u	ASCII	ascii	1	CEO.exe@RVA 643A1
<8<?<T<Z<|<	ASCII	ascii	1	CEO.exe@RVA 4FB23D
<8<I<Z<k<	ASCII	ascii	1	CEO.exe@RVA 4F94D3
<8=u	ASCII	ascii	1	CEO.exe@RVA 9B5C5
<8bunz8	ASCII	ascii	1	CEO.exe@RVA A95DF
<;=I=j=p=	ASCII	ascii	1	CEO.exe@RVA 4FC295
<<<G<[<	ASCII	ascii	1	CEO.exe@RVA 4FA86D
<=<Q<^<m<	ASCII	ascii	1	CEO.exe@RVA 4FAA3B
<==L=r=x=	ASCII	ascii	1	CEO.exe@RVA 4FBC03
<==x=	ASCII	ascii	1	CEO.exe@RVA 4FF5D5
<@En[vP	ASCII	ascii	1	CEO.exe@RVA A9C1F
<C<L<X<	ASCII	ascii	1	CEO.exe@RVA 50250D
<D=M=X=^=t=	ASCII	ascii	1	CEO.exe@RVA 4FC783
<F=L=|=	ASCII	ascii	1	CEO.exe@RVA 4FC55D
<F_tGf\tDV	ASCII	ascii	1	CEO.exe@RVA 64E39
<H=L=P=T=X=r=|=	ASCII	ascii	1	CEO.exe@RVA 500CE5
<K<P<	ASCII	ascii	1	CEO.exe@RVA 501C99
<N<`<r<	ASCII	ascii	1	CEO.exe@RVA 4FC02F
<O<6=	ASCII	ascii	1	CEO.exe@RVA 501221
<O=v=	ASCII	ascii	1	CEO.exe@RVA 5016F9
<S?]?c?l?y?	ASCII	ascii	1	CEO.exe@RVA 4FEE15
<V/>	ASCII	ascii	1	CEO.exe@RVA A964F
<Xt\t	ASCII	ascii	1	CEO.exe@RVA 8D4D3
<Z=x=	ASCII	ascii	1	CEO.exe@RVA 4FBB6F
<\<r<x<	ASCII	ascii	1	CEO.exe@RVA 50031B
<assembly xmlns="urn:schemas-microsoft-com:asm.v1" manifestVersion="1.0">	ASCII	ascii	1	CEO.exe@RVA 4F83E4
<at,<rt"<wt	ASCII	ascii	1	CEO.exe@RVA 93D6C
<a|\t<z	ASCII	ascii	1	CEO.exe@RVA 6412B
<b>i?p?	ASCII	ascii	1	CEO.exe@RVA 4FB89F
<d<w<	ASCII	ascii	1	CEO.exe@RVA 502675
<e<y<	ASCII	ascii	1	CEO.exe@RVA 50118B
<i=p=w=4>"?	ASCII	ascii	1	CEO.exe@RVA 4FB7F3
<o<u<	ASCII	ascii	1	CEO.exe@RVA 4FADE1
<program name unknown>	ASCII	utf16le	1	CEO.exe@RVA AA7FC
<u \t	ASCII	ascii	1	CEO.exe@RVA 350F1
<uP`	ASCII	ascii	1	CEO.exe@RVA 3FD9B
<v*V	ASCII	ascii	1	CEO.exe@RVA 915E6
<{Q}<	ASCII	ascii	1	CEO.exe@RVA A955F
<}T*L	ASCII	ascii	1	CEO.exe@RVA 50CD
=\t= =1=9=P=a=i=	ASCII	ascii	1	CEO.exe@RVA 502B4F
=\t=[=g=l=y=	ASCII	ascii	1	CEO.exe@RVA 501CA5
= "J	ASCII	ascii	1	CEO.exe@RVA 6CF36
= =$=(=,=0=4=8=<=@=D=H=L=P=T=X=\=`=d=h=l=p=	ASCII	ascii	1	CEO.exe@RVA 4FC145
= =$=A=8><>@>D>H>L>P>T>X>\>`>d>h>w>	ASCII	ascii	1	CEO.exe@RVA 4FD513
= =%=6=;=M=R=	ASCII	ascii	1	CEO.exe@RVA 4FEF45
= =)=Z=k=v=	ASCII	ascii	1	CEO.exe@RVA 4FB255
= =*=0=;=D=P=]=s=	ASCII	ascii	1	CEO.exe@RVA 4FE39B
= =*=5=M=S=^=	ASCII	ascii	1	CEO.exe@RVA 4FA31B
= =6=@=V=a=p=	ASCII	ascii	1	CEO.exe@RVA 50032B
= =;=E=S=q=v={=	ASCII	ascii	1	CEO.exe@RVA 5004AF
=!='=3=[=`=}=	ASCII	ascii	1	CEO.exe@RVA 4FD8B9
=!='=N=T=b=v=	ASCII	ascii	1	CEO.exe@RVA 5013EB
=!=)=6=;=A=L=V=g=m=w=	ASCII	ascii	1	CEO.exe@RVA 4F9AAF
=!=-=;=Q=V=[=`=j=o=}=	ASCII	ascii	1	CEO.exe@RVA 4FF8BD
=!=1=;=Q=[=q={=	ASCII	ascii	1	CEO.exe@RVA 502EE9
=!=1=A=Q=a=q=	ASCII	ascii	1	CEO.exe@RVA 5030F1
=!=E=v=	ASCII	ascii	1	CEO.exe@RVA 4FCBE7
="=-=Q=V=[=f=r=z=	ASCII	ascii	1	CEO.exe@RVA 4FFC75
="=0=	ASCII	ascii	1	CEO.exe@RVA 4FB9B3
="=3=8=>=O=T=a=i=x=	ASCII	ascii	1	CEO.exe@RVA 50283D
=#=)=.=8=>=B=H=L=R=V=\=`=f=j=p=t=	ASCII	ascii	1	CEO.exe@RVA 4FFF9F
=#=)=2=?=G=	ASCII	ascii	1	CEO.exe@RVA 4FEC83
=#=*=/=[=f=p=v=	ASCII	ascii	1	CEO.exe@RVA 4FA527
=#=+=G=b=	ASCII	ascii	1	CEO.exe@RVA 4FDC65
=%=-=2=C=]=b=	ASCII	ascii	1	CEO.exe@RVA 500B45
=%=1=J=q=|=	ASCII	ascii	1	CEO.exe@RVA 500FEF
=%=M=S=m=s=y=	ASCII	ascii	1	CEO.exe@RVA 4F9DD3
=%=Y=	ASCII	ascii	1	CEO.exe@RVA 4FA445
=%=h=r=	ASCII	ascii	1	CEO.exe@RVA 4F94F1
=&=.=J=W=]=h=y=	ASCII	ascii	1	CEO.exe@RVA 4FFAEB
=&=5=u=	ASCII	ascii	1	CEO.exe@RVA 4F9177
=&>W>	ASCII	ascii	1	CEO.exe@RVA 4FA123
='=5=W=h=t=	ASCII	ascii	1	CEO.exe@RVA 50089D
='>2>;>M>]>n>v>	ASCII	ascii	1	CEO.exe@RVA 4FC919
='>>>V>c>	ASCII	ascii	1	CEO.exe@RVA 4FDF5B
=( J	ASCII	ascii	1	CEO.exe@RVA 6D3E3
=(=:=N=Y=	ASCII	ascii	1	CEO.exe@RVA 4FE0F9
=(=H=T=t=	ASCII	ascii	1	CEO.exe@RVA 50362D
=(>.>J>P>V>p>	ASCII	ascii	1	CEO.exe@RVA 4FBC13
=)=<=r=	ASCII	ascii	1	CEO.exe@RVA 50134F
=)>8>E>\>r>x>	ASCII	ascii	1	CEO.exe@RVA 501B0B
=)><>O>b>u>	ASCII	ascii	1	CEO.exe@RVA 4FF717
=*=2=8=>=C=	ASCII	ascii	1	CEO.exe@RVA 500A79
=*=F=O=U=^=c=r=	ASCII	ascii	1	CEO.exe@RVA 50260D
=*=\=b=h=	ASCII	ascii	1	CEO.exe@RVA 4FB621
=*?1?	ASCII	ascii	1	CEO.exe@RVA 5024CD
=+=5=;=E=Q=c=r=	ASCII	ascii	1	CEO.exe@RVA 5019D1
=,=>=x=|=	ASCII	ascii	1	CEO.exe@RVA 4F98CF
=,=R=t=	ASCII	ascii	1	CEO.exe@RVA 4FD17D
=,>Y>b>o>	ASCII	ascii	1	CEO.exe@RVA 4FED93
=,>m>|>	ASCII	ascii	1	CEO.exe@RVA 4FA44F
=-=7=J=S=b=z=	ASCII	ascii	1	CEO.exe@RVA 4FA63D
=-=?=W=	ASCII	ascii	1	CEO.exe@RVA 5001F3
=/=>=f=l=	ASCII	ascii	1	CEO.exe@RVA 5011A3
=1=6=@=Q=W=b=k=	ASCII	ascii	1	CEO.exe@RVA 4FE913
=1=8=N=T=]=w=	ASCII	ascii	1	CEO.exe@RVA 4FAA57
=1=A=K=a=k=	ASCII	ascii	1	CEO.exe@RVA 502CE1
=1=C=U=g=	ASCII	ascii	1	CEO.exe@RVA 4FA8E9
=1>;>R>d>v>	ASCII	ascii	1	CEO.exe@RVA 4F9CE9
=2=;=	ASCII	ascii	1	CEO.exe@RVA 4FA73F
=2>C>V>b>{>	ASCII	ascii	1	CEO.exe@RVA 4FB3D3
=3=1>=>w>	ASCII	ascii	1	CEO.exe@RVA 4FC461
=3=9=A=J=S=\=b=o=">4><>	ASCII	ascii	1	CEO.exe@RVA 4F90A5
=3=<=H=p=v=	ASCII	ascii	1	CEO.exe@RVA 501F2F
=3>y>~>	ASCII	ascii	1	CEO.exe@RVA 4FC795
=4=9=>=J=X=c=k=v=	ASCII	ascii	1	CEO.exe@RVA 4FF411
=5=E=K=R=r=x=	ASCII	ascii	1	CEO.exe@RVA 4FBDD5
=5=M=T=g=o=t=	ASCII	ascii	1	CEO.exe@RVA 4FE745
=6>e>	ASCII	ascii	1	CEO.exe@RVA 4F9327
=7=C=^=j=	ASCII	ascii	1	CEO.exe@RVA 4FB08F
=8=>=R=m=r=	ASCII	ascii	1	CEO.exe@RVA 4FF0E5
=8=`=	ASCII	ascii	1	CEO.exe@RVA 501B61
=:=T=q=	ASCII	ascii	1	CEO.exe@RVA 4FC38F
=:=e=	ASCII	ascii	1	CEO.exe@RVA 500D7F
=:=f=	ASCII	ascii	1	CEO.exe@RVA 4FA20B
===K=U=c=	ASCII	ascii	1	CEO.exe@RVA 4FAEE7
===]=r=z=	ASCII	ascii	1	CEO.exe@RVA 4FD337
=>>O>	ASCII	ascii	1	CEO.exe@RVA 5001FB
=@=F=K=R=a=g=x=	ASCII	ascii	1	CEO.exe@RVA 4FF6FF
=@>c>	ASCII	ascii	1	CEO.exe@RVA 4FBB7B
=A>Q>Y>o>}>	ASCII	ascii	1	CEO.exe@RVA 4FB9BF
=B=y=	ASCII	ascii	1	CEO.exe@RVA 4FBF5F
=B>H>[>	ASCII	ascii	1	CEO.exe@RVA 4FCEC7
=D"J	ASCII	ascii	1	CEO.exe@RVA 885CF
=E=S=y=	ASCII	ascii	1	CEO.exe@RVA 4F960D
=F=P=a=j=	ASCII	ascii	1	CEO.exe@RVA 4FAC25
=F=Y=e=z=	ASCII	ascii	1	CEO.exe@RVA 4FC901
=HCL	ASCII	ascii	1	CEO.exe@RVA ACDF
=HDL	ASCII	ascii	1	CEO.exe@RVA 119C1
=LDL	ASCII	ascii	1	CEO.exe@RVA 11A11
=Q=W=~=	ASCII	ascii	1	CEO.exe@RVA 4FBA8B
=Q=X=e=k=	ASCII	ascii	1	CEO.exe@RVA 5024BD
=Q>u>	ASCII	ascii	1	CEO.exe@RVA 4F961D
=RCC	ASCII	ascii	1	CEO.exe@RVA 8D6DD
=T J	ASCII	ascii	1	CEO.exe@RVA 6CDD7
=\8K	ASCII	ascii	1	CEO.exe@RVA 5B104
=\CL	ASCII	ascii	1	CEO.exe@RVA 18DE8
=\uI=	ASCII	ascii	1	CEO.exe@RVA A6A1B
=csm	ASCII	ascii	1	CEO.exe@RVA 8D6EB
=d=i=q=	ASCII	ascii	1	CEO.exe@RVA 500EDB
=d=p=	ASCII	ascii	1	CEO.exe@RVA 4FB3C7
=l J	ASCII	ascii	1	CEO.exe@RVA 979DB
=mm?	ASCII	ascii	1	CEO.exe@RVA ABEF4
=n=}=	ASCII	ascii	1	CEO.exe@RVA 4FCDBF
=q>|>	ASCII	ascii	1	CEO.exe@RVA 501DC7
=tcJ	ASCII	ascii	1	CEO.exe@RVA 90E9B
=u=5>o>	ASCII	ascii	1	CEO.exe@RVA 50124F
>\t>->9>E>Q>y>	ASCII	ascii	1	CEO.exe@RVA 502967
>\t?1?A?b?y?	ASCII	ascii	1	CEO.exe@RVA 4FA66F
>\t?J?	ASCII	ascii	1	CEO.exe@RVA 4FCB1D
> >$>(>,>0>4>	ASCII	ascii	1	CEO.exe@RVA 501B6B
> >$>(>,>0>4>8><>@>D>H>L>P>T>X>\>`>p>t>x>|>	ASCII	ascii	1	CEO.exe@RVA 503985
> >->2>@>O>U>]>b>m>r>y>	ASCII	ascii	1	CEO.exe@RVA 4F9AD3
> >.>4>B>R>s>	ASCII	ascii	1	CEO.exe@RVA 4FA659
> >1>7>l>r>	ASCII	ascii	1	CEO.exe@RVA 4FC575
> >1>9>H>R>s>	ASCII	ascii	1	CEO.exe@RVA 4FE94B
> >2>C>m>	ASCII	ascii	1	CEO.exe@RVA 4FE10F
> >5>E>W>n>	ASCII	ascii	1	CEO.exe@RVA 50135F
> >m>}>	ASCII	ascii	1	CEO.exe@RVA 4FD6E5
>!>&>2>c>n>v>	ASCII	ascii	1	CEO.exe@RVA 4FFB07
>!>+>@>J>b>g>m>	ASCII	ascii	1	CEO.exe@RVA 4FB0A7
>!>+>A>K>a>k>	ASCII	ascii	1	CEO.exe@RVA 502CFF
>!>1>A>Q>a>q>	ASCII	ascii	1	CEO.exe@RVA 503111
>!>3>B>	ASCII	ascii	1	CEO.exe@RVA 5011C1
>!?/?V?d?u?	ASCII	ascii	1	CEO.exe@RVA 4FBE0F
>">7>W>l>	ASCII	ascii	1	CEO.exe@RVA 4FF433
>"><>X>k>p>{>	ASCII	ascii	1	CEO.exe@RVA 4FAA73
>">E>M>S>]>n>x>	ASCII	ascii	1	CEO.exe@RVA 4FE769
>"?+?A?J?	ASCII	ascii	1	CEO.exe@RVA 4FC2AD
>"?+?R?	ASCII	ascii	1	CEO.exe@RVA 4F924F
>"u&	ASCII	ascii	1	CEO.exe@RVA 935AB
>#>)>^>d>	ASCII	ascii	1	CEO.exe@RVA 4FB573
>$>,>:>C>T>b>p>	ASCII	ascii	1	CEO.exe@RVA 501013
>$>,>a>	ASCII	ascii	1	CEO.exe@RVA 5008B7
>$>.>Y>a>	ASCII	ascii	1	CEO.exe@RVA 4FCDD1
>$>0>@>	ASCII	ascii	1	CEO.exe@RVA 5019F5
>$>0>P>\>|>	ASCII	ascii	1	CEO.exe@RVA 503643
>$>C>K>j>r>	ASCII	ascii	1	CEO.exe@RVA 4F9501
>$>I>T>Z>	ASCII	ascii	1	CEO.exe@RVA 4FA909
>$?G?	ASCII	ascii	1	CEO.exe@RVA 5015F1
>$jd	ASCII	ascii	1	stage/stage08.stg@seg703+0xB
>%>+>A>]>	ASCII	ascii	1	CEO.exe@RVA 4FD349
>%>/>9>_>i>v>	ASCII	ascii	1	CEO.exe@RVA 501F49
>&>0>>>I>_>f>p>u>	ASCII	ascii	1	CEO.exe@RVA 500709
>'>J>[>s>	ASCII	ascii	1	CEO.exe@RVA 4F93E9
>'?=?B?]?g?|?	ASCII	ascii	1	CEO.exe@RVA 4FE583
>'eH	ASCII	ascii	1	CEO.exe@RVA A6AB2
>(>.>2>8><>B>F>L>P>Z>`>k>t>	ASCII	ascii	1	CEO.exe@RVA 4FE3C7
>(>.>7>B>H>T>g>m>	ASCII	ascii	1	CEO.exe@RVA 4FDD97
>(>.>7>`>	ASCII	ascii	1	CEO.exe@RVA 4FA54B
>(>1>:>F>R>^>j>v>	ASCII	ascii	1	CEO.exe@RVA 4FFFDB
>)>0>6><>W>s>y>	ASCII	ascii	1	CEO.exe@RVA 4FA339
>)>1>9>	ASCII	ascii	1	CEO.exe@RVA 4FB707
>)>Z>a>g>q>}>	ASCII	ascii	1	CEO.exe@RVA 4FD191
>)?2?9???Q?Z?e?z?	ASCII	ascii	1	CEO.exe@RVA 500361
>*>1>@>Q>z>	ASCII	ascii	1	CEO.exe@RVA 4FDC77
>*?l?	ASCII	ascii	1	CEO.exe@RVA 4FA559
>+>0>?>F>x>	ASCII	ascii	1	CEO.exe@RVA 4FBDF5
>+?0?5?:?e?l?v?	ASCII	ascii	1	CEO.exe@RVA 4FCEDD
>+?6?R?X?j?	ASCII	ascii	1	CEO.exe@RVA 5021FF
>,'1D=	ASCII	ascii	1	CEO.exe@RVA A87DA
>->8>J>P>	ASCII	ascii	1	CEO.exe@RVA 50140B
>->=>C>W>r>x>	ASCII	ascii	1	CEO.exe@RVA 4FF101
>->n>z>	ASCII	ascii	1	CEO.exe@RVA 4FAF03
>.>5>?>]>p>{>	ASCII	ascii	1	CEO.exe@RVA 4FB26F
>.?7?C?w?	ASCII	ascii	1	CEO.exe@RVA 500EE5
>.?F?M?W?i?	ASCII	ascii	1	CEO.exe@RVA 502531
>/>5>G>U>Z>h>s>	ASCII	ascii	1	CEO.exe@RVA 4FF8E7
>0>Z>	ASCII	ascii	1	CEO.exe@RVA 502B6F
>1>6>@>Q>W>b>k>	ASCII	ascii	1	CEO.exe@RVA 5004D3
>1>7>i>	ASCII	ascii	1	CEO.exe@RVA 4FBF6D
>1>;>Q>a>k>	ASCII	ascii	1	CEO.exe@RVA 502F0B
>1>;>X>`>	ASCII	ascii	1	CEO.exe@RVA 4FF5ED
>1>P>~>	ASCII	ascii	1	CEO.exe@RVA 500D05
>2?=?M?V?y?	ASCII	ascii	1	CEO.exe@RVA 501867
>3>T>g>	ASCII	ascii	1	CEO.exe@RVA 4F9DED
>3>m>	ASCII	ascii	1	CEO.exe@RVA 50170D
>4>H>]>u>	ASCII	ascii	1	CEO.exe@RVA 4FCC03
>4>R>g>	ASCII	ascii	1	CEO.exe@RVA 4FFC9B
>5>;>	ASCII	ascii	1	CEO.exe@RVA 4FA753
>5?;?S?d?k?	ASCII	ascii	1	CEO.exe@RVA 4FD543
>5?B?T?Z?	ASCII	ascii	1	CEO.exe@RVA 4FC589
>7?<?T?`?v?	ASCII	ascii	1	CEO.exe@RVA 4FDF6B
>8>M>v>	ASCII	ascii	1	CEO.exe@RVA 4FC04D
>9>Y>]>	ASCII	ascii	1	CEO.exe@RVA 4F9F1F
>:u8FV	ASCII	ascii	1	CEO.exe@RVA 96EA0
>;?p?	ASCII	ascii	1	CEO.exe@RVA 501A11
><?D?	ASCII	ascii	1	CEO.exe@RVA 4FB643
>=>P>h>	ASCII	ascii	1	CEO.exe@RVA 5027C3
>=unF	ASCII	ascii	1	CEO.exe@RVA 93F0E
>?>a>j>q>w>	ASCII	ascii	1	CEO.exe@RVA 4FD8DD
>?>f>	ASCII	ascii	1	CEO.exe@RVA 5028ED
>A>P>_>l>y>	ASCII	ascii	1	CEO.exe@RVA 500E4D
>A?t?	ASCII	ascii	1	CEO.exe@RVA 4F932D
>B>K>r>{>	ASCII	ascii	1	CEO.exe@RVA 4FAC3F
>B?I?O?	ASCII	ascii	1	CEO.exe@RVA 4FDB09
>B?^?	ASCII	ascii	1	CEO.exe@RVA 5009E9
>C>s>	ASCII	ascii	1	CEO.exe@RVA 4FD9E7
>D>h>q>|>	ASCII	ascii	1	CEO.exe@RVA 502445
>E?N?i?u?	ASCII	ascii	1	CEO.exe@RVA 4FC05D
>F?U?q?~?	ASCII	ascii	1	CEO.exe@RVA 501D4D
>G>Y>	ASCII	ascii	1	CEO.exe@RVA 4F98E5
>T>k>q>}>	ASCII	ascii	1	CEO.exe@RVA 4FCB0F
>U>[>	ASCII	ascii	1	CEO.exe@RVA 4F9247
>X?n?	ASCII	ascii	1	CEO.exe@RVA 4FA02B
>Z?r?	ASCII	ascii	1	CEO.exe@RVA 4F9513
>a>q>	ASCII	ascii	1	CEO.exe@RVA 500B6D
>csm	ASCII	ascii	1	CEO.exe@RVA 8DAD5
>j?t?	ASCII	ascii	1	CEO.exe@RVA 4F9CF9
>n>u>	ASCII	ascii	1	CEO.exe@RVA 500D8D
>o3fW	ASCII	ascii	1	CEO.exe@RVA ACB47
>o?x?	ASCII	ascii	1	CEO.exe@RVA 4FBB85
>w>~>	ASCII	ascii	1	CEO.exe@RVA 4FC2A5
? ,6	ASCII	ascii	1	CEO.exe@RVA AC1A7
? ?*?A?Q?W?	ASCII	ascii	1	CEO.exe@RVA 4FD1AB
? ?-?7?=?P?^?i?~?	ASCII	ascii	1	CEO.exe@RVA 4FF90F
? ?1???a?r?~?	ASCII	ascii	1	CEO.exe@RVA 50072F
?!?,?q?	ASCII	ascii	1	CEO.exe@RVA 4FFE5F
?!?1?A?Q?a?q?	ASCII	ascii	1	CEO.exe@RVA 503131
?!?N?e?	ASCII	ascii	1	CEO.exe@RVA 4FA463
?!?`?d?h?l?p?t?x?|?	ASCII	ascii	1	CEO.exe@RVA 4F98F5
?#%X.y	ASCII	ascii	1	CEO.exe@RVA A9997
?$?0?>?L?j?v?	ASCII	ascii	1	CEO.exe@RVA 500009
?$?2?@?N?\?q?	ASCII	ascii	1	CEO.exe@RVA 4FAF0B
?$?2?Y?^?h?y?	ASCII	ascii	1	CEO.exe@RVA 4FF72D
?$?j?t?	ASCII	ascii	1	CEO.exe@RVA 4FBF75
?%?+?:???F?L?P?V?Z?`?d?j?n?t?x?	ASCII	ascii	1	CEO.exe@RVA 4FF44D
?%?7?N?Z?g?}?	ASCII	ascii	1	CEO.exe@RVA 4FAA93
?%uN	ASCII	ascii	1	CEO.exe@RVA 952F4
?&?1?D?W?o?	ASCII	ascii	1	CEO.exe@RVA 4FD705
?&?A?J?f?x?	ASCII	ascii	1	CEO.exe@RVA 4FD8F7
?'?2?I?b?m?s?	ASCII	ascii	1	CEO.exe@RVA 4FDDB9
?(?.?P?[?c?r?~?	ASCII	ascii	1	CEO.exe@RVA 4F9AFD
?(?/?5?C?K?\?m?~?	ASCII	ascii	1	CEO.exe@RVA 4FD00F
?(?2?e?q?	ASCII	ascii	1	CEO.exe@RVA 4FBAAD
?(?3?E?K?v?	ASCII	ascii	1	CEO.exe@RVA 501429
?(?b?	ASCII	ascii	1	CEO.exe@RVA 50208F
?(FN\	ASCII	ascii	1	CEO.exe@RVA A9697
?(F_	ASCII	ascii	1	CEO.exe@RVA AC02F
?)?1?9?V?h?	ASCII	ascii	1	CEO.exe@RVA 4FB28B
?)?D?I?g?w?}?	ASCII	ascii	1	CEO.exe@RVA 4FF11F
?*?6???H?	ASCII	ascii	1	CEO.exe@RVA 502989
?*?=?F?m?}?	ASCII	ascii	1	CEO.exe@RVA 4F9F4B
?*?b?	ASCII	ascii	1	CEO.exe@RVA 4FAC4F
?+?9?F?	ASCII	ascii	1	CEO.exe@RVA 4F93F5
?+?A?G?P?	ASCII	ascii	1	CEO.exe@RVA 4FA129
?,?5?C?Y?y?~?	ASCII	ascii	1	CEO.exe@RVA 500E65
?,?5?H?Q?u?	ASCII	ascii	1	CEO.exe@RVA 4FA355
?,?8?X?d?	ASCII	ascii	1	CEO.exe@RVA 50365B
?-?6?C?V?]?p?	ASCII	ascii	1	CEO.exe@RVA 4FEB1B
?-?=?O?T?Y?^?i?~?	ASCII	ascii	1	CEO.exe@RVA 500203
?."S-	ASCII	ascii	1	CEO.exe@RVA ACE9F
?.)T	ASCII	ascii	1	CEO.exe@RVA A9AB7
?.?:?S?	ASCII	ascii	1	CEO.exe@RVA 4FB3E3
?.?;?G?	ASCII	ascii	1	CEO.exe@RVA 4FC92D
?.?=?F?L?Y?_?i?	ASCII	ascii	1	CEO.exe@RVA 4F9627
?.?N?W?]?h?{?	ASCII	ascii	1	CEO.exe@RVA 500B85
?/L[	ASCII	ascii	1	CEO.exe@RVA B94AF
?0?;?~?	ASCII	ascii	1	CEO.exe@RVA 50103B
?0s1	ASCII	ascii	1	CEO.exe@RVA 4FDC98
?1?7?=?H?N?R?X?\?b?f?l?p?v?z?	ASCII	ascii	1	CEO.exe@RVA 4FE971
?1?:?R?_?l?	ASCII	ascii	1	CEO.exe@RVA 50050D
?1?E?I?\?m?{?	ASCII	ascii	1	CEO.exe@RVA 4FA925
?2?8?	ASCII	ascii	1	CEO.exe@RVA 4FB57F
?2?D?P?\?h?t?	ASCII	ascii	1	CEO.exe@RVA 4FFCB7
?3?S?	ASCII	ascii	1	CEO.exe@RVA 4FD9F1
?3?_?	ASCII	ascii	1	CEO.exe@RVA 4FCC17
?3xj	ASCII	ascii	1	CEO.exe@RVA A9777
?5a1	ASCII	ascii	1	CEO.exe@RVA A94D7
?7???F?L?R?X?`?s?	ASCII	ascii	1	CEO.exe@RVA 4FFB2F
?7?H?U?b?l?v?	ASCII	ascii	1	CEO.exe@RVA 501F67
?7Tf(	ASCII	ascii	1	CEO.exe@RVA A6977
?8?e?	ASCII	ascii	1	CEO.exe@RVA 5027D1
?:?Y?	ASCII	ascii	1	CEO.exe@RVA 502741
?=?H?T?t?	ASCII	ascii	1	CEO.exe@RVA 5008CB
?>?R?	ASCII	ascii	1	CEO.exe@RVA 4FF271
??7;	ASCII	ascii	1	CEO.exe@RVA A7446
?@?D?H?L?P?T?X?\?|?	ASCII	ascii	1	CEO.exe@RVA 4F9727
?A?F?W?a?	ASCII	ascii	1	CEO.exe@RVA 4FADFD
?C?r?}?	ASCII	ascii	1	CEO.exe@RVA 4FE121
?E?Q?]?	ASCII	ascii	1	CEO.exe@RVA 4F9DFF
?H?S?_?w?|?	ASCII	ascii	1	CEO.exe@RVA 4FD35D
?IT$7	ASCII	ascii	1	CEO.exe@RVA A8947
?If90t	ASCII	ascii	1	CEO.exe@RVA 9097F
?Ltm	ASCII	ascii	1	CEO.exe@RVA A68C7
?PiB	ASCII	ascii	1	CEO.exe@RVA A85D7
?Q?]?g?y?	ASCII	ascii	1	CEO.exe@RVA 4FB0CB
?S?`?n?y?	ASCII	ascii	1	CEO.exe@RVA 4FE3EF
?T?c?q?w?	ASCII	ascii	1	CEO.exe@RVA 5011D7
?X&eB	ASCII	ascii	1	CEO.exe@RVA A6897
?Zd;	ASCII	ascii	1	CEO.exe@RVA B9467
?[?b?	ASCII	ascii	1	CEO.exe@RVA 500C61
?_?f?	ASCII	ascii	1	CEO.exe@RVA 500D95
?c3y	ASCII	ascii	1	CEO.exe@RVA AC67B
?c3y?	ASCII	ascii	1	CEO.exe@RVA ACD5B
?f3N	ASCII	ascii	1	CEO.exe@RVA 26BDB
?g)([|X>=	ASCII	ascii	1	CEO.exe@RVA A8847
?h6_~	ASCII	ascii	1	CEO.exe@RVA A68F7
?hLLJ	ASCII	ascii	1	CEO.exe@RVA 67E73
?l?}?	ASCII	ascii	1	CEO.exe@RVA 4F91A3
?m|1	ASCII	ascii	1	CEO.exe@RVA ACDE7
?pow	ASCII	ascii	1	CEO.exe@RVA B8277
?product_type.cpp	ASCII	ascii	1	CEO.exe@RVA A3527
?sjj	ASCII	ascii	1	CEO.exe@RVA 9D3D6
?u?{?	ASCII	ascii	1	CEO.exe@RVA 4FC475
?|I7Z#	ASCII	ascii	1	CEO.exe@RVA A87B7
@%10s:\t%.2lf\t%.2lf\t%.0lf\t%.0lf\t%.2lf\t%.0lf\t%.0lf\t%.0lf	ASCII	ascii	1	CEO.exe@RVA A2D2F
@%lf	ASCII	ascii	1	CEO.exe@RVA A2BDF
@.41	ASCII	ascii	1	stage/stage12.stg@seg494+0xB
@.data	ASCII	ascii	1	CEO.exe@FO 247
@.fts	ASCII	ascii	1	CEO.exe@RVA A623F
@.reloc	ASCII	ascii	1	CEO.exe@FO 297
@;5L	ASCII	ascii	1	CEO.exe@RVA 65893
@<Ph0JJ	ASCII	ascii	1	CEO.exe@RVA 65880
@@save\slot%d.lif	ASCII	ascii	1	CEO.exe@RVA A2EDE
@AG;	ASCII	ascii	1	CEO.exe@RVA 69B95
@AI_style.cpp	ASCII	ascii	1	CEO.exe@RVA A275F
@FA;	ASCII	ascii	1	CEO.exe@RVA 9C48F
@H#?43	ASCII	ascii	1	CEO.exe@RVA A8AE4
@PAQBR	ASCII	ascii	1	CEO.exe@RVA 72D74
@PQR	ASCII	ascii	1	CEO.exe@RVA 83A18
@PSVV	ASCII	ascii	1	CEO.exe@RVA 93766
@PWV	ASCII	ascii	1	CEO.exe@RVA 988B1
@Q H	ASCII	ascii	1	stage/stage09.stg@seg4538+0xA
@QPV	ASCII	ascii	1	CEO.exe@RVA 308FE
@SurP	ASCII	ascii	1	CEO.exe@RVA 9442B
@VNQ	ASCII	ascii	1	CEO.exe@RVA A7B53
@\)E	ASCII	ascii	1	CEO.exe@RVA A9EF
@_^3	ASCII	ascii	1	CEO.exe@RVA 7AD34
@cp:	ASCII	ascii	1	stage/stage12.stg@seg495+0xB
@ek-	ASCII	ascii	1	stage/stage12.stg@seg499+0xB
@j:f	ASCII	ascii	1	CEO.exe@RVA 8A140
@tH9	ASCII	ascii	1	CEO.exe@RVA 9CA76
@u^V	ASCII	ascii	1	CEO.exe@RVA 900CA
A =  附近的( (工作人口 * 4) + (居住人口 * 3) + (學生人口 * 2) + 活動人口 )	中文	big5	1	data/formula.csv@L103
A = ((距離+50)/50)	中文	big5	1	data/formula.csv@L87
A = min(年份, 10)	中文	big5	1	data/formula.csv@L108
A ^9Q	ASCII	ascii	1	CEO.exe@RVA 689E2
A<)u	ASCII	ascii	1	CEO.exe@RVA 37D9F
A= (消費人吸引力+C5)/C6	中文	big5	1	data/formula.csv@L17
ABC;	ASCII	ascii	1	CEO.exe@RVA 29816
ACT_P,	ASCII	ascii	1	Face/taskplay.h@L84
ACT_P_BAR,	ASCII	ascii	1	Face/taskplay.h@L85
ADD_INTEREST,	ASCII	ascii	1	Face/Bank.h@L29
ADD_OK,	ASCII	ascii	1	Face/Bank.h@L36
ADVANTAGE,	ASCII	ascii	1	Face/ceo_info.h@L18
ADVANTAGE_NAME	ASCII	ascii	1	Face/ceo_info.h@L19
AFHy	ASCII	ascii	1	CEO.exe@RVA 383C3
AFOu	ASCII	ascii	1	CEO.exe@RVA 69CAA
AGENT_NAME,	ASCII	ascii	1	Face/freeplay.h@L171
AHhh	ASCII	ascii	1	CEO.exe@RVA 2EB7E
AI1	ASCII	big5	1	data/Stages.csv@L1
AI2	ASCII	big5	1	data/Stages.csv@L1
AI3	ASCII	big5	1	data/Stages.csv@L1
AI4	ASCII	big5	1	data/Stages.csv@L1
AI5	ASCII	big5	1	data/Stages.csv@L1
AI6	ASCII	big5	1	data/Stages.csv@L1
AIInfo.csv	ASCII	big5	1	DATA.APKG@#0
AI_style 編號	中文	big5	1	data/AI_style.csv@L1
AI_style.csv	ASCII	big5	1	DATA.APKG@#1
AI分類	中文	big5	1	data/Machine_type.csv@L1
AI基本資金	中文	big5	1	data/Stages.csv@L1
AI開始生產某項玩家已有生產之產品時	中文	big5	1	data/Talk_idx.csv@L5
AI開始銷售某項玩家已有銷售之產品時	中文	big5	1	data/Talk_idx.csv@L7
APPROACH,	ASCII	ascii	1	Face/taskhint.h@L14
ASSETS_0,	ASCII	ascii	1	Face/balance_info.h@L26
ASSETS_DEBT0,	ASCII	ascii	1	Face/balance_info.h@L21
ASSETS_DEBT1,	ASCII	ascii	1	Face/balance_info.h@L23
ASSETS_TOTAL0,	ASCII	ascii	1	Face/balance_info.h@L38
ASSET_NUM,	ASCII	ascii	1	Face/win_face.h@L28
ASSET_TXT,	ASCII	ascii	1	Face/win_face.h@L27
ATOTAL_NUM,	ASCII	ascii	1	Face/balance_info.h@L58
ATOTAL_PER,	ASCII	ascii	1	Face/balance_info.h@L65
AVG_COST,	ASCII	ascii	1	Face/factinf_pro.h@L31
AVG_PAY,	ASCII	ascii	1	Face/freeplay.h@L87
AVG_PAY_BAR,	ASCII	ascii	1	Face/freeplay.h@L163
A]?VJ	ASCII	ascii	1	CEO.exe@RVA ACEDD
A`+AX	ASCII	ascii	1	CEO.exe@RVA 873A1
Ad+A	ASCII	ascii	1	CEO.exe@RVA 838F1
Ad+A\	ASCII	ascii	1	CEO.exe@RVA 87391
Ai0T	ASCII	ascii	1	CEO.exe@RVA A7B33
AiFC.	ASCII	ascii	1	CEO.exe@RVA A9459
Already fix , please restart this program.	ASCII	ascii	1	CEO.exe@RVA A4C70
Arq\t	ASCII	ascii	1	stage/stage11.stg@seg3037+0xB
Ars\t	ASCII	ascii	1	stage/stage11.stg@seg3025+0xB
Arv\t	ASCII	ascii	1	stage/stage11.stg@seg3038+0xB
Au\t_	ASCII	ascii	1	CEO.exe@RVA 1D26
Ax#?uN}*	ASCII	ascii	1	CEO.exe@RVA A8AF4
Azl-	ASCII	ascii	1	stage/stage12.stg@seg492+0xB
B = ( A*(A+1) ) / 2	ASCII	big5	1	data/formula.csv@L109
B@;A	ASCII	ascii	1	CEO.exe@RVA 64DA6
BAR_MUS_VOL,	ASCII	ascii	1	Face/new_option.h@L10
BAR_SND_VOL,	ASCII	ascii	1	Face/new_option.h@L11
BAR_SPEED	ASCII	ascii	1	Face/new_option.h@L12
BASE_PERCENT,	ASCII	ascii	1	Face/face_retailmachine.h@L43
BASIC_POINT,	ASCII	ascii	1	Face/taskplay.h@L74
BASIC_POINT_NUM,	ASCII	ascii	1	Face/taskplay.h@L75
BEST_POINT,	ASCII	ascii	1	Face/taskplay.h@L50
BEST_POINT_NUM,	ASCII	ascii	1	Face/win_face.h@L40
BEST_POINT_TXT,	ASCII	ascii	1	Face/win_face.h@L39
BIG_LAND,	ASCII	ascii	1	Face/extface_putland.h@L4
BOARD,	ASCII	ascii	1	Face/IO_rule_1.h@L2
BOARD.idx2	ASCII	big5	1	FACEPICS.APKG@#4
BOARD.pic2	ASCII	big5	1	FACEPICS.APKG@#5
BOARD1,	ASCII	ascii	1	Face/inoutinfo.h@L45
BOARD_00,	ASCII	ascii	1	Face/IO_rule.h@L8
BOARD_01,	ASCII	ascii	1	Face/IO_rule.h@L9
BOARD_02,	ASCII	ascii	1	Face/IO_rule.h@L10
BOARD_03,	ASCII	ascii	1	Face/IO_rule.h@L11
BOARD_04,	ASCII	ascii	1	Face/IO_rule.h@L12
BOARD_05,	ASCII	ascii	1	Face/IO_rule.h@L13
BOARD_06,	ASCII	ascii	1	Face/IO_rule.h@L14
BOARD_07,	ASCII	ascii	1	Face/IO_rule.h@L15
BOARD_08,	ASCII	ascii	1	Face/IO_rule.h@L16
BOARD_09,	ASCII	ascii	1	Face/IO_rule.h@L17
BOARD_TEXT,	ASCII	ascii	1	Face/inoutinfo.h@L46
BOX_AMOUNT,	ASCII	ascii	1	Face/prod_info.h@L36
BOX_AMOUNT1,	ASCII	ascii	1	Face/IO_rule_1.h@L31
BOX_AMOUNT2,	ASCII	ascii	1	Face/IO_rule_1.h@L35
BRPQ	ASCII	ascii	1	CEO.exe@RVA 839FA
BTN_001,	ASCII	ascii	1	Face/face_sp1.h@L2
BTN_002	ASCII	ascii	1	Face/face_sp1.h@L3
BTN_ADD	ASCII	ascii	1	Face/factinf_buy.h@L6
BTN_ARROW_1,	ASCII	ascii	1	Face/ProductBook.h@L10
BTN_BG,	ASCII	ascii	1	Face/FirmLoadArea_list.h@L2
BTN_BG_10,	ASCII	ascii	1	Face/FirmLoadArea-1.h@L11
BTN_BG_11,	ASCII	ascii	1	Face/FirmLoadArea-1.h@L12
BTN_BG_12,	ASCII	ascii	1	Face/FirmLoadArea-1.h@L13
BTN_BG_13,	ASCII	ascii	1	Face/FirmLoadArea-1.h@L14
BTN_BG_14,	ASCII	ascii	1	Face/FirmLoadArea-1.h@L15
BTN_BG_15,	ASCII	ascii	1	Face/FirmLoadArea-1.h@L16
BTN_BG_8,	ASCII	ascii	1	Face/FirmLoadArea-1.h@L9
BTN_BG_9,	ASCII	ascii	1	Face/FirmLoadArea-1.h@L10
BTN_BOARD_1,	ASCII	ascii	1	Face/FirmLoadArea-1.h@L17
BTN_BOARD_10,	ASCII	ascii	1	Face/FirmLoadArea-1.h@L26
BTN_BOARD_2,	ASCII	ascii	1	Face/FirmLoadArea-1.h@L18
BTN_BOARD_3,	ASCII	ascii	1	Face/FirmLoadArea-1.h@L19
BTN_BOARD_4,	ASCII	ascii	1	Face/FirmLoadArea-1.h@L20
BTN_BOARD_5,	ASCII	ascii	1	Face/FirmLoadArea-1.h@L21
BTN_BOARD_6,	ASCII	ascii	1	Face/FirmLoadArea-1.h@L22
BTN_BOARD_7,	ASCII	ascii	1	Face/FirmLoadArea-1.h@L23
BTN_BOARD_8,	ASCII	ascii	1	Face/FirmLoadArea-1.h@L24
BTN_BOARD_9,	ASCII	ascii	1	Face/FirmLoadArea-1.h@L25
BTN_BOTTOM,	ASCII	ascii	1	Face/FirmMachine_List.h@L2
BTN_BRICK_BUTTON,	ASCII	ascii	1	Face/BuildingFirm.h@L6
BTN_BUILDMINE_FACT_NEW,	ASCII	ascii	1	Face/ToBuildFirm-Mine.h@L3
BTN_BUILDMINE_FACT_OLD,	ASCII	ascii	1	Face/ToBuildFirm-Mine.h@L2
BTN_BUILDMINE_FARM,	ASCII	ascii	1	Face/ToBuildFirm-Mine.h@L6
BTN_BUILDMINE_FARM_1,	ASCII	ascii	1	Face/ToBuildFirm-Mine.h@L7
BTN_BUILDMINE_MINE,	ASCII	ascii	1	Face/ToBuildFirm-Mine.h@L8
BTN_BUILDMINE_STORE,	ASCII	ascii	1	Face/ToBuildFirm-Mine.h@L4
BTN_BUILDMINE_STORE_1,	ASCII	ascii	1	Face/ToBuildFirm-Mine.h@L5
BTN_BUILD_BUSI,	ASCII	ascii	1	Face/buildbtn.h@L3
BTN_BUILD_FACT,	ASCII	ascii	1	Face/buildbtn.h@L2
BTN_BUILD_FACT_NEW,	ASCII	ascii	1	Face/ToBuildFirm.h@L3
BTN_BUILD_FACT_OLD,	ASCII	ascii	1	Face/ToBuildFirm.h@L2
BTN_BUILD_FARM_1,	ASCII	ascii	1	Face/ToBuildFirm.h@L7
BTN_BUILD_HFARM,	ASCII	ascii	1	Face/buildbtn.h@L6
BTN_BUILD_HOT,	ASCII	ascii	1	Face/buildbtn.h@L4
BTN_BUILD_SALE	ASCII	ascii	1	Face/buildbtn.h@L8
BTN_BUILD_STORE,	ASCII	ascii	1	Face/ToBuildFirm.h@L4
BTN_BUILD_STORE_1,	ASCII	ascii	1	Face/ToBuildFirm.h@L5
BTN_BUYMACHINE	ASCII	ascii	1	Face/face_btn2.h@L3
BTN_BUY_ARROW_1,	ASCII	ascii	1	Face/FirmLoadArea-1.h@L93
BTN_BUY_ARROW_10,	ASCII	ascii	1	Face/FirmLoadArea-1.h@L102
BTN_BUY_ARROW_2,	ASCII	ascii	1	Face/FirmLoadArea-1.h@L94
BTN_BUY_ARROW_3,	ASCII	ascii	1	Face/FirmLoadArea-1.h@L95
BTN_BUY_ARROW_4,	ASCII	ascii	1	Face/FirmLoadArea-1.h@L96
BTN_BUY_ARROW_5,	ASCII	ascii	1	Face/FirmLoadArea-1.h@L97
BTN_BUY_ARROW_6,	ASCII	ascii	1	Face/FirmLoadArea-1.h@L98
BTN_BUY_ARROW_7,	ASCII	ascii	1	Face/FirmLoadArea-1.h@L99
BTN_BUY_ARROW_8,	ASCII	ascii	1	Face/FirmLoadArea-1.h@L100
BTN_BUY_ARROW_9,	ASCII	ascii	1	Face/FirmLoadArea-1.h@L101
BTN_CANNEL,	ASCII	ascii	1	Face/taskhint.h@L13
BTN_CITYTYPE,	ASCII	ascii	1	Face/GameSetting.h@L24
BTN_CLOSE	ASCII	ascii	1	Face/NPCselect.h@L4
BTN_COLOR,	ASCII	ascii	1	Face/GameSetting.h@L17
BTN_COMPANY,	ASCII	ascii	1	Face/SmallMapBtn.h@L2
BTN_CONCRETE_BUTTON,	ASCII	ascii	1	Face/BuildingFirm.h@L7
BTN_COR_SW,	ASCII	ascii	1	Face/balance_info.h@L68
BTN_DEL,	ASCII	ascii	1	Face/IO_rule_1.h@L4
BTN_DIRT_BUTTON,	ASCII	ascii	1	Face/BuildingFirm.h@L4
BTN_DOWN,	ASCII	ascii	1	Face/ExitButton.h@L3
BTN_EMPTY_STAR_1,	ASCII	ascii	1	Face/home.h@L28
BTN_EMPTY_STAR_2,	ASCII	ascii	1	Face/home.h@L29
BTN_EMPTY_STAR_3,	ASCII	ascii	1	Face/home.h@L30
BTN_EMPTY_STAR_4,	ASCII	ascii	1	Face/home.h@L31
BTN_EMPTY_STAR_5	ASCII	ascii	1	Face/home.h@L32
BTN_EXITFACT	ASCII	ascii	1	Face/fact_exit.h@L2
BTN_EXITGAME,	ASCII	ascii	1	Face/Load-1.h@L6
BTN_EXITGAME_WORD	ASCII	ascii	1	Face/Load-1.h@L11
BTN_FACE_RESI,	ASCII	ascii	1	Face/home.h@L15
BTN_FACE_STUDENT,	ASCII	ascii	1	Face/home.h@L18
BTN_FACE_WALK,	ASCII	ascii	1	Face/home.h@L17
BTN_FACE_WORK,	ASCII	ascii	1	Face/home.h@L16
BTN_FACTORY,	ASCII	ascii	1	Face/face_smallmap.h@L3
BTN_FACT_MANG	ASCII	ascii	1	Face/ownerfact_btns.h@L4
BTN_FACT_REPORT,	ASCII	ascii	1	Face/ownerfact_btns.h@L3
BTN_FORSALE_BUY,	ASCII	ascii	1	Face/forsale.h@L2
BTN_FORSALE_MINE_BUY,	ASCII	ascii	1	Face/forsale-mine.h@L2
BTN_FORSALE_PIC,	ASCII	ascii	1	Face/forsale.h@L11
BTN_GAME_OVER,	ASCII	ascii	1	Face/lose_face.h@L15
BTN_GLASS_BUTTON,	ASCII	ascii	1	Face/BuildingFirm.h@L8
BTN_GOTO,	ASCII	ascii	1	Face/face_talk.h@L6
BTN_HOME_PIC,	ASCII	ascii	1	Face/home.h@L12
BTN_INFO,	ASCII	ascii	1	Face/main.h@L10
BTN_INTO_FACT,	ASCII	ascii	1	Face/ownerfact_btns.h@L2
BTN_IN_CHANGE,	ASCII	ascii	1	Face/ProductBook_Board.h@L9
BTN_IN_MORE,	ASCII	ascii	1	Face/ProductBook_Board.h@L8
BTN_IN_PIC,	ASCII	ascii	1	Face/ProductBook_Board.h@L10
BTN_IRON_BUTTON,	ASCII	ascii	1	Face/BuildingFirm.h@L5
BTN_ITEM,	ASCII	ascii	1	Face/FirmLoadArea_ItemBoard.h@L3
BTN_ITEM_ADD_1,	ASCII	ascii	1	Face/FirmLoadArea-1.h@L33
BTN_ITEM_ADD_10,	ASCII	ascii	1	Face/FirmLoadArea-1.h@L42
BTN_ITEM_ADD_2,	ASCII	ascii	1	Face/FirmLoadArea-1.h@L34
BTN_ITEM_ADD_3,	ASCII	ascii	1	Face/FirmLoadArea-1.h@L35
BTN_ITEM_ADD_4,	ASCII	ascii	1	Face/FirmLoadArea-1.h@L36
BTN_ITEM_ADD_5,	ASCII	ascii	1	Face/FirmLoadArea-1.h@L37
BTN_ITEM_ADD_6,	ASCII	ascii	1	Face/FirmLoadArea-1.h@L38
BTN_ITEM_ADD_7,	ASCII	ascii	1	Face/FirmLoadArea-1.h@L39
BTN_ITEM_ADD_8,	ASCII	ascii	1	Face/FirmLoadArea-1.h@L40
BTN_ITEM_ADD_9,	ASCII	ascii	1	Face/FirmLoadArea-1.h@L41
BTN_ITEM_CLEAR_1,	ASCII	ascii	1	Face/FirmLoadArea-1.h@L43
BTN_ITEM_CLEAR_10,	ASCII	ascii	1	Face/FirmLoadArea-1.h@L52
BTN_ITEM_CLEAR_2,	ASCII	ascii	1	Face/FirmLoadArea-1.h@L44
BTN_ITEM_CLEAR_3,	ASCII	ascii	1	Face/FirmLoadArea-1.h@L45
BTN_ITEM_CLEAR_4,	ASCII	ascii	1	Face/FirmLoadArea-1.h@L46
BTN_ITEM_CLEAR_5,	ASCII	ascii	1	Face/FirmLoadArea-1.h@L47
BTN_ITEM_CLEAR_6,	ASCII	ascii	1	Face/FirmLoadArea-1.h@L48
BTN_ITEM_CLEAR_7,	ASCII	ascii	1	Face/FirmLoadArea-1.h@L49
BTN_ITEM_CLEAR_8,	ASCII	ascii	1	Face/FirmLoadArea-1.h@L50
BTN_ITEM_CLEAR_9,	ASCII	ascii	1	Face/FirmLoadArea-1.h@L51
BTN_LEFT,	ASCII	ascii	1	Face/MapRotate.h@L2
BTN_LINE1,	ASCII	ascii	1	Face/MachineProduct.h@L4
BTN_LINE2,	ASCII	ascii	1	Face/MachineProduct.h@L5
BTN_LINE3,	ASCII	ascii	1	Face/MachineProduct.h@L6
BTN_LINE4,	ASCII	ascii	1	Face/MachineProduct.h@L7
BTN_LINE5,	ASCII	ascii	1	Face/MachineProduct.h@L8
BTN_LISTBOARD,	ASCII	ascii	1	Face/FirmLoadArea-1.h@L204
BTN_LOAD_GAME,	ASCII	ascii	1	Face/freeplay_menu.h@L3
BTN_LOAD_WORD,	ASCII	ascii	1	Face/Load-1.h@L9
BTN_MACHINE,	ASCII	ascii	1	Face/MyFirmButton.h@L2
BTN_MAINMENU,	ASCII	ascii	1	Face/Load-1.h@L5
BTN_MAINMENU_WORD,	ASCII	ascii	1	Face/Load-1.h@L10
BTN_MANAGER,	ASCII	ascii	1	Face/face_salary_0.h@L2
BTN_MAP,	ASCII	ascii	1	Face/GameSetting.h@L22
BTN_MINE,	ASCII	ascii	1	Face/SmallMapBtn.h@L4
BTN_MONEY_ADD,	ASCII	ascii	1	Face/GameSetting.h@L20
BTN_MONEY_MINUS,	ASCII	ascii	1	Face/GameSetting.h@L21
BTN_MOVING,	ASCII	ascii	1	Face/ProductBook.h@L14
BTN_MUSIC,	ASCII	ascii	1	Face/Option.h@L4
BTN_MUS_VAL,	ASCII	ascii	1	Face/new_option.h@L4
BTN_NEWSLIGHT,	ASCII	ascii	1	Face/main.h@L16
BTN_NEWSUP,	ASCII	ascii	1	Face/main.h@L17
BTN_NEW_1,	ASCII	ascii	1	Face/taskmenu.h@L61
BTN_NEW_10,	ASCII	ascii	1	Face/taskmenu.h@L70
BTN_NEW_2,	ASCII	ascii	1	Face/taskmenu.h@L62
BTN_NEW_3,	ASCII	ascii	1	Face/taskmenu.h@L63
BTN_NEW_4,	ASCII	ascii	1	Face/taskmenu.h@L64
BTN_NEW_5,	ASCII	ascii	1	Face/taskmenu.h@L65
BTN_NEW_6,	ASCII	ascii	1	Face/taskmenu.h@L66
BTN_NEW_7,	ASCII	ascii	1	Face/taskmenu.h@L67
BTN_NEW_8,	ASCII	ascii	1	Face/taskmenu.h@L68
BTN_NEW_9,	ASCII	ascii	1	Face/taskmenu.h@L69
BTN_NEW_GAME,	ASCII	ascii	1	Face/freeplay_menu.h@L2
BTN_NO	ASCII	ascii	1	Face/face_fix_machine.h@L6
BTN_NORMAL,	ASCII	ascii	1	Face/face_btn2.h@L2
BTN_NORMAL_INFO	ASCII	ascii	1	Face/MyFirmButton.h@L6
BTN_NUM_1,	ASCII	ascii	1	Face/taskmenu.h@L21
BTN_NUM_10,	ASCII	ascii	1	Face/taskmenu.h@L30
BTN_NUM_2,	ASCII	ascii	1	Face/taskmenu.h@L22
BTN_NUM_3,	ASCII	ascii	1	Face/taskmenu.h@L23
BTN_NUM_4,	ASCII	ascii	1	Face/taskmenu.h@L24
BTN_NUM_5,	ASCII	ascii	1	Face/taskmenu.h@L25
BTN_NUM_6,	ASCII	ascii	1	Face/taskmenu.h@L26
BTN_NUM_7,	ASCII	ascii	1	Face/taskmenu.h@L27
BTN_NUM_8,	ASCII	ascii	1	Face/taskmenu.h@L28
BTN_NUM_9,	ASCII	ascii	1	Face/taskmenu.h@L29
BTN_OPEN,	ASCII	ascii	1	Face/taskmenu.h@L71
BTN_OUT_CHANGE,	ASCII	ascii	1	Face/ProductBook.h@L13
BTN_OUT_PIC,	ASCII	ascii	1	Face/ProductBook.h@L12
BTN_OUT_SEL,	ASCII	ascii	1	Face/face_put_machine.h@L6
BTN_PIC,	ASCII	ascii	1	Face/forsale-mine.h@L17
BTN_PRODUCTS,	ASCII	ascii	1	Face/face_smallmap.h@L2
BTN_PROFIT	ASCII	ascii	1	Face/face_btn1.h@L5
BTN_QUITGAME,	ASCII	ascii	1	Face/new_option.h@L9
BTN_REMOVE	ASCII	ascii	1	Face/factinf_dorm.h@L21
BTN_RESOURCE,	ASCII	ascii	1	Face/face_smallmap.h@L5
BTN_RETAIL,	ASCII	ascii	1	Face/face_btn1.h@L3
BTN_RIGHT	ASCII	ascii	1	Face/MapRotate.h@L3
BTN_SALE,	ASCII	ascii	1	Face/face_btn1.h@L2
BTN_SALES_ADD	ASCII	ascii	1	Face/SalaryAdjust.h@L22
BTN_SALES_MINUS,	ASCII	ascii	1	Face/SalaryAdjust.h@L20
BTN_SAVE_WORD,	ASCII	ascii	1	Face/Load-1.h@L8
BTN_SCROLLDN,	ASCII	ascii	1	Face/IO_rule.h@L21
BTN_SCROLLUP,	ASCII	ascii	1	Face/IO_rule.h@L20
BTN_SEARCH,	ASCII	ascii	1	Face/face_smallmap.h@L7
BTN_SELECT_COLOR	ASCII	ascii	1	Face/ceo_regist.h@L13
BTN_SELL_ADD_1,	ASCII	ascii	1	Face/FirmLoadArea-1.h@L153
BTN_SELL_ADD_10,	ASCII	ascii	1	Face/FirmLoadArea-1.h@L162
BTN_SELL_ADD_2,	ASCII	ascii	1	Face/FirmLoadArea-1.h@L154
BTN_SELL_ADD_3,	ASCII	ascii	1	Face/FirmLoadArea-1.h@L155
BTN_SELL_ADD_4,	ASCII	ascii	1	Face/FirmLoadArea-1.h@L156
BTN_SELL_ADD_5,	ASCII	ascii	1	Face/FirmLoadArea-1.h@L157
BTN_SELL_ADD_6,	ASCII	ascii	1	Face/FirmLoadArea-1.h@L158
BTN_SELL_ADD_7,	ASCII	ascii	1	Face/FirmLoadArea-1.h@L159
BTN_SELL_ADD_8,	ASCII	ascii	1	Face/FirmLoadArea-1.h@L160
BTN_SELL_ADD_9,	ASCII	ascii	1	Face/FirmLoadArea-1.h@L161
BTN_SELL_ARROW_1,	ASCII	ascii	1	Face/FirmLoadArea-1.h@L133
BTN_SELL_ARROW_10,	ASCII	ascii	1	Face/FirmLoadArea-1.h@L142
BTN_SELL_ARROW_2,	ASCII	ascii	1	Face/FirmLoadArea-1.h@L134
BTN_SELL_ARROW_3,	ASCII	ascii	1	Face/FirmLoadArea-1.h@L135
BTN_SELL_ARROW_4,	ASCII	ascii	1	Face/FirmLoadArea-1.h@L136
BTN_SELL_ARROW_5,	ASCII	ascii	1	Face/FirmLoadArea-1.h@L137
BTN_SELL_ARROW_6,	ASCII	ascii	1	Face/FirmLoadArea-1.h@L138
BTN_SELL_ARROW_7,	ASCII	ascii	1	Face/FirmLoadArea-1.h@L139
BTN_SELL_ARROW_8,	ASCII	ascii	1	Face/FirmLoadArea-1.h@L140
BTN_SELL_ARROW_9,	ASCII	ascii	1	Face/FirmLoadArea-1.h@L141
BTN_SELL_MINUS_1,	ASCII	ascii	1	Face/FirmLoadArea-1.h@L143
BTN_SELL_MINUS_10,	ASCII	ascii	1	Face/FirmLoadArea-1.h@L152
BTN_SELL_MINUS_2,	ASCII	ascii	1	Face/FirmLoadArea-1.h@L144
BTN_SELL_MINUS_3,	ASCII	ascii	1	Face/FirmLoadArea-1.h@L145
BTN_SELL_MINUS_4,	ASCII	ascii	1	Face/FirmLoadArea-1.h@L146
BTN_SELL_MINUS_5,	ASCII	ascii	1	Face/FirmLoadArea-1.h@L147
BTN_SELL_MINUS_6,	ASCII	ascii	1	Face/FirmLoadArea-1.h@L148
BTN_SELL_MINUS_7,	ASCII	ascii	1	Face/FirmLoadArea-1.h@L149
BTN_SELL_MINUS_8,	ASCII	ascii	1	Face/FirmLoadArea-1.h@L150
BTN_SELL_MINUS_9,	ASCII	ascii	1	Face/FirmLoadArea-1.h@L151
BTN_SETPROD,	ASCII	ascii	1	Face/prod_info.h@L22
BTN_SND_VOL,	ASCII	ascii	1	Face/new_option.h@L5
BTN_SOUND,	ASCII	ascii	1	Face/Option.h@L5
BTN_STEEL_BUTTON,	ASCII	ascii	1	Face/BuildingFirm.h@L9
BTN_STOCK_ADD_1,	ASCII	ascii	1	Face/FirmLoadArea-1.h@L113
BTN_STOCK_ADD_10,	ASCII	ascii	1	Face/FirmLoadArea-1.h@L122
BTN_STOCK_ADD_2,	ASCII	ascii	1	Face/FirmLoadArea-1.h@L114
BTN_STOCK_ADD_3,	ASCII	ascii	1	Face/FirmLoadArea-1.h@L115
BTN_STOCK_ADD_4,	ASCII	ascii	1	Face/FirmLoadArea-1.h@L116
BTN_STOCK_ADD_5,	ASCII	ascii	1	Face/FirmLoadArea-1.h@L117
BTN_STOCK_ADD_6,	ASCII	ascii	1	Face/FirmLoadArea-1.h@L118
BTN_STOCK_ADD_7,	ASCII	ascii	1	Face/FirmLoadArea-1.h@L119
BTN_STOCK_ADD_8,	ASCII	ascii	1	Face/FirmLoadArea-1.h@L120
BTN_STOCK_ADD_9,	ASCII	ascii	1	Face/FirmLoadArea-1.h@L121
BTN_STOCK_MINUS_1,	ASCII	ascii	1	Face/FirmLoadArea-1.h@L103
BTN_STOCK_MINUS_10,	ASCII	ascii	1	Face/FirmLoadArea-1.h@L112
BTN_STOCK_MINUS_2,	ASCII	ascii	1	Face/FirmLoadArea-1.h@L104
BTN_STOCK_MINUS_3,	ASCII	ascii	1	Face/FirmLoadArea-1.h@L105
BTN_STOCK_MINUS_4,	ASCII	ascii	1	Face/FirmLoadArea-1.h@L106
BTN_STOCK_MINUS_5,	ASCII	ascii	1	Face/FirmLoadArea-1.h@L107
BTN_STOCK_MINUS_6,	ASCII	ascii	1	Face/FirmLoadArea-1.h@L108
BTN_STOCK_MINUS_7,	ASCII	ascii	1	Face/FirmLoadArea-1.h@L109
BTN_STOCK_MINUS_8,	ASCII	ascii	1	Face/FirmLoadArea-1.h@L110
BTN_STOCK_MINUS_9,	ASCII	ascii	1	Face/FirmLoadArea-1.h@L111
BTN_TASK_INFO	ASCII	ascii	1	Face/main1.h@L39
BTN_TOBUILDFIRM_BUILD,	ASCII	ascii	1	Face/ToBuildFirm.h@L15
BTN_TOBUILDFIRM_MINE_BUILD,	ASCII	ascii	1	Face/ToBuildFirm-Mine.h@L15
BTN_TRY_AGAIN,	ASCII	ascii	1	Face/lose_face.h@L14
BTN_TYPE_ARROW,	ASCII	ascii	1	Face/ProductBook.h@L3
BTN_UP,	ASCII	ascii	1	Face/ExitButton.h@L4
BTN_WATER	ASCII	ascii	1	Face/SmallMapBtn.h@L5
BTN_WATERSOIL,	ASCII	ascii	1	Face/face_smallmap.h@L6
BTN_WOOD_BUTTON,	ASCII	ascii	1	Face/BuildingFirm.h@L3
BTN_WORKER,	ASCII	ascii	1	Face/face_salary_0.h@L4
BTN_YEAR_ADD,	ASCII	ascii	1	Face/GameSetting.h@L18
BTN_YEAR_MINUS,	ASCII	ascii	1	Face/GameSetting.h@L19
BTN_YES	ASCII	ascii	1	Face/face_put_machine.h@L29
BUILDFAC_EXPEN,	ASCII	ascii	1	Face/profit_info.h@L49
BUILDINGs.idx2	ASCII	big5	1	PICS.APKG@#8
BUILDINGs.pic2	ASCII	big5	1	PICS.APKG@#9
BULK_PERCENT,	ASCII	ascii	1	Face/factinf_board.h@L45
BULK_PRICE_DEC,	ASCII	ascii	1	Face/factinf_pro.h@L23
BULK_PRICE_INC,	ASCII	ascii	1	Face/factinf_pro.h@L24
BULK_PRICE_PERCENT,	ASCII	ascii	1	Face/factinf_pro.h@L37
BUSINESS_SNAME,	ASCII	ascii	1	Face/ceo_regist.h@L5
BUS_PRODUCT,	ASCII	ascii	1	Face/win_face.h@L42
BUTTON	ASCII	utf16le	1	CEO.exe@RVA A32E8
BUTTON_NO,	ASCII	ascii	1	Face/freeplay.h@L166
BUTTON_YES,	ASCII	ascii	1	Face/freeplay.h@L165
BUY_AVAILABLE,	ASCII	ascii	1	Face/IO_rule_1.h@L20
BUY_BUT,	ASCII	ascii	1	Face/prod_info.h@L27
BUY_CONDITION,	ASCII	ascii	1	Face/factinf_pro.h@L48
BUY_COST,	ASCII	ascii	1	Face/buystuff_confirm.h@L6
BUY_FACT_SUM,	ASCII	ascii	1	Face/factinf_pro.h@L43
BUY_MACHINE_GROUP,	ASCII	ascii	1	Face/ProductBook.h@L28
BUY_NUM01,	ASCII	ascii	1	Face/prod_info.h@L66
BUY_NUM02,	ASCII	ascii	1	Face/prod_info.h@L67
BUY_NUM03,	ASCII	ascii	1	Face/prod_info.h@L68
BUY_NUM04,	ASCII	ascii	1	Face/prod_info.h@L69
BUY_NUM05,	ASCII	ascii	1	Face/prod_info.h@L70
BUY_NUM06,	ASCII	ascii	1	Face/prod_info.h@L71
BUY_NUM07,	ASCII	ascii	1	Face/prod_info.h@L72
BUY_NUM08,	ASCII	ascii	1	Face/prod_info.h@L73
BUY_NUM09,	ASCII	ascii	1	Face/prod_info.h@L74
BUY_NUM10,	ASCII	ascii	1	Face/prod_info.h@L75
BUY_PRICE,	ASCII	ascii	1	Face/IO_rule_1.h@L12
BUY_RULE,	ASCII	ascii	1	Face/IO_rule_1.h@L9
BUY_SUM,	ASCII	ascii	1	Face/prod_info.h@L138
BUY_TACTIC,	ASCII	ascii	1	Face/factinf_pro.h@L20
BUY_VAL	ASCII	ascii	1	Face/face_salesman.h@L11
Bank.fce	ASCII	big5	1	FACE.APKG@#2
Bank.h	ASCII	big5	1	FACE.APKG@#3
Bank.idx2	ASCII	big5	1	FACEPICS.APKG@#2
Bank.pic2	ASCII	big5	1	FACEPICS.APKG@#3
BeginPaint	ASCII	ascii	1	CEO.exe@RVA B02CA
Bfe9	ASCII	ascii	1	CEO.exe@RVA A935B
BitBlt	ASCII	ascii	1	CEO.exe@RVA B0B46
Blocktype == 0 and window-switching == 1 not allowed.	ASCII	ascii	1	CEO.exe@RVA A61A8
Board.fce	ASCII	big5	1	FACE.APKG@#4
Board.h	ASCII	big5	1	FACE.APKG@#5
BuildinGFIRM.idx2	ASCII	big5	1	FACEPICS.APKG@#10
BuildinGFIRM.pic2	ASCII	big5	1	FACEPICS.APKG@#11
BuildingFirm.fce	ASCII	big5	1	FACE.APKG@#8
BuildingFirm.h	ASCII	big5	1	FACE.APKG@#9
BuyLandConfirm.fce	ASCII	big5	1	FACE.APKG@#12
BuyLandConfirm.h	ASCII	big5	1	FACE.APKG@#13
B|,f	ASCII	ascii	1	CEO.exe@RVA D764
C$QR	ASCII	ascii	1	CEO.exe@RVA 737B7
C$WR	ASCII	ascii	1	CEO.exe@RVA 746D0
C&~E	ASCII	ascii	1	stage/stage13.stg@seg137+0xB
C(RP	ASCII	ascii	1	CEO.exe@RVA 73585
C0S0c0l0	ASCII	ascii	1	CEO.exe@RVA 4FA570
C1,	ASCII	ascii	1	Face/Bank.h@L17
C10	ASCII	big5	1	data/formula.csv@L148
C10=	ASCII	big5	1	data/formula.csv@L59
C11	ASCII	big5	1	data/formula.csv@L149
C11=	ASCII	big5	1	data/formula.csv@L60
C12	ASCII	big5	1	data/formula.csv@L150
C12=	ASCII	big5	1	data/formula.csv@L61
C13	ASCII	big5	1	data/formula.csv@L151
C13=	ASCII	big5	1	data/formula.csv@L62
C14	ASCII	big5	1	data/formula.csv@L152
C15	ASCII	big5	1	data/formula.csv@L153
C16	ASCII	big5	1	data/formula.csv@L154
C2-化學物	中文	big5	1	data/formula.csv@L129
C2-木材	中文	big5	1	data/formula.csv@L130
C2-煤碳	中文	big5	1	data/formula.csv@L127
C2-石油	中文	big5	1	data/formula.csv@L128
C2-矽	中文	big5	1	data/formula.csv@L126
C2-砂土	中文	big5	1	data/formula.csv@L131
C2-金	中文	big5	1	data/formula.csv@L122
C2-銀	中文	big5	1	data/formula.csv@L123
C2-鋁	中文	big5	1	data/formula.csv@L125
C2-鐵	中文	big5	1	data/formula.csv@L124
C7	ASCII	big5	1	data/formula.csv@L145
C8	ASCII	big5	1	data/formula.csv@L146
C8G~	ASCII	ascii	1	stage/stage08.stg@seg2606+0xB
C9	ASCII	big5	1	data/formula.csv@L147
C@G;	ASCII	ascii	1	CEO.exe@RVA 3EFC1
CAN_RETAIL,	ASCII	ascii	1	Face/ProductBook.h@L40
CAN_RETAIL1	ASCII	ascii	1	Face/ProductBook_Board.h@L11
CASHNUM_01,	ASCII	ascii	1	Face/score_info.h@L59
CASHNUM_02,	ASCII	ascii	1	Face/score_info.h@L60
CASHNUM_03,	ASCII	ascii	1	Face/score_info.h@L61
CASHNUM_04,	ASCII	ascii	1	Face/score_info.h@L62
CASHNUM_05,	ASCII	ascii	1	Face/score_info.h@L63
CASHNUM_06,	ASCII	ascii	1	Face/score_info.h@L64
CASHNUM_07,	ASCII	ascii	1	Face/score_info.h@L65
CASHNUM_08,	ASCII	ascii	1	Face/score_info.h@L66
CASHNUM_09,	ASCII	ascii	1	Face/score_info.h@L67
CASHNUM_10,	ASCII	ascii	1	Face/score_info.h@L68
CASHNUM_11,	ASCII	ascii	1	Face/score_info.h@L69
CASHNUM_12,	ASCII	ascii	1	Face/score_info.h@L70
CASH_0,	ASCII	ascii	1	Face/balance_info.h@L33
CASH_BUT,	ASCII	ascii	1	Face/score_info.h@L40
CASH_NUM,	ASCII	ascii	1	Face/balance_info.h@L47
CASH_PER,	ASCII	ascii	1	Face/balance_info.h@L61
CEO_COLOR,	ASCII	ascii	1	Face/ceo_info.h@L7
CEO_NAME,	ASCII	ascii	1	Face/ceo_regist.h@L4
CEO_SNAME,	ASCII	ascii	1	Face/ceo_regist.h@L6
CEO_STAGE_	ASCII	ascii	1	CEO.exe@RVA A45C0
CEO_STAGE_0	ASCII	ascii	1	CEO.exe@RVA A3110
CEO_STAGE_1	ASCII	ascii	1	CEO.exe@RVA A3104
CEO_STAGE_10	ASCII	ascii	1	CEO.exe@RVA A3094
CEO_STAGE_11	ASCII	ascii	1	CEO.exe@RVA A3084
CEO_STAGE_12	ASCII	ascii	1	CEO.exe@RVA A3074
CEO_STAGE_13	ASCII	ascii	1	CEO.exe@RVA A3064
CEO_STAGE_14	ASCII	ascii	1	CEO.exe@RVA A3054
CEO_STAGE_15	ASCII	ascii	1	CEO.exe@RVA A3044
CEO_STAGE_16	ASCII	ascii	1	CEO.exe@RVA A3034
CEO_STAGE_17	ASCII	ascii	1	CEO.exe@RVA A3024
CEO_STAGE_18	ASCII	ascii	1	CEO.exe@RVA A3014
CEO_STAGE_19	ASCII	ascii	1	CEO.exe@RVA A3004
CEO_STAGE_2	ASCII	ascii	1	CEO.exe@RVA A30F8
CEO_STAGE_3	ASCII	ascii	1	CEO.exe@RVA A30EC
CEO_STAGE_4	ASCII	ascii	1	CEO.exe@RVA A30E0
CEO_STAGE_5	ASCII	ascii	1	CEO.exe@RVA A30D4
CEO_STAGE_6	ASCII	ascii	1	CEO.exe@RVA A30C8
CEO_STAGE_7	ASCII	ascii	1	CEO.exe@RVA A30BC
CEO_STAGE_8	ASCII	ascii	1	CEO.exe@RVA A30B0
CEO_STAGE_9	ASCII	ascii	1	CEO.exe@RVA A30A4
CG;=	ASCII	ascii	1	CEO.exe@RVA 202C5
CG}E	ASCII	ascii	1	stage/stage13.stg@seg130+0xB
CHOOSE_COLOR,	ASCII	ascii	1	Face/freeplay.h@L42
CHOOSE_QUEST,	ASCII	ascii	1	Face/taskplay.h@L43
CHOOSE_TIME,	ASCII	ascii	1	Face/freeplay.h@L90
CHOOSE_TIME_1,	ASCII	ascii	1	Face/freeplay.h@L99
CHOOSE_TIME_2,	ASCII	ascii	1	Face/freeplay.h@L100
CHOOSE_TIME_3,	ASCII	ascii	1	Face/freeplay.h@L101
CHOOSE_TIME_W1,	ASCII	ascii	1	Face/freeplay.h@L102
CHOOSE_TIME_W2,	ASCII	ascii	1	Face/freeplay.h@L103
CHOOSE_TIME_W3,	ASCII	ascii	1	Face/freeplay.h@L104
CHOOSE_WIN_CON1,	ASCII	ascii	1	Face/freeplay.h@L59
CHOOSE_WIN_CON2,	ASCII	ascii	1	Face/freeplay.h@L61
CHOOSE_WIN_CON6,	ASCII	ascii	1	Face/freeplay.h@L83
CHOOSE_WIN_CON7,	ASCII	ascii	1	Face/freeplay.h@L85
CH_BOARD_CLR,	ASCII	ascii	1	Face/factinf_pro.h@L21
CH_PORT_CLR,	ASCII	ascii	1	Face/factinf_pro.h@L22
CITY_TYPE,	ASCII	ascii	1	Face/freeplay.h@L94
CITY_TYPE_CHOOSE,	ASCII	ascii	1	Face/freeplay.h@L98
CITY_TYPE_NAME,	ASCII	ascii	1	Face/freeplay.h@L97
CLR_0,	ASCII	ascii	1	Face/factinf_clrsel.h@L2
COLOR6_NAME,	ASCII	ascii	1	Face/taskplay.h@L99
COLOR_1,	ASCII	ascii	1	Face/taskhint.h@L37
COLOR_2,	ASCII	ascii	1	Face/taskhint.h@L39
COLOR_3,	ASCII	ascii	1	Face/taskhint.h@L41
COLOR_4,	ASCII	ascii	1	Face/taskhint.h@L43
COLOR_5,	ASCII	ascii	1	Face/taskhint.h@L45
COLOR_6,	ASCII	ascii	1	Face/taskhint.h@L47
COLUMN_0,	ASCII	ascii	1	Face/profit_info.h@L31
COMPANY_MONEY,	ASCII	ascii	1	Face/freeplay.h@L92
COMPANY_MONEY_DEC,	ASCII	ascii	1	Face/freeplay.h@L110
COMPANY_MONEY_INC,	ASCII	ascii	1	Face/freeplay.h@L111
COMPANY_MONEY_NUM,	ASCII	ascii	1	Face/freeplay.h@L112
COMPANY_MONEY_WNUM,	ASCII	ascii	1	Face/freeplay.h@L113
COMPANY_N,	ASCII	ascii	1	Face/freeplay.h@L38
COMPANY_S,	ASCII	ascii	1	Face/freeplay.h@L39
COMPANY_SNAME,	ASCII	ascii	1	Face/freeplay.h@L37
COMPANY_VALUE,	ASCII	ascii	1	Face/Bank.h@L15
COMPETITION1_COLOR,	ASCII	ascii	1	Face/freeplay.h@L126
COMPETITION1_INTRO,	ASCII	ascii	1	Face/freeplay.h@L156
COMPETITION1_NAME,	ASCII	ascii	1	Face/freeplay.h@L120
COMPETITION1_OK,	ASCII	ascii	1	Face/freeplay.h@L114
COMPETITION1_WYEAR,	ASCII	ascii	1	Face/freeplay.h@L150
COMPETITION1_YEAR,	ASCII	ascii	1	Face/freeplay.h@L144
COMPETITION1_YEAR_DEC,	ASCII	ascii	1	Face/freeplay.h@L132
COMPETITION1_YEAR_INC,	ASCII	ascii	1	Face/freeplay.h@L138
COMPETITION2_COLOR,	ASCII	ascii	1	Face/freeplay.h@L127
COMPETITION2_INTRO,	ASCII	ascii	1	Face/freeplay.h@L157
COMPETITION2_NAME,	ASCII	ascii	1	Face/freeplay.h@L121
COMPETITION2_OK,	ASCII	ascii	1	Face/freeplay.h@L115
COMPETITION2_WYEAR,	ASCII	ascii	1	Face/freeplay.h@L151
COMPETITION2_YEAR,	ASCII	ascii	1	Face/freeplay.h@L145
COMPETITION2_YEAR_DEC,	ASCII	ascii	1	Face/freeplay.h@L133
COMPETITION2_YEAR_INC,	ASCII	ascii	1	Face/freeplay.h@L139
COMPETITION3_COLOR,	ASCII	ascii	1	Face/freeplay.h@L128
COMPETITION3_INTRO,	ASCII	ascii	1	Face/freeplay.h@L158
COMPETITION3_NAME,	ASCII	ascii	1	Face/freeplay.h@L122
COMPETITION3_OK,	ASCII	ascii	1	Face/freeplay.h@L116
COMPETITION3_WYEAR,	ASCII	ascii	1	Face/freeplay.h@L152
COMPETITION3_YEAR,	ASCII	ascii	1	Face/freeplay.h@L146
COMPETITION3_YEAR_DEC,	ASCII	ascii	1	Face/freeplay.h@L134
COMPETITION3_YEAR_INC,	ASCII	ascii	1	Face/freeplay.h@L140
COMPETITION4_COLOR,	ASCII	ascii	1	Face/freeplay.h@L129
COMPETITION4_INTRO,	ASCII	ascii	1	Face/freeplay.h@L159
COMPETITION4_NAME,	ASCII	ascii	1	Face/freeplay.h@L123
COMPETITION4_OK,	ASCII	ascii	1	Face/freeplay.h@L117
COMPETITION4_WYEAR,	ASCII	ascii	1	Face/freeplay.h@L153
COMPETITION4_YEAR,	ASCII	ascii	1	Face/freeplay.h@L147
COMPETITION4_YEAR_DEC,	ASCII	ascii	1	Face/freeplay.h@L135
COMPETITION4_YEAR_INC,	ASCII	ascii	1	Face/freeplay.h@L141
COMPETITION5_COLOR,	ASCII	ascii	1	Face/freeplay.h@L130
COMPETITION5_INTRO,	ASCII	ascii	1	Face/freeplay.h@L160
COMPETITION5_NAME,	ASCII	ascii	1	Face/freeplay.h@L124
COMPETITION5_OK,	ASCII	ascii	1	Face/freeplay.h@L118
COMPETITION5_WYEAR,	ASCII	ascii	1	Face/freeplay.h@L154
COMPETITION5_YEAR,	ASCII	ascii	1	Face/freeplay.h@L148
COMPETITION5_YEAR_DEC,	ASCII	ascii	1	Face/freeplay.h@L136
COMPETITION5_YEAR_INC,	ASCII	ascii	1	Face/freeplay.h@L142
COMPETITION6_COLOR,	ASCII	ascii	1	Face/freeplay.h@L131
COMPETITION6_INTRO,	ASCII	ascii	1	Face/freeplay.h@L161
COMPETITION6_NAME,	ASCII	ascii	1	Face/freeplay.h@L125
COMPETITION6_OK,	ASCII	ascii	1	Face/freeplay.h@L119
COMPETITION6_WYEAR,	ASCII	ascii	1	Face/freeplay.h@L155
COMPETITION6_YEAR,	ASCII	ascii	1	Face/freeplay.h@L149
COMPETITION6_YEAR_DEC,	ASCII	ascii	1	Face/freeplay.h@L137
COMPETITION6_YEAR_INC,	ASCII	ascii	1	Face/freeplay.h@L143
COMPETITION_NUM,	ASCII	ascii	1	Face/win_face.h@L32
COMPETITION_TXT,	ASCII	ascii	1	Face/win_face.h@L31
CONDITION1,	ASCII	ascii	1	Face/taskhint.h@L16
CONDITION2,	ASCII	ascii	1	Face/taskhint.h@L19
CONDITION3,	ASCII	ascii	1	Face/taskhint.h@L22
CONDITION4,	ASCII	ascii	1	Face/taskhint.h@L25
CONDITION5,	ASCII	ascii	1	Face/taskhint.h@L28
CONDITION6,	ASCII	ascii	1	Face/taskhint.h@L31
CONDITION7,	ASCII	ascii	1	Face/taskhint.h@L34
CONOUT$	ASCII	utf16le	1	CEO.exe@RVA AE6CC
CONSUMER_CAP,	ASCII	ascii	1	Face/freeplay.h@L88
CONSUMER_CAP_BAR,	ASCII	ascii	1	Face/freeplay.h@L164
CORNAME01,	ASCII	ascii	1	Face/prod_info.h@L46
CORNAME02,	ASCII	ascii	1	Face/prod_info.h@L47
CORNAME03,	ASCII	ascii	1	Face/prod_info.h@L48
CORNAME04,	ASCII	ascii	1	Face/prod_info.h@L49
CORNAME05,	ASCII	ascii	1	Face/prod_info.h@L50
CORNAME06,	ASCII	ascii	1	Face/prod_info.h@L51
CORNAME07,	ASCII	ascii	1	Face/prod_info.h@L52
CORNAME08,	ASCII	ascii	1	Face/prod_info.h@L53
CORNAME09,	ASCII	ascii	1	Face/prod_info.h@L54
CORNAME10,	ASCII	ascii	1	Face/prod_info.h@L55
CORNAME_BUT,	ASCII	ascii	1	Face/prod_info.h@L25
CORP_NAME,	ASCII	ascii	1	Face/balance_info.h@L25
CORP_SW	ASCII	ascii	1	Face/profit_info.h@L84
CORP_UNITY,	ASCII	ascii	1	Face/profit_info.h@L26
COR_NAME01,	ASCII	ascii	1	Face/score_info.h@L27
COR_NAME02,	ASCII	ascii	1	Face/score_info.h@L28
COR_NAME03,	ASCII	ascii	1	Face/score_info.h@L29
COR_NAME04,	ASCII	ascii	1	Face/score_info.h@L30
COR_NAME05,	ASCII	ascii	1	Face/score_info.h@L31
COR_NAME06,	ASCII	ascii	1	Face/score_info.h@L32
COR_NAME07,	ASCII	ascii	1	Face/score_info.h@L33
COR_NAME08,	ASCII	ascii	1	Face/score_info.h@L34
COR_NAME09,	ASCII	ascii	1	Face/score_info.h@L35
COR_NAME10,	ASCII	ascii	1	Face/score_info.h@L36
COR_NAME11,	ASCII	ascii	1	Face/score_info.h@L37
COR_NAME12,	ASCII	ascii	1	Face/score_info.h@L38
COR_REVIEW,	ASCII	ascii	1	Face/profit_info.h@L22
COR_REVIEW0,	ASCII	ascii	1	Face/balance_info.h@L22
COR_REVIEW01,	ASCII	ascii	1	Face/score_info.h@L21
COR_REVIEW02,	ASCII	ascii	1	Face/score_info.h@L22
COR_SW,	ASCII	ascii	1	Face/profit_info.h@L83
COST_PERCENT	ASCII	ascii	1	Face/factinf_board.h@L47
COUNTRY_COLOR,	ASCII	ascii	1	Face/face_talk.h@L2
CREDIT_LINE,	ASCII	ascii	1	Face/Bank.h@L19
CREDIT_LINE1,	ASCII	ascii	1	Face/Bank.h@L27
CS_NUM01,	ASCII	ascii	1	Face/profit_info.h@L52
CS_NUM02,	ASCII	ascii	1	Face/profit_info.h@L53
CS_NUM03,	ASCII	ascii	1	Face/profit_info.h@L54
CS_NUM04,	ASCII	ascii	1	Face/profit_info.h@L55
CS_NUM05,	ASCII	ascii	1	Face/profit_info.h@L56
CS_NUM06,	ASCII	ascii	1	Face/profit_info.h@L57
CS_NUM07,	ASCII	ascii	1	Face/profit_info.h@L58
CS_NUM08,	ASCII	ascii	1	Face/profit_info.h@L59
CS_NUM09,	ASCII	ascii	1	Face/profit_info.h@L60
CS_NUM10,	ASCII	ascii	1	Face/profit_info.h@L61
CS_NUM11,	ASCII	ascii	1	Face/profit_info.h@L62
CS_NUM12,	ASCII	ascii	1	Face/profit_info.h@L63
CS_NUM13,	ASCII	ascii	1	Face/profit_info.h@L64
CUR1.idx2	ASCII	big5	1	PICS.APKG@#10
CUR1.pic2	ASCII	big5	1	PICS.APKG@#11
CURRENT_STAGE,	ASCII	ascii	1	Face/profit_info.h@L32
Cache Index Error !!	ASCII	ascii	1	CEO.exe@RVA A4C9C
ChangeDisplaySettings DISP_CHANGE_BADDUALVIEW	ASCII	ascii	1	CEO.exe@RVA A4FC8
ChangeDisplaySettings DISP_CHANGE_BADFLAGS	ASCII	ascii	1	CEO.exe@RVA A4F9C
ChangeDisplaySettings DISP_CHANGE_BADMODE	ASCII	ascii	1	CEO.exe@RVA A4F70
ChangeDisplaySettings DISP_CHANGE_BADPARAM	ASCII	ascii	1	CEO.exe@RVA A4F44
ChangeDisplaySettings DISP_CHANGE_FAILED	ASCII	ascii	1	CEO.exe@RVA A4F18
ChangeDisplaySettings DISP_CHANGE_NOTUPDATED	ASCII	ascii	1	CEO.exe@RVA A4EE8
ChangeDisplaySettings OTHERS	ASCII	ascii	1	CEO.exe@RVA A4EC8
ChangeDisplaySettingsA	ASCII	ascii	1	CEO.exe@RVA B0A6E
Citys.csv	ASCII	big5	1	DATA.APKG@#4
ClientToScreen	ASCII	ascii	1	CEO.exe@RVA B0A38
Close("%d")	ASCII	ascii	1	CEO.exe@RVA A4D70
CloseHandle	ASCII	ascii	1	CEO.exe@RVA B0184
CoCreateInstance	ASCII	ascii	1	CEO.exe@RVA B0BB0
CoInitialize	ASCII	ascii	1	CEO.exe@RVA B0BD6
CoUninitialize	ASCII	ascii	1	CEO.exe@RVA B0BC4
CompanyInfo.fce	ASCII	big5	1	FACE.APKG@#22
CompanyInfo.h	ASCII	big5	1	FACE.APKG@#23
CompareStringW	ASCII	ascii	1	CEO.exe@RVA B09AE
CorExitProcess	ASCII	ascii	1	CEO.exe@RVA A6318
CqTR;	ASCII	ascii	1	CEO.exe@RVA A93EA
CreateCompatibleDC	ASCII	ascii	1	CEO.exe@RVA B0B00
CreateDIBSection	ASCII	ascii	1	CEO.exe@RVA B0AEC
CreateDirectoryA	ASCII	ascii	1	CEO.exe@RVA B0160
CreateFileA	ASCII	ascii	1	CEO.exe@RVA B0192
CreateFileW	ASCII	ascii	1	CEO.exe@RVA B09A0
CreateFontA	ASCII	ascii	1	CEO.exe@RVA B0B50
CreateMutexA	ASCII	ascii	1	CEO.exe@RVA B0218
CreatePen	ASCII	ascii	1	CEO.exe@RVA B0B9A
CreateSolidBrush	ASCII	ascii	1	CEO.exe@RVA B0B86
CreateThread	ASCII	ascii	1	CEO.exe@RVA B0632
CreateWindowExA	ASCII	ascii	1	CEO.exe@RVA B0316
CreateWindowExW	ASCII	ascii	1	CEO.exe@RVA B0304
D2@G	ASCII	ascii	1	CEO.exe@RVA 29861
D?$?	ASCII	ascii	1	CEO.exe@RVA B94F6
D@%f	ASCII	ascii	1	CEO.exe@RVA F184
DDRAW.dll	ASCII	ascii	1	CEO.exe@RVA B0C02
DEBT_0,	ASCII	ascii	1	Face/balance_info.h@L27
DEC_BUYPRICE,	ASCII	ascii	1	Face/IO_rule_1.h@L11
DEC_QUALITY,	ASCII	ascii	1	Face/IO_rule_1.h@L17
DEC_RETAIL_COST,	ASCII	ascii	1	Face/IO_rule_1.h@L22
DEC_SALEPRICE,	ASCII	ascii	1	Face/IO_rule_1.h@L14
DEC_STORAGE,	ASCII	ascii	1	Face/IO_rule_1.h@L6
DEN_P,	ASCII	ascii	1	Face/taskplay.h@L76
DEN_P_BAR,	ASCII	ascii	1	Face/taskplay.h@L77
DESFA_INCOME,	ASCII	ascii	1	Face/profit_info.h@L47
DESFA_LOST,	ASCII	ascii	1	Face/profit_info.h@L50
DESMA_LOST,	ASCII	ascii	1	Face/profit_info.h@L51
DEVELOP_NUM,	ASCII	ascii	1	Face/win_face.h@L36
DEVELOP_TXT,	ASCII	ascii	1	Face/win_face.h@L35
DIFF,	ASCII	ascii	1	Face/taskplay.h@L68
DIFF_NUM1,	ASCII	ascii	1	Face/taskplay.h@L69
DIFF_NUM2,	ASCII	ascii	1	Face/taskplay.h@L70
DIFF_NUM3,	ASCII	ascii	1	Face/taskplay.h@L71
DIFF_NUM4,	ASCII	ascii	1	Face/taskplay.h@L72
DIFF_NUM5,	ASCII	ascii	1	Face/taskplay.h@L73
DOBr	ASCII	ascii	1	stage/stage05.stg@seg272+0x12
DORM-1.idx2	ASCII	big5	1	FACEPICS.APKG@#24
DORM-1.pic2	ASCII	big5	1	FACEPICS.APKG@#25
DORM.idx2	ASCII	big5	1	FACEPICS.APKG@#26
DORM.pic2	ASCII	big5	1	FACEPICS.APKG@#27
DSOUND.dll	ASCII	ascii	1	CEO.exe@RVA B03A0
DecodePointer	ASCII	ascii	1	CEO.exe@RVA B0510
DefWindowProcA	ASCII	ascii	1	CEO.exe@RVA B0280
DeleteCriticalSection	ASCII	ascii	1	CEO.exe@RVA B0790
DeleteDC	ASCII	ascii	1	CEO.exe@RVA B0B26
DeleteFileA	ASCII	ascii	1	CEO.exe@RVA B045E
DeleteObject	ASCII	ascii	1	CEO.exe@RVA B0B16
Desire -= Desire * (實際購買量 / Sum) * (N/Sum)	中文	big5	1	data/formula.csv@L27
Desire = Desire * C2 /100	ASCII	big5	1	data/formula.csv@L14
Desire 常數: (每次增加的 Desire 先乘以這個數字)	中文	big5	1	data/formula.csv@L134
Desire: 10000 = 一單位	中文	big5	1	data/formula.csv@L10
DestroyWindow	ASCII	ascii	1	CEO.exe@RVA B0292
DirectDrawCreate	ASCII	ascii	1	CEO.exe@RVA B0BF0
DispatchMessageA	ASCII	ascii	1	CEO.exe@RVA B0350
Dorm-1.fce	ASCII	big5	1	FACE.APKG@#24
Dorm-1.h	ASCII	big5	1	FACE.APKG@#25
Dorm.fce	ASCII	big5	1	FACE.APKG@#26
Dorm.h	ASCII	big5	1	FACE.APKG@#27
DrawTextA	ASCII	ascii	1	CEO.exe@RVA B02AE
E\t:.	ASCII	ascii	1	CEO.exe@RVA 8A1FB
E\tM=	ASCII	ascii	1	CEO.exe@RVA A767C
E QRPVVj	ASCII	ascii	1	CEO.exe@RVA 6CFC9
E WQ	ASCII	ascii	1	CEO.exe@RVA 7468D
E(+L	ASCII	ascii	1	CEO.exe@RVA 6D71
E062.WAV	ASCII	big5	1	SOUND.APKG@#61
E063.WAV	ASCII	big5	1	SOUND.APKG@#62
E064.WAV	ASCII	big5	1	SOUND.APKG@#63
E0Q0}0	ASCII	ascii	1	CEO.exe@RVA 4FC3BC
E100.WAV	ASCII	big5	1	SOUND.APKG@#64
E101.WAV	ASCII	big5	1	SOUND.APKG@#65
E102.WAV	ASCII	big5	1	SOUND.APKG@#66
E103.WAV	ASCII	big5	1	SOUND.APKG@#67
E104.WAV	ASCII	big5	1	SOUND.APKG@#68
E105.WAV	ASCII	big5	1	SOUND.APKG@#69
E106.WAV	ASCII	big5	1	SOUND.APKG@#70
E107.WAV	ASCII	big5	1	SOUND.APKG@#71
E108.WAV	ASCII	big5	1	SOUND.APKG@#72
E109.WAV	ASCII	big5	1	SOUND.APKG@#73
E110.WAV	ASCII	big5	1	SOUND.APKG@#74
E111.WAV	ASCII	big5	1	SOUND.APKG@#75
E112.WAV	ASCII	big5	1	SOUND.APKG@#76
E113.WAV	ASCII	big5	1	SOUND.APKG@#77
E114.WAV	ASCII	big5	1	SOUND.APKG@#78
E115.WAV	ASCII	big5	1	SOUND.APKG@#79
E116.WAV	ASCII	big5	1	SOUND.APKG@#80
E117.WAV	ASCII	big5	1	SOUND.APKG@#81
E118.WAV	ASCII	big5	1	SOUND.APKG@#82
E3>6	ASCII	ascii	1	stage/stage13.stg@seg79+0xB
E6KU	ASCII	ascii	1	stage/stage13.stg@seg81+0xB
E9:2	ASCII	ascii	1	stage/stage12.stg@seg125+0xB
E9p0	ASCII	ascii	1	stage/stage12.stg@seg123+0xB
E:0-	ASCII	ascii	1	stage/stage08.stg@seg4377+0xB
EARILER_STAGE,	ASCII	ascii	1	Face/profit_info.h@L33
EARN_PRODUCT,	ASCII	ascii	1	Face/win_face.h@L41
EDIT_CHEAT	ASCII	ascii	1	Face/face_cheat.h@L2
EDIT_COST,	ASCII	ascii	1	Face/face_fix_machine.h@L4
EDIT_HINT	ASCII	ascii	1	Face/face_hint.h@L2
EDIT_MAINTAIN_COST,	ASCII	ascii	1	Face/face_machine_introduce.h@L24
EDIT_MANPOWER,	ASCII	ascii	1	Face/face_machine_introduce.h@L25
EDIT_PRICE,	ASCII	ascii	1	Face/face_machine_introduce.h@L23
EDIT_QUALITY,	ASCII	ascii	1	Face/face_machine_introduce.h@L26
EDIT_TEXT,	ASCII	ascii	1	Face/face_stage_info.h@L2
EDIT_TIMESPEND,	ASCII	ascii	1	Face/face_machine_introduce.h@L28
EDIT_USEMATERIAL,	ASCII	ascii	1	Face/face_machine_introduce.h@L27
EDIT_VER	ASCII	ascii	1	Face/MainMenu.h@L7
EDIT_YEAR,	ASCII	ascii	1	Face/face_machine_introduce.h@L15
EGBAR_MANAGER,	ASCII	ascii	1	Face/SalaryAdjust.h@L12
EGBAR_SALES,	ASCII	ascii	1	Face/SalaryAdjust.h@L16
EGBAR_WORKER,	ASCII	ascii	1	Face/SalaryAdjust.h@L13
EGB_AI,	ASCII	ascii	1	Face/GameSetting.h@L28
EGB_MANAGER,	ASCII	ascii	1	Face/FirmMachine.h@L49
EGB_MINE,	ASCII	ascii	1	Face/GameSetting.h@L26
EGB_MUSIC,	ASCII	ascii	1	Face/Option.h@L7
EGB_POLICY_1,	ASCII	ascii	1	Face/FirmLoadArea-1.h@L194
EGB_POLICY_10,	ASCII	ascii	1	Face/FirmLoadArea-1.h@L203
EGB_POLICY_2,	ASCII	ascii	1	Face/FirmLoadArea-1.h@L195
EGB_POLICY_3,	ASCII	ascii	1	Face/FirmLoadArea-1.h@L196
EGB_POLICY_4,	ASCII	ascii	1	Face/FirmLoadArea-1.h@L197
EGB_POLICY_5,	ASCII	ascii	1	Face/FirmLoadArea-1.h@L198
EGB_POLICY_6,	ASCII	ascii	1	Face/FirmLoadArea-1.h@L199
EGB_POLICY_7,	ASCII	ascii	1	Face/FirmLoadArea-1.h@L200
EGB_POLICY_8,	ASCII	ascii	1	Face/FirmLoadArea-1.h@L201
EGB_POLICY_9,	ASCII	ascii	1	Face/FirmLoadArea-1.h@L202
EGB_POP,	ASCII	ascii	1	Face/GameSetting.h@L25
EGB_SELLLAND,	ASCII	ascii	1	Face/GameSetting.h@L27
EGB_SOUND,	ASCII	ascii	1	Face/Option.h@L8
EGB_SPEED	ASCII	ascii	1	Face/Option.h@L9
EGB_STOCK_1,	ASCII	ascii	1	Face/FirmLoadArea-1.h@L184
EGB_STOCK_10,	ASCII	ascii	1	Face/FirmLoadArea-1.h@L193
EGB_STOCK_2,	ASCII	ascii	1	Face/FirmLoadArea-1.h@L185
EGB_STOCK_3,	ASCII	ascii	1	Face/FirmLoadArea-1.h@L186
EGB_STOCK_4,	ASCII	ascii	1	Face/FirmLoadArea-1.h@L187
EGB_STOCK_5,	ASCII	ascii	1	Face/FirmLoadArea-1.h@L188
EGB_STOCK_6,	ASCII	ascii	1	Face/FirmLoadArea-1.h@L189
EGB_STOCK_7,	ASCII	ascii	1	Face/FirmLoadArea-1.h@L190
EGB_STOCK_8,	ASCII	ascii	1	Face/FirmLoadArea-1.h@L191
EGB_STOCK_9,	ASCII	ascii	1	Face/FirmLoadArea-1.h@L192
EGB_WORKER,	ASCII	ascii	1	Face/FirmMachine.h@L50
EMPLOYEE_BUT,	ASCII	ascii	1	Face/score_info.h@L44
EMPNUM_01,	ASCII	ascii	1	Face/score_info.h@L107
EMPNUM_02,	ASCII	ascii	1	Face/score_info.h@L108
EMPNUM_03,	ASCII	ascii	1	Face/score_info.h@L109
EMPNUM_04,	ASCII	ascii	1	Face/score_info.h@L110
EMPNUM_05,	ASCII	ascii	1	Face/score_info.h@L111
EMPNUM_06,	ASCII	ascii	1	Face/score_info.h@L112
EMPNUM_07,	ASCII	ascii	1	Face/score_info.h@L113
EMPNUM_08,	ASCII	ascii	1	Face/score_info.h@L114
EMPNUM_09,	ASCII	ascii	1	Face/score_info.h@L115
EMPNUM_10,	ASCII	ascii	1	Face/score_info.h@L116
EMPNUM_11,	ASCII	ascii	1	Face/score_info.h@L117
EMPNUM_12,	ASCII	ascii	1	Face/score_info.h@L118
EP~2	ASCII	ascii	1	stage/stage13.stg@seg73+0xB
ES_NUM01,	ASCII	ascii	1	Face/profit_info.h@L65
ES_NUM02,	ASCII	ascii	1	Face/profit_info.h@L66
ES_NUM03,	ASCII	ascii	1	Face/profit_info.h@L67
ES_NUM04,	ASCII	ascii	1	Face/profit_info.h@L68
ES_NUM05,	ASCII	ascii	1	Face/profit_info.h@L69
ES_NUM06,	ASCII	ascii	1	Face/profit_info.h@L70
ES_NUM07,	ASCII	ascii	1	Face/profit_info.h@L71
ES_NUM08,	ASCII	ascii	1	Face/profit_info.h@L72
ES_NUM09,	ASCII	ascii	1	Face/profit_info.h@L73
ES_NUM10,	ASCII	ascii	1	Face/profit_info.h@L74
ES_NUM11,	ASCII	ascii	1	Face/profit_info.h@L75
ES_NUM12,	ASCII	ascii	1	Face/profit_info.h@L76
ES_NUM13,	ASCII	ascii	1	Face/profit_info.h@L77
EXCEL,	ASCII	ascii	1	Face/ceo_info.h@L14
EXCEL_NAME,	ASCII	ascii	1	Face/ceo_info.h@L15
EXIT_GAME	ASCII	ascii	1	Face/menu1.h@L6
EXIT_GAME,	ASCII	ascii	1	Face/MainMenu.h@L5
Eb2]A=	ASCII	ascii	1	CEO.exe@RVA A74CA
Empty	ASCII	ascii	1	CEO.exe@RVA A2C8C
EncodePointer	ASCII	ascii	1	CEO.exe@RVA B0500
EndPaint	ASCII	ascii	1	CEO.exe@RVA B02A2
EnemyFirMINFO.idx2	ASCII	big5	1	FACEPICS.APKG@#28
EnemyFirMINFO.pic2	ASCII	big5	1	FACEPICS.APKG@#29
EnemyFirmInfo.fce	ASCII	big5	1	FACE.APKG@#28
EnemyFirmInfo.h	ASCII	big5	1	FACE.APKG@#29
EnterCriticalSection	ASCII	ascii	1	CEO.exe@RVA B0642
Error	ASCII	ascii	1	CEO.exe@RVA A4FF8
Et*HuHj	ASCII	ascii	1	CEO.exe@RVA 5B8AB
ExitButton.fce	ASCII	big5	1	FACE.APKG@#30
ExitButton.h	ASCII	big5	1	FACE.APKG@#31
ExitButton.idx2	ASCII	big5	1	FACEPICS.APKG@#32
ExitButton.pic2	ASCII	big5	1	FACEPICS.APKG@#33
ExitProcess	ASCII	ascii	1	CEO.exe@RVA B0546
ExitThread	ASCII	ascii	1	CEO.exe@RVA B0614
F hJ)	ASCII	ascii	1	CEO.exe@RVA 85DAA
F(PS	ASCII	ascii	1	CEO.exe@RVA 6CC3E
F(PS|	ASCII	ascii	1	CEO.exe@RVA 6C9A0
F,+E	ASCII	ascii	1	CEO.exe@RVA 7317F
F,+F(	ASCII	ascii	1	CEO.exe@RVA 73D11
F,9E	ASCII	ascii	1	CEO.exe@RVA 7318A
F0$?3=1	ASCII	ascii	1	CEO.exe@RVA A8B34
F1Pj	ASCII	ascii	1	CEO.exe@RVA 1CB21
F4G;	ASCII	ascii	1	CEO.exe@RVA 420A
F81p	ASCII	ascii	1	stage/stage08.stg@seg4660+0xB
F:WP	ASCII	ascii	1	CEO.exe@RVA 32F8C
F<)^h)^d	ASCII	ascii	1	CEO.exe@RVA 700BC
F<-uq	ASCII	ascii	1	CEO.exe@RVA 94D86
F<Ht&Ht	ASCII	ascii	1	CEO.exe@RVA 751D9
F=J4	ASCII	ascii	1	CEO.exe@RVA AD4DE
F>)A	ASCII	ascii	1	CEO.exe@RVA D98F
F?cf	ASCII	ascii	1	CEO.exe@RVA ACCCE
FACE_LIST	ASCII	ascii	1	Face/face_list.h@L2
FACNUM_01,	ASCII	ascii	1	Face/score_info.h@L95
FACNUM_02,	ASCII	ascii	1	Face/score_info.h@L96
FACNUM_03,	ASCII	ascii	1	Face/score_info.h@L97
FACNUM_04,	ASCII	ascii	1	Face/score_info.h@L98
FACNUM_05,	ASCII	ascii	1	Face/score_info.h@L99
FACNUM_06,	ASCII	ascii	1	Face/score_info.h@L100
FACNUM_07,	ASCII	ascii	1	Face/score_info.h@L101
FACNUM_08,	ASCII	ascii	1	Face/score_info.h@L102
FACNUM_09,	ASCII	ascii	1	Face/score_info.h@L103
FACNUM_10,	ASCII	ascii	1	Face/score_info.h@L104
FACNUM_11,	ASCII	ascii	1	Face/score_info.h@L105
FACNUM_12,	ASCII	ascii	1	Face/score_info.h@L106
FACTORY_0,	ASCII	ascii	1	Face/balance_info.h@L42
FACTORY_BUT,	ASCII	ascii	1	Face/score_info.h@L43
FACTORY_NUM,	ASCII	ascii	1	Face/balance_info.h@L51
FACTORY_SUM,	ASCII	ascii	1	Face/CompanyInfo.h@L6
FACT_NAME	ASCII	ascii	1	Face/infact_name.h@L2
FACT_NAME,	ASCII	ascii	1	Face/buyfact.h@L12
FARM_0,	ASCII	ascii	1	Face/balance_info.h@L43
FARM_NUM,	ASCII	ascii	1	Face/balance_info.h@L52
FD_[;E	ASCII	ascii	1	CEO.exe@RVA 80551
FD_^	ASCII	ascii	1	CEO.exe@RVA E7BA
FFG;	ASCII	ascii	1	CEO.exe@RVA 32A68
FG;u	ASCII	ascii	1	CEO.exe@RVA 2512F
FLOC_TITLE1,	ASCII	ascii	1	Face/prod_info.h@L152
FLOC_TITLE2,	ASCII	ascii	1	Face/prod_info.h@L153
FLOC_TITLE3,	ASCII	ascii	1	Face/prod_info.h@L154
FLOC_TITLE4,	ASCII	ascii	1	Face/prod_info.h@L155
FLOC_TITLE5,	ASCII	ascii	1	Face/prod_info.h@L156
FLOC_TITLE6,	ASCII	ascii	1	Face/prod_info.h@L157
FLOC_TITLE7,	ASCII	ascii	1	Face/prod_info.h@L158
FLOC_TITLE8	ASCII	ascii	1	Face/prod_info.h@L159
FLOC_TITLE_1,	ASCII	ascii	1	Face/score_info.h@L147
FLOC_TITLE_2,	ASCII	ascii	1	Face/score_info.h@L148
FLOC_TITLE_3,	ASCII	ascii	1	Face/score_info.h@L149
FLOC_TITLE_4,	ASCII	ascii	1	Face/score_info.h@L150
FLOC_TITLE_5,	ASCII	ascii	1	Face/score_info.h@L151
FLOC_TITLE_6,	ASCII	ascii	1	Face/score_info.h@L152
FLOC_TITLE_7,	ASCII	ascii	1	Face/score_info.h@L153
FLOC_TITLE_8,	ASCII	ascii	1	Face/score_info.h@L154
FOG;	ASCII	ascii	1	CEO.exe@RVA 2A040
FONT16.ch1	ASCII	big5	1	FONTS.APKG@#4
FPRj	ASCII	ascii	1	CEO.exe@RVA 100D6
FPh_J	ASCII	ascii	1	CEO.exe@RVA A11C
FROM_BUY,	ASCII	ascii	1	Face/factinf_board.h@L27
FROM_MADE,	ASCII	ascii	1	Face/factinf_board.h@L26
FTu4	ASCII	ascii	1	CEO.exe@RVA 2EDD5
FVPj	ASCII	ascii	1	CEO.exe@RVA 1CB81
F\=@	ASCII	ascii	1	CEO.exe@RVA 8E59E
F\G;=	ASCII	ascii	1	CEO.exe@RVA 35B8E
F\j\t	ASCII	ascii	1	CEO.exe@RVA 76BDF
Fatal Error	ASCII	ascii	1	CEO.exe@RVA A33EC
Fatal error in read_buf_byte!	ASCII	ascii	1	CEO.exe@RVA A6100
Fd+F	ASCII	ascii	1	CEO.exe@RVA 84B61
Fd+Fh=	ASCII	ascii	1	CEO.exe@RVA 70687
Fd9E	ASCII	ascii	1	CEO.exe@RVA 872E1
Fh9E	ASCII	ascii	1	CEO.exe@RVA 872EE
FindClose	ASCII	ascii	1	CEO.exe@RVA B0496
FindFirstFileA	ASCII	ascii	1	CEO.exe@RVA B04B2
FindNextFileA	ASCII	ascii	1	CEO.exe@RVA B04A2
FirmBOARD.idx2	ASCII	big5	1	FACEPICS.APKG@#74
FirmBOARD.pic2	ASCII	big5	1	FACEPICS.APKG@#75
FirmBoard.fce	ASCII	big5	1	FACE.APKG@#118
FirmBoard.h	ASCII	big5	1	FACE.APKG@#119
FirmDorm.fce	ASCII	big5	1	FACE.APKG@#120
FirmDorm.h	ASCII	big5	1	FACE.APKG@#121
FirmDorm.idx2	ASCII	big5	1	FACEPICS.APKG@#76
FirmDorm.pic2	ASCII	big5	1	FACEPICS.APKG@#77
FirmLoaDAREA.idx2	ASCII	big5	1	FACEPICS.APKG@#80
FirmLoaDAREA.pic2	ASCII	big5	1	FACEPICS.APKG@#81
FirmLoadAREA-1.idx2	ASCII	big5	1	FACEPICS.APKG@#78
FirmLoadAREA-1.pic2	ASCII	big5	1	FACEPICS.APKG@#79
FirmLoadArea-1.fce	ASCII	big5	1	FACE.APKG@#122
FirmLoadArea-1.h	ASCII	big5	1	FACE.APKG@#123
FirmLoadArea.fce	ASCII	big5	1	FACE.APKG@#124
FirmLoadArea.h	ASCII	big5	1	FACE.APKG@#125
FirmLoadArea_Board.idx2	ASCII	big5	1	FACEPICS.APKG@#82
FirmLoadArea_Board.pic2	ASCII	big5	1	FACEPICS.APKG@#83
FirmLoadArea_ItemBoard.fce	ASCII	big5	1	FACE.APKG@#126
FirmLoadArea_ItemBoard.h	ASCII	big5	1	FACE.APKG@#127
FirmLoadArea_List.fce	ASCII	big5	1	FACE.APKG@#128
FirmLoadArea_list.h	ASCII	big5	1	FACE.APKG@#129
FirmMachinESELL.idx2	ASCII	big5	1	FACEPICS.APKG@#86
FirmMachinESELL.pic2	ASCII	big5	1	FACEPICS.APKG@#87
FirmMachinESTOP.idx2	ASCII	big5	1	FACEPICS.APKG@#88
FirmMachinESTOP.pic2	ASCII	big5	1	FACEPICS.APKG@#89
FirmMachine.fce	ASCII	big5	1	FACE.APKG@#130
FirmMachine.h	ASCII	big5	1	FACE.APKG@#131
FirmMachine.idx2	ASCII	big5	1	FACEPICS.APKG@#84
FirmMachine.pic2	ASCII	big5	1	FACEPICS.APKG@#85
FirmMachineSell.fce	ASCII	big5	1	FACE.APKG@#132
FirmMachineSell.h	ASCII	big5	1	FACE.APKG@#133
FirmMachineStop.fce	ASCII	big5	1	FACE.APKG@#134
FirmMachineStop.h	ASCII	big5	1	FACE.APKG@#135
FirmMachine_List.fce	ASCII	big5	1	FACE.APKG@#136
FirmMachine_List.h	ASCII	big5	1	FACE.APKG@#137
FirmMachine_List.idx2	ASCII	big5	1	FACEPICS.APKG@#90
FirmMachine_List.pic2	ASCII	big5	1	FACEPICS.APKG@#91
FirmMine.fce	ASCII	big5	1	FACE.APKG@#138
FirmMine.h	ASCII	big5	1	FACE.APKG@#139
FirmMine.idx2	ASCII	big5	1	FACEPICS.APKG@#92
FirmMine.pic2	ASCII	big5	1	FACEPICS.APKG@#93
Fl9E	ASCII	ascii	1	CEO.exe@RVA 872FB
FlsAlloc	ASCII	ascii	1	CEO.exe@RVA A63D0
FlsFree	ASCII	ascii	1	CEO.exe@RVA A63B0
FlsGetValue	ASCII	ascii	1	CEO.exe@RVA A63C4
FlsSetValue	ASCII	ascii	1	CEO.exe@RVA A63B8
FlushFileBuffers	ASCII	ascii	1	CEO.exe@RVA B0912
Fp9E	ASCII	ascii	1	CEO.exe@RVA 87308
Fpf+	ASCII	ascii	1	CEO.exe@RVA 706C7
Fpt"	ASCII	ascii	1	CEO.exe@RVA 920B7
Free format not supported.	ASCII	ascii	1	CEO.exe@RVA A60C4
FreeEnvironmentStringsW	ASCII	ascii	1	CEO.exe@RVA B085E
FwPj	ASCII	ascii	1	CEO.exe@RVA 1CC01
F||<##	ASCII	ascii	1	CEO.exe@RVA A99EC
F~K>	ASCII	ascii	1	stage/stage08.stg@seg4270+0xB
G 9F	ASCII	ascii	1	CEO.exe@RVA 6D539
G Vh	ASCII	ascii	1	CEO.exe@RVA 70AA8
G"jm	ASCII	ascii	1	CEO.exe@RVA A8F28
G$VR	ASCII	ascii	1	CEO.exe@RVA 72EE6
G0_^]	ASCII	ascii	1	CEO.exe@RVA 72E68
G;=t	ASCII	ascii	1	CEO.exe@RVA 35B3C
G;=|	ASCII	ascii	1	CEO.exe@RVA 6DF6
G;~,|	ASCII	ascii	1	CEO.exe@RVA 8068D
GAMEPLAY_TIME,	ASCII	ascii	1	Face/freeplay.h@L91
GAMEPLAY_TIME_DEC,	ASCII	ascii	1	Face/freeplay.h@L105
GAMEPLAY_TIME_INC,	ASCII	ascii	1	Face/freeplay.h@L106
GAMEPLAY_WYEAR,	ASCII	ascii	1	Face/freeplay.h@L108
GAMEPLAY_WYEAR_2,	ASCII	ascii	1	Face/freeplay.h@L167
GAMEPLAY_WYEAR_2_1,	ASCII	ascii	1	Face/freeplay.h@L109
GAMEPLAY_WYEAR_2_2,	ASCII	ascii	1	Face/freeplay.h@L168
GAMEPLAY_WYEAR_3,	ASCII	ascii	1	Face/freeplay.h@L169
GAMEPLAY_YEAR,	ASCII	ascii	1	Face/freeplay.h@L107
GAME_MAP,	ASCII	ascii	1	Face/freeplay.h@L93
GAME_MAP_CHOOSE,	ASCII	ascii	1	Face/freeplay.h@L96
GAME_MAP_NAME,	ASCII	ascii	1	Face/freeplay.h@L95
GAME_TIME,	ASCII	ascii	1	Face/taskplay.h@L105
GAME_TIME_BEGIN,	ASCII	ascii	1	Face/taskplay.h@L106
GAME_TIME_END,	ASCII	ascii	1	Face/taskplay.h@L107
GDI32.dll	ASCII	ascii	1	CEO.exe@RVA B0BA4
GET_POINT_NUM,	ASCII	ascii	1	Face/win_face.h@L38
GET_POINT_TXT,	ASCII	ascii	1	Face/win_face.h@L37
GF.att_manager_fix	ASCII	big5	1	data/formula.csv@L157
GF.dorm_cost	ASCII	big5	1	data/formula.csv@L160
GF.shop_cost	ASCII	big5	1	data/formula.csv@L159
GFIu	ASCII	ascii	1	CEO.exe@RVA 74AA4
GOAL_FINISH_01,	ASCII	ascii	1	Face/sreport.h@L48
GOAL_FINISH_02,	ASCII	ascii	1	Face/sreport.h@L49
GOAL_FINISH_03,	ASCII	ascii	1	Face/sreport.h@L50
GOAL_FINISH_04,	ASCII	ascii	1	Face/sreport.h@L51
GOAL_FINISH_05,	ASCII	ascii	1	Face/sreport.h@L52
GOAL_FINISH_06,	ASCII	ascii	1	Face/sreport.h@L53
GOAL_FINISH_07,	ASCII	ascii	1	Face/sreport.h@L54
GOAL_TXT_01,	ASCII	ascii	1	Face/sreport.h@L41
GOAL_TXT_02,	ASCII	ascii	1	Face/sreport.h@L42
GOAL_TXT_03,	ASCII	ascii	1	Face/sreport.h@L43
GOAL_TXT_04,	ASCII	ascii	1	Face/sreport.h@L44
GOAL_TXT_05,	ASCII	ascii	1	Face/sreport.h@L45
GOAL_TXT_06,	ASCII	ascii	1	Face/sreport.h@L46
GOAL_TXT_07,	ASCII	ascii	1	Face/sreport.h@L47
GREENBAR	ASCII	ascii	1	Face/BuildingFirm.h@L59
GROSS_PROFIT,	ASCII	ascii	1	Face/profit_info.h@L81
GYM=	ASCII	ascii	1	CEO.exe@RVA A761C
GameSetting.fce	ASCII	big5	1	FACE.APKG@#148
GameSetting.h	ASCII	big5	1	FACE.APKG@#149
GetACP	ASCII	ascii	1	CEO.exe@RVA B07F6
GetActiveWindow	ASCII	ascii	1	CEO.exe@RVA AD6D0
GetAsyncKeyState	ASCII	ascii	1	CEO.exe@RVA B025A
GetCPInfo	ASCII	ascii	1	CEO.exe@RVA B07EA
GetClientRect	ASCII	ascii	1	CEO.exe@RVA B02BA
GetCommandLineA	ASCII	ascii	1	CEO.exe@RVA B0578
GetConsoleCP	ASCII	ascii	1	CEO.exe@RVA B08F0
GetConsoleMode	ASCII	ascii	1	CEO.exe@RVA B0900
GetCurrentDirectoryA	ASCII	ascii	1	CEO.exe@RVA B04DC
GetCurrentDirectoryW	ASCII	ascii	1	CEO.exe@RVA B0830
GetCurrentObject	ASCII	ascii	1	CEO.exe@RVA B0B32
GetCurrentProcess	ASCII	ascii	1	CEO.exe@RVA B0686
GetCurrentProcessId	ASCII	ascii	1	CEO.exe@RVA B08DA
GetCurrentThreadId	ASCII	ascii	1	CEO.exe@RVA B0746
GetCursorPos	ASCII	ascii	1	CEO.exe@RVA B0ABA
GetDC	ASCII	ascii	1	CEO.exe@RVA B0A94
GetDesktopWindow	ASCII	ascii	1	CEO.exe@RVA B0A5A
GetDriveTypeW	ASCII	ascii	1	CEO.exe@RVA B0554
GetEnvironmentStringsW	ASCII	ascii	1	CEO.exe@RVA B0878
GetFileAttributesA	ASCII	ascii	1	CEO.exe@RVA B046C
GetFileType	ASCII	ascii	1	CEO.exe@RVA B08A4
GetFocus	ASCII	ascii	1	CEO.exe@RVA B0A9C
GetFullPathNameA	ASCII	ascii	1	CEO.exe@RVA B0564
GetKeyState	ASCII	ascii	1	CEO.exe@RVA B024C
GetLastActivePopup	ASCII	ascii	1	CEO.exe@RVA AD6BC
GetLastError	ASCII	ascii	1	CEO.exe@RVA B0208
GetMessageA	ASCII	ascii	1	CEO.exe@RVA B02D8
GetModuleFileNameA	ASCII	ascii	1	CEO.exe@RVA B0848
GetModuleFileNameW	ASCII	ascii	1	CEO.exe@RVA B07D4
GetModuleHandleW	ASCII	ascii	1	CEO.exe@RVA B0532
GetOEMCP	ASCII	ascii	1	CEO.exe@RVA B0800
GetProcAddress	ASCII	ascii	1	CEO.exe@RVA B0520
GetProcessHeap	ASCII	ascii	1	CEO.exe@RVA B05E8
GetProcessWindowStation	ASCII	ascii	1	CEO.exe@RVA AD688
GetStartupInfoW	ASCII	ascii	1	CEO.exe@RVA B05A0
GetStdHandle	ASCII	ascii	1	CEO.exe@RVA B07C4
GetStockObject	ASCII	ascii	1	CEO.exe@RVA B0ACA
GetStringTypeW	ASCII	ascii	1	CEO.exe@RVA B097E
GetSystemMetrics	ASCII	ascii	1	CEO.exe@RVA B0328
GetSystemTimeAsFileTime	ASCII	ascii	1	CEO.exe@RVA B05FA
GetTickCount	ASCII	ascii	1	CEO.exe@RVA B0174
GetTimeZoneInformation	ASCII	ascii	1	CEO.exe@RVA B0954
GetUserDefaultLCID	ASCII	ascii	1	CEO.exe@RVA B01F2
GetUserObjectInformationW	ASCII	ascii	1	CEO.exe@RVA AD6A0
GetWindowLongA	ASCII	ascii	1	CEO.exe@RVA B0A18
GetWindowRect	ASCII	ascii	1	CEO.exe@RVA B0A4A
Gn$A	ASCII	ascii	1	stage/stage08.stg@seg2612+0xB
GnG?	ASCII	ascii	1	stage/stage08.stg@seg2620+0xB
H ^]	ASCII	ascii	1	CEO.exe@RVA 38EF3
H$};	ASCII	ascii	1	stage/stage11.stg@seg12+0xB
H(^]	ASCII	ascii	1	CEO.exe@RVA 38F24
H0^]	ASCII	ascii	1	CEO.exe@RVA 38F55
H8^]	ASCII	ascii	1	CEO.exe@RVA 38F86
H@^]	ASCII	ascii	1	CEO.exe@RVA 38FB7
HAB_P,	ASCII	ascii	1	Face/taskplay.h@L80
HAB_P_BAR,	ASCII	ascii	1	Face/taskplay.h@L81
HAVE_WORKER,	ASCII	ascii	1	Face/face_retailmachine.h@L41
HCO\t	ASCII	ascii	1	stage/stage11.stg@seg4028+0xB
HCm\t	ASCII	ascii	1	stage/stage11.stg@seg2855+0xB
HEAD_PIC	ASCII	ascii	1	Face/face_talk.h@L7
HHtXHHt	ASCII	ascii	1	CEO.exe@RVA 90429
HHty+	ASCII	ascii	1	CEO.exe@RVA 90519
HMXB	ASCII	ascii	1	CEO.exe@RVA B9402
HOME.idx2	ASCII	big5	1	FACEPICS.APKG@#104
HOME.pic2	ASCII	big5	1	FACEPICS.APKG@#105
HOURSE,	ASCII	ascii	1	Face/buyfact.h@L20
HOURSE_COST,	ASCII	ascii	1	Face/buyfact.h@L26
HQPV	ASCII	ascii	1	CEO.exe@RVA 30923
HV<9	ASCII	ascii	1	stage/stage11.stg@seg17+0xB
HYYt	ASCII	ascii	1	CEO.exe@RVA 9913B
H`$?h|	ASCII	ascii	1	CEO.exe@RVA A8B44
H`3=	ASCII	ascii	1	CEO.exe@RVA A74EC
HeapAlloc	ASCII	ascii	1	CEO.exe@RVA B05CC
HeapCreate	ASCII	ascii	1	CEO.exe@RVA B08B2
HeapFree	ASCII	ascii	1	CEO.exe@RVA B05B2
HeapReAlloc	ASCII	ascii	1	CEO.exe@RVA B05BE
HeapSetInformation	ASCII	ascii	1	CEO.exe@RVA B058A
HeapSize	ASCII	ascii	1	CEO.exe@RVA B075C
Hpu8	ASCII	ascii	1	stage/stage11.stg@seg14+0xB
Ht%C	ASCII	ascii	1	CEO.exe@RVA 9688E
Ht(f	ASCII	ascii	1	CEO.exe@RVA 969E1
Ht=c	ASCII	ascii	1	CEO.exe@RVA A6BA1
HtSH	ASCII	ascii	1	CEO.exe@RVA 39A16
Ht_H	ASCII	ascii	1	CEO.exe@RVA 48DAF
Ht`Ht	ASCII	ascii	1	CEO.exe@RVA 74D01
Hu-Pj	ASCII	ascii	1	CEO.exe@RVA 4A0E2
Hu4j	ASCII	ascii	1	CEO.exe@RVA 8DCDF
I$Hz	ASCII	ascii	1	stage/stage08.stg@seg1348+0xB
I$Pj	ASCII	ascii	1	CEO.exe@RVA 689A8
I71(	ASCII	ascii	1	stage/stage09.stg@seg4356+0xB
IBM準備正式進駐南美洲市場，在此之前，她需要一間當地企業作為合作夥伴，協助生產電腦組件。以農產品起家的您，為了提升個人知名度，以作為未來從政的籌碼，正式與IBM簽約，目標是在10年內交出1000箱電路板，您能否順利達成目標呢？	中文	big5	1	data/Stages.csv@L12
ICON	ASCII	big5	1	data/Machine_type.csv@L1
IN1_1,	ASCII	ascii	1	Face/factinf_chart.h@L17
IN1_2,	ASCII	ascii	1	Face/factinf_chart.h@L18
IN2_1,	ASCII	ascii	1	Face/factinf_chart.h@L19
IN2_2,	ASCII	ascii	1	Face/factinf_chart.h@L20
IN3_1,	ASCII	ascii	1	Face/factinf_chart.h@L21
IN3_2,	ASCII	ascii	1	Face/factinf_chart.h@L22
INCOMNUM_01,	ASCII	ascii	1	Face/score_info.h@L71
INCOMNUM_02,	ASCII	ascii	1	Face/score_info.h@L72
INCOMNUM_03,	ASCII	ascii	1	Face/score_info.h@L73
INCOMNUM_04,	ASCII	ascii	1	Face/score_info.h@L74
INCOMNUM_05,	ASCII	ascii	1	Face/score_info.h@L75
INCOMNUM_06,	ASCII	ascii	1	Face/score_info.h@L76
INCOMNUM_07,	ASCII	ascii	1	Face/score_info.h@L77
INCOMNUM_08,	ASCII	ascii	1	Face/score_info.h@L78
INCOMNUM_09,	ASCII	ascii	1	Face/score_info.h@L79
INCOMNUM_10,	ASCII	ascii	1	Face/score_info.h@L80
INCOMNUM_11,	ASCII	ascii	1	Face/score_info.h@L81
INCOMNUM_12,	ASCII	ascii	1	Face/score_info.h@L82
INC_BUYPRICE,	ASCII	ascii	1	Face/IO_rule_1.h@L13
INC_QUALITY,	ASCII	ascii	1	Face/IO_rule_1.h@L19
INC_RETAIL_COST,	ASCII	ascii	1	Face/IO_rule_1.h@L24
INC_SALEPRICE,	ASCII	ascii	1	Face/IO_rule_1.h@L16
INC_STORAGE,	ASCII	ascii	1	Face/IO_rule_1.h@L8
INOUT1,	ASCII	ascii	1	Face/factinf_chart.h@L29
INOUT2,	ASCII	ascii	1	Face/factinf_chart.h@L30
INTEREST,	ASCII	ascii	1	Face/Bank.h@L23
INTEREST_COST,	ASCII	ascii	1	Face/sreport.h@L74
INTEREST_EXPEN,	ASCII	ascii	1	Face/profit_info.h@L48
INTRO,	ASCII	ascii	1	Face/taskplay.h@L46
INTRODUCE	ASCII	ascii	1	Face/taskplay.h@L128
INTRO_1,	ASCII	ascii	1	Face/face_machine_introduce.h@L22
IN_ABNORMAL,	ASCII	ascii	1	Face/sreport.h@L70
IN_BUY1,	ASCII	ascii	1	Face/inoutinfo.h@L26
IN_BUY2,	ASCII	ascii	1	Face/inoutinfo.h@L27
IN_BUY3,	ASCII	ascii	1	Face/inoutinfo.h@L28
IN_BUY4,	ASCII	ascii	1	Face/inoutinfo.h@L29
IN_NAME1,	ASCII	ascii	1	Face/inoutinfo.h@L22
IN_NAME2,	ASCII	ascii	1	Face/inoutinfo.h@L23
IN_NAME3,	ASCII	ascii	1	Face/inoutinfo.h@L24
IN_NAME4,	ASCII	ascii	1	Face/inoutinfo.h@L25
IN_NORMAL,	ASCII	ascii	1	Face/sreport.h@L69
IN_PROD1,	ASCII	ascii	1	Face/inoutinfo.h@L30
IN_PROD2,	ASCII	ascii	1	Face/inoutinfo.h@L31
IN_PROD3,	ASCII	ascii	1	Face/inoutinfo.h@L32
IN_PROD4,	ASCII	ascii	1	Face/inoutinfo.h@L33
IN_SALE1,	ASCII	ascii	1	Face/inoutinfo.h@L34
IN_SALE2,	ASCII	ascii	1	Face/inoutinfo.h@L35
IN_SALE3,	ASCII	ascii	1	Face/inoutinfo.h@L36
IN_SALE4,	ASCII	ascii	1	Face/inoutinfo.h@L37
IO_RULE.idx2	ASCII	big5	1	FACEPICS.APKG@#108
IO_RULE.pic2	ASCII	big5	1	FACEPICS.APKG@#109
IO_rule.fce	ASCII	big5	1	FACE.APKG@#156
IO_rule.h	ASCII	big5	1	FACE.APKG@#157
IO_rule_1.fce	ASCII	big5	1	FACE.APKG@#158
IO_rule_1.h	ASCII	big5	1	FACE.APKG@#159
IO_rule_list.fce	ASCII	big5	1	FACE.APKG@#160
IO_rule_list.h	ASCII	big5	1	FACE.APKG@#161
ITEMs.idx2	ASCII	big5	1	PICS.APKG@#29
ITEMs.pic2	ASCII	big5	1	PICS.APKG@#30
I^x,	ASCII	ascii	1	CEO.exe@RVA 383D3
Init Direct Sound failed	ASCII	ascii	1	CEO.exe@RVA A4E98
InitializeCriticalSectionAndSpinCount	ASCII	ascii	1	CEO.exe@RVA B0768
InterlockedDecrement	ASCII	ascii	1	CEO.exe@RVA B0446
InterlockedIncrement	ASCII	ascii	1	CEO.exe@RVA B042E
InvalidateRect	ASCII	ascii	1	CEO.exe@RVA B09DA
IsDebuggerPresent	ASCII	ascii	1	CEO.exe@RVA B06D4
IsProcessorFeaturePresent	ASCII	ascii	1	CEO.exe@RVA B06E8
IsValidCodePage	ASCII	ascii	1	CEO.exe@RVA B080C
JCt\t	ASCII	ascii	1	stage/stage14.stg@seg1247+0xB
JPWV	ASCII	ascii	1	CEO.exe@RVA 880F8
JanFebMarAprMayJunJulAugSepOctNovDec	ASCII	ascii	1	CEO.exe@RVA ABE78
K Wj	ASCII	ascii	1	CEO.exe@RVA 7461C
K$RP	ASCII	ascii	1	CEO.exe@RVA 7376F
K$WP	ASCII	ascii	1	CEO.exe@RVA 74775
K<91tKG	ASCII	ascii	1	CEO.exe@RVA 65C73
K<<H!	ASCII	ascii	1	CEO.exe@RVA A97FD
K>Q#	ASCII	ascii	1	stage/stage09.stg@seg1605+0xB
KERNEL32.DLL	ASCII	utf16le	1	CEO.exe@RVA A6394
KERNEL32.dll	ASCII	ascii	1	CEO.exe@RVA B022E
KrD\t	ASCII	ascii	1	stage/stage11.stg@seg3562+0xB
L$,3	ASCII	ascii	1	CEO.exe@RVA 9414A
L(aq	ASCII	ascii	1	stage/stage08.stg@seg4307+0xB
L+K-	ASCII	ascii	1	stage/stage06.stg@seg5036+0xB
L=9!	ASCII	ascii	1	stage/stage09.stg@seg3733+0xB
L@$f	ASCII	ascii	1	CEO.exe@RVA F18D
LABOR_NUM,	ASCII	ascii	1	Face/win_face.h@L34
LABOR_TXT,	ASCII	ascii	1	Face/win_face.h@L33
LADDER,	ASCII	ascii	1	Face/taskplay.h@L41
LADDER_NUM,	ASCII	ascii	1	Face/taskplay.h@L42
LAND,	ASCII	ascii	1	Face/buyfact.h@L18
LANDING_RATE,	ASCII	ascii	1	Face/Bank.h@L21
LAND_0,	ASCII	ascii	1	Face/balance_info.h@L35
LAND_ALUM,	ASCII	ascii	1	Face/extface_putland.h@L15
LAND_CHEM,	ASCII	ascii	1	Face/extface_putland.h@L12
LAND_COAL,	ASCII	ascii	1	Face/extface_putland.h@L11
LAND_COST,	ASCII	ascii	1	Face/buyfact.h@L24
LAND_DIRT,	ASCII	ascii	1	Face/extface_putland.h@L7
LAND_EMPTY,	ASCII	ascii	1	Face/extface_putland.h@L5
LAND_GOLD,	ASCII	ascii	1	Face/extface_putland.h@L13
LAND_HOUSE,	ASCII	ascii	1	Face/extface_putland.h@L16
LAND_HOUSE0,	ASCII	ascii	1	Face/extface_putland.h@L18
LAND_IRON,	ASCII	ascii	1	Face/extface_putland.h@L8
LAND_NUM,	ASCII	ascii	1	Face/balance_info.h@L49
LAND_OIL,	ASCII	ascii	1	Face/extface_putland.h@L10
LAND_PER	ASCII	ascii	1	Face/balance_info.h@L69
LAND_PRICE,	ASCII	ascii	1	Face/freeplay.h@L172
LAND_PRICE_BAR	ASCII	ascii	1	Face/freeplay.h@L173
LAND_SI,	ASCII	ascii	1	Face/extface_putland.h@L9
LAND_SILV,	ASCII	ascii	1	Face/extface_putland.h@L14
LAND_WOOD,	ASCII	ascii	1	Face/extface_putland.h@L6
LCMapStringW	ASCII	ascii	1	CEO.exe@RVA B096E
LCl/	ASCII	ascii	1	stage/stage10.stg@seg529+0xB
LCs.	ASCII	ascii	1	stage/stage10.stg@seg572+0xB
LEFT_MONTH,	ASCII	ascii	1	Face/sreport.h@L58
LEFT_YEAR,	ASCII	ascii	1	Face/sreport.h@L55
LICENSE_COST,	ASCII	ascii	1	Face/face_license.h@L6
LICENSE_PROD_NAME,	ASCII	ascii	1	Face/face_license.h@L5
LICENSE_SUM,	ASCII	ascii	1	Face/face_license.h@L7
LIGHIT01,	ASCII	ascii	1	Face/sreport.h@L27
LIGHIT02,	ASCII	ascii	1	Face/sreport.h@L28
LIGHIT03,	ASCII	ascii	1	Face/sreport.h@L29
LIGHIT04,	ASCII	ascii	1	Face/sreport.h@L30
LIGHIT05,	ASCII	ascii	1	Face/sreport.h@L31
LIGHIT06,	ASCII	ascii	1	Face/sreport.h@L32
LIGHIT07,	ASCII	ascii	1	Face/sreport.h@L33
LIGHIT08,	ASCII	ascii	1	Face/sreport.h@L34
LIGHIT09,	ASCII	ascii	1	Face/sreport.h@L35
LIGHIT10,	ASCII	ascii	1	Face/sreport.h@L36
LIGHT_1,	ASCII	ascii	1	Face/taskhint.h@L15
LIGHT_2,	ASCII	ascii	1	Face/taskhint.h@L18
LIGHT_3,	ASCII	ascii	1	Face/taskhint.h@L21
LIGHT_4,	ASCII	ascii	1	Face/taskhint.h@L24
LIGHT_5,	ASCII	ascii	1	Face/taskhint.h@L27
LIGHT_6,	ASCII	ascii	1	Face/taskhint.h@L30
LIGHT_7,	ASCII	ascii	1	Face/taskhint.h@L33
LIMIT_YEAR,	ASCII	ascii	1	Face/taskhint.h@L36
LINE1,	ASCII	ascii	1	Face/factinf_mine.h@L9
LINE2,	ASCII	ascii	1	Face/factinf_mine.h@L10
LINE3,	ASCII	ascii	1	Face/factinf_mine.h@L11
LINE_1,	ASCII	ascii	1	Face/taskplay.h@L116
LINE_2,	ASCII	ascii	1	Face/taskplay.h@L117
LINE_3,	ASCII	ascii	1	Face/taskplay.h@L118
LINE_4,	ASCII	ascii	1	Face/taskplay.h@L119
LIST	ASCII	ascii	1	Face/IO_rule_list.h@L2
LIST1,	ASCII	ascii	1	Face/face_mapedit.h@L3
LIST2	ASCII	ascii	1	Face/list2.h@L2
LIST_CITYTYPE,	ASCII	ascii	1	Face/GameSetting.h@L33
LIST_COLOR,	ASCII	ascii	1	Face/GameSetting.h@L31
LIST_ITEM_1,	ASCII	ascii	1	Face/ProductBook.h@L8
LIST_LEFT,	ASCII	ascii	1	Face/FirmLoadArea-1.h@L205
LIST_LOAD	ASCII	ascii	1	Face/Load.h@L16
LIST_MAP,	ASCII	ascii	1	Face/GameSetting.h@L32
LIST_NPC,	ASCII	ascii	1	Face/NPCselect.h@L2
LIST_ORG,	ASCII	ascii	1	Face/scroll_list1.h@L2
LIST_PROD,	ASCII	ascii	1	Face/face_machine_introduce.h@L11
LIST_PRODUCTBOOK	ASCII	ascii	1	Face/ProductBook_List.h@L2
LIST_RIGHT,	ASCII	ascii	1	Face/FirmLoadArea-1.h@L206
LIST_SAVE	ASCII	ascii	1	Face/save.h@L16
LIST_SCROLL,	ASCII	ascii	1	Face/scroll_list1.h@L3
LIST_SCROLLBAR	ASCII	ascii	1	Face/scroll_list1.h@L4
LIST_SOURCE,	ASCII	ascii	1	Face/FirmMachine.h@L52
LOAD,	ASCII	ascii	1	Face/taskplay.h@L45
LOAD-1.idx2	ASCII	big5	1	FACEPICS.APKG@#112
LOAD-1.pic2	ASCII	big5	1	FACEPICS.APKG@#113
LOAD.idx2	ASCII	big5	1	FACEPICS.APKG@#114
LOAD.pic2	ASCII	big5	1	FACEPICS.APKG@#115
LOAD1,	ASCII	ascii	1	Face/taskplay.h@L58
LOAD10,	ASCII	ascii	1	Face/taskplay.h@L67
LOAD2,	ASCII	ascii	1	Face/taskplay.h@L59
LOAD3,	ASCII	ascii	1	Face/taskplay.h@L60
LOAD4,	ASCII	ascii	1	Face/taskplay.h@L61
LOAD5,	ASCII	ascii	1	Face/taskplay.h@L62
LOAD6,	ASCII	ascii	1	Face/taskplay.h@L63
LOAD7,	ASCII	ascii	1	Face/taskplay.h@L64
LOAD8,	ASCII	ascii	1	Face/taskplay.h@L65
LOAD9,	ASCII	ascii	1	Face/taskplay.h@L66
LOAD_GAME,	ASCII	ascii	1	Face/menu1.h@L4
LOAD_LIST,	ASCII	ascii	1	Face/taskplay.h@L126
LOAN,	ASCII	ascii	1	Face/Bank.h@L20
LOAN_0,	ASCII	ascii	1	Face/balance_info.h@L39
LOAN_NUM,	ASCII	ascii	1	Face/balance_info.h@L59
LOSE	ASCII	ascii	1	CEO.exe@RVA A2AA4
LOSE_TITLE,	ASCII	ascii	1	Face/lose_face.h@L13
LOSS_PROFIT01,	ASCII	ascii	1	Face/profit_info.h@L21
LOSS_PROFIT02,	ASCII	ascii	1	Face/profit_info.h@L24
LOST_COST,	ASCII	ascii	1	Face/sreport.h@L75
La8i	ASCII	ascii	1	CEO.exe@RVA A79E3
Lbh8	ASCII	ascii	1	stage/stage12.stg@seg281+0xB
Le?2	ASCII	ascii	1	CEO.exe@RVA A7505
LeaveCriticalSection	ASCII	ascii	1	CEO.exe@RVA B065A
LoaDAREA.idx2	ASCII	big5	1	FACEPICS.APKG@#116
LoaDAREA.pic2	ASCII	big5	1	FACEPICS.APKG@#117
Load-1.fce	ASCII	big5	1	FACE.APKG@#164
Load-1.h	ASCII	big5	1	FACE.APKG@#165
Load.fce	ASCII	big5	1	FACE.APKG@#166
Load.h	ASCII	big5	1	FACE.APKG@#167
LoadArea.fce	ASCII	big5	1	FACE.APKG@#168
LoadArea.h	ASCII	big5	1	FACE.APKG@#169
LoadConfirm.fce	ASCII	big5	1	FACE.APKG@#170
LoadConfirm.h	ASCII	big5	1	FACE.APKG@#171
LoadCursorA	ASCII	ascii	1	CEO.exe@RVA B09FE
LoadIconA	ASCII	ascii	1	CEO.exe@RVA B0A0C
LoadLibraryW	ASCII	ascii	1	CEO.exe@RVA B07A8
LoadingPic.idx2	ASCII	big5	1	FACEPICS.APKG@#118
LoadingPic.pic2	ASCII	big5	1	FACEPICS.APKG@#119
M\td8	ASCII	ascii	1	stage/stage06.stg@seg3033+0xB
M(+L	ASCII	ascii	1	CEO.exe@RVA 6E71
M-I!	ASCII	ascii	1	stage/stage03.stg@seg126+0xB
M1C4	ASCII	ascii	1	stage/stage06.stg@seg436+0xB
M@/:	ASCII	ascii	1	stage/stage06.stg@seg3030+0xB
M@/s	ASCII	ascii	1	stage/stage08.stg@seg1806+0xB
M@}[	ASCII	ascii	1	stage/stage08.stg@seg5032+0xB
MACHINE,	ASCII	ascii	1	Face/buyfact.h@L21
MACHINE_0,	ASCII	ascii	1	Face/balance_info.h@L37
MACHINE_BUT,	ASCII	ascii	1	Face/score_info.h@L45
MACHINE_COST,	ASCII	ascii	1	Face/buyfact.h@L27
MACHINE_DEC,	ASCII	ascii	1	Face/sreport.h@L72
MACHINE_FIX,	ASCII	ascii	1	Face/sreport.h@L73
MACHINE_GROUP_NAME,	ASCII	ascii	1	Face/ProductBook.h@L25
MACHINE_NAME,	ASCII	ascii	1	Face/face_machine_introduce.h@L12
MACHINE_NUM,	ASCII	ascii	1	Face/balance_info.h@L57
MACHINE_PER,	ASCII	ascii	1	Face/balance_info.h@L64
MACHINEs.idx2	ASCII	big5	1	PICS.APKG@#34
MACHINEs.pic2	ASCII	big5	1	PICS.APKG@#35
MACNUM_01,	ASCII	ascii	1	Face/score_info.h@L119
MACNUM_02,	ASCII	ascii	1	Face/score_info.h@L120
MACNUM_03,	ASCII	ascii	1	Face/score_info.h@L121
MACNUM_04,	ASCII	ascii	1	Face/score_info.h@L122
MACNUM_05,	ASCII	ascii	1	Face/score_info.h@L123
MACNUM_06,	ASCII	ascii	1	Face/score_info.h@L124
MACNUM_07,	ASCII	ascii	1	Face/score_info.h@L125
MACNUM_08,	ASCII	ascii	1	Face/score_info.h@L126
MACNUM_09,	ASCII	ascii	1	Face/score_info.h@L127
MACNUM_10,	ASCII	ascii	1	Face/score_info.h@L128
MACNUM_11,	ASCII	ascii	1	Face/score_info.h@L129
MACNUM_12,	ASCII	ascii	1	Face/score_info.h@L130
MADEP_COST,	ASCII	ascii	1	Face/profit_info.h@L45
MAINTAIN_COST,	ASCII	ascii	1	Face/SaleMachineInfo.h@L32
MALL_0,	ASCII	ascii	1	Face/balance_info.h@L46
MALL_NUM,	ASCII	ascii	1	Face/balance_info.h@L55
MAMAIN_COST,	ASCII	ascii	1	Face/profit_info.h@L46
MARKET_0,	ASCII	ascii	1	Face/balance_info.h@L45
MARKET_NUM,	ASCII	ascii	1	Face/balance_info.h@L54
MATERIAL_USE,	ASCII	ascii	1	Face/SaleMachineInfo.h@L34
MGR_ADD,	ASCII	ascii	1	Face/face_salary_0.h@L16
MGR_ALLOW,	ASCII	ascii	1	Face/face_salary_0.h@L14
MGR_DEC,	ASCII	ascii	1	Face/face_salary_0.h@L15
MGR_HAVE,	ASCII	ascii	1	Face/face_salary_0.h@L11
MGR_IDLE,	ASCII	ascii	1	Face/face_salary_0.h@L5
MGR_SALARY,	ASCII	ascii	1	Face/face_salary_0.h@L17
MG_NAME_00,	ASCII	ascii	1	Face/ProductBook.h@L29
MG_NAME_01,	ASCII	ascii	1	Face/ProductBook.h@L30
MG_NAME_02,	ASCII	ascii	1	Face/ProductBook.h@L31
MG_NAME_03,	ASCII	ascii	1	Face/ProductBook.h@L32
MG_NAME_04,	ASCII	ascii	1	Face/ProductBook.h@L33
MG_NAME_05,	ASCII	ascii	1	Face/ProductBook.h@L34
MG_NAME_06,	ASCII	ascii	1	Face/ProductBook.h@L35
MID_LAND,	ASCII	ascii	1	Face/extface_putland.h@L3
MINER,	ASCII	ascii	1	Face/buyfact.h@L19
MINER_COST,	ASCII	ascii	1	Face/buyfact.h@L25
MINES_0,	ASCII	ascii	1	Face/balance_info.h@L41
MINES_NUM,	ASCII	ascii	1	Face/balance_info.h@L50
MONEY,	ASCII	ascii	1	Face/taskplay.h@L103
MONEY_NUM,	ASCII	ascii	1	Face/taskplay.h@L104
MONTH_TXT_1,	ASCII	ascii	1	Face/MyFirmReport.h@L159
MONTH_TXT_10,	ASCII	ascii	1	Face/MyFirmReport.h@L168
MONTH_TXT_11,	ASCII	ascii	1	Face/MyFirmReport.h@L169
MONTH_TXT_12	ASCII	ascii	1	Face/MyFirmReport.h@L170
MONTH_TXT_2,	ASCII	ascii	1	Face/MyFirmReport.h@L160
MONTH_TXT_3,	ASCII	ascii	1	Face/MyFirmReport.h@L161
MONTH_TXT_4,	ASCII	ascii	1	Face/MyFirmReport.h@L162
MONTH_TXT_5,	ASCII	ascii	1	Face/MyFirmReport.h@L163
MONTH_TXT_6,	ASCII	ascii	1	Face/MyFirmReport.h@L164
MONTH_TXT_7,	ASCII	ascii	1	Face/MyFirmReport.h@L165
MONTH_TXT_8,	ASCII	ascii	1	Face/MyFirmReport.h@L166
MONTH_TXT_9,	ASCII	ascii	1	Face/MyFirmReport.h@L167
MT*L	ASCII	ascii	1	CEO.exe@RVA 6E42
MU0.mp3	ASCII	big5	1	MUSIC.APKG@#0
MU1.mp3	ASCII	big5	1	MUSIC.APKG@#1
MU2.mp3	ASCII	big5	1	MUSIC.APKG@#2
MU3.mp3	ASCII	big5	1	MUSIC.APKG@#3
MU4.mp3	ASCII	big5	1	MUSIC.APKG@#4
MU5.mp3	ASCII	big5	1	MUSIC.APKG@#5
MU6.mp3	ASCII	big5	1	MUSIC.APKG@#6
MU7.mp3	ASCII	big5	1	MUSIC.APKG@#7
MU8.mp3	ASCII	big5	1	MUSIC.APKG@#8
MU9.mp3	ASCII	big5	1	MUSIC.APKG@#9
Machine.idx2	ASCII	big5	1	FACEPICS.APKG@#124
Machine.pic2	ASCII	big5	1	FACEPICS.APKG@#125
MachineProduct.fce	ASCII	big5	1	FACE.APKG@#176
MachineProduct.h	ASCII	big5	1	FACE.APKG@#177
MachineProduct.idx2	ASCII	big5	1	FACEPICS.APKG@#126
MachineProduct.pic2	ASCII	big5	1	FACEPICS.APKG@#127
Machine_group.csv	ASCII	big5	1	DATA.APKG@#9
Machine_type.csv	ASCII	big5	1	DATA.APKG@#10
MainMenu.fce	ASCII	big5	1	FACE.APKG@#182
MainMenu.h	ASCII	big5	1	FACE.APKG@#183
MainMenu.idx2	ASCII	big5	1	FACEPICS.APKG@#130
MainMenu.pic2	ASCII	big5	1	FACEPICS.APKG@#131
Map05	ASCII	big5	1	data/maps.csv@L7
Map08	ASCII	big5	1	data/maps.csv@L10
Map10	ASCII	big5	1	data/maps.csv@L12
Map18	ASCII	big5	1	data/maps.csv@L20
Map19	ASCII	big5	1	data/maps.csv@L21
MapRotate.fce	ASCII	big5	1	FACE.APKG@#184
MapRotate.h	ASCII	big5	1	FACE.APKG@#185
MapRotate.idx2	ASCII	big5	1	FACEPICS.APKG@#132
MapRotate.pic2	ASCII	big5	1	FACEPICS.APKG@#133
MenuConfirm.fce	ASCII	big5	1	FACE.APKG@#188
MenuConfirm.h	ASCII	big5	1	FACE.APKG@#189
MessageBoxA	ASCII	ascii	1	CEO.exe@RVA B023E
MessageBoxW	ASCII	ascii	1	CEO.exe@RVA AD6E0
MkK?	ASCII	ascii	1	CEO.exe@RVA A7464
MoveWindow	ASCII	ascii	1	CEO.exe@RVA B0A2A
Mpm<	ASCII	ascii	1	CEO.exe@RVA AD31C
Ms#,	ASCII	ascii	1	stage/stage08.stg@seg4016+0xB
MultiByteToWideChar	ASCII	ascii	1	CEO.exe@RVA B01CC
Mur.csv	ASCII	big5	1	DATA.APKG@#13
MyFirMINFO.idx2	ASCII	big5	1	FACEPICS.APKG@#138
MyFirMINFO.pic2	ASCII	big5	1	FACEPICS.APKG@#139
MyFirMSELL.idx2	ASCII	big5	1	FACEPICS.APKG@#150
MyFirMSELL.pic2	ASCII	big5	1	FACEPICS.APKG@#151
MyFirMSTOP.idx2	ASCII	big5	1	FACEPICS.APKG@#152
MyFirMSTOP.pic2	ASCII	big5	1	FACEPICS.APKG@#153
MyFirmButton.fce	ASCII	big5	1	FACE.APKG@#190
MyFirmButton.h	ASCII	big5	1	FACE.APKG@#191
MyFirmButton.idx2	ASCII	big5	1	FACEPICS.APKG@#134
MyFirmButton.pic2	ASCII	big5	1	FACEPICS.APKG@#135
MyFirmInfo-MINE.idx2	ASCII	big5	1	FACEPICS.APKG@#136
MyFirmInfo-MINE.pic2	ASCII	big5	1	FACEPICS.APKG@#137
MyFirmInfo-Mine.fce	ASCII	big5	1	FACE.APKG@#192
MyFirmInfo-Mine.h	ASCII	big5	1	FACE.APKG@#193
MyFirmInfo-Up.fce	ASCII	big5	1	FACE.APKG@#194
MyFirmInfo-Up.h	ASCII	big5	1	FACE.APKG@#195
MyFirmInfo.fce	ASCII	big5	1	FACE.APKG@#196
MyFirmInfo.h	ASCII	big5	1	FACE.APKG@#197
MyFirmMANAGE.idx2	ASCII	big5	1	FACEPICS.APKG@#142
MyFirmMANAGE.pic2	ASCII	big5	1	FACEPICS.APKG@#143
MyFirmManage-1.fce	ASCII	big5	1	FACE.APKG@#198
MyFirmManage-1.h	ASCII	big5	1	FACE.APKG@#199
MyFirmManage-New.idx2	ASCII	big5	1	FACEPICS.APKG@#140
MyFirmManage-New.pic2	ASCII	big5	1	FACEPICS.APKG@#141
MyFirmManage.fce	ASCII	big5	1	FACE.APKG@#200
MyFirmManage.h	ASCII	big5	1	FACE.APKG@#201
MyFirmREMOVE.idx2	ASCII	big5	1	FACEPICS.APKG@#144
MyFirmREMOVE.pic2	ASCII	big5	1	FACEPICS.APKG@#145
MyFirmRENAME.idx2	ASCII	big5	1	FACEPICS.APKG@#146
MyFirmRENAME.pic2	ASCII	big5	1	FACEPICS.APKG@#147
MyFirmREPORT.idx2	ASCII	big5	1	FACEPICS.APKG@#148
MyFirmREPORT.pic2	ASCII	big5	1	FACEPICS.APKG@#149
MyFirmRemove.fce	ASCII	big5	1	FACE.APKG@#202
MyFirmRemove.h	ASCII	big5	1	FACE.APKG@#203
MyFirmRename.fce	ASCII	big5	1	FACE.APKG@#204
MyFirmRename.h	ASCII	big5	1	FACE.APKG@#205
MyFirmReport.fce	ASCII	big5	1	FACE.APKG@#206
MyFirmReport.h	ASCII	big5	1	FACE.APKG@#207
MyFirmSell.fce	ASCII	big5	1	FACE.APKG@#208
MyFirmSell.h	ASCII	big5	1	FACE.APKG@#209
MyFirmStop.fce	ASCII	big5	1	FACE.APKG@#210
MyFirmStop.h	ASCII	big5	1	FACE.APKG@#211
N\tQj	ASCII	ascii	1	CEO.exe@RVA 1CAE3
N SWf	ASCII	ascii	1	CEO.exe@RVA 813AF
N$RP	ASCII	ascii	1	CEO.exe@RVA 6FDE9
N$WP	ASCII	ascii	1	CEO.exe@RVA 73922
N4PRj	ASCII	ascii	1	CEO.exe@RVA 8722F
N4PSV	ASCII	ascii	1	CEO.exe@RVA 73884
N4QRP	ASCII	ascii	1	CEO.exe@RVA 8734F
N6cQ	ASCII	ascii	1	stage/stage12.stg@seg589+0xB
N;=,	ASCII	ascii	1	CEO.exe@RVA 22EA5
N<99t8@	ASCII	ascii	1	CEO.exe@RVA 65BA0
NAME,	ASCII	ascii	1	Face/IO_rule_1.h@L3
NAME_1,	ASCII	ascii	1	Face/taskhint.h@L38
NAME_2,	ASCII	ascii	1	Face/taskhint.h@L40
NAME_3,	ASCII	ascii	1	Face/taskhint.h@L42
NAME_4,	ASCII	ascii	1	Face/taskhint.h@L44
NAME_5,	ASCII	ascii	1	Face/taskhint.h@L46
NAME_6,	ASCII	ascii	1	Face/taskhint.h@L48
NB_01,	ASCII	ascii	1	Face/fact_profit_info.h@L151
NB_02,	ASCII	ascii	1	Face/fact_profit_info.h@L152
NB_03,	ASCII	ascii	1	Face/fact_profit_info.h@L153
NB_04,	ASCII	ascii	1	Face/fact_profit_info.h@L154
NB_05,	ASCII	ascii	1	Face/fact_profit_info.h@L155
NB_06,	ASCII	ascii	1	Face/fact_profit_info.h@L156
NB_07,	ASCII	ascii	1	Face/fact_profit_info.h@L157
NB_08,	ASCII	ascii	1	Face/fact_profit_info.h@L158
NB_09,	ASCII	ascii	1	Face/fact_profit_info.h@L159
NB_10,	ASCII	ascii	1	Face/fact_profit_info.h@L160
NB_11,	ASCII	ascii	1	Face/fact_profit_info.h@L161
NB_12,	ASCII	ascii	1	Face/fact_profit_info.h@L162
NB_BAR,	ASCII	ascii	1	Face/fact_profit_info.h@L46
NB_SUM,	ASCII	ascii	1	Face/fact_profit_info.h@L242
NCQj	ASCII	ascii	1	CEO.exe@RVA 1CB41
NDSP	ASCII	ascii	1	CEO.exe@RVA 84BC1
NETWORTH_BUT,	ASCII	ascii	1	Face/score_info.h@L39
NETW_GRAPH,	ASCII	ascii	1	Face/balance_info.h@L29
NET_PROFIT,	ASCII	ascii	1	Face/profit_info.h@L36
NET_PROFIT1,	ASCII	ascii	1	Face/profit_info.h@L79
NET_WORTH0,	ASCII	ascii	1	Face/balance_info.h@L28
NEWS_BAR,	ASCII	ascii	1	Face/main1.h@L37
NEWS_BTN,	ASCII	ascii	1	Face/main1.h@L28
NEWS_FILTER,	ASCII	ascii	1	Face/main1.h@L38
NEWS_LIST,	ASCII	ascii	1	Face/main1.h@L36
NEWS_TEXT,	ASCII	ascii	1	Face/main1.h@L35
NEW_LOAN,	ASCII	ascii	1	Face/Bank.h@L26
NEW_LOAN_DEC,	ASCII	ascii	1	Face/Bank.h@L24
NEW_LOAN_INC,	ASCII	ascii	1	Face/Bank.h@L25
NEXT_LAND,	ASCII	ascii	1	Face/CompanyInfo.h@L13
NEXT_PLR	ASCII	ascii	1	Face/CompanyInfo.h@L15
NFu}	ASCII	ascii	1	stage/stage08.stg@seg4317+0xB
NH%?	ASCII	ascii	1	CEO.exe@RVA A8B94
NI_01,	ASCII	ascii	1	Face/fact_profit_info.h@L187
NI_02,	ASCII	ascii	1	Face/fact_profit_info.h@L188
NI_03,	ASCII	ascii	1	Face/fact_profit_info.h@L189
NI_04,	ASCII	ascii	1	Face/fact_profit_info.h@L190
NI_05,	ASCII	ascii	1	Face/fact_profit_info.h@L191
NI_06,	ASCII	ascii	1	Face/fact_profit_info.h@L192
NI_07,	ASCII	ascii	1	Face/fact_profit_info.h@L193
NI_08,	ASCII	ascii	1	Face/fact_profit_info.h@L194
NI_09,	ASCII	ascii	1	Face/fact_profit_info.h@L195
NI_10,	ASCII	ascii	1	Face/fact_profit_info.h@L196
NI_11,	ASCII	ascii	1	Face/fact_profit_info.h@L197
NI_12,	ASCII	ascii	1	Face/fact_profit_info.h@L198
NI_BAR,	ASCII	ascii	1	Face/fact_profit_info.h@L49
NI_SUM,	ASCII	ascii	1	Face/fact_profit_info.h@L245
NKeb	ASCII	ascii	1	CEO.exe@RVA B9594
NM_01,	ASCII	ascii	1	Face/fact_profit_info.h@L163
NM_02,	ASCII	ascii	1	Face/fact_profit_info.h@L164
NM_03,	ASCII	ascii	1	Face/fact_profit_info.h@L165
NM_04,	ASCII	ascii	1	Face/fact_profit_info.h@L166
NM_05,	ASCII	ascii	1	Face/fact_profit_info.h@L167
NM_06,	ASCII	ascii	1	Face/fact_profit_info.h@L168
NM_07,	ASCII	ascii	1	Face/fact_profit_info.h@L169
NM_08,	ASCII	ascii	1	Face/fact_profit_info.h@L170
NM_09,	ASCII	ascii	1	Face/fact_profit_info.h@L171
NM_10,	ASCII	ascii	1	Face/fact_profit_info.h@L172
NM_11,	ASCII	ascii	1	Face/fact_profit_info.h@L173
NM_12,	ASCII	ascii	1	Face/fact_profit_info.h@L174
NM_BAR,	ASCII	ascii	1	Face/fact_profit_info.h@L47
NM_SUM,	ASCII	ascii	1	Face/fact_profit_info.h@L243
NONOP_EXPEN,	ASCII	ascii	1	Face/profit_info.h@L41
NONOP_INCOME,	ASCII	ascii	1	Face/profit_info.h@L40
NORMAL_COST,	ASCII	ascii	1	Face/sreport.h@L71
NO_01,	ASCII	ascii	1	Face/fact_profit_info.h@L199
NO_02,	ASCII	ascii	1	Face/fact_profit_info.h@L200
NO_03,	ASCII	ascii	1	Face/fact_profit_info.h@L201
NO_04,	ASCII	ascii	1	Face/fact_profit_info.h@L202
NO_05,	ASCII	ascii	1	Face/fact_profit_info.h@L203
NO_06,	ASCII	ascii	1	Face/fact_profit_info.h@L204
NO_07,	ASCII	ascii	1	Face/fact_profit_info.h@L205
NO_08,	ASCII	ascii	1	Face/fact_profit_info.h@L206
NO_09,	ASCII	ascii	1	Face/fact_profit_info.h@L207
NO_10,	ASCII	ascii	1	Face/fact_profit_info.h@L208
NO_11,	ASCII	ascii	1	Face/fact_profit_info.h@L209
NO_12,	ASCII	ascii	1	Face/fact_profit_info.h@L210
NO_BAR,	ASCII	ascii	1	Face/fact_profit_info.h@L50
NO_SUM,	ASCII	ascii	1	Face/fact_profit_info.h@L246
NPCselect.fce	ASCII	big5	1	FACE.APKG@#216
NPCselect.h	ASCII	big5	1	FACE.APKG@#217
NP_01,	ASCII	ascii	1	Face/fact_profit_info.h@L175
NP_02,	ASCII	ascii	1	Face/fact_profit_info.h@L176
NP_03,	ASCII	ascii	1	Face/fact_profit_info.h@L177
NP_04,	ASCII	ascii	1	Face/fact_profit_info.h@L178
NP_05,	ASCII	ascii	1	Face/fact_profit_info.h@L179
NP_06,	ASCII	ascii	1	Face/fact_profit_info.h@L180
NP_07,	ASCII	ascii	1	Face/fact_profit_info.h@L181
NP_08,	ASCII	ascii	1	Face/fact_profit_info.h@L182
NP_09,	ASCII	ascii	1	Face/fact_profit_info.h@L183
NP_10,	ASCII	ascii	1	Face/fact_profit_info.h@L184
NP_11,	ASCII	ascii	1	Face/fact_profit_info.h@L185
NP_12,	ASCII	ascii	1	Face/fact_profit_info.h@L186
NP_BAR,	ASCII	ascii	1	Face/fact_profit_info.h@L48
NP_GRAPH,	ASCII	ascii	1	Face/profit_info.h@L78
NP_SUM,	ASCII	ascii	1	Face/fact_profit_info.h@L244
NR_01,	ASCII	ascii	1	Face/fact_profit_info.h@L211
NR_02,	ASCII	ascii	1	Face/fact_profit_info.h@L212
NR_03,	ASCII	ascii	1	Face/fact_profit_info.h@L213
NR_04,	ASCII	ascii	1	Face/fact_profit_info.h@L214
NR_05,	ASCII	ascii	1	Face/fact_profit_info.h@L215
NR_06,	ASCII	ascii	1	Face/fact_profit_info.h@L216
NR_07,	ASCII	ascii	1	Face/fact_profit_info.h@L217
NR_08,	ASCII	ascii	1	Face/fact_profit_info.h@L218
NR_09,	ASCII	ascii	1	Face/fact_profit_info.h@L219
NR_10,	ASCII	ascii	1	Face/fact_profit_info.h@L220
NR_11,	ASCII	ascii	1	Face/fact_profit_info.h@L221
NR_12,	ASCII	ascii	1	Face/fact_profit_info.h@L222
NR_BAR,	ASCII	ascii	1	Face/fact_profit_info.h@L51
NR_SUM,	ASCII	ascii	1	Face/fact_profit_info.h@L247
NS_01,	ASCII	ascii	1	Face/fact_profit_info.h@L223
NS_02,	ASCII	ascii	1	Face/fact_profit_info.h@L224
NS_03,	ASCII	ascii	1	Face/fact_profit_info.h@L225
NS_04,	ASCII	ascii	1	Face/fact_profit_info.h@L226
NS_05,	ASCII	ascii	1	Face/fact_profit_info.h@L227
NS_06,	ASCII	ascii	1	Face/fact_profit_info.h@L228
NS_07,	ASCII	ascii	1	Face/fact_profit_info.h@L229
NS_08,	ASCII	ascii	1	Face/fact_profit_info.h@L230
NS_09,	ASCII	ascii	1	Face/fact_profit_info.h@L231
NS_10,	ASCII	ascii	1	Face/fact_profit_info.h@L232
NS_11,	ASCII	ascii	1	Face/fact_profit_info.h@L233
NS_12,	ASCII	ascii	1	Face/fact_profit_info.h@L234
NS_BAR,	ASCII	ascii	1	Face/fact_profit_info.h@L52
NS_SUM	ASCII	ascii	1	Face/fact_profit_info.h@L248
NUM1.idx2	ASCII	big5	1	PICS.APKG@#36
NUM1.pic2	ASCII	big5	1	PICS.APKG@#37
NWGc	ASCII	ascii	1	stage/stage08.stg@seg3022+0xB
NWNUM_01,	ASCII	ascii	1	Face/score_info.h@L47
NWNUM_02,	ASCII	ascii	1	Face/score_info.h@L48
NWNUM_03,	ASCII	ascii	1	Face/score_info.h@L49
NWNUM_04,	ASCII	ascii	1	Face/score_info.h@L50
NWNUM_05,	ASCII	ascii	1	Face/score_info.h@L51
NWNUM_06,	ASCII	ascii	1	Face/score_info.h@L52
NWNUM_07,	ASCII	ascii	1	Face/score_info.h@L53
NWNUM_08,	ASCII	ascii	1	Face/score_info.h@L54
NWNUM_09,	ASCII	ascii	1	Face/score_info.h@L55
NWNUM_10,	ASCII	ascii	1	Face/score_info.h@L56
NWNUM_11,	ASCII	ascii	1	Face/score_info.h@L57
NWNUM_12,	ASCII	ascii	1	Face/score_info.h@L58
NWORTH_AMOUNT,	ASCII	ascii	1	Face/balance_info.h@L60
N\Qj	ASCII	ascii	1	CEO.exe@RVA 1CBA1
Ndf+Nh	ASCII	ascii	1	CEO.exe@RVA 70365
New("%s") fail	ASCII	ascii	1	CEO.exe@RVA A4D14
New("%s") ok:%d	ASCII	ascii	1	CEO.exe@RVA A4D04
Nl9Y	ASCII	ascii	1	CEO.exe@RVA 708A8
Nl;FxwS	ASCII	ascii	1	CEO.exe@RVA 70404
Nm~%	ASCII	ascii	1	stage/stage06.stg@seg5045+0xB
NoMoney.fce	ASCII	big5	1	FACE.APKG@#214
NoMoney.h	ASCII	big5	1	FACE.APKG@#215
Not enough output buffer space	ASCII	ascii	1	CEO.exe@RVA A6120
NqcY	ASCII	ascii	1	stage/stage08.stg@seg3029+0xB
NxPj	ASCII	ascii	1	CEO.exe@RVA 1B546
NxSj	ASCII	ascii	1	CEO.exe@RVA 1C358
Nx^P	ASCII	ascii	1	stage/stage12.stg@seg571+0xB
Nx^R	ASCII	ascii	1	stage/stage12.stg@seg576+0xB
N|WPj	ASCII	ascii	1	CEO.exe@RVA 17318
O\t2N	ASCII	ascii	1	CEO.exe@RVA 359D5
O j@j	ASCII	ascii	1	CEO.exe@RVA 72E7C
O#6P	ASCII	ascii	1	stage/stage12.stg@seg587+0xB
O#<S	ASCII	ascii	1	stage/stage12.stg@seg584+0xB
O$SP	ASCII	ascii	1	CEO.exe@RVA 745F0
O&^9	ASCII	ascii	1	stage/stage08.stg@seg4368+0xB
O(9O$u	ASCII	ascii	1	CEO.exe@RVA 70A3E
O0SV	ASCII	ascii	1	CEO.exe@RVA 6FF1D
O0V0\0	ASCII	ascii	1	CEO.exe@RVA 4FDB1C
O?>>	ASCII	ascii	1	CEO.exe@RVA ACD7E
O@}[	ASCII	ascii	1	stage/stage08.stg@seg5035+0xB
OLD_PROFIT_SUM,	ASCII	ascii	1	Face/factinf_profit.h@L8
OPERATE_COST,	ASCII	ascii	1	Face/profit_info.h@L38
OPERATE_EXPENSE,	ASCII	ascii	1	Face/profit_info.h@L39
OPERATE_INCOME,	ASCII	ascii	1	Face/profit_info.h@L37
OPERAT_GROSS,	ASCII	ascii	1	Face/profit_info.h@L34
OPERAT_PROFIT,	ASCII	ascii	1	Face/profit_info.h@L35
OPTION.idx2	ASCII	big5	1	FACEPICS.APKG@#158
OPTION.pic2	ASCII	big5	1	FACEPICS.APKG@#159
OUT1_1,	ASCII	ascii	1	Face/factinf_chart.h@L23
OUT1_2,	ASCII	ascii	1	Face/factinf_chart.h@L24
OUT2_1,	ASCII	ascii	1	Face/factinf_chart.h@L25
OUT2_2,	ASCII	ascii	1	Face/factinf_chart.h@L26
OUT3_1,	ASCII	ascii	1	Face/factinf_chart.h@L27
OUT3_2,	ASCII	ascii	1	Face/factinf_chart.h@L28
OUT_NAME1,	ASCII	ascii	1	Face/inoutinfo.h@L8
OUT_NAME2,	ASCII	ascii	1	Face/inoutinfo.h@L9
OUT_NAME3,	ASCII	ascii	1	Face/inoutinfo.h@L10
OUT_NAME4,	ASCII	ascii	1	Face/inoutinfo.h@L11
OUT_PRICE1,	ASCII	ascii	1	Face/inoutinfo.h@L12
OUT_PRICE2,	ASCII	ascii	1	Face/inoutinfo.h@L13
OUT_PRICE3,	ASCII	ascii	1	Face/inoutinfo.h@L14
OUT_PRICE4,	ASCII	ascii	1	Face/inoutinfo.h@L15
OUT_STORAGE1,	ASCII	ascii	1	Face/inoutinfo.h@L16
OUT_STORAGE2,	ASCII	ascii	1	Face/inoutinfo.h@L17
OUT_STORAGE3,	ASCII	ascii	1	Face/inoutinfo.h@L18
OUT_STORAGE4,	ASCII	ascii	1	Face/inoutinfo.h@L19
OZ'c	ASCII	ascii	1	stage/stage11.stg@seg5509+0xB
Ol^[;	ASCII	ascii	1	CEO.exe@RVA 7005B
Open("%s") ok:%d	ASCII	ascii	1	CEO.exe@RVA A4D7C
OpenRO("%s") fail	ASCII	ascii	1	CEO.exe@RVA A4D28
OpenRO("%s") ok:%d	ASCII	ascii	1	CEO.exe@RVA A4D3C
Option.fce	ASCII	big5	1	FACE.APKG@#218
Option.h	ASCII	big5	1	FACE.APKG@#219
Out of memory!	ASCII	ascii	1	CEO.exe@RVA A60F0
OutputDebugStringA	ASCII	ascii	1	CEO.exe@RVA B01A0
OxY`	ASCII	ascii	1	stage/stage12.stg@seg565+0xB
P'E=	ASCII	ascii	1	CEO.exe@RVA A849C
P/:.	ASCII	ascii	1	stage/stage11.stg@seg4841+0xB
P2 = (P1 + C1) * (C2 - d) / C3	ASCII	big5	1	data/formula.csv@L80
P2 = (P1 + C1) / C2	ASCII	big5	1	data/formula.csv@L89
P2O(	ASCII	ascii	1	stage/stage10.stg@seg129+0xB
P=   100* (標準價)/ (售價+r) * C8*(收入/71) / (sqrt(標準價) + C9*(收入/71))	中文	big5	1	data/formula.csv@L19
P?E,	ASCII	ascii	1	stage/stage10.stg@seg139+0xB
PASS_TIME,	ASCII	ascii	1	Face/taskplay.h@L49
PAYBACK,	ASCII	ascii	1	Face/Bank.h@L31
PAYBACK_DEC,	ASCII	ascii	1	Face/Bank.h@L32
PAYBACK_INC,	ASCII	ascii	1	Face/Bank.h@L30
PAYBACK_LIMIT,	ASCII	ascii	1	Face/Bank.h@L33
PAerror: machine_type.txt 	ASCII	ascii	1	CEO.exe@RVA A34A6
PB_01,	ASCII	ascii	1	Face/fact_profit_info.h@L66
PB_02,	ASCII	ascii	1	Face/fact_profit_info.h@L67
PB_03,	ASCII	ascii	1	Face/fact_profit_info.h@L68
PB_04,	ASCII	ascii	1	Face/fact_profit_info.h@L69
PB_05,	ASCII	ascii	1	Face/fact_profit_info.h@L70
PB_06,	ASCII	ascii	1	Face/fact_profit_info.h@L71
PB_07,	ASCII	ascii	1	Face/fact_profit_info.h@L72
PB_08,	ASCII	ascii	1	Face/fact_profit_info.h@L73
PB_09,	ASCII	ascii	1	Face/fact_profit_info.h@L74
PB_10,	ASCII	ascii	1	Face/fact_profit_info.h@L75
PB_11,	ASCII	ascii	1	Face/fact_profit_info.h@L76
PB_12,	ASCII	ascii	1	Face/fact_profit_info.h@L77
PB_BAR,	ASCII	ascii	1	Face/fact_profit_info.h@L39
PB_SUM,	ASCII	ascii	1	Face/fact_profit_info.h@L235
PEOPLE_DENSITY,	ASCII	ascii	1	Face/freeplay.h@L86
PEOPLE_DENSITY_BAR,	ASCII	ascii	1	Face/freeplay.h@L162
PERSON_COST,	ASCII	ascii	1	Face/profit_info.h@L44
PER_CONDITION1,	ASCII	ascii	1	Face/taskhint.h@L17
PER_CONDITION2,	ASCII	ascii	1	Face/taskhint.h@L20
PER_CONDITION3,	ASCII	ascii	1	Face/taskhint.h@L23
PER_CONDITION4,	ASCII	ascii	1	Face/taskhint.h@L26
PER_CONDITION5,	ASCII	ascii	1	Face/taskhint.h@L29
PER_CONDITION6,	ASCII	ascii	1	Face/taskhint.h@L32
PER_CONDITION7,	ASCII	ascii	1	Face/taskhint.h@L35
PIC_EVENT,	ASCII	ascii	1	Face/face_event.h@L2
PIC_LIGHT,	ASCII	ascii	1	Face/face_event.h@L3
PI_01,	ASCII	ascii	1	Face/fact_profit_info.h@L103
PI_02,	ASCII	ascii	1	Face/fact_profit_info.h@L104
PI_03,	ASCII	ascii	1	Face/fact_profit_info.h@L105
PI_04,	ASCII	ascii	1	Face/fact_profit_info.h@L106
PI_05,	ASCII	ascii	1	Face/fact_profit_info.h@L107
PI_06,	ASCII	ascii	1	Face/fact_profit_info.h@L108
PI_07,	ASCII	ascii	1	Face/fact_profit_info.h@L109
PI_08,	ASCII	ascii	1	Face/fact_profit_info.h@L110
PI_09,	ASCII	ascii	1	Face/fact_profit_info.h@L111
PI_10,	ASCII	ascii	1	Face/fact_profit_info.h@L112
PI_11,	ASCII	ascii	1	Face/fact_profit_info.h@L113
PI_12,	ASCII	ascii	1	Face/fact_profit_info.h@L114
PI_BAR,	ASCII	ascii	1	Face/fact_profit_info.h@L42
PI_SUM,	ASCII	ascii	1	Face/fact_profit_info.h@L238
PLR_COLOR,	ASCII	ascii	1	Face/ceo_regist.h@L12
PLR_NAME,	ASCII	ascii	1	Face/ceo_regist.h@L9
PLR_NAME01,	ASCII	ascii	1	Face/sreport.h@L7
PLR_NAME02,	ASCII	ascii	1	Face/sreport.h@L8
PLR_NAME03,	ASCII	ascii	1	Face/sreport.h@L9
PLR_NAME04,	ASCII	ascii	1	Face/sreport.h@L10
PLR_NAME05,	ASCII	ascii	1	Face/sreport.h@L11
PLR_NAME06,	ASCII	ascii	1	Face/sreport.h@L12
PLR_NAME07,	ASCII	ascii	1	Face/sreport.h@L13
PLR_NAME08,	ASCII	ascii	1	Face/sreport.h@L14
PLR_NAME09,	ASCII	ascii	1	Face/sreport.h@L15
PLR_NAME10,	ASCII	ascii	1	Face/sreport.h@L16
PLt'	ASCII	ascii	1	stage/stage10.stg@seg132+0xB
PM_01,	ASCII	ascii	1	Face/fact_profit_info.h@L78
PM_02,	ASCII	ascii	1	Face/fact_profit_info.h@L79
PM_03,	ASCII	ascii	1	Face/fact_profit_info.h@L80
PM_04,	ASCII	ascii	1	Face/fact_profit_info.h@L81
PM_05,	ASCII	ascii	1	Face/fact_profit_info.h@L82
PM_06,	ASCII	ascii	1	Face/fact_profit_info.h@L83
PM_07,	ASCII	ascii	1	Face/fact_profit_info.h@L84
PM_08,	ASCII	ascii	1	Face/fact_profit_info.h@L85
PM_09,	ASCII	ascii	1	Face/fact_profit_info.h@L86
PM_10,	ASCII	ascii	1	Face/fact_profit_info.h@L87
PM_11,	ASCII	ascii	1	Face/fact_profit_info.h@L88
PM_12,	ASCII	ascii	1	Face/fact_profit_info.h@L89
PM_BAR,	ASCII	ascii	1	Face/fact_profit_info.h@L40
PM_SUM,	ASCII	ascii	1	Face/fact_profit_info.h@L236
PN[_^	ASCII	ascii	1	CEO.exe@RVA F910
POINT_TXT,	ASCII	ascii	1	Face/win_face.h@L23
POLICY,	ASCII	ascii	1	Face/ceo_info.h@L16
POLICY_NAME,	ASCII	ascii	1	Face/ceo_info.h@L17
PORT_COLOR	ASCII	ascii	1	Face/factinf_pro.h@L57
PORT_PROD_KINDS,	ASCII	ascii	1	Face/factinf_pro.h@L30
PORT_TOTAL_SUM,	ASCII	ascii	1	Face/factinf_port.h@L23
PO_01,	ASCII	ascii	1	Face/fact_profit_info.h@L115
PO_02,	ASCII	ascii	1	Face/fact_profit_info.h@L116
PO_03,	ASCII	ascii	1	Face/fact_profit_info.h@L117
PO_04,	ASCII	ascii	1	Face/fact_profit_info.h@L118
PO_05,	ASCII	ascii	1	Face/fact_profit_info.h@L119
PO_06,	ASCII	ascii	1	Face/fact_profit_info.h@L120
PO_07,	ASCII	ascii	1	Face/fact_profit_info.h@L121
PO_08,	ASCII	ascii	1	Face/fact_profit_info.h@L122
PO_09,	ASCII	ascii	1	Face/fact_profit_info.h@L123
PO_10,	ASCII	ascii	1	Face/fact_profit_info.h@L124
PO_11,	ASCII	ascii	1	Face/fact_profit_info.h@L125
PO_12,	ASCII	ascii	1	Face/fact_profit_info.h@L126
PO_BAR,	ASCII	ascii	1	Face/fact_profit_info.h@L43
PO_SUM,	ASCII	ascii	1	Face/fact_profit_info.h@L239
PP_01,	ASCII	ascii	1	Face/fact_profit_info.h@L90
PP_02,	ASCII	ascii	1	Face/fact_profit_info.h@L91
PP_03,	ASCII	ascii	1	Face/fact_profit_info.h@L92
PP_04,	ASCII	ascii	1	Face/fact_profit_info.h@L93
PP_05,	ASCII	ascii	1	Face/fact_profit_info.h@L94
PP_06,	ASCII	ascii	1	Face/fact_profit_info.h@L95
PP_07,	ASCII	ascii	1	Face/fact_profit_info.h@L96
PP_08,	ASCII	ascii	1	Face/fact_profit_info.h@L97
PP_09,	ASCII	ascii	1	Face/fact_profit_info.h@L98
PP_10,	ASCII	ascii	1	Face/fact_profit_info.h@L99
PP_11,	ASCII	ascii	1	Face/fact_profit_info.h@L100
PP_12,	ASCII	ascii	1	Face/fact_profit_info.h@L101
PP_BAR,	ASCII	ascii	1	Face/fact_profit_info.h@L41
PP_SUM,	ASCII	ascii	1	Face/fact_profit_info.h@L237
PPhp2E	ASCII	ascii	1	CEO.exe@RVA 53906
PQOV	ASCII	ascii	1	CEO.exe@RVA 3096D
PQRW	ASCII	ascii	1	CEO.exe@RVA 366BE
PQRh	ASCII	ascii	1	CEO.exe@RVA 33E2A
PQSQ	ASCII	ascii	1	CEO.exe@RVA 68CC2
PQSR	ASCII	ascii	1	CEO.exe@RVA 5A960
PQSV	ASCII	ascii	1	CEO.exe@RVA 83F50
PQSVW	ASCII	ascii	1	CEO.exe@RVA 2A980
PQVW	ASCII	ascii	1	CEO.exe@RVA 83410
PQVh	ASCII	ascii	1	CEO.exe@RVA 65C98
PQWR	ASCII	ascii	1	CEO.exe@RVA 15BED
PQh 	ASCII	ascii	1	CEO.exe@RVA 7E091
PQj"h	ASCII	ascii	1	CEO.exe@RVA 5763E
PREV_LAND,	ASCII	ascii	1	Face/CompanyInfo.h@L14
PRODPROC_01,	ASCII	ascii	1	Face/ProductBook.h@L36
PRODPROC_02,	ASCII	ascii	1	Face/ProductBook.h@L37
PRODPROC_03,	ASCII	ascii	1	Face/ProductBook.h@L38
PRODPROC_04,	ASCII	ascii	1	Face/ProductBook.h@L39
PRODUCE,	ASCII	ascii	1	Face/ceo_info.h@L12
PRODUCE_NAME,	ASCII	ascii	1	Face/ceo_info.h@L13
PRODUCE_NUM,	ASCII	ascii	1	Face/win_face.h@L30
PRODUCE_TXT,	ASCII	ascii	1	Face/win_face.h@L29
PRODUCTION_BUT,	ASCII	ascii	1	Face/prod_info.h@L26
PRODUCT_NAME,	ASCII	ascii	1	Face/prod_info.h@L37
PROD_01,	ASCII	ascii	1	Face/fact_profit_info.h@L54
PROD_02,	ASCII	ascii	1	Face/fact_profit_info.h@L55
PROD_03,	ASCII	ascii	1	Face/fact_profit_info.h@L56
PROD_04,	ASCII	ascii	1	Face/fact_profit_info.h@L57
PROD_05,	ASCII	ascii	1	Face/fact_profit_info.h@L58
PROD_06,	ASCII	ascii	1	Face/fact_profit_info.h@L59
PROD_07,	ASCII	ascii	1	Face/fact_profit_info.h@L60
PROD_08,	ASCII	ascii	1	Face/fact_profit_info.h@L61
PROD_09,	ASCII	ascii	1	Face/fact_profit_info.h@L62
PROD_10,	ASCII	ascii	1	Face/fact_profit_info.h@L63
PROD_11,	ASCII	ascii	1	Face/fact_profit_info.h@L64
PROD_12,	ASCII	ascii	1	Face/fact_profit_info.h@L65
PROD_DETIAL,	ASCII	ascii	1	Face/factinf_board.h@L30
PROD_KINDS,	ASCII	ascii	1	Face/factinf_pro.h@L27
PROD_SUM,	ASCII	ascii	1	Face/factinf_port.h@L25
PROFIT,	ASCII	ascii	1	Face/factinf_pro.h@L44
PROFITNUM_01,	ASCII	ascii	1	Face/score_info.h@L83
PROFITNUM_02,	ASCII	ascii	1	Face/score_info.h@L84
PROFITNUM_03,	ASCII	ascii	1	Face/score_info.h@L85
PROFITNUM_04,	ASCII	ascii	1	Face/score_info.h@L86
PROFITNUM_05,	ASCII	ascii	1	Face/score_info.h@L87
PROFITNUM_06,	ASCII	ascii	1	Face/score_info.h@L88
PROFITNUM_07,	ASCII	ascii	1	Face/score_info.h@L89
PROFITNUM_08,	ASCII	ascii	1	Face/score_info.h@L90
PROFITNUM_09,	ASCII	ascii	1	Face/score_info.h@L91
PROFITNUM_10,	ASCII	ascii	1	Face/score_info.h@L92
PROFITNUM_11,	ASCII	ascii	1	Face/score_info.h@L93
PROFITNUM_12,	ASCII	ascii	1	Face/score_info.h@L94
PROFIT_0,	ASCII	ascii	1	Face/profit_info.h@L80
PROFIT_SUM	ASCII	ascii	1	Face/factinf_profit.h@L9
PROGRASS_BAR,	ASCII	ascii	1	Face/face_prograss.h@L2
PROGRASS_TXT,	ASCII	ascii	1	Face/face_prograss.h@L3
PRO_NUM01,	ASCII	ascii	1	Face/prod_info.h@L56
PRO_NUM02,	ASCII	ascii	1	Face/prod_info.h@L57
PRO_NUM03,	ASCII	ascii	1	Face/prod_info.h@L58
PRO_NUM04,	ASCII	ascii	1	Face/prod_info.h@L59
PRO_NUM05,	ASCII	ascii	1	Face/prod_info.h@L60
PRO_NUM06,	ASCII	ascii	1	Face/prod_info.h@L61
PRO_NUM07,	ASCII	ascii	1	Face/prod_info.h@L62
PRO_NUM08,	ASCII	ascii	1	Face/prod_info.h@L63
PRO_NUM09,	ASCII	ascii	1	Face/prod_info.h@L64
PRO_NUM10,	ASCII	ascii	1	Face/prod_info.h@L65
PRO_SUM,	ASCII	ascii	1	Face/prod_info.h@L137
PRSW	ASCII	ascii	1	CEO.exe@RVA 8742A
PRWW	ASCII	ascii	1	CEO.exe@RVA 86D76
PR_01,	ASCII	ascii	1	Face/fact_profit_info.h@L127
PR_02,	ASCII	ascii	1	Face/fact_profit_info.h@L128
PR_03,	ASCII	ascii	1	Face/fact_profit_info.h@L129
PR_04,	ASCII	ascii	1	Face/fact_profit_info.h@L130
PR_05,	ASCII	ascii	1	Face/fact_profit_info.h@L131
PR_06,	ASCII	ascii	1	Face/fact_profit_info.h@L132
PR_07,	ASCII	ascii	1	Face/fact_profit_info.h@L133
PR_08,	ASCII	ascii	1	Face/fact_profit_info.h@L134
PR_09,	ASCII	ascii	1	Face/fact_profit_info.h@L135
PR_10,	ASCII	ascii	1	Face/fact_profit_info.h@L136
PR_11,	ASCII	ascii	1	Face/fact_profit_info.h@L137
PR_12,	ASCII	ascii	1	Face/fact_profit_info.h@L138
PR_BAR,	ASCII	ascii	1	Face/fact_profit_info.h@L44
PR_SUM,	ASCII	ascii	1	Face/fact_profit_info.h@L240
PSQRW	ASCII	ascii	1	CEO.exe@RVA 13FE
PSWQR	ASCII	ascii	1	CEO.exe@RVA 1A1D
PSWVQ	ASCII	ascii	1	CEO.exe@RVA 197BF
PS_01,	ASCII	ascii	1	Face/fact_profit_info.h@L139
PS_02,	ASCII	ascii	1	Face/fact_profit_info.h@L140
PS_03,	ASCII	ascii	1	Face/fact_profit_info.h@L141
PS_04,	ASCII	ascii	1	Face/fact_profit_info.h@L142
PS_05,	ASCII	ascii	1	Face/fact_profit_info.h@L143
PS_06,	ASCII	ascii	1	Face/fact_profit_info.h@L144
PS_07,	ASCII	ascii	1	Face/fact_profit_info.h@L145
PS_08,	ASCII	ascii	1	Face/fact_profit_info.h@L146
PS_09,	ASCII	ascii	1	Face/fact_profit_info.h@L147
PS_10,	ASCII	ascii	1	Face/fact_profit_info.h@L148
PS_11,	ASCII	ascii	1	Face/fact_profit_info.h@L149
PS_12,	ASCII	ascii	1	Face/fact_profit_info.h@L150
PS_BAR,	ASCII	ascii	1	Face/fact_profit_info.h@L45
PS_PROFIT	ASCII	ascii	1	Face/sreport.h@L77
PS_SUM,	ASCII	ascii	1	Face/fact_profit_info.h@L241
PVVRV	ASCII	ascii	1	CEO.exe@RVA 971B1
PVVhP$D	ASCII	ascii	1	CEO.exe@RVA 42B2B
PVVhPAE	ASCII	ascii	1	CEO.exe@RVA 55C90
PVh|9J	ASCII	ascii	1	CEO.exe@RVA 41D80
PWSVh	ASCII	ascii	1	CEO.exe@RVA 6602A
PWSh	ASCII	ascii	1	CEO.exe@RVA 66017
PWhU	ASCII	ascii	1	CEO.exe@RVA 5D306
PWh|MJ	ASCII	ascii	1	CEO.exe@RVA 6A5DD
PX)U	ASCII	ascii	1	CEO.exe@RVA A9E9
P\cv	ASCII	ascii	1	stage/staget5.stg@seg30+0xB
PeekMessageA	ASCII	ascii	1	CEO.exe@RVA B0378
People_type.csv	ASCII	big5	1	DATA.APKG@#15
Pex?0	ASCII	ascii	1	CEO.exe@RVA A7634
Pf95	ASCII	ascii	1	CEO.exe@RVA 971E4
Pf95H8	ASCII	ascii	1	CEO.exe@RVA 9718B
Ph@G	ASCII	ascii	1	CEO.exe@RVA 3EE97
PhdEJ	ASCII	ascii	1	CEO.exe@RVA 5B955
PhhFJ	ASCII	ascii	1	CEO.exe@RVA 5E32C
PhpMJ	ASCII	ascii	1	CEO.exe@RVA 6A208
Ph|,J	ASCII	ascii	1	CEO.exe@RVA 2AC1D
Pj\tj	ASCII	ascii	1	CEO.exe@RVA 5F97A
Pj(Q	ASCII	ascii	1	CEO.exe@RVA 49008
Pj2Q	ASCII	ascii	1	CEO.exe@RVA 5CB08
PjXh	ASCII	ascii	1	CEO.exe@RVA 2BA61
Play movie error:%x	ASCII	ascii	1	CEO.exe@RVA A4E28
PostQuitMessage	ASCII	ascii	1	CEO.exe@RVA B026E
ProductBook.fce	ASCII	big5	1	FACE.APKG@#222
ProductBook.h	ASCII	big5	1	FACE.APKG@#223
ProductBook.idx2	ASCII	big5	1	FACEPICS.APKG@#160
ProductBook.pic2	ASCII	big5	1	FACEPICS.APKG@#161
ProductBook_Board.fce	ASCII	big5	1	FACE.APKG@#224
ProductBook_Board.h	ASCII	big5	1	FACE.APKG@#225
ProductBook_Board.idx2	ASCII	big5	1	FACEPICS.APKG@#162
ProductBook_Board.pic2	ASCII	big5	1	FACEPICS.APKG@#163
ProductBook_List.fce	ASCII	big5	1	FACE.APKG@#226
ProductBook_List.h	ASCII	big5	1	FACE.APKG@#227
ProductBook_List.idx2	ASCII	big5	1	FACEPICS.APKG@#164
ProductBook_List.pic2	ASCII	big5	1	FACEPICS.APKG@#165
Program: 	ASCII	utf16le	1	CEO.exe@RVA AA84C
Px%?	ASCII	ascii	1	CEO.exe@RVA A8BA4
Q"VR	ASCII	ascii	1	CEO.exe@RVA 1038B
Q#O|	ASCII	ascii	1	stage/stage11.stg@seg4225+0xB
Q&x%	ASCII	ascii	1	stage/stage06.stg@seg4550+0xB
Q00,	ASCII	ascii	1	Face/water_soil.h@L4
Q01,	ASCII	ascii	1	Face/water_soil.h@L5
Q02,	ASCII	ascii	1	Face/water_soil.h@L6
Q03,	ASCII	ascii	1	Face/water_soil.h@L7
Q04,	ASCII	ascii	1	Face/water_soil.h@L8
Q05,	ASCII	ascii	1	Face/water_soil.h@L9
Q1 = (品質 + C4) * (d + C5) / C6	中文	big5	1	data/formula.csv@L81
Q= C4 * (C3*品質+(80-sqrt(收入)))/ (C3*100+(80-sqrt(收入)))	中文	big5	1	data/formula.csv@L16
Q>?5	ASCII	ascii	1	stage/stage08.stg@seg378+0xB
QPPPh	ASCII	ascii	1	CEO.exe@RVA 4756B
QPRS	ASCII	ascii	1	CEO.exe@RVA 26974
QPh0	ASCII	ascii	1	CEO.exe@RVA 19465
QQSV3	ASCII	ascii	1	CEO.exe@RVA 9CD64
QQSVWd	ASCII	ascii	1	CEO.exe@RVA 88BB9
QRPWj	ASCII	ascii	1	CEO.exe@RVA 6D60E
QRPh	ASCII	ascii	1	CEO.exe@RVA 22546
QRPh}	ASCII	ascii	1	CEO.exe@RVA 30DD8
QRSW	ASCII	ascii	1	CEO.exe@RVA 10353
QSRP	ASCII	ascii	1	CEO.exe@RVA 1EB5
QSVWh`	ASCII	ascii	1	CEO.exe@RVA 2E613
QSW3	ASCII	ascii	1	CEO.exe@RVA 4803
QSWRP	ASCII	ascii	1	CEO.exe@RVA 1A49
QSWVj	ASCII	ascii	1	CEO.exe@RVA 9949F
QUALITY,	ASCII	ascii	1	Face/IO_rule_1.h@L18
QUALITY_BUT,	ASCII	ascii	1	Face/prod_info.h@L33
QUALITY_NUM01,	ASCII	ascii	1	Face/prod_info.h@L126
QUALITY_NUM02,	ASCII	ascii	1	Face/prod_info.h@L127
QUALITY_NUM03,	ASCII	ascii	1	Face/prod_info.h@L128
QUALITY_NUM04,	ASCII	ascii	1	Face/prod_info.h@L129
QUALITY_NUM05,	ASCII	ascii	1	Face/prod_info.h@L130
QUALITY_NUM06,	ASCII	ascii	1	Face/prod_info.h@L131
QUALITY_NUM07,	ASCII	ascii	1	Face/prod_info.h@L132
QUALITY_NUM08,	ASCII	ascii	1	Face/prod_info.h@L133
QUALITY_NUM09,	ASCII	ascii	1	Face/prod_info.h@L134
QUALITY_NUM10,	ASCII	ascii	1	Face/prod_info.h@L135
QUALITY_SUM,	ASCII	ascii	1	Face/prod_info.h@L144
QUEST1,	ASCII	ascii	1	Face/taskplay.h@L51
QUEST2,	ASCII	ascii	1	Face/taskplay.h@L52
QUEST3,	ASCII	ascii	1	Face/taskplay.h@L53
QUEST4,	ASCII	ascii	1	Face/taskplay.h@L54
QUEST5,	ASCII	ascii	1	Face/taskplay.h@L55
QUEST6,	ASCII	ascii	1	Face/taskplay.h@L56
QUEST7,	ASCII	ascii	1	Face/taskplay.h@L57
QUEST_GOAL,	ASCII	ascii	1	Face/taskplay.h@L100
QUEST_NAME,	ASCII	ascii	1	Face/taskplay.h@L48
QVj\t	ASCII	ascii	1	CEO.exe@RVA 9B48A
QWSWR	ASCII	ascii	1	CEO.exe@RVA 68CFE
QWhd	ASCII	ascii	1	CEO.exe@RVA 5D6E7
Q_SEL,	ASCII	ascii	1	Face/water_soil.h@L2
Q`3\t	ASCII	ascii	1	stage/stage08.stg@seg3957+0xB
Qa/1	ASCII	ascii	1	stage/stage08.stg@seg376+0xB
Qh,3J	ASCII	ascii	1	CEO.exe@RVA 2AD95
Qj j	ASCII	ascii	1	CEO.exe@RVA 223DC
Qj<R	ASCII	ascii	1	CEO.exe@RVA 2CFBC
Qk)@	ASCII	ascii	1	stage/stage04.stg@seg872+0xB
QueryPerformanceCounter	ASCII	ascii	1	CEO.exe@RVA B08C0
QuitConfirm.fce	ASCII	big5	1	FACE.APKG@#232
QuitConfirm.h	ASCII	big5	1	FACE.APKG@#233
R#;|	ASCII	ascii	1	stage/stage11.stg@seg4223+0xB
R-E.	ASCII	ascii	1	stage/stage11.stg@seg1048+0xB
R-x+	ASCII	ascii	1	stage/stage11.stg@seg1054+0xB
R-yG	ASCII	ascii	1	stage/stage11.stg@seg4422+0xB
R0Y0y0	ASCII	ascii	1	CEO.exe@RVA 4FC2C8
RAW_REVENUE,	ASCII	ascii	1	Face/profit_info.h@L43
RETAIL_COST,	ASCII	ascii	1	Face/IO_rule_1.h@L23
RETAIL_MACHINE_SUM,	ASCII	ascii	1	Face/factinf_pro.h@L39
RETAIL_PERCENT,	ASCII	ascii	1	Face/factinf_board.h@L46
RETAIL_PRICE_DEC,	ASCII	ascii	1	Face/factinf_pro.h@L34
RETAIL_PRICE_INC,	ASCII	ascii	1	Face/factinf_pro.h@L35
RETAIL_PRICE_PERCENT,	ASCII	ascii	1	Face/factinf_pro.h@L41
RETAIL_RULE,	ASCII	ascii	1	Face/IO_rule_1.h@L21
RETAIL_TACTIC,	ASCII	ascii	1	Face/factinf_pro.h@L19
RHO;	ASCII	ascii	1	stage/stage11.stg@seg1577+0xB
RM=@	ASCII	ascii	1	stage/stage11.stg@seg63+0xB
RPPPPh	ASCII	ascii	1	CEO.exe@RVA AD06
RPPh	ASCII	ascii	1	CEO.exe@RVA 4A226
RPPj	ASCII	ascii	1	CEO.exe@RVA 2AEFD
RPQS	ASCII	ascii	1	CEO.exe@RVA FB6B
RPQh~	ASCII	ascii	1	CEO.exe@RVA 30D8A
RPQj	ASCII	ascii	1	CEO.exe@RVA 38B29
RPWQS	ASCII	ascii	1	CEO.exe@RVA 1B6F1
RPWSQ	ASCII	ascii	1	CEO.exe@RVA 66E4B
RPWh	ASCII	ascii	1	CEO.exe@RVA 65BB4
RQPW	ASCII	ascii	1	CEO.exe@RVA 36A1D
RQWSP	ASCII	ascii	1	CEO.exe@RVA 66E29
RSPQV	ASCII	ascii	1	CEO.exe@RVA 6D4B2
RSVj	ASCII	ascii	1	CEO.exe@RVA 1E13
RSWV	ASCII	ascii	1	CEO.exe@RVA 80A2F
RSWj	ASCII	ascii	1	CEO.exe@RVA 1513
RVSh	ASCII	ascii	1	CEO.exe@RVA 7E0FC
RVVVhp	ASCII	ascii	1	CEO.exe@RVA 3B04C
RVVh	ASCII	ascii	1	CEO.exe@RVA 5EF4B
RVVh@pE	ASCII	ascii	1	CEO.exe@RVA 577C8
RVh<MJ	ASCII	ascii	1	CEO.exe@RVA 6A197
RWPQ	ASCII	ascii	1	CEO.exe@RVA 6D665
RWPQP	ASCII	ascii	1	CEO.exe@RVA 68CDA
RWSPS	ASCII	ascii	1	CEO.exe@RVA 68CEC
R^<!	ASCII	ascii	1	stage/stage06.stg@seg2078+0xB
R_V?	ASCII	ascii	1	CEO.exe@RVA A7494
RaiseException	ASCII	ascii	1	CEO.exe@RVA B081E
ReadFile	ASCII	ascii	1	CEO.exe@RVA B0948
Rectangle	ASCII	ascii	1	CEO.exe@RVA B0B7A
RegisterClassExA	ASCII	ascii	1	CEO.exe@RVA B033C
ReleaseDC	ASCII	ascii	1	CEO.exe@RVA B0A88
ReleaseMutex	ASCII	ascii	1	CEO.exe@RVA B01E2
RemoveDirectoryA	ASCII	ascii	1	CEO.exe@RVA B0482
ResumeThread	ASCII	ascii	1	CEO.exe@RVA B0622
RetailMaCHINE.idx2	ASCII	big5	1	FACEPICS.APKG@#170
RetailMaCHINE.pic2	ASCII	big5	1	FACEPICS.APKG@#171
RetailMachine.fce	ASCII	big5	1	FACE.APKG@#234
RetailMachine.h	ASCII	big5	1	FACE.APKG@#235
RhFBI	ASCII	ascii	1	CEO.exe@RVA 9423A
Rich	ASCII	ascii	1	CEO.exe@FO E8
RjZQ	ASCII	ascii	1	CEO.exe@RVA 31E4F
RjpP	ASCII	ascii	1	CEO.exe@RVA 1D5EC
Rj~WV	ASCII	ascii	1	CEO.exe@RVA 24D26
RtlUnwind	ASCII	ascii	1	CEO.exe@RVA B04F4
S = 100*(P1 + C1) / C2	ASCII	big5	1	data/formula.csv@L95
S = C3 * P2 / (A + C4)	ASCII	big5	1	data/formula.csv@L90
S = P2 + Q1	ASCII	big5	1	data/formula.csv@L82
S = S*該廠房現有工人數/該廠房需求工人數	中文	big5	1	data/formula.csv@L83
S00,	ASCII	ascii	1	Face/water_soil.h@L11
S01,	ASCII	ascii	1	Face/water_soil.h@L12
S02,	ASCII	ascii	1	Face/water_soil.h@L13
S03,	ASCII	ascii	1	Face/water_soil.h@L14
S04,	ASCII	ascii	1	Face/water_soil.h@L15
S05,	ASCII	ascii	1	Face/water_soil.h@L16
S0f0	ASCII	ascii	1	CEO.exe@RVA 502178
S1  的 range 請維持在  50 ~ 200 之間	中文	big5	1	data/formula.csv@L54
S1 = C13 / (Match水 * C7 + C8)*C9 + (Match土 * C10 + C11)*C12	中文	big5	1	data/formula.csv@L51
S1=200 表示速度減半	中文	big5	1	data/formula.csv@L56
S1=50 表示速度加倍	中文	big5	1	data/formula.csv@L55
S1=Q*A/100*P/100	ASCII	big5	1	data/formula.csv@L20
S20c	ASCII	ascii	1	stage/stage06.stg@seg4211+0xB
S4mT	ASCII	ascii	1	stage/stage05.stg@seg188+0xB
S;uD	ASCII	ascii	1	CEO.exe@RVA B94BE
SALES_ADD	ASCII	ascii	1	Face/face_salary_0.h@L25
SALES_HAVE	ASCII	ascii	1	Face/inoutinfo.h@L49
SALES_HAVE,	ASCII	ascii	1	Face/face_salary_0.h@L13
SALES_INC,	ASCII	ascii	1	Face/inoutinfo.h@L42
SALES_PAY,	ASCII	ascii	1	Face/inoutinfo.h@L44
SALES_REVENUE,	ASCII	ascii	1	Face/profit_info.h@L42
SALES_SALARY,	ASCII	ascii	1	Face/face_salary_0.h@L21
SALES_USE,	ASCII	ascii	1	Face/inoutinfo.h@L39
SALES_WATCH,	ASCII	ascii	1	Face/inoutinfo.h@L38
SALE_BUT,	ASCII	ascii	1	Face/prod_info.h@L30
SALE_FACT_SUM,	ASCII	ascii	1	Face/factinf_pro.h@L33
SALE_NUM01,	ASCII	ascii	1	Face/prod_info.h@L96
SALE_NUM02,	ASCII	ascii	1	Face/prod_info.h@L97
SALE_NUM03,	ASCII	ascii	1	Face/prod_info.h@L98
SALE_NUM04,	ASCII	ascii	1	Face/prod_info.h@L99
SALE_NUM05,	ASCII	ascii	1	Face/prod_info.h@L100
SALE_NUM06,	ASCII	ascii	1	Face/prod_info.h@L101
SALE_NUM07,	ASCII	ascii	1	Face/prod_info.h@L102
SALE_NUM08,	ASCII	ascii	1	Face/prod_info.h@L103
SALE_NUM09,	ASCII	ascii	1	Face/prod_info.h@L104
SALE_NUM10,	ASCII	ascii	1	Face/prod_info.h@L105
SALE_PRICE,	ASCII	ascii	1	Face/IO_rule_1.h@L15
SALE_RULE,	ASCII	ascii	1	Face/IO_rule_1.h@L10
SALE_SUM,	ASCII	ascii	1	Face/prod_info.h@L140
SALE_TACTIC,	ASCII	ascii	1	Face/factinf_pro.h@L18
SALE_VAL,	ASCII	ascii	1	Face/face_salesman.h@L10
SAVE.idx2	ASCII	big5	1	FACEPICS.APKG@#182
SAVE.pic2	ASCII	big5	1	FACEPICS.APKG@#183
SCBAR_ITEM,	ASCII	ascii	1	Face/ProductBook.h@L11
SCBAR_LOADAREA,	ASCII	ascii	1	Face/FirmLoadArea-1.h@L32
SCBAR_REPORT,	ASCII	ascii	1	Face/MyFirmReport.h@L11
SCLBAR,	ASCII	ascii	1	Face/prod_info.h@L5
SCORE01,	ASCII	ascii	1	Face/sreport.h@L17
SCORE02,	ASCII	ascii	1	Face/sreport.h@L18
SCORE03,	ASCII	ascii	1	Face/sreport.h@L19
SCORE04,	ASCII	ascii	1	Face/sreport.h@L20
SCORE05,	ASCII	ascii	1	Face/sreport.h@L21
SCORE06,	ASCII	ascii	1	Face/sreport.h@L22
SCORE07,	ASCII	ascii	1	Face/sreport.h@L23
SCORE08,	ASCII	ascii	1	Face/sreport.h@L24
SCORE09,	ASCII	ascii	1	Face/sreport.h@L25
SCORE10,	ASCII	ascii	1	Face/sreport.h@L26
SCROLL_1	ASCII	ascii	1	Face/score_info.h@L155
SCROLL_MAP	ASCII	ascii	1	Face/GameSetting.h@L34
SEARCH	ASCII	ascii	1	Face/face_smallmap.h@L9
SEARCH_BOARD,	ASCII	ascii	1	Face/face_smallmap.h@L8
SHOW_AREA,	ASCII	ascii	1	Face/forsale-mine.h@L5
SHOW_AREA_NUM,	ASCII	ascii	1	Face/forsale-mine.h@L6
SHOW_BESTQ,	ASCII	ascii	1	Face/FirmLoadArea_ItemBoard.h@L10
SHOW_BRICK,	ASCII	ascii	1	Face/ToBuildFirm-1.h@L5
SHOW_BRICK_NEED,	ASCII	ascii	1	Face/BuildingFirm.h@L34
SHOW_BRICK_NUM,	ASCII	ascii	1	Face/ToBuildFirm-1.h@L12
SHOW_BRICK_OWN,	ASCII	ascii	1	Face/BuildingFirm.h@L20
SHOW_BRICK_PRICE,	ASCII	ascii	1	Face/BuildingFirm.h@L48
SHOW_BUILDMINE_FACE_PRICE,	ASCII	ascii	1	Face/ToBuildFirm-Mine.h@L9
SHOW_BUILDMINE_FARM_1_PRICE,	ASCII	ascii	1	Face/ToBuildFirm-Mine.h@L13
SHOW_BUILDMINE_FARM_PRICE,	ASCII	ascii	1	Face/ToBuildFirm-Mine.h@L12
SHOW_BUILDMINE_MINE_PRICE,	ASCII	ascii	1	Face/ToBuildFirm-Mine.h@L14
SHOW_BUILDMINE_QUALITY,	ASCII	ascii	1	Face/ToBuildFirm-Mine.h@L19
SHOW_BUILDMINE_QUALITY_NUM,	ASCII	ascii	1	Face/ToBuildFirm-Mine.h@L20
SHOW_BUILDMINE_QUANTITY,	ASCII	ascii	1	Face/ToBuildFirm-Mine.h@L22
SHOW_BUILDMINE_QUANTITY_NUM	ASCII	ascii	1	Face/ToBuildFirm-Mine.h@L23
SHOW_BUILDMINE_STORE_1_PRICE,	ASCII	ascii	1	Face/ToBuildFirm-Mine.h@L11
SHOW_BUILDMINE_STORE_PRICE,	ASCII	ascii	1	Face/ToBuildFirm-Mine.h@L10
SHOW_BUILDMINE_TYPE,	ASCII	ascii	1	Face/ToBuildFirm-Mine.h@L18
SHOW_BUILDMINE_TYPE_NAME,	ASCII	ascii	1	Face/ToBuildFirm-Mine.h@L21
SHOW_BUILD_DIRT,	ASCII	ascii	1	Face/ToBuildFirm.h@L20
SHOW_BUILD_DIRT_NUM	ASCII	ascii	1	Face/ToBuildFirm.h@L21
SHOW_BUILD_FACT_PRICE,	ASCII	ascii	1	Face/ToBuildFirm.h@L9
SHOW_BUILD_FARM_1_PRICE,	ASCII	ascii	1	Face/ToBuildFirm.h@L13
SHOW_BUILD_FARM_PRICE,	ASCII	ascii	1	Face/ToBuildFirm.h@L12
SHOW_BUILD_MINE_PRICE,	ASCII	ascii	1	Face/ToBuildFirm.h@L14
SHOW_BUILD_NAME	ASCII	ascii	1	Face/ToBuildFirm-1.h@L16
SHOW_BUILD_STORE_1_PRICE,	ASCII	ascii	1	Face/ToBuildFirm.h@L11
SHOW_BUILD_STORE_PRICE,	ASCII	ascii	1	Face/ToBuildFirm.h@L10
SHOW_BUILD_WATER,	ASCII	ascii	1	Face/ToBuildFirm.h@L18
SHOW_BUILD_WATER_NUM,	ASCII	ascii	1	Face/ToBuildFirm.h@L19
SHOW_BUY_POLICY_1,	ASCII	ascii	1	Face/FirmLoadArea-1.h@L53
SHOW_BUY_POLICY_10,	ASCII	ascii	1	Face/FirmLoadArea-1.h@L62
SHOW_BUY_POLICY_2,	ASCII	ascii	1	Face/FirmLoadArea-1.h@L54
SHOW_BUY_POLICY_3,	ASCII	ascii	1	Face/FirmLoadArea-1.h@L55
SHOW_BUY_POLICY_4,	ASCII	ascii	1	Face/FirmLoadArea-1.h@L56
SHOW_BUY_POLICY_5,	ASCII	ascii	1	Face/FirmLoadArea-1.h@L57
SHOW_BUY_POLICY_6,	ASCII	ascii	1	Face/FirmLoadArea-1.h@L58
SHOW_BUY_POLICY_7,	ASCII	ascii	1	Face/FirmLoadArea-1.h@L59
SHOW_BUY_POLICY_8,	ASCII	ascii	1	Face/FirmLoadArea-1.h@L60
SHOW_BUY_POLICY_9,	ASCII	ascii	1	Face/FirmLoadArea-1.h@L61
SHOW_BUY_POLICY_WORD_1,	ASCII	ascii	1	Face/FirmLoadArea-1.h@L207
SHOW_BUY_POLICY_WORD_2,	ASCII	ascii	1	Face/FirmLoadArea-1.h@L208
SHOW_BUY_POLICY_WORD_3,	ASCII	ascii	1	Face/FirmLoadArea-1.h@L209
SHOW_CATEGORY,	ASCII	ascii	1	Face/ProductBook.h@L9
SHOW_CITYTYPE,	ASCII	ascii	1	Face/GameSetting.h@L23
SHOW_COLOR,	ASCII	ascii	1	Face/GameSetting.h@L13
SHOW_CONCRETE,	ASCII	ascii	1	Face/ToBuildFirm-1.h@L6
SHOW_CONCRETE_NEED,	ASCII	ascii	1	Face/BuildingFirm.h@L35
SHOW_CONCRETE_NUM,	ASCII	ascii	1	Face/ToBuildFirm-1.h@L13
SHOW_CONCRETE_OWN,	ASCII	ascii	1	Face/BuildingFirm.h@L21
SHOW_CONCRETE_PRICE,	ASCII	ascii	1	Face/BuildingFirm.h@L49
SHOW_COST	ASCII	ascii	1	Face/FirmLoadArea_ItemBoard.h@L11
SHOW_CTL_MACHINE,	ASCII	ascii	1	Face/ProductBook.h@L17
SHOW_CTL_SOURCE,	ASCII	ascii	1	Face/ProductBook.h@L20
SHOW_DAY,	ASCII	ascii	1	Face/main.h@L19
SHOW_DIRT_NEED,	ASCII	ascii	1	Face/BuildingFirm.h@L32
SHOW_DIRT_OWN,	ASCII	ascii	1	Face/BuildingFirm.h@L18
SHOW_DIRT_PRICE,	ASCII	ascii	1	Face/BuildingFirm.h@L46
SHOW_DROP	ASCII	ascii	1	Face/FirmBoard.h@L25
SHOW_DROP,	ASCII	ascii	1	Face/factinf_board.h@L34
SHOW_FORSALE_AREA,	ASCII	ascii	1	Face/forsale.h@L4
SHOW_FORSALE_AREA_NUM,	ASCII	ascii	1	Face/forsale.h@L8
SHOW_FORSALE_DIRT,	ASCII	ascii	1	Face/forsale.h@L6
SHOW_FORSALE_DIRT_NUM,	ASCII	ascii	1	Face/forsale.h@L10
SHOW_FORSALE_PRICE,	ASCII	ascii	1	Face/forsale.h@L3
SHOW_FORSALE_PRICE_NUM,	ASCII	ascii	1	Face/forsale.h@L7
SHOW_FORSALE_WATER,	ASCII	ascii	1	Face/forsale.h@L5
SHOW_FORSALE_WATER_NUM,	ASCII	ascii	1	Face/forsale.h@L9
SHOW_GLASS,	ASCII	ascii	1	Face/ToBuildFirm-1.h@L7
SHOW_GLASS_NEED,	ASCII	ascii	1	Face/BuildingFirm.h@L36
SHOW_GLASS_NUM,	ASCII	ascii	1	Face/ToBuildFirm-1.h@L14
SHOW_GLASS_OWN,	ASCII	ascii	1	Face/BuildingFirm.h@L22
SHOW_GLASS_PRICE,	ASCII	ascii	1	Face/BuildingFirm.h@L50
SHOW_GROW,	ASCII	ascii	1	Face/CompanyInfo.h@L4
SHOW_HAPPY_RESI,	ASCII	ascii	1	Face/home.h@L19
SHOW_HAPPY_STUDENT,	ASCII	ascii	1	Face/home.h@L22
SHOW_HAPPY_WALK,	ASCII	ascii	1	Face/home.h@L21
SHOW_HAPPY_WORK,	ASCII	ascii	1	Face/home.h@L20
SHOW_HOME_RESI,	ASCII	ascii	1	Face/home.h@L2
SHOW_HOME_RESI_NUM,	ASCII	ascii	1	Face/home.h@L7
SHOW_HOME_SALARY,	ASCII	ascii	1	Face/home.h@L6
SHOW_HOME_SALARY_NUM,	ASCII	ascii	1	Face/home.h@L11
SHOW_HOME_STUDENT,	ASCII	ascii	1	Face/home.h@L5
SHOW_HOME_STUDENT_NUM,	ASCII	ascii	1	Face/home.h@L10
SHOW_HOME_WALK,	ASCII	ascii	1	Face/home.h@L4
SHOW_HOME_WALK_NUM,	ASCII	ascii	1	Face/home.h@L9
SHOW_HOME_WORK,	ASCII	ascii	1	Face/home.h@L3
SHOW_HOME_WORK_NUM,	ASCII	ascii	1	Face/home.h@L8
SHOW_HOUR	ASCII	ascii	1	Face/main.h@L22
SHOW_IN_ITEM_1,	ASCII	ascii	1	Face/SaleMachineInfo.h@L13
SHOW_IN_ITEM_2,	ASCII	ascii	1	Face/SaleMachineInfo.h@L14
SHOW_IN_ITEM_3,	ASCII	ascii	1	Face/SaleMachineInfo.h@L15
SHOW_IN_ITEM_4,	ASCII	ascii	1	Face/SaleMachineInfo.h@L16
SHOW_IN_NAME,	ASCII	ascii	1	Face/ProductBook_Board.h@L2
SHOW_IN_QUALITY,	ASCII	ascii	1	Face/ProductBook_Board.h@L7
SHOW_IN_QUANTIAY,	ASCII	ascii	1	Face/ProductBook_Board.h@L6
SHOW_IN_QUANTITY_1,	ASCII	ascii	1	Face/SaleMachineInfo.h@L17
SHOW_IN_QUANTITY_2,	ASCII	ascii	1	Face/SaleMachineInfo.h@L18
SHOW_IN_QUANTITY_3,	ASCII	ascii	1	Face/SaleMachineInfo.h@L19
SHOW_IN_QUANTITY_4,	ASCII	ascii	1	Face/SaleMachineInfo.h@L20
SHOW_IRON,	ASCII	ascii	1	Face/ToBuildFirm-1.h@L4
SHOW_IRON_NEED,	ASCII	ascii	1	Face/BuildingFirm.h@L33
SHOW_IRON_NUM,	ASCII	ascii	1	Face/ToBuildFirm-1.h@L11
SHOW_IRON_OWN,	ASCII	ascii	1	Face/BuildingFirm.h@L19
SHOW_IRON_PRICE,	ASCII	ascii	1	Face/BuildingFirm.h@L47
SHOW_ITEM_LINE1,	ASCII	ascii	1	Face/MachineProduct.h@L3
SHOW_ITEM_LINE2,	ASCII	ascii	1	Face/MachineProduct.h@L9
SHOW_ITEM_LINE3,	ASCII	ascii	1	Face/MachineProduct.h@L10
SHOW_ITEM_LINE4,	ASCII	ascii	1	Face/MachineProduct.h@L11
SHOW_ITEM_LINE5,	ASCII	ascii	1	Face/MachineProduct.h@L12
SHOW_ITEM_LINE6,	ASCII	ascii	1	Face/MachineProduct.h@L13
SHOW_MACHINE_YEAR	ASCII	ascii	1	Face/MachineProduct.h@L17
SHOW_MANAGER,	ASCII	ascii	1	Face/SalaryAdjust.h@L2
SHOW_MANAGER_SALARY,	ASCII	ascii	1	Face/SalaryAdjust.h@L5
SHOW_MAP,	ASCII	ascii	1	Face/GameSetting.h@L16
SHOW_MONTH,	ASCII	ascii	1	Face/main.h@L18
SHOW_MONTH_5,	ASCII	ascii	1	Face/MyFirmReport.h@L9
SHOW_MONTH_6,	ASCII	ascii	1	Face/MyFirmReport.h@L10
SHOW_NAME_BUILDING1	ASCII	ascii	1	Face/forsale.h@L13
SHOW_NAME_BUILDING1,	ASCII	ascii	1	Face/ToBuildFirm-Mine.h@L17
SHOW_NAME_COMPANY,	ASCII	ascii	1	Face/CompanyInfo.h@L2
SHOW_NAME_FIRM,	ASCII	ascii	1	Face/MyFirmInfo-Up.h@L2
SHOW_NEED_ITEM_1,	ASCII	ascii	1	Face/home.h@L23
SHOW_NEED_ITEM_2,	ASCII	ascii	1	Face/home.h@L24
SHOW_NEED_ITEM_3,	ASCII	ascii	1	Face/home.h@L25
SHOW_NEED_ITEM_4,	ASCII	ascii	1	Face/home.h@L26
SHOW_NEED_ITEM_5,	ASCII	ascii	1	Face/home.h@L27
SHOW_NEWNAME,	ASCII	ascii	1	Face/MyFirmRename.h@L4
SHOW_NEWS,	ASCII	ascii	1	Face/main.h@L21
SHOW_OUT_ITEM,	ASCII	ascii	1	Face/SaleMachineInfo.h@L21
SHOW_PRICE_1,	ASCII	ascii	1	Face/FirmLoadArea-1.h@L163
SHOW_PRICE_10,	ASCII	ascii	1	Face/FirmLoadArea-1.h@L172
SHOW_PRICE_2,	ASCII	ascii	1	Face/FirmLoadArea-1.h@L164
SHOW_PRICE_3,	ASCII	ascii	1	Face/FirmLoadArea-1.h@L165
SHOW_PRICE_4,	ASCII	ascii	1	Face/FirmLoadArea-1.h@L166
SHOW_PRICE_5,	ASCII	ascii	1	Face/FirmLoadArea-1.h@L167
SHOW_PRICE_6,	ASCII	ascii	1	Face/FirmLoadArea-1.h@L168
SHOW_PRICE_7,	ASCII	ascii	1	Face/FirmLoadArea-1.h@L169
SHOW_PRICE_8,	ASCII	ascii	1	Face/FirmLoadArea-1.h@L170
SHOW_PRICE_9,	ASCII	ascii	1	Face/FirmLoadArea-1.h@L171
SHOW_PRICE_NUM,	ASCII	ascii	1	Face/forsale-mine.h@L4
SHOW_PROFIT,	ASCII	ascii	1	Face/MyFirmInfo-Up.h@L4
SHOW_PROFIT_10_1,	ASCII	ascii	1	Face/MyFirmReport.h@L58
SHOW_PROFIT_10_2,	ASCII	ascii	1	Face/MyFirmReport.h@L78
SHOW_PROFIT_10_3,	ASCII	ascii	1	Face/MyFirmReport.h@L98
SHOW_PROFIT_10_4,	ASCII	ascii	1	Face/MyFirmReport.h@L118
SHOW_PROFIT_10_5,	ASCII	ascii	1	Face/MyFirmReport.h@L138
SHOW_PROFIT_10_6,	ASCII	ascii	1	Face/MyFirmReport.h@L158
SHOW_PROFIT_1_1,	ASCII	ascii	1	Face/MyFirmReport.h@L49
SHOW_PROFIT_1_2,	ASCII	ascii	1	Face/MyFirmReport.h@L69
SHOW_PROFIT_1_3,	ASCII	ascii	1	Face/MyFirmReport.h@L89
SHOW_PROFIT_1_4,	ASCII	ascii	1	Face/MyFirmReport.h@L109
SHOW_PROFIT_1_5,	ASCII	ascii	1	Face/MyFirmReport.h@L129
SHOW_PROFIT_1_6,	ASCII	ascii	1	Face/MyFirmReport.h@L149
SHOW_PROFIT_2_1,	ASCII	ascii	1	Face/MyFirmReport.h@L50
SHOW_PROFIT_2_2,	ASCII	ascii	1	Face/MyFirmReport.h@L70
SHOW_PROFIT_2_3,	ASCII	ascii	1	Face/MyFirmReport.h@L90
SHOW_PROFIT_2_4,	ASCII	ascii	1	Face/MyFirmReport.h@L110
SHOW_PROFIT_2_5,	ASCII	ascii	1	Face/MyFirmReport.h@L130
SHOW_PROFIT_2_6,	ASCII	ascii	1	Face/MyFirmReport.h@L150
SHOW_PROFIT_3_1,	ASCII	ascii	1	Face/MyFirmReport.h@L51
SHOW_PROFIT_3_2,	ASCII	ascii	1	Face/MyFirmReport.h@L71
SHOW_PROFIT_3_3,	ASCII	ascii	1	Face/MyFirmReport.h@L91
SHOW_PROFIT_3_4,	ASCII	ascii	1	Face/MyFirmReport.h@L111
SHOW_PROFIT_3_5,	ASCII	ascii	1	Face/MyFirmReport.h@L131
SHOW_PROFIT_3_6,	ASCII	ascii	1	Face/MyFirmReport.h@L151
SHOW_PROFIT_4_1,	ASCII	ascii	1	Face/MyFirmReport.h@L52
SHOW_PROFIT_4_2,	ASCII	ascii	1	Face/MyFirmReport.h@L72
SHOW_PROFIT_4_3,	ASCII	ascii	1	Face/MyFirmReport.h@L92
SHOW_PROFIT_4_4,	ASCII	ascii	1	Face/MyFirmReport.h@L112
SHOW_PROFIT_4_5,	ASCII	ascii	1	Face/MyFirmReport.h@L132
SHOW_PROFIT_4_6,	ASCII	ascii	1	Face/MyFirmReport.h@L152
SHOW_PROFIT_5_1,	ASCII	ascii	1	Face/MyFirmReport.h@L53
SHOW_PROFIT_5_2,	ASCII	ascii	1	Face/MyFirmReport.h@L73
SHOW_PROFIT_5_3,	ASCII	ascii	1	Face/MyFirmReport.h@L93
SHOW_PROFIT_5_4,	ASCII	ascii	1	Face/MyFirmReport.h@L113
SHOW_PROFIT_5_5,	ASCII	ascii	1	Face/MyFirmReport.h@L133
SHOW_PROFIT_5_6,	ASCII	ascii	1	Face/MyFirmReport.h@L153
SHOW_PROFIT_6_1,	ASCII	ascii	1	Face/MyFirmReport.h@L54
SHOW_PROFIT_6_2,	ASCII	ascii	1	Face/MyFirmReport.h@L74
SHOW_PROFIT_6_3,	ASCII	ascii	1	Face/MyFirmReport.h@L94
SHOW_PROFIT_6_4,	ASCII	ascii	1	Face/MyFirmReport.h@L114
SHOW_PROFIT_6_5,	ASCII	ascii	1	Face/MyFirmReport.h@L134
SHOW_PROFIT_6_6,	ASCII	ascii	1	Face/MyFirmReport.h@L154
SHOW_PROFIT_7_1,	ASCII	ascii	1	Face/MyFirmReport.h@L55
SHOW_PROFIT_7_2,	ASCII	ascii	1	Face/MyFirmReport.h@L75
SHOW_PROFIT_7_3,	ASCII	ascii	1	Face/MyFirmReport.h@L95
SHOW_PROFIT_7_4,	ASCII	ascii	1	Face/MyFirmReport.h@L115
SHOW_PROFIT_7_5,	ASCII	ascii	1	Face/MyFirmReport.h@L135
SHOW_PROFIT_7_6,	ASCII	ascii	1	Face/MyFirmReport.h@L155
SHOW_PROFIT_8_1,	ASCII	ascii	1	Face/MyFirmReport.h@L56
SHOW_PROFIT_8_2,	ASCII	ascii	1	Face/MyFirmReport.h@L76
SHOW_PROFIT_8_3,	ASCII	ascii	1	Face/MyFirmReport.h@L96
SHOW_PROFIT_8_4,	ASCII	ascii	1	Face/MyFirmReport.h@L116
SHOW_PROFIT_8_5,	ASCII	ascii	1	Face/MyFirmReport.h@L136
SHOW_PROFIT_8_6,	ASCII	ascii	1	Face/MyFirmReport.h@L156
SHOW_PROFIT_9_1,	ASCII	ascii	1	Face/MyFirmReport.h@L57
SHOW_PROFIT_9_2,	ASCII	ascii	1	Face/MyFirmReport.h@L77
SHOW_PROFIT_9_3,	ASCII	ascii	1	Face/MyFirmReport.h@L97
SHOW_PROFIT_9_4,	ASCII	ascii	1	Face/MyFirmReport.h@L117
SHOW_PROFIT_9_5,	ASCII	ascii	1	Face/MyFirmReport.h@L137
SHOW_PROFIT_9_6,	ASCII	ascii	1	Face/MyFirmReport.h@L157
SHOW_QUALITY_NUM,	ASCII	ascii	1	Face/forsale-mine.h@L14
SHOW_QUANTITY_10_1,	ASCII	ascii	1	Face/MyFirmReport.h@L48
SHOW_QUANTITY_10_2,	ASCII	ascii	1	Face/MyFirmReport.h@L68
SHOW_QUANTITY_10_3,	ASCII	ascii	1	Face/MyFirmReport.h@L88
SHOW_QUANTITY_10_4,	ASCII	ascii	1	Face/MyFirmReport.h@L108
SHOW_QUANTITY_10_5,	ASCII	ascii	1	Face/MyFirmReport.h@L128
SHOW_QUANTITY_10_6,	ASCII	ascii	1	Face/MyFirmReport.h@L148
SHOW_QUANTITY_1_1,	ASCII	ascii	1	Face/MyFirmReport.h@L39
SHOW_QUANTITY_1_2,	ASCII	ascii	1	Face/MyFirmReport.h@L59
SHOW_QUANTITY_1_3,	ASCII	ascii	1	Face/MyFirmReport.h@L79
SHOW_QUANTITY_1_4,	ASCII	ascii	1	Face/MyFirmReport.h@L99
SHOW_QUANTITY_1_5,	ASCII	ascii	1	Face/MyFirmReport.h@L119
SHOW_QUANTITY_1_6,	ASCII	ascii	1	Face/MyFirmReport.h@L139
SHOW_QUANTITY_2_1,	ASCII	ascii	1	Face/MyFirmReport.h@L40
SHOW_QUANTITY_2_2,	ASCII	ascii	1	Face/MyFirmReport.h@L60
SHOW_QUANTITY_2_3,	ASCII	ascii	1	Face/MyFirmReport.h@L80
SHOW_QUANTITY_2_4,	ASCII	ascii	1	Face/MyFirmReport.h@L100
SHOW_QUANTITY_2_5,	ASCII	ascii	1	Face/MyFirmReport.h@L120
SHOW_QUANTITY_2_6,	ASCII	ascii	1	Face/MyFirmReport.h@L140
SHOW_QUANTITY_3_1,	ASCII	ascii	1	Face/MyFirmReport.h@L41
SHOW_QUANTITY_3_2,	ASCII	ascii	1	Face/MyFirmReport.h@L61
SHOW_QUANTITY_3_3,	ASCII	ascii	1	Face/MyFirmReport.h@L81
SHOW_QUANTITY_3_4,	ASCII	ascii	1	Face/MyFirmReport.h@L101
SHOW_QUANTITY_3_5,	ASCII	ascii	1	Face/MyFirmReport.h@L121
SHOW_QUANTITY_3_6,	ASCII	ascii	1	Face/MyFirmReport.h@L141
SHOW_QUANTITY_4_1,	ASCII	ascii	1	Face/MyFirmReport.h@L42
SHOW_QUANTITY_4_2,	ASCII	ascii	1	Face/MyFirmReport.h@L62
SHOW_QUANTITY_4_3,	ASCII	ascii	1	Face/MyFirmReport.h@L82
SHOW_QUANTITY_4_4,	ASCII	ascii	1	Face/MyFirmReport.h@L102
SHOW_QUANTITY_4_5,	ASCII	ascii	1	Face/MyFirmReport.h@L122
SHOW_QUANTITY_4_6,	ASCII	ascii	1	Face/MyFirmReport.h@L142
SHOW_QUANTITY_5_1,	ASCII	ascii	1	Face/MyFirmReport.h@L43
SHOW_QUANTITY_5_2,	ASCII	ascii	1	Face/MyFirmReport.h@L63
SHOW_QUANTITY_5_3,	ASCII	ascii	1	Face/MyFirmReport.h@L83
SHOW_QUANTITY_5_4,	ASCII	ascii	1	Face/MyFirmReport.h@L103
SHOW_QUANTITY_5_5,	ASCII	ascii	1	Face/MyFirmReport.h@L123
SHOW_QUANTITY_5_6,	ASCII	ascii	1	Face/MyFirmReport.h@L143
SHOW_QUANTITY_6_1,	ASCII	ascii	1	Face/MyFirmReport.h@L44
SHOW_QUANTITY_6_2,	ASCII	ascii	1	Face/MyFirmReport.h@L64
SHOW_QUANTITY_6_3,	ASCII	ascii	1	Face/MyFirmReport.h@L84
SHOW_QUANTITY_6_4,	ASCII	ascii	1	Face/MyFirmReport.h@L104
SHOW_QUANTITY_6_5,	ASCII	ascii	1	Face/MyFirmReport.h@L124
SHOW_QUANTITY_6_6,	ASCII	ascii	1	Face/MyFirmReport.h@L144
SHOW_QUANTITY_7_1,	ASCII	ascii	1	Face/MyFirmReport.h@L45
SHOW_QUANTITY_7_2,	ASCII	ascii	1	Face/MyFirmReport.h@L65
SHOW_QUANTITY_7_3,	ASCII	ascii	1	Face/MyFirmReport.h@L85
SHOW_QUANTITY_7_4,	ASCII	ascii	1	Face/MyFirmReport.h@L105
SHOW_QUANTITY_7_5,	ASCII	ascii	1	Face/MyFirmReport.h@L125
SHOW_QUANTITY_7_6,	ASCII	ascii	1	Face/MyFirmReport.h@L145
SHOW_QUANTITY_8_1,	ASCII	ascii	1	Face/MyFirmReport.h@L46
SHOW_QUANTITY_8_2,	ASCII	ascii	1	Face/MyFirmReport.h@L66
SHOW_QUANTITY_8_3,	ASCII	ascii	1	Face/MyFirmReport.h@L86
SHOW_QUANTITY_8_4,	ASCII	ascii	1	Face/MyFirmReport.h@L106
SHOW_QUANTITY_8_5,	ASCII	ascii	1	Face/MyFirmReport.h@L126
SHOW_QUANTITY_8_6,	ASCII	ascii	1	Face/MyFirmReport.h@L146
SHOW_QUANTITY_9_1,	ASCII	ascii	1	Face/MyFirmReport.h@L47
SHOW_QUANTITY_9_2,	ASCII	ascii	1	Face/MyFirmReport.h@L67
SHOW_QUANTITY_9_3,	ASCII	ascii	1	Face/MyFirmReport.h@L87
SHOW_QUANTITY_9_4,	ASCII	ascii	1	Face/MyFirmReport.h@L107
SHOW_QUANTITY_9_5,	ASCII	ascii	1	Face/MyFirmReport.h@L127
SHOW_QUANTITY_9_6,	ASCII	ascii	1	Face/MyFirmReport.h@L147
SHOW_QUANTITY_BOX,	ASCII	ascii	1	Face/forsale-mine.h@L20
SHOW_QUANTITY_NUM,	ASCII	ascii	1	Face/forsale-mine.h@L16
SHOW_SALES,	ASCII	ascii	1	Face/SalaryAdjust.h@L18
SHOW_SALES_NEED,	ASCII	ascii	1	Face/SalaryAdjust.h@L19
SHOW_SALES_SALARY,	ASCII	ascii	1	Face/SalaryAdjust.h@L21
SHOW_SELL_POLICY_1,	ASCII	ascii	1	Face/FirmLoadArea-1.h@L83
SHOW_SELL_POLICY_10,	ASCII	ascii	1	Face/FirmLoadArea-1.h@L92
SHOW_SELL_POLICY_2,	ASCII	ascii	1	Face/FirmLoadArea-1.h@L84
SHOW_SELL_POLICY_3,	ASCII	ascii	1	Face/FirmLoadArea-1.h@L85
SHOW_SELL_POLICY_4,	ASCII	ascii	1	Face/FirmLoadArea-1.h@L86
SHOW_SELL_POLICY_5,	ASCII	ascii	1	Face/FirmLoadArea-1.h@L87
SHOW_SELL_POLICY_6,	ASCII	ascii	1	Face/FirmLoadArea-1.h@L88
SHOW_SELL_POLICY_7,	ASCII	ascii	1	Face/FirmLoadArea-1.h@L89
SHOW_SELL_POLICY_8,	ASCII	ascii	1	Face/FirmLoadArea-1.h@L90
SHOW_SELL_POLICY_9,	ASCII	ascii	1	Face/FirmLoadArea-1.h@L91
SHOW_SELL_POLICY_WORD_1,	ASCII	ascii	1	Face/FirmLoadArea-1.h@L210
SHOW_SELL_POLICY_WORD_2,	ASCII	ascii	1	Face/FirmLoadArea-1.h@L211
SHOW_SELL_POLICY_WORD_3,	ASCII	ascii	1	Face/FirmLoadArea-1.h@L212
SHOW_SELL_POLICY_WORD_4	ASCII	ascii	1	Face/FirmLoadArea-1.h@L213
SHOW_SPEND,	ASCII	ascii	1	Face/FirmLoadArea_ItemBoard.h@L9
SHOW_STATUS,	ASCII	ascii	1	Face/BuildingFirm.h@L55
SHOW_STEEL,	ASCII	ascii	1	Face/ToBuildFirm-1.h@L8
SHOW_STEEL_NEED,	ASCII	ascii	1	Face/BuildingFirm.h@L37
SHOW_STEEL_NUM,	ASCII	ascii	1	Face/ToBuildFirm-1.h@L15
SHOW_STEEL_OWN,	ASCII	ascii	1	Face/BuildingFirm.h@L23
SHOW_STEEL_PRICE,	ASCII	ascii	1	Face/BuildingFirm.h@L51
SHOW_STOCK_1,	ASCII	ascii	1	Face/FirmLoadArea-1.h@L123
SHOW_STOCK_10,	ASCII	ascii	1	Face/FirmLoadArea-1.h@L132
SHOW_STOCK_2,	ASCII	ascii	1	Face/FirmLoadArea-1.h@L124
SHOW_STOCK_3,	ASCII	ascii	1	Face/FirmLoadArea-1.h@L125
SHOW_STOCK_4,	ASCII	ascii	1	Face/FirmLoadArea-1.h@L126
SHOW_STOCK_5,	ASCII	ascii	1	Face/FirmLoadArea-1.h@L127
SHOW_STOCK_6,	ASCII	ascii	1	Face/FirmLoadArea-1.h@L128
SHOW_STOCK_7,	ASCII	ascii	1	Face/FirmLoadArea-1.h@L129
SHOW_STOCK_8,	ASCII	ascii	1	Face/FirmLoadArea-1.h@L130
SHOW_STOCK_9,	ASCII	ascii	1	Face/FirmLoadArea-1.h@L131
SHOW_STOP_OR_RESTART	ASCII	ascii	1	Face/MyFirmStop.h@L4
SHOW_TASK,	ASCII	ascii	1	Face/main1.h@L34
SHOW_TEXT,	ASCII	ascii	1	Face/face_talk.h@L4
SHOW_TOTALPRICE,	ASCII	ascii	1	Face/BuildingFirm.h@L53
SHOW_TYPE_WORD,	ASCII	ascii	1	Face/forsale-mine.h@L13
SHOW_UNITSTR4	ASCII	ascii	1	Face/FirmMachine.h@L56
SHOW_UNITSTR4,	ASCII	ascii	1	Face/SaleMachineInfo.h@L39
SHOW_USER_NUM_TOTAL	ASCII	ascii	1	Face/FirmDorm.h@L10
SHOW_USER_NUM_TOTAL,	ASCII	ascii	1	Face/factinf_dorm.h@L19
SHOW_VALUE,	ASCII	ascii	1	Face/CompanyInfo.h@L3
SHOW_WATER,	ASCII	ascii	1	Face/forsale-mine.h@L7
SHOW_WATER_NUM,	ASCII	ascii	1	Face/forsale-mine.h@L8
SHOW_WOOD,	ASCII	ascii	1	Face/ToBuildFirm-1.h@L2
SHOW_WOOD_NEED,	ASCII	ascii	1	Face/BuildingFirm.h@L31
SHOW_WOOD_NUM,	ASCII	ascii	1	Face/ToBuildFirm-1.h@L9
SHOW_WOOD_OWN,	ASCII	ascii	1	Face/BuildingFirm.h@L17
SHOW_WOOD_PRICE,	ASCII	ascii	1	Face/BuildingFirm.h@L39
SHOW_WORD_P_1,	ASCII	ascii	1	Face/FirmLoadArea-1.h@L63
SHOW_WORD_P_10,	ASCII	ascii	1	Face/FirmLoadArea-1.h@L72
SHOW_WORD_P_2,	ASCII	ascii	1	Face/FirmLoadArea-1.h@L64
SHOW_WORD_P_3,	ASCII	ascii	1	Face/FirmLoadArea-1.h@L65
SHOW_WORD_P_4,	ASCII	ascii	1	Face/FirmLoadArea-1.h@L66
SHOW_WORD_P_5,	ASCII	ascii	1	Face/FirmLoadArea-1.h@L67
SHOW_WORD_P_6,	ASCII	ascii	1	Face/FirmLoadArea-1.h@L68
SHOW_WORD_P_7,	ASCII	ascii	1	Face/FirmLoadArea-1.h@L69
SHOW_WORD_P_8,	ASCII	ascii	1	Face/FirmLoadArea-1.h@L70
SHOW_WORD_P_9,	ASCII	ascii	1	Face/FirmLoadArea-1.h@L71
SHOW_WORD_Q_1,	ASCII	ascii	1	Face/FirmLoadArea-1.h@L73
SHOW_WORD_Q_10,	ASCII	ascii	1	Face/FirmLoadArea-1.h@L82
SHOW_WORD_Q_2,	ASCII	ascii	1	Face/FirmLoadArea-1.h@L74
SHOW_WORD_Q_3,	ASCII	ascii	1	Face/FirmLoadArea-1.h@L75
SHOW_WORD_Q_4,	ASCII	ascii	1	Face/FirmLoadArea-1.h@L76
SHOW_WORD_Q_5,	ASCII	ascii	1	Face/FirmLoadArea-1.h@L77
SHOW_WORD_Q_6,	ASCII	ascii	1	Face/FirmLoadArea-1.h@L78
SHOW_WORD_Q_7,	ASCII	ascii	1	Face/FirmLoadArea-1.h@L79
SHOW_WORD_Q_8,	ASCII	ascii	1	Face/FirmLoadArea-1.h@L80
SHOW_WORD_Q_9,	ASCII	ascii	1	Face/FirmLoadArea-1.h@L81
SHOW_WORKER_NEED	ASCII	ascii	1	Face/face_machine.h@L64
SHOW_WORKER_NEED,	ASCII	ascii	1	Face/SalaryAdjust.h@L8
SHOW_WORKER_SALARY,	ASCII	ascii	1	Face/SalaryAdjust.h@L10
SPRICE_BUT,	ASCII	ascii	1	Face/prod_info.h@L31
SPRICE_NUM01,	ASCII	ascii	1	Face/prod_info.h@L106
SPRICE_NUM02,	ASCII	ascii	1	Face/prod_info.h@L107
SPRICE_NUM03,	ASCII	ascii	1	Face/prod_info.h@L108
SPRICE_NUM04,	ASCII	ascii	1	Face/prod_info.h@L109
SPRICE_NUM05,	ASCII	ascii	1	Face/prod_info.h@L110
SPRICE_NUM06,	ASCII	ascii	1	Face/prod_info.h@L111
SPRICE_NUM07,	ASCII	ascii	1	Face/prod_info.h@L112
SPRICE_NUM08,	ASCII	ascii	1	Face/prod_info.h@L113
SPRICE_NUM09,	ASCII	ascii	1	Face/prod_info.h@L114
SPRICE_NUM10,	ASCII	ascii	1	Face/prod_info.h@L115
SPRICE_SUM,	ASCII	ascii	1	Face/prod_info.h@L143
SRPWh	ASCII	ascii	1	CEO.exe@RVA 66154
SSQR	ASCII	ascii	1	CEO.exe@RVA 3A414
SSSSSWPQj	ASCII	ascii	1	CEO.exe@RVA 3083F
STAGE_LIST,	ASCII	ascii	1	Face/taskplay.h@L125
STEAMAPPS_INTERFACE_VERSION008	ASCII	ascii	1	CEO.exe@RVA A3170
STEAMUSERSTATS_INTERFACE_VERSION012	ASCII	ascii	1	CEO.exe@RVA A311C
STOCK,	ASCII	ascii	1	Face/buyfact.h@L22
STOCKS_0,	ASCII	ascii	1	Face/balance_info.h@L34
STOCKS_BUT,	ASCII	ascii	1	Face/prod_info.h@L32
STOCKS_NUM,	ASCII	ascii	1	Face/balance_info.h@L48
STOCKS_NUM01,	ASCII	ascii	1	Face/prod_info.h@L116
STOCKS_NUM02,	ASCII	ascii	1	Face/prod_info.h@L117
STOCKS_NUM03,	ASCII	ascii	1	Face/prod_info.h@L118
STOCKS_NUM04,	ASCII	ascii	1	Face/prod_info.h@L119
STOCKS_NUM05,	ASCII	ascii	1	Face/prod_info.h@L120
STOCKS_NUM06,	ASCII	ascii	1	Face/prod_info.h@L121
STOCKS_NUM07,	ASCII	ascii	1	Face/prod_info.h@L122
STOCKS_NUM08,	ASCII	ascii	1	Face/prod_info.h@L123
STOCKS_NUM09,	ASCII	ascii	1	Face/prod_info.h@L124
STOCKS_NUM10,	ASCII	ascii	1	Face/prod_info.h@L125
STOCKS_PER,	ASCII	ascii	1	Face/balance_info.h@L62
STOCKS_SUM,	ASCII	ascii	1	Face/prod_info.h@L141
STOCK_COST,	ASCII	ascii	1	Face/buyfact.h@L28
STORAGE_DEC,	ASCII	ascii	1	Face/IO_rule_1.h@L43
STORAGE_INC,	ASCII	ascii	1	Face/IO_rule_1.h@L41
STORAGE_ORG,	ASCII	ascii	1	Face/IO_rule_1.h@L39
STUD_P,	ASCII	ascii	1	Face/taskplay.h@L86
STUD_P_BAR,	ASCII	ascii	1	Face/taskplay.h@L87
SUBTOTAL_0,	ASCII	ascii	1	Face/balance_info.h@L36
SUBTOTAL_NUM,	ASCII	ascii	1	Face/balance_info.h@L56
SUBTOTAL_PER,	ASCII	ascii	1	Face/balance_info.h@L63
SUB_INTEREST,	ASCII	ascii	1	Face/Bank.h@L34
SUB_OK,	ASCII	ascii	1	Face/Bank.h@L37
SVPQ	ASCII	ascii	1	CEO.exe@RVA 7C1C3
SVQ3	ASCII	ascii	1	CEO.exe@RVA 6A3B1
SVQR	ASCII	ascii	1	CEO.exe@RVA 6D3AC
SVRP	ASCII	ascii	1	CEO.exe@RVA 6D35D
SVVVh	ASCII	ascii	1	CEO.exe@RVA 422CF
SVW;	ASCII	ascii	1	CEO.exe@RVA 49D3C
SVWPQR	ASCII	ascii	1	CEO.exe@RVA 6D20F
SVWSSSh	ASCII	ascii	1	CEO.exe@RVA 61DFF
SVWUj	ASCII	ascii	1	CEO.exe@RVA 98BC3
SVWf	ASCII	ascii	1	CEO.exe@RVA 30AF7
SVWf\t	ASCII	ascii	1	CEO.exe@RVA 729E4
SVWhP	ASCII	ascii	1	CEO.exe@RVA 5E77
SVtV	ASCII	ascii	1	CEO.exe@RVA 5FF2D
SWDh	ASCII	ascii	1	stage/stage09.stg@seg3125+0xB
SWJ#	ASCII	ascii	1	CEO.exe@RVA 19CD3
SWRPV	ASCII	ascii	1	CEO.exe@RVA 6D063
SWVW	ASCII	ascii	1	CEO.exe@RVA 38879
SWf9M	ASCII	ascii	1	CEO.exe@RVA 93836
SWjP	ASCII	ascii	1	CEO.exe@RVA 32490
S_PROFIT,	ASCII	ascii	1	Face/sreport.h@L76
S_SEL,	ASCII	ascii	1	Face/water_soil.h@L3
SalaryAdjust.fce	ASCII	big5	1	FACE.APKG@#236
SalaryAdjust.h	ASCII	big5	1	FACE.APKG@#237
SalaryAdjust.idx2	ASCII	big5	1	FACEPICS.APKG@#172
SalaryAdjust.pic2	ASCII	big5	1	FACEPICS.APKG@#173
SaleMachINE-1.idx2	ASCII	big5	1	FACEPICS.APKG@#174
SaleMachINE-1.pic2	ASCII	big5	1	FACEPICS.APKG@#175
SaleMachine-1.fce	ASCII	big5	1	FACE.APKG@#238
SaleMachine-1.h	ASCII	big5	1	FACE.APKG@#239
SaleMachine.fce	ASCII	big5	1	FACE.APKG@#240
SaleMachine.h	ASCII	big5	1	FACE.APKG@#241
SaleMachine.idx2	ASCII	big5	1	FACEPICS.APKG@#176
SaleMachine.pic2	ASCII	big5	1	FACEPICS.APKG@#177
SaleMachineInfo.fce	ASCII	big5	1	FACE.APKG@#242
SaleMachineInfo.h	ASCII	big5	1	FACE.APKG@#243
SaleMachineInfo.idx2	ASCII	big5	1	FACEPICS.APKG@#178
SaleMachineInfo.pic2	ASCII	big5	1	FACEPICS.APKG@#179
SaleRetailMachine.idx2	ASCII	big5	1	FACEPICS.APKG@#180
SaleRetailMachine.pic2	ASCII	big5	1	FACEPICS.APKG@#181
SaveConfirm.fce	ASCII	big5	1	FACE.APKG@#246
SaveConfirm.h	ASCII	big5	1	FACE.APKG@#247
ScreenToClient	ASCII	ascii	1	CEO.exe@RVA B0AA8
Se>t	ASCII	ascii	1	stage/stage09.stg@seg3496+0xB
SelectObject	ASCII	ascii	1	CEO.exe@RVA B0ADC
SetBkMode	ASCII	ascii	1	CEO.exe@RVA B0B6E
SetCurrentDirectoryA	ASCII	ascii	1	CEO.exe@RVA B04C4
SetEndOfFile	ASCII	ascii	1	CEO.exe@RVA B05D8
SetEnvironmentVariableA	ASCII	ascii	1	CEO.exe@RVA B09C0
SetFilePointer	ASCII	ascii	1	CEO.exe@RVA B0926
SetHandleCount	ASCII	ascii	1	CEO.exe@RVA B0892
SetLastError	ASCII	ascii	1	CEO.exe@RVA B0736
SetStdHandle	ASCII	ascii	1	CEO.exe@RVA B0938
SetTextColor	ASCII	ascii	1	CEO.exe@RVA B0B5E
SetUnhandledExceptionFilter	ASCII	ascii	1	CEO.exe@RVA B06B6
SetWindowLongA	ASCII	ascii	1	CEO.exe@RVA B09EC
ShDH	ASCII	ascii	1	stage/stage05.stg@seg196+0xB
Shi(J	ASCII	ascii	1	CEO.exe@RVA B6AC
ShowCursor	ASCII	ascii	1	CEO.exe@RVA B0388
ShowWindow	ASCII	ascii	1	CEO.exe@RVA B02F6
SjpR	ASCII	ascii	1	CEO.exe@RVA 1DEF6
Sjqh	ASCII	ascii	1	CEO.exe@RVA 56D39
Sleep	ASCII	ascii	1	CEO.exe@RVA B0228
SmallMapBtn.fce	ASCII	big5	1	FACE.APKG@#254
SmallMapBtn.h	ASCII	big5	1	FACE.APKG@#255
SmallMapBtn.idx2	ASCII	big5	1	FACEPICS.APKG@#191
SmallMapBtn.pic2	ASCII	big5	1	FACEPICS.APKG@#192
SoH_	ASCII	ascii	1	stage/stage06.stg@seg4066+0xB
Some file is not close	ASCII	ascii	1	CEO.exe@RVA A4CE0
St$x	ASCII	ascii	1	stage/stage09.stg@seg2936+0xB
StCw	ASCII	ascii	1	stage/stage09.stg@seg2940+0xB
Stage01.stg	ASCII	big5	1	data/Stages.csv@L8
Stage02.stg	ASCII	big5	1	data/Stages.csv@L10
Stage03.stg	ASCII	big5	1	data/Stages.csv@L12
Stage04.stg	ASCII	big5	1	data/Stages.csv@L11
Stage05.stg	ASCII	big5	1	data/Stages.csv@L19
Stage06.stg	ASCII	big5	1	data/Stages.csv@L21
Stage07.stg	ASCII	big5	1	data/Stages.csv@L14
Stage08.stg	ASCII	big5	1	data/Stages.csv@L9
Stage09.stg	ASCII	big5	1	data/Stages.csv@L17
Stage10.stg	ASCII	big5	1	data/Stages.csv@L18
Stage11.stg	ASCII	big5	1	data/Stages.csv@L15
Stage12.stg	ASCII	big5	1	data/Stages.csv@L16
Stage13.stg	ASCII	big5	1	data/Stages.csv@L13
Stage14.stg	ASCII	big5	1	data/Stages.csv@L20
StageT0.stg	ASCII	big5	1	data/Stages.csv@L2
StageT1.stg	ASCII	big5	1	data/Stages.csv@L3
StageT2.stg	ASCII	big5	1	data/Stages.csv@L4
StageT3.stg	ASCII	big5	1	data/Stages.csv@L5
StageT4.stg	ASCII	big5	1	data/Stages.csv@L6
StageT5.stg	ASCII	big5	1	data/Stages.csv@L7
Stages.csv	ASCII	big5	1	DATA.APKG@#22
Steam must be running to play this game (SteamAPI_Init() failed).	ASCII	ascii	1	CEO.exe@RVA A33F8
Steam user is not logged in	ASCII	ascii	1	CEO.exe@RVA A33CC
Steam user must be logged in to play this game (SteamUser()->BLoggedOn() returned false).	ASCII	ascii	1	CEO.exe@RVA A3370
SteamAPI_GetHSteamUser	ASCII	ascii	1	CEO.exe@RVA B0078
SteamAPI_Init	ASCII	ascii	1	CEO.exe@RVA B0108
SteamAPI_Init() failed	ASCII	ascii	1	CEO.exe@RVA A343C
SteamAPI_RegisterCallback	ASCII	ascii	1	CEO.exe@RVA B00EC
SteamAPI_RestartAppIfNecessary	ASCII	ascii	1	CEO.exe@RVA B0118
SteamAPI_RunCallbacks	ASCII	ascii	1	CEO.exe@RVA B013A
SteamAPI_UnregisterCallback	ASCII	ascii	1	CEO.exe@RVA B00CE
SteamClient020	ASCII	ascii	1	CEO.exe@RVA A3140
SteamInput()->Init failed.	ASCII	ascii	1	CEO.exe@RVA A3340
SteamInput006	ASCII	ascii	1	CEO.exe@RVA A3190
SteamInternal_ContextInit	ASCII	ascii	1	CEO.exe@RVA B0092
SteamInternal_CreateInterface	ASCII	ascii	1	CEO.exe@RVA B00AE
SteamInternal_FindOrCreateUserInterface	ASCII	ascii	1	CEO.exe@RVA B004E
SteamUser021	ASCII	ascii	1	CEO.exe@RVA A3150
SteamUtils010	ASCII	ascii	1	CEO.exe@RVA A3160
Stream error	ASCII	ascii	1	CEO.exe@RVA A60E0
SunMonTueWedThuFriSat	ASCII	ascii	1	CEO.exe@RVA ABE60
Sx8D	ASCII	ascii	1	stage/stage05.stg@seg203+0xB
T#_{	ASCII	ascii	1	stage/stage11.stg@seg1916+0xB
T$Rf	ASCII	ascii	1	stage/stage09.stg@seg3140+0xB
T$]n	ASCII	ascii	1	stage/stage09.stg@seg3143+0xB
T,#?	ASCII	ascii	1	stage/stage05.stg@seg180+0xB
T0hA	ASCII	ascii	1	CEO.exe@RVA 25D27
T9lh	ASCII	ascii	1	stage/stage06.stg@seg5928+0xB
T:\tR	ASCII	ascii	1	CEO.exe@RVA CB67
T@&f	ASCII	ascii	1	CEO.exe@RVA F17B
TALK.CPP	ASCII	ascii	1	CEO.exe@RVA A35F8
TALK_TXT	ASCII	ascii	1	Face/buyfact.h@L30
TASK_1,	ASCII	ascii	1	Face/taskplay.h@L120
TASK_2,	ASCII	ascii	1	Face/taskplay.h@L121
TASK_3,	ASCII	ascii	1	Face/taskplay.h@L122
TASK_4,	ASCII	ascii	1	Face/taskplay.h@L123
TASK_5,	ASCII	ascii	1	Face/taskplay.h@L124
TASK_ARROW	ASCII	ascii	1	Face/task_arrow.h@L2
TASK_INFO,	ASCII	ascii	1	Face/face_task.h@L2
TASK_LIGHT_1,	ASCII	ascii	1	Face/taskplay.h@L111
TASK_LIGHT_2,	ASCII	ascii	1	Face/taskplay.h@L112
TASK_LIGHT_3,	ASCII	ascii	1	Face/taskplay.h@L113
TASK_LIGHT_4,	ASCII	ascii	1	Face/taskplay.h@L114
TASK_LIGHT_5,	ASCII	ascii	1	Face/taskplay.h@L115
TC3\t	ASCII	ascii	1	stage/stage11.stg@seg4985+0xB
TECFARM_NUM,	ASCII	ascii	1	Face/balance_info.h@L53
TEC_FARM0,	ASCII	ascii	1	Face/balance_info.h@L44
TEXT	ASCII	ascii	1	Face/face_event.h@L4
TIMEM_BUT,	ASCII	ascii	1	Face/prod_info.h@L45
TIMES_BUT,	ASCII	ascii	1	Face/prod_info.h@L44
TIMEY_BUT,	ASCII	ascii	1	Face/prod_info.h@L43
TIME_NUM,	ASCII	ascii	1	Face/win_face.h@L26
TIME_TXT,	ASCII	ascii	1	Face/win_face.h@L25
TIME_UNIT,	ASCII	ascii	1	Face/profit_info.h@L27
TINY_LAND,	ASCII	ascii	1	Face/extface_putland.h@L2
TITLE,	ASCII	ascii	1	Face/win_face.h@L21
TM&3	ASCII	ascii	1	stage/stage06.stg@seg754+0xB
TM)7	ASCII	ascii	1	stage/stage06.stg@seg752+0xB
TNe\t	ASCII	ascii	1	stage/stage07.stg@seg764+0xB
TOTAL,	ASCII	ascii	1	Face/buyfact.h@L23
TOTAL_AVERAGE,	ASCII	ascii	1	Face/prod_info.h@L136
TOTAL_COST,	ASCII	ascii	1	Face/buyfact.h@L29
TOTAL_P,	ASCII	ascii	1	Face/taskplay.h@L78
TOTAL_P_NUM,	ASCII	ascii	1	Face/taskplay.h@L79
TSj$h	ASCII	ascii	1	CEO.exe@RVA 8BD0C
TTIME_CEO	ASCII	ascii	1	CEO.exe@RVA A3454
TXT_5TRADE,	ASCII	ascii	1	Face/factinf_board.h@L39
TXT_COMMING_GOODS,	ASCII	ascii	1	Face/factinf_board.h@L37
TXT_NAME_1,	ASCII	ascii	1	Face/taskmenu.h@L31
TXT_NAME_10,	ASCII	ascii	1	Face/taskmenu.h@L40
TXT_NAME_2,	ASCII	ascii	1	Face/taskmenu.h@L32
TXT_NAME_3,	ASCII	ascii	1	Face/taskmenu.h@L33
TXT_NAME_4,	ASCII	ascii	1	Face/taskmenu.h@L34
TXT_NAME_5,	ASCII	ascii	1	Face/taskmenu.h@L35
TXT_NAME_6,	ASCII	ascii	1	Face/taskmenu.h@L36
TXT_NAME_7,	ASCII	ascii	1	Face/taskmenu.h@L37
TXT_NAME_8,	ASCII	ascii	1	Face/taskmenu.h@L38
TXT_NAME_9,	ASCII	ascii	1	Face/taskmenu.h@L39
TXT_PASS_1,	ASCII	ascii	1	Face/taskmenu.h@L51
TXT_PASS_10,	ASCII	ascii	1	Face/taskmenu.h@L60
TXT_PASS_2,	ASCII	ascii	1	Face/taskmenu.h@L52
TXT_PASS_3,	ASCII	ascii	1	Face/taskmenu.h@L53
TXT_PASS_4,	ASCII	ascii	1	Face/taskmenu.h@L54
TXT_PASS_5,	ASCII	ascii	1	Face/taskmenu.h@L55
TXT_PASS_6,	ASCII	ascii	1	Face/taskmenu.h@L56
TXT_PASS_7,	ASCII	ascii	1	Face/taskmenu.h@L57
TXT_PASS_8,	ASCII	ascii	1	Face/taskmenu.h@L58
TXT_PASS_9,	ASCII	ascii	1	Face/taskmenu.h@L59
TXT_POINT,	ASCII	ascii	1	Face/taskplay.h@L39
TXT_SCORE_1,	ASCII	ascii	1	Face/taskmenu.h@L41
TXT_SCORE_10,	ASCII	ascii	1	Face/taskmenu.h@L50
TXT_SCORE_2,	ASCII	ascii	1	Face/taskmenu.h@L42
TXT_SCORE_3,	ASCII	ascii	1	Face/taskmenu.h@L43
TXT_SCORE_4,	ASCII	ascii	1	Face/taskmenu.h@L44
TXT_SCORE_5,	ASCII	ascii	1	Face/taskmenu.h@L45
TXT_SCORE_6,	ASCII	ascii	1	Face/taskmenu.h@L46
TXT_SCORE_7,	ASCII	ascii	1	Face/taskmenu.h@L47
TXT_SCORE_8,	ASCII	ascii	1	Face/taskmenu.h@L48
TXT_SCORE_9,	ASCII	ascii	1	Face/taskmenu.h@L49
TXT_SHOW_DROP,	ASCII	ascii	1	Face/factinf_board.h@L33
TXT_WAITING_GOODS,	ASCII	ascii	1	Face/factinf_board.h@L35
Talk.csv	ASCII	big5	1	DATA.APKG@#23
Talk_idx.csv	ASCII	big5	1	DATA.APKG@#24
TerminateProcess	ASCII	ascii	1	CEO.exe@RVA B0672
The most common cause is not connected to the headset.	ASCII	ascii	1	CEO.exe@RVA A4E3D
TlsAlloc	ASCII	ascii	1	CEO.exe@RVA B0704
TlsFree	ASCII	ascii	1	CEO.exe@RVA B072C
TlsGetValue	ASCII	ascii	1	CEO.exe@RVA B0710
TlsSetValue	ASCII	ascii	1	CEO.exe@RVA B071E
ToBuilDFIRM.idx2	ASCII	big5	1	FACEPICS.APKG@#209
ToBuilDFIRM.pic2	ASCII	big5	1	FACEPICS.APKG@#210
ToBuildFIRM-1.idx2	ASCII	big5	1	FACEPICS.APKG@#205
ToBuildFIRM-1.pic2	ASCII	big5	1	FACEPICS.APKG@#206
ToBuildFirm-1.fce	ASCII	big5	1	FACE.APKG@#266
ToBuildFirm-1.h	ASCII	big5	1	FACE.APKG@#267
ToBuildFirm-MINE.idx2	ASCII	big5	1	FACEPICS.APKG@#207
ToBuildFirm-MINE.pic2	ASCII	big5	1	FACEPICS.APKG@#208
ToBuildFirm-Mine.fce	ASCII	big5	1	FACE.APKG@#268
ToBuildFirm-Mine.h	ASCII	big5	1	FACE.APKG@#269
ToBuildFirm.fce	ASCII	big5	1	FACE.APKG@#270
ToBuildFirm.h	ASCII	big5	1	FACE.APKG@#271
Tp>f	ASCII	ascii	1	CEO.exe@RVA 2C12B
TranslateMessage	ASCII	ascii	1	CEO.exe@RVA B0364
T} f	ASCII	ascii	1	CEO.exe@RVA 34B99
T}.a	ASCII	ascii	1	stage/stage06.stg@seg4064+0xB
T~OXu	ASCII	ascii	1	CEO.exe@RVA A9AAA
U +E	ASCII	ascii	1	CEO.exe@RVA 6D4AD
U>c{	ASCII	ascii	1	CEO.exe@RVA B950E
UNICODE	ASCII	ascii	1	CEO.exe@RVA ABE54
UNITBOX_BUT,	ASCII	ascii	1	Face/prod_info.h@L40
UNIT_BUT,	ASCII	ascii	1	Face/prod_info.h@L41
UNIT_BUY_PRICE,	ASCII	ascii	1	Face/IO_rule_1.h@L29
UNIT_G,	ASCII	ascii	1	Face/RetailMachine.h@L27
UNIT_KG,	ASCII	ascii	1	Face/RetailMachine.h@L28
UNIT_PIECE,	ASCII	ascii	1	Face/RetailMachine.h@L26
UNIT_SALE_PRICE,	ASCII	ascii	1	Face/IO_rule_1.h@L33
UNUSE1234,	ASCII	ascii	1	Face/prod_info.h@L145
UNUSEOBJ1235,	ASCII	ascii	1	Face/prod_info.h@L146
UNUSE_ITEM1,	ASCII	ascii	1	Face/prod_info.h@L2
UNUSE_OBJ000,	ASCII	ascii	1	Face/prod_info.h@L38
UNUSE_OBJ001,	ASCII	ascii	1	Face/prod_info.h@L39
UNUSE_OBJ1000	ASCII	ascii	1	Face/water_soil.h@L17
UNUSE_OBJ101,	ASCII	ascii	1	Face/fact_profit_info.h@L102
UNUSE_OBJ111,	ASCII	ascii	1	Face/ceo_info.h@L2
UNUSE_OBJ115,	ASCII	ascii	1	Face/freeplay.h@L6
UNUSE_OBJ13	ASCII	ascii	1	Face/factinf.h@L14
UNUSE_OBJ138,	ASCII	ascii	1	Face/taskplay.h@L127
UNUSE_OBJ147,	ASCII	ascii	1	Face/prod_info.h@L148
UNUSE_OBJ148,	ASCII	ascii	1	Face/prod_info.h@L149
UNUSE_OBJ149,	ASCII	ascii	1	Face/prod_info.h@L150
UNUSE_OBJ150,	ASCII	ascii	1	Face/prod_info.h@L151
UNUSE_OBJ152,	ASCII	ascii	1	Face/BuildingFirm.h@L25
UNUSE_OBJ153,	ASCII	ascii	1	Face/BuildingFirm.h@L26
UNUSE_OBJ154,	ASCII	ascii	1	Face/BuildingFirm.h@L27
UNUSE_OBJ155,	ASCII	ascii	1	Face/BuildingFirm.h@L28
UNUSE_OBJ156,	ASCII	ascii	1	Face/BuildingFirm.h@L29
UNUSE_OBJ157,	ASCII	ascii	1	Face/BuildingFirm.h@L24
UNUSE_OBJ160,	ASCII	ascii	1	Face/taskplay.h@L108
UNUSE_OBJ161,	ASCII	ascii	1	Face/taskplay.h@L109
UNUSE_OBJ190,	ASCII	ascii	1	Face/FirmLoadArea-1.h@L183
UNUSE_OBJ21	ASCII	ascii	1	Face/forsale-mine.h@L22
UNUSE_OBJ211,	ASCII	ascii	1	Face/ceo_info.h@L3
UNUSE_OBJ24	ASCII	ascii	1	Face/IO_rule.h@L25
UNUSE_OBJ253,	ASCII	ascii	1	Face/BuildingFirm.h@L40
UNUSE_OBJ254,	ASCII	ascii	1	Face/BuildingFirm.h@L41
UNUSE_OBJ255,	ASCII	ascii	1	Face/BuildingFirm.h@L42
UNUSE_OBJ256,	ASCII	ascii	1	Face/BuildingFirm.h@L43
UNUSE_OBJ257,	ASCII	ascii	1	Face/BuildingFirm.h@L44
UNUSE_OBJ258,	ASCII	ascii	1	Face/BuildingFirm.h@L45
UNUSE_OBJ264,	ASCII	ascii	1	Face/BuildingFirm.h@L54
UNUSE_OBJ27	ASCII	ascii	1	Face/factinf_port.h@L28
UNUSE_OBJ311,	ASCII	ascii	1	Face/ceo_info.h@L4
UNUSE_OBJ32	ASCII	ascii	1	Face/RetailMachine.h@L33
UNUSE_OBJ357,	ASCII	ascii	1	Face/BuildingFirm.h@L30
UNUSE_OBJ364,	ASCII	ascii	1	Face/BuildingFirm.h@L56
UNUSE_OBJ37	ASCII	ascii	1	Face/face_machine_introduce.h@L30
UNUSE_OBJ39	ASCII	ascii	1	Face/extface_putland.h@L40
UNUSE_OBJ4	ASCII	ascii	1	Face/MyFirmRename.h@L5
UNUSE_OBJ411,	ASCII	ascii	1	Face/ceo_info.h@L5
UNUSE_OBJ418	ASCII	ascii	1	Face/IO_rule_1.h@L47
UNUSE_OBJ42,	ASCII	ascii	1	Face/factinf_pro.h@L42
UNUSE_OBJ43,	ASCII	ascii	1	Face/face_machine.h@L44
UNUSE_OBJ457,	ASCII	ascii	1	Face/BuildingFirm.h@L38
UNUSE_OBJ47,	ASCII	ascii	1	Face/IO_rule_1.h@L42
UNUSE_OBJ471,	ASCII	ascii	1	Face/IO_rule_1.h@L46
UNUSE_OBJ48	ASCII	ascii	1	Face/taskhint.h@L49
UNUSE_OBJ49,	ASCII	ascii	1	Face/IO_rule_1.h@L44
UNUSE_OBJ511,	ASCII	ascii	1	Face/ceo_info.h@L6
UNUSE_OBJ52,	ASCII	ascii	1	Face/BuildingFirm.h@L11
UNUSE_OBJ53,	ASCII	ascii	1	Face/BuildingFirm.h@L12
UNUSE_OBJ54,	ASCII	ascii	1	Face/BuildingFirm.h@L13
UNUSE_OBJ55,	ASCII	ascii	1	Face/BuildingFirm.h@L14
UNUSE_OBJ56,	ASCII	ascii	1	Face/BuildingFirm.h@L15
UNUSE_OBJ57,	ASCII	ascii	1	Face/BuildingFirm.h@L16
UNUSE_OBJ61,	ASCII	ascii	1	Face/face_salesman.h@L7
UNUSE_OBJ63,	ASCII	ascii	1	Face/sreport.h@L57
UNUSE_OBJ64,	ASCII	ascii	1	Face/BuildingFirm.h@L52
UNUSE_OBJ65,	ASCII	ascii	1	Face/sreport.h@L59
UNUSE_OBJ66,	ASCII	ascii	1	Face/sreport.h@L60
UNUSE_OBJ67,	ASCII	ascii	1	Face/sreport.h@L61
UNUSE_OBJ68,	ASCII	ascii	1	Face/sreport.h@L62
UNUSE_OBJ69,	ASCII	ascii	1	Face/sreport.h@L63
UNUSE_OBJ70,	ASCII	ascii	1	Face/sreport.h@L64
UNUSE_OBJ71,	ASCII	ascii	1	Face/sreport.h@L65
UNUSE_OBJ72,	ASCII	ascii	1	Face/sreport.h@L66
UNUSE_OBJ73,	ASCII	ascii	1	Face/sreport.h@L67
UNUSE_OBJ74,	ASCII	ascii	1	Face/sreport.h@L68
UNUSE_OBJ800,	ASCII	ascii	1	Face/water_soil.h@L10
UNUSE_OBJ9	ASCII	ascii	1	Face/face_license.h@L10
UNUSE_OBJ99,	ASCII	ascii	1	Face/prod_info.h@L12
UQPXY]Y[	ASCII	ascii	1	CEO.exe@RVA 98CE9
URPQQh	ASCII	ascii	1	CEO.exe@RVA 9411F
USER32.dll	ASCII	ascii	1	CEO.exe@RVA B0394
UTF-16LE	ASCII	ascii	1	CEO.exe@RVA ABE48
UTF-8	ASCII	ascii	1	CEO.exe@RVA ABE40
UVWS	ASCII	ascii	1	CEO.exe@RVA 94202
UWC.	ASCII	ascii	1	stage/stage11.stg@seg5980+0xB
UY =	ASCII	ascii	1	CEO.exe@RVA A92DB
UY9n	ASCII	ascii	1	stage/stage08.stg@seg3928+0xB
UnhandledExceptionFilter	ASCII	ascii	1	CEO.exe@RVA B069A
Unknown exception	ASCII	ascii	1	CEO.exe@RVA AABBC
UpdateWindow	ASCII	ascii	1	CEO.exe@RVA B02E6
UrCu	ASCII	ascii	1	stage/stage08.stg@seg2551+0xB
V )U	ASCII	ascii	1	CEO.exe@RVA 84C7F
V$SR	ASCII	ascii	1	CEO.exe@RVA 7335E
V%A+=	ASCII	ascii	1	CEO.exe@RVA A770B
V,+U	ASCII	ascii	1	CEO.exe@RVA 72F6B
V,9U	ASCII	ascii	1	CEO.exe@RVA 73127
V0e0x0	ASCII	ascii	1	CEO.exe@RVA 500030
V83W$	ASCII	ascii	1	CEO.exe@RVA 361D8
VACANCY_0,	ASCII	ascii	1	Face/balance_info.h@L40
VB;U	ASCII	ascii	1	CEO.exe@RVA 800E8
VENDING_BUT,	ASCII	ascii	1	Face/score_info.h@L46
VENDNUM_01,	ASCII	ascii	1	Face/score_info.h@L131
VENDNUM_02,	ASCII	ascii	1	Face/score_info.h@L132
VENDNUM_03,	ASCII	ascii	1	Face/score_info.h@L133
VENDNUM_04,	ASCII	ascii	1	Face/score_info.h@L134
VENDNUM_05,	ASCII	ascii	1	Face/score_info.h@L135
VENDNUM_06,	ASCII	ascii	1	Face/score_info.h@L136
VENDNUM_07,	ASCII	ascii	1	Face/score_info.h@L137
VENDNUM_08,	ASCII	ascii	1	Face/score_info.h@L138
VENDNUM_09,	ASCII	ascii	1	Face/score_info.h@L139
VENDNUM_10,	ASCII	ascii	1	Face/score_info.h@L140
VENDNUM_11,	ASCII	ascii	1	Face/score_info.h@L141
VENDNUM_12,	ASCII	ascii	1	Face/score_info.h@L142
VISIT_FACTORY,	ASCII	ascii	1	Face/face_salesman.h@L8
VISIT_SCORE,	ASCII	ascii	1	Face/face_salesman.h@L9
VJRj	ASCII	ascii	1	CEO.exe@RVA 1CB61
VPSj	ASCII	ascii	1	CEO.exe@RVA 35DD4
VPVW	ASCII	ascii	1	CEO.exe@RVA 38888
VPWR	ASCII	ascii	1	CEO.exe@RVA 154D9
VPWSR	ASCII	ascii	1	CEO.exe@RVA 3626F
VQGS	ASCII	ascii	1	CEO.exe@RVA 6E18D
VQJR	ASCII	ascii	1	CEO.exe@RVA 6E44F
VRCP	ASCII	ascii	1	CEO.exe@RVA 642CC
VRPj	ASCII	ascii	1	CEO.exe@RVA A8E8
VRQP	ASCII	ascii	1	CEO.exe@RVA 10417
VRVW	ASCII	ascii	1	CEO.exe@RVA 38869
VSRPQ	ASCII	ascii	1	CEO.exe@RVA 745A8
VSWR	ASCII	ascii	1	CEO.exe@RVA 7DA72
VVVVVQRSSj	ASCII	ascii	1	CEO.exe@RVA 9724D
VVh0	ASCII	ascii	1	CEO.exe@RVA 3FBA8
VVhU	ASCII	ascii	1	CEO.exe@RVA 9594B
VW9]	ASCII	ascii	1	CEO.exe@RVA 995DE
VWSVVVh@	ASCII	ascii	1	CEO.exe@RVA 422ED
VWhP	ASCII	ascii	1	CEO.exe@RVA 1ED50
VWhdDJ	ASCII	ascii	1	CEO.exe@RVA 58D10
VWj?h	ASCII	ascii	1	CEO.exe@RVA 57940
VWjmh	ASCII	ascii	1	CEO.exe@RVA 57BC0
VWt0	ASCII	ascii	1	CEO.exe@RVA 823C5
VWuE	ASCII	ascii	1	CEO.exe@RVA 15EA8
VX&?	ASCII	ascii	1	CEO.exe@RVA A8BF4
VdRj	ASCII	ascii	1	CEO.exe@RVA 1CBC1
Vh(MJ	ASCII	ascii	1	CEO.exe@RVA 6A1C6
VhHbJ	ASCII	ascii	1	CEO.exe@RVA 7BA88
Video\lose.wmv	ASCII	ascii	1	CEO.exe@RVA A44A0
Video\open.wmv	ASCII	ascii	1	CEO.exe@RVA A3294
Video\win.wmv	ASCII	ascii	1	CEO.exe@RVA A36F4
Vl^[]	ASCII	ascii	1	CEO.exe@RVA 33165
Vp;VxsT	ASCII	ascii	1	CEO.exe@RVA 7063D
V|J$	ASCII	ascii	1	stage/stage09.stg@seg2301+0xB
V~|_	ASCII	ascii	1	CEO.exe@RVA A8DAA
W\t;U	ASCII	ascii	1	CEO.exe@RVA 866F4
W$VQ	ASCII	ascii	1	CEO.exe@RVA 72EAC
W0VQR	ASCII	ascii	1	CEO.exe@RVA 6FE49
W;5(	ASCII	ascii	1	CEO.exe@RVA 17F2E
W;F }:	ASCII	ascii	1	CEO.exe@RVA 670B1
WAITING_TRUCK	ASCII	ascii	1	Face/ExitButton.h@L6
WAIT_IN,	ASCII	ascii	1	Face/factinf_port.h@L26
WANT_STORAGE,	ASCII	ascii	1	Face/IO_rule_1.h@L7
WANT_STORAGE1,	ASCII	ascii	1	Face/IO_rule_1.h@L38
WAVE	ASCII	ascii	1	CEO.exe@RVA 6F58E
WHOLESALE_BUT,	ASCII	ascii	1	Face/prod_info.h@L28
WINMM.dll	ASCII	ascii	1	CEO.exe@RVA B0422
WIN_CONDITION,	ASCII	ascii	1	Face/freeplay.h@L43
WIN_CONDITION1,	ASCII	ascii	1	Face/freeplay.h@L58
WIN_CONDITION1_OK,	ASCII	ascii	1	Face/freeplay.h@L44
WIN_CONDITION2,	ASCII	ascii	1	Face/freeplay.h@L60
WIN_CONDITION2_OK,	ASCII	ascii	1	Face/freeplay.h@L45
WIN_CONDITION3,	ASCII	ascii	1	Face/freeplay.h@L63
WIN_CONDITION3_DEC,	ASCII	ascii	1	Face/freeplay.h@L62
WIN_CONDITION3_INC,	ASCII	ascii	1	Face/freeplay.h@L65
WIN_CONDITION3_OK,	ASCII	ascii	1	Face/freeplay.h@L46
WIN_CONDITION4,	ASCII	ascii	1	Face/freeplay.h@L67
WIN_CONDITION4_DEC,	ASCII	ascii	1	Face/freeplay.h@L66
WIN_CONDITION4_INC,	ASCII	ascii	1	Face/freeplay.h@L69
WIN_CONDITION4_OK,	ASCII	ascii	1	Face/freeplay.h@L47
WIN_CONDITION5,	ASCII	ascii	1	Face/freeplay.h@L71
WIN_CONDITION5_DEC,	ASCII	ascii	1	Face/freeplay.h@L70
WIN_CONDITION5_INC,	ASCII	ascii	1	Face/freeplay.h@L73
WIN_CONDITION5_OK,	ASCII	ascii	1	Face/freeplay.h@L48
WIN_CONDITION6,	ASCII	ascii	1	Face/freeplay.h@L82
WIN_CONDITION6_2,	ASCII	ascii	1	Face/freeplay.h@L75
WIN_CONDITION6_DEC,	ASCII	ascii	1	Face/freeplay.h@L74
WIN_CONDITION6_INC,	ASCII	ascii	1	Face/freeplay.h@L77
WIN_CONDITION6_OK,	ASCII	ascii	1	Face/freeplay.h@L49
WIN_CONDITION7,	ASCII	ascii	1	Face/freeplay.h@L84
WIN_CONDITION7_2,	ASCII	ascii	1	Face/freeplay.h@L79
WIN_CONDITION7_DEC,	ASCII	ascii	1	Face/freeplay.h@L78
WIN_CONDITION7_INC,	ASCII	ascii	1	Face/freeplay.h@L81
WIN_CONDITION7_OK,	ASCII	ascii	1	Face/freeplay.h@L50
WIN_CONDITION_W1,	ASCII	ascii	1	Face/freeplay.h@L51
WIN_CONDITION_W2,	ASCII	ascii	1	Face/freeplay.h@L52
WIN_CONDITION_W3,	ASCII	ascii	1	Face/freeplay.h@L53
WIN_CONDITION_W3_2,	ASCII	ascii	1	Face/freeplay.h@L64
WIN_CONDITION_W4,	ASCII	ascii	1	Face/freeplay.h@L54
WIN_CONDITION_W4_2,	ASCII	ascii	1	Face/freeplay.h@L68
WIN_CONDITION_W5,	ASCII	ascii	1	Face/freeplay.h@L55
WIN_CONDITION_W5_2,	ASCII	ascii	1	Face/freeplay.h@L72
WIN_CONDITION_W6,	ASCII	ascii	1	Face/freeplay.h@L56
WIN_CONDITION_W6_2,	ASCII	ascii	1	Face/freeplay.h@L76
WIN_CONDITION_W7,	ASCII	ascii	1	Face/freeplay.h@L57
WIN_CONDITION_W7_2,	ASCII	ascii	1	Face/freeplay.h@L80
WKR_ADD,	ASCII	ascii	1	Face/face_salary_0.h@L24
WKR_ALLOW,	ASCII	ascii	1	Face/face_salary_0.h@L18
WKR_DEC,	ASCII	ascii	1	Face/face_salary_0.h@L22
WKR_HAVE,	ASCII	ascii	1	Face/face_salary_0.h@L12
WKR_IDLE,	ASCII	ascii	1	Face/face_salary_0.h@L6
WKR_SALARY,	ASCII	ascii	1	Face/face_salary_0.h@L20
WORK_P,	ASCII	ascii	1	Face/taskplay.h@L82
WORK_P_BAR,	ASCII	ascii	1	Face/taskplay.h@L83
WORK_TIME	ASCII	ascii	1	Face/SaleMachineInfo.h@L40
WPQj	ASCII	ascii	1	CEO.exe@RVA 3088B
WQPRV	ASCII	ascii	1	CEO.exe@RVA 670D8
WRPQ	ASCII	ascii	1	CEO.exe@RVA 7E880
WRVQ	ASCII	ascii	1	CEO.exe@RVA 7916B
WSALE_NUM01,	ASCII	ascii	1	Face/prod_info.h@L76
WSALE_NUM02,	ASCII	ascii	1	Face/prod_info.h@L77
WSALE_NUM03,	ASCII	ascii	1	Face/prod_info.h@L78
WSALE_NUM04,	ASCII	ascii	1	Face/prod_info.h@L79
WSALE_NUM05,	ASCII	ascii	1	Face/prod_info.h@L80
WSALE_NUM06,	ASCII	ascii	1	Face/prod_info.h@L81
WSALE_NUM07,	ASCII	ascii	1	Face/prod_info.h@L82
WSALE_NUM08,	ASCII	ascii	1	Face/prod_info.h@L83
WSALE_NUM09,	ASCII	ascii	1	Face/prod_info.h@L84
WSALE_NUM10,	ASCII	ascii	1	Face/prod_info.h@L85
WSALE_SUM,	ASCII	ascii	1	Face/prod_info.h@L139
WSPQRP	ASCII	ascii	1	CEO.exe@RVA 7C8AB
WSPRICE_BUT,	ASCII	ascii	1	Face/prod_info.h@L29
WSPRICE_NUM01,	ASCII	ascii	1	Face/prod_info.h@L86
WSPRICE_NUM02,	ASCII	ascii	1	Face/prod_info.h@L87
WSPRICE_NUM03,	ASCII	ascii	1	Face/prod_info.h@L88
WSPRICE_NUM04,	ASCII	ascii	1	Face/prod_info.h@L89
WSPRICE_NUM05,	ASCII	ascii	1	Face/prod_info.h@L90
WSPRICE_NUM06,	ASCII	ascii	1	Face/prod_info.h@L91
WSPRICE_NUM07,	ASCII	ascii	1	Face/prod_info.h@L92
WSPRICE_NUM08,	ASCII	ascii	1	Face/prod_info.h@L93
WSPRICE_NUM09,	ASCII	ascii	1	Face/prod_info.h@L94
WSPRICE_NUM10,	ASCII	ascii	1	Face/prod_info.h@L95
WSPRICE_SUM,	ASCII	ascii	1	Face/prod_info.h@L142
WSPV	ASCII	ascii	1	CEO.exe@RVA 72C50
WSQhdKJ	ASCII	ascii	1	CEO.exe@RVA 65E6D
WSSShp	ASCII	ascii	1	CEO.exe@RVA 61DE2
WSVj	ASCII	ascii	1	CEO.exe@RVA 3078F
WS_BOARD,	ASCII	ascii	1	Face/ProductBook.h@L22
WS_FAST,	ASCII	ascii	1	Face/ProductBook.h@L24
WS_GOOD,	ASCII	ascii	1	Face/ProductBook.h@L23
WS_TXT1,	ASCII	ascii	1	Face/ProductBook.h@L41
WS_TXT2,	ASCII	ascii	1	Face/ProductBook.h@L42
WS_TXT3,	ASCII	ascii	1	Face/ProductBook.h@L43
WS_TXT4,	ASCII	ascii	1	Face/ProductBook.h@L44
WS_TXT5	ASCII	ascii	1	Face/ProductBook.h@L45
WVPQ	ASCII	ascii	1	CEO.exe@RVA 6428E
WVPR	ASCII	ascii	1	CEO.exe@RVA 7C350
WVS3	ASCII	ascii	1	CEO.exe@RVA 8A560
WVU3	ASCII	ascii	1	CEO.exe@RVA 98A10
WWWWWWWhP[E	ASCII	ascii	1	CEO.exe@RVA 55ED5
WXPj	ASCII	ascii	1	CEO.exe@RVA EF99
W^n 	ASCII	ascii	1	stage/stage13.stg@seg414+0xB
Wh@BE	ASCII	ascii	1	CEO.exe@RVA 55ECF
WhlMJ	ASCII	ascii	1	CEO.exe@RVA 6A057
Whpi	ASCII	ascii	1	CEO.exe@RVA 428B4
WideCharToMultiByte	ASCII	ascii	1	CEO.exe@RVA B01B6
Windows原設定	中文	utf16le	1	CEO.exe@RVA A32F8
Wj\tH	ASCII	ascii	1	CEO.exe@RVA 768E3
Wj0S	ASCII	ascii	1	CEO.exe@RVA 8D06C
Wl9U	ASCII	ascii	1	CEO.exe@RVA 6FF75
WriteConsoleW	ASCII	ascii	1	CEO.exe@RVA B0990
WriteFile	ASCII	ascii	1	CEO.exe@RVA B07B8
Wu$h	ASCII	ascii	1	CEO.exe@RVA 1D0BB
Wx)J	ASCII	ascii	1	stage/stage11.stg@seg3479+0xB
Wy?G	ASCII	ascii	1	stage/stage06.stg@seg2153+0xB
WyuD	ASCII	ascii	1	stage/stage06.stg@seg2143+0xB
X\tt:	ASCII	ascii	1	CEO.exe@RVA 43D34
X%Ta	ASCII	ascii	1	stage/stage09.stg@seg3097+0xB
X,kc	ASCII	ascii	1	stage/stage14.stg@seg179+0xB
X-F=	ASCII	ascii	1	CEO.exe@RVA A769C
X.q!	ASCII	ascii	1	stage/stage11.stg@seg5974+0xB
X0b0p0v0	ASCII	ascii	1	CEO.exe@RVA 4F9920
X4I+	ASCII	ascii	1	CEO.exe@RVA A6FDB
X:+8	ASCII	ascii	1	stage/stage00.stg@seg96+0xB
X=/b	ASCII	ascii	1	stage/stage09.stg@seg3304+0xB
XH f	ASCII	ascii	1	CEO.exe@RVA 9816D
XLxc	ASCII	ascii	1	stage/stage09.stg@seg2567+0xB
XM%J	ASCII	ascii	1	stage/stage11.stg@seg1744+0xB
XMVI	ASCII	ascii	1	stage/stage11.stg@seg1742+0xB
X^_]	ASCII	ascii	1	CEO.exe@RVA 8C7CF
X`Pf	ASCII	ascii	1	CEO.exe@RVA 98176
Xgz`	ASCII	ascii	1	stage/stage09.stg@seg1784+0xB
Xj%h	ASCII	ascii	1	CEO.exe@RVA 2B7A5
XkLd	ASCII	ascii	1	stage/stage08.stg@seg3930+0xB
Xqq^	ASCII	ascii	1	stage/stage09.stg@seg1788+0xB
Xvy7	ASCII	ascii	1	stage/stage00.stg@seg136+0xB
Y-j4	ASCII	ascii	1	stage/stage00.stg@seg124+0xB
Y-s4	ASCII	ascii	1	stage/stage00.stg@seg138+0xB
Y@d$	ASCII	ascii	1	stage/stage11.stg@seg4513+0xB
YAS6	ASCII	ascii	1	stage/stage00.stg@seg121+0xB
YD}5	ASCII	ascii	1	stage/stage00.stg@seg105+0xB
YEARINCOME_BUT,	ASCII	ascii	1	Face/score_info.h@L41
YEARPROFIT_BUT,	ASCII	ascii	1	Face/score_info.h@L42
YEAR_EARN,	ASCII	ascii	1	Face/buyfact.h@L16
YEAR_PROFIT,	ASCII	ascii	1	Face/buyfact.h@L17
YQ-3	ASCII	ascii	1	stage/stage00.stg@seg122+0xB
YQPVh	ASCII	ascii	1	CEO.exe@RVA 8A99E
YY?T	ASCII	ascii	1	stage/stage08.stg@seg4113+0xB
YYPV	ASCII	ascii	1	CEO.exe@RVA 8DC37
YYVj	ASCII	ascii	1	CEO.exe@RVA 8C0F5
YY`S	ASCII	ascii	1	stage/stage08.stg@seg4132+0xB
YYj0[	ASCII	ascii	1	CEO.exe@RVA 94EEB
YZ?6	ASCII	ascii	1	stage/stage00.stg@seg102+0xB
Y[_^	ASCII	ascii	1	CEO.exe@RVA 934A8
Y_^[]	ASCII	ascii	1	CEO.exe@RVA 9204B
Y__^[	ASCII	ascii	1	CEO.exe@RVA 90D9F
Yc10	ASCII	ascii	1	stage/stage06.stg@seg2289+0xB
YkP7	ASCII	ascii	1	stage/stage00.stg@seg106+0xB
Yrm\t	ASCII	ascii	1	stage/stage11.stg@seg4368+0xB
YtO"	ASCII	ascii	1	stage/stage14.stg@seg168+0xB
Yz@4	ASCII	ascii	1	stage/stage00.stg@seg110+0xB
Z# \t	ASCII	ascii	1	stage/stage06.stg@seg4565+0xB
Z#!\t	ASCII	ascii	1	stage/stage06.stg@seg4564+0xB
Z- C	ASCII	ascii	1	stage/stage09.stg@seg3290+0xB
Z0g0w0	ASCII	ascii	1	CEO.exe@RVA 5020A0
Z1\t2	ASCII	ascii	1	CEO.exe@RVA 5011EC
Z2"$	ASCII	ascii	1	stage/stage06.stg@seg4109+0xB
Z8RC	ASCII	ascii	1	stage/stage09.stg@seg1885+0xB
Z8tG	ASCII	ascii	1	stage/stage09.stg@seg1584+0xB
ZDHD	ASCII	ascii	1	stage/stage09.stg@seg3478+0xB
Zq0a	ASCII	ascii	1	stage/stage09.stg@seg3099+0xB
[!U@	ASCII	ascii	1	stage/stage08.stg@seg3797+0xB
[0U)	ASCII	ascii	1	stage/stage10.stg@seg290+0xB
[;6,	ASCII	ascii	1	stage/stage10.stg@seg300+0xB
[@'3	ASCII	ascii	1	stage/stage10.stg@seg291+0xB
[HxO	ASCII	ascii	1	stage/stage04.stg@seg2536+0xA
[O\t+	ASCII	ascii	1	stage/stage11.stg@seg4507+0xB
[Pz-	ASCII	ascii	1	stage/stage10.stg@seg307+0xB
[S("	ASCII	ascii	1	stage/stage11.stg@seg5564+0xB
[f9~	ASCII	ascii	1	CEO.exe@RVA 82BBB
[load second time : %s : %d]	ASCII	ascii	1	CEO.exe@RVA A4E00
\\tZ,	ASCII	ascii	1	stage/stage11.stg@seg2053+0xB
\'0F	ASCII	ascii	1	stage/stage11.stg@seg2740+0xB
\'NQ	ASCII	ascii	1	stage/stage11.stg@seg2752+0xB
\)<2	ASCII	ascii	1	stage/stage02.stg@seg424+0xB
\0j0z0	ASCII	ascii	1	CEO.exe@RVA 4FFB50
\8dI	ASCII	ascii	1	stage/stage09.stg@seg3714+0xB
\GvT	ASCII	ascii	1	stage/stage11.stg@seg1383+0xB
\SVW	ASCII	ascii	1	CEO.exe@RVA 6D4F3
\WW;	ASCII	ascii	1	stage/stage11.stg@seg1965+0xB
\ghL	ASCII	ascii	1	stage/stage11.stg@seg2734+0xB
\ux:	ASCII	ascii	1	stage/stage11.stg@seg1974+0xB
] Ht0HuT	ASCII	ascii	1	CEO.exe@RVA 7C3A9
] VW	ASCII	ascii	1	CEO.exe@RVA 6D326
]!#B	ASCII	ascii	1	stage/stage08.stg@seg2777+0xB
]4Gn	ASCII	ascii	1	stage/stage11.stg@seg3516+0xB
]8BD	ASCII	ascii	1	stage/stage09.stg@seg1875+0xB
]P; 	ASCII	ascii	1	stage/stage06.stg@seg2307+0xB
]U|(	ASCII	ascii	1	stage/stage04.stg@seg2534+0xA
]a]G	ASCII	ascii	1	stage/stage06.stg@seg4806+0xB
]avJ	ASCII	ascii	1	stage/stage06.stg@seg4804+0xB
]j/5	ASCII	ascii	1	stage/stage02.stg@seg282+0xB
]j6A	ASCII	ascii	1	stage/stage08.stg@seg2769+0xB
]j_B	ASCII	ascii	1	stage/stage08.stg@seg2775+0xB
]tfF:	ASCII	ascii	1	CEO.exe@RVA 94D93
]vQ<)8	ASCII	ascii	1	CEO.exe@RVA A6F59
^!kC	ASCII	ascii	1	stage/stage08.stg@seg2400+0xB
^$3W	ASCII	ascii	1	CEO.exe@RVA 3616A
^,3W 	ASCII	ascii	1	CEO.exe@RVA 361A1
^.SY	ASCII	ascii	1	stage/stage11.stg@seg2286+0xB
^<3W(	ASCII	ascii	1	CEO.exe@RVA 3620F
^@Wj	ASCII	ascii	1	CEO.exe@RVA 25F4E
^@yl	ASCII	ascii	1	stage/stage09.stg@seg3666+0xB
^AY$	ASCII	ascii	1	stage/stage14.stg@seg40+0xB
^H+<	ASCII	ascii	1	stage/stage10.stg@seg1482+0xB
^H.H	ASCII	ascii	1	stage/stage10.stg@seg1474+0xB
^HA;	ASCII	ascii	1	stage/stage10.stg@seg1476+0xB
^HWj	ASCII	ascii	1	CEO.exe@RVA 25F5F
^PWj	ASCII	ascii	1	CEO.exe@RVA 25F70
^[_3	ASCII	ascii	1	CEO.exe@RVA 89FF8
^_[3	ASCII	ascii	1	CEO.exe@RVA 92B34
^`4'	ASCII	ascii	1	stage/stage09.stg@seg601+0xB
^`D"	ASCII	ascii	1	stage/stage09.stg@seg588+0xB
^`c-	ASCII	ascii	1	stage/stage09.stg@seg650+0xB
^hi(J	ASCII	ascii	1	CEO.exe@RVA 43B4A
^ot*	ASCII	ascii	1	stage/stage03.stg@seg313+0xB
^sZ+	ASCII	ascii	1	stage/stage03.stg@seg310+0xB
^u'j	ASCII	ascii	1	CEO.exe@RVA 4AA16
^~\t7	ASCII	ascii	1	stage/stage08.stg@seg4463+0xB
^~%6	ASCII	ascii	1	stage/stage08.stg@seg4461+0xB
^~R9	ASCII	ascii	1	stage/stage08.stg@seg2910+0xB
_!fE	ASCII	ascii	1	stage/stage08.stg@seg2541+0xB
_#D~	ASCII	ascii	1	stage/stage11.stg@seg1465+0xB
_$'a	ASCII	ascii	1	stage/stage09.stg@seg721+0xB
_$p0A	ASCII	ascii	1	CEO.exe@RVA 16660
_&DI	ASCII	ascii	1	stage/stage11.stg@seg2956+0xB
_,jW	ASCII	ascii	1	stage/stage09.stg@seg729+0xB
_/#d	ASCII	ascii	1	stage/stage09.stg@seg722+0xB
_6Y+	ASCII	ascii	1	stage/stage11.stg@seg626+0xB
_9_ 	ASCII	ascii	1	stage/stage02.stg@seg327+0xB
_;j%	ASCII	ascii	1	stage/stage06.stg@seg3644+0xB
_E{Q	ASCII	ascii	1	stage/stage09.stg@seg723+0xB
_N_\t	ASCII	ascii	1	stage/stage14.stg@seg2332+0xB
_[t4	ASCII	ascii	1	CEO.exe@RVA 58572
_[uCP	ASCII	ascii	1	CEO.exe@RVA 2719E
_]TY	ASCII	ascii	1	stage/stage09.stg@seg855+0xB
_^SZ	ASCII	ascii	1	stage/stage09.stg@seg834+0xB
_^[9	ASCII	ascii	1	CEO.exe@RVA 3FF98
_^[t	ASCII	ascii	1	CEO.exe@RVA 37256
_^[tAh	ASCII	ascii	1	CEO.exe@RVA 5320F
_^[u	ASCII	ascii	1	CEO.exe@RVA 96217
__based(	ASCII	ascii	1	CEO.exe@RVA AE4A4
__cdecl	ASCII	ascii	1	CEO.exe@RVA AE49C
__clrcall	ASCII	ascii	1	CEO.exe@RVA AE460
__eabi	ASCII	ascii	1	CEO.exe@RVA AE458
__fastcall	ASCII	ascii	1	CEO.exe@RVA AE46C
__pascal	ASCII	ascii	1	CEO.exe@RVA AE490
__ptr64	ASCII	ascii	1	CEO.exe@RVA AE450
__restrict	ASCII	ascii	1	CEO.exe@RVA AE444
__stdcall	ASCII	ascii	1	CEO.exe@RVA AE484
__thiscall	ASCII	ascii	1	CEO.exe@RVA AE478
__unaligned	ASCII	ascii	1	CEO.exe@RVA AE438
_cabs	ASCII	ascii	1	CEO.exe@RVA AE68C
_hypot	ASCII	ascii	1	CEO.exe@RVA AE684
_logb	ASCII	ascii	1	CEO.exe@RVA AE660
_nextafter	ASCII	ascii	1	CEO.exe@RVA AE654
_rBX	ASCII	ascii	1	stage/stage02.stg@seg331+0xB
_t\tj	ASCII	ascii	1	CEO.exe@RVA 7D2D6
_vOn	ASCII	ascii	1	CEO.exe@RVA B7CF3
_|6U	ASCII	ascii	1	stage/stage02.stg@seg336+0xB
_}$j	ASCII	ascii	1	CEO.exe@RVA 23985
_~LR	ASCII	ascii	1	stage/stage09.stg@seg843+0xB
`.rdata	ASCII	ascii	1	CEO.exe@FO 21F
`O<(	ASCII	ascii	1	stage/stage11.stg@seg5561+0xB
`QWh	ASCII	ascii	1	CEO.exe@RVA 5D34D
`RTTI	ASCII	ascii	1	CEO.exe@RVA AE1A0
`copy constructor closure'	ASCII	ascii	1	CEO.exe@RVA AE1BC
`default constructor closure'	ASCII	ascii	1	CEO.exe@RVA AE2E4
`dynamic atexit destructor for '	ASCII	ascii	1	CEO.exe@RVA AE028
`dynamic initializer for '	ASCII	ascii	1	CEO.exe@RVA AE04C
`eh vector constructor iterator'	ASCII	ascii	1	CEO.exe@RVA AE220
`eh vector copy constructor iterator'	ASCII	ascii	1	CEO.exe@RVA AE094
`eh vector destructor iterator'	ASCII	ascii	1	CEO.exe@RVA AE200
`eh vector vbase constructor iterator'	ASCII	ascii	1	CEO.exe@RVA AE1D8
`eh vector vbase copy constructor iterator'	ASCII	ascii	1	CEO.exe@RVA AE068
`local static guard'	ASCII	ascii	1	CEO.exe@RVA AE344
`local static thread guard'	ASCII	ascii	1	CEO.exe@RVA ADF90
`local vftable constructor closure'	ASCII	ascii	1	CEO.exe@RVA AE16C
`local vftable'	ASCII	ascii	1	CEO.exe@RVA AE190
`managed vector constructor iterator'	ASCII	ascii	1	CEO.exe@RVA AE0E4
`managed vector copy constructor iterator'	ASCII	ascii	1	CEO.exe@RVA ADFAC
`managed vector destructor iterator'	ASCII	ascii	1	CEO.exe@RVA AE0BC
`omni callsig'	ASCII	ascii	1	CEO.exe@RVA AE148
`p_U	ASCII	ascii	1	stage/stage02.stg@seg351+0xB
`placement delete closure'	ASCII	ascii	1	CEO.exe@RVA AE12C
`placement delete[] closure'	ASCII	ascii	1	CEO.exe@RVA AE10C
`scalar deleting destructor'	ASCII	ascii	1	CEO.exe@RVA AE2C4
`string'	ASCII	ascii	1	CEO.exe@RVA AE338
`tH~	ASCII	ascii	1	stage/stage04.stg@seg2530+0xA
`typeof'	ASCII	ascii	1	CEO.exe@RVA AE35C
`udt returning'	ASCII	ascii	1	CEO.exe@RVA AE1AC
`vbase destructor'	ASCII	ascii	1	CEO.exe@RVA AE324
`vbtable'	ASCII	ascii	1	CEO.exe@RVA AE370
`vcall'	ASCII	ascii	1	CEO.exe@RVA AE368
`vector constructor iterator'	ASCII	ascii	1	CEO.exe@RVA AE2A4
`vector copy constructor iterator'	ASCII	ascii	1	CEO.exe@RVA AE004
`vector deleting destructor'	ASCII	ascii	1	CEO.exe@RVA AE304
`vector destructor iterator'	ASCII	ascii	1	CEO.exe@RVA AE284
`vector vbase constructor iterator'	ASCII	ascii	1	CEO.exe@RVA AE260
`vector vbase copy constructor iterator'	ASCII	ascii	1	CEO.exe@RVA ADFD8
`vftable'	ASCII	ascii	1	CEO.exe@RVA AE37C
`virtual displacement map'	ASCII	ascii	1	CEO.exe@RVA AE244
`y-I	ASCII	ascii	1	stage/stage02.stg@seg566+0xB
`ymD	ASCII	ascii	1	stage/stage02.stg@seg561+0xB
a-`3	ASCII	ascii	1	stage/stage09.stg@seg491+0xB
a-a1	ASCII	ascii	1	stage/stage09.stg@seg567+0xB
a2k2	ASCII	ascii	1	CEO.exe@RVA 4FA87C
a;:K	ASCII	ascii	1	stage/stage10.stg@seg27+0xB
a;Jh	ASCII	ascii	1	stage/stage10.stg@seg39+0xB
aDJ=	ASCII	ascii	1	CEO.exe@RVA A87CC
a][J	ASCII	ascii	1	stage/stage10.stg@seg67+0xB
a_lib\a_block.cpp	ASCII	ascii	1	CEO.exe@RVA A4A08
a_lib\a_dsound.cpp	ASCII	ascii	1	CEO.exe@RVA A4E74
a_lib\a_file.cpp	ASCII	ascii	1	CEO.exe@RVA A4D50
a_lib\a_filepkg.cpp	ASCII	ascii	1	CEO.exe@RVA A5054
a_lib\a_graph.cpp	ASCII	ascii	1	CEO.exe@RVA A4CCC
a_lib\a_loadsave.cpp	ASCII	ascii	1	CEO.exe@RVA A4C34
a_lib\a_pic.cpp	ASCII	ascii	1	CEO.exe@RVA A4DE0
a_lib\a_pic16_uncompress.cpp	ASCII	ascii	1	CEO.exe@RVA A5024
a_lib\a_pic2.cpp	ASCII	ascii	1	CEO.exe@RVA A4C4C
a_lib\a_util.cpp	ASCII	ascii	1	CEO.exe@RVA A49F4
a_lib\a_wingdi.cpp	ASCII	ascii	1	CEO.exe@RVA A5000
a_lib\wave.cpp	ASCII	ascii	1	CEO.exe@RVA A5068
a_map\a_map.cpp	ASCII	ascii	1	CEO.exe@RVA A627C
a_map\a_map_gnd.cpp	ASCII	ascii	1	CEO.exe@RVA A62E8
a_pic_load_count != free_count !!	ASCII	ascii	1	CEO.exe@RVA A4D98
a_prog\a_interface.cpp	ASCII	ascii	1	CEO.exe@RVA A6260
a`A 	ASCII	ascii	1	stage/stage09.stg@seg290+0xB
aaa.pal	ASCII	big5	1	MAPS.APKG@#0
acos	ASCII	ascii	1	CEO.exe@RVA AD664
aj+0	ASCII	ascii	1	stage/stage09.stg@seg2263+0xB
aj_/	ASCII	ascii	1	stage/stage09.stg@seg2257+0xB
alloc fail in %s %d	ASCII	ascii	1	CEO.exe@RVA A4B80
alloc failure	ASCII	ascii	1	CEO.exe@RVA A4B38
alloc_count=%d	ASCII	ascii	1	CEO.exe@RVA A4A9C
alloc_size != free_size	ASCII	ascii	1	CEO.exe@RVA A4A50
alloc_size=%d	ASCII	ascii	1	CEO.exe@RVA A4A68
alloc_sum != free_sum	ASCII	ascii	1	CEO.exe@RVA A4A84
asin	ASCII	ascii	1	CEO.exe@RVA AD66C
atan	ASCII	ascii	1	CEO.exe@RVA AD654
atan2	ASCII	ascii	1	CEO.exe@RVA AE6AC
a~V>	ASCII	ascii	1	stage/stage08.stg@seg3621+0xB
b--6	ASCII	ascii	1	stage/stage09.stg@seg531+0xB
b-6+	ASCII	ascii	1	stage/stage09.stg@seg506+0xB
b-`2	ASCII	ascii	1	stage/stage09.stg@seg511+0xB
b@building.cpp	ASCII	ascii	1	CEO.exe@RVA A28D6
bS5=	ASCII	ascii	1	stage/stage02.stg@seg359+0xB
bad allocation	ASCII	ascii	1	CEO.exe@RVA A6354
bad exception	ASCII	ascii	1	CEO.exe@RVA A6384
balance_info.fce	ASCII	big5	1	FACE.APKG@#0
balance_info.h	ASCII	big5	1	FACE.APKG@#1
balance_info.idx2	ASCII	big5	1	FACEPICS.APKG@#0
balance_info.pic2	ASCII	big5	1	FACEPICS.APKG@#1
big_values too large!	ASCII	ascii	1	CEO.exe@RVA A61E0
board_btn1.idx2	ASCII	big5	1	FACEPICS.APKG@#6
board_btn1.pic2	ASCII	big5	1	FACEPICS.APKG@#7
board_btn2.idx2	ASCII	big5	1	FACEPICS.APKG@#8
board_btn2.pic2	ASCII	big5	1	FACEPICS.APKG@#9
buffer error	ASCII	ascii	1	CEO.exe@RVA A5BF8
build_relation.csv	ASCII	big5	1	DATA.APKG@#3
buildbtn.fce	ASCII	big5	1	FACE.APKG@#6
buildbtn.h	ASCII	big5	1	FACE.APKG@#7
building.csv	ASCII	big5	1	DATA.APKG@#2
building_type.cpp	ASCII	ascii	1	CEO.exe@RVA A2930
buildings.ch2	ASCII	big5	1	PICS.APKG@#7
buildok	ASCII	ascii	1	CEO.exe@RVA A44D0
buildokall	ASCII	ascii	1	CEO.exe@RVA A44C4
buyfact.fce	ASCII	big5	1	FACE.APKG@#10
buyfact.h	ASCII	big5	1	FACE.APKG@#11
buyfact.idx2	ASCII	big5	1	FACEPICS.APKG@#12
buyfact.pic2	ASCII	big5	1	FACEPICS.APKG@#13
buymachine.idx2	ASCII	big5	1	FACEPICS.APKG@#14
buymachine.pic2	ASCII	big5	1	FACEPICS.APKG@#15
buystuff_confirm.fce	ASCII	big5	1	FACE.APKG@#14
buystuff_confirm.h	ASCII	big5	1	FACE.APKG@#15
buystuff_confirm.idx2	ASCII	big5	1	FACEPICS.APKG@#16
buystuff_confirm.pic2	ASCII	big5	1	FACEPICS.APKG@#17
b~_6	ASCII	ascii	1	stage/stage09.stg@seg3355+0xB
c#!$	ASCII	ascii	1	stage/stage09.stg@seg2302+0xB
c#x$	ASCII	ascii	1	stage/stage09.stg@seg2299+0xB
c.tga	ASCII	ascii	1	CEO.exe@RVA A2EF0
c?e2	ASCII	ascii	1	CEO.exe@RVA A74F6
c@99	ASCII	ascii	1	stage/stage02.stg@seg606+0xB
cDKU	ASCII	ascii	1	stage/stage02.stg@seg595+0xB
cache too small	ASCII	ascii	1	CEO.exe@RVA A4CBC
ceil	ASCII	ascii	1	CEO.exe@RVA AD64C
ceo_info.fce	ASCII	big5	1	FACE.APKG@#16
ceo_info.h	ASCII	big5	1	FACE.APKG@#17
ceo_info.idx2	ASCII	big5	1	FACEPICS.APKG@#18
ceo_info.pic2	ASCII	big5	1	FACEPICS.APKG@#19
ceo_regist.fce	ASCII	big5	1	FACE.APKG@#18
ceo_regist.h	ASCII	big5	1	FACE.APKG@#19
ceo_regist.idx2	ASCII	big5	1	FACEPICS.APKG@#20
ceo_regist.pic2	ASCII	big5	1	FACEPICS.APKG@#21
ceo_tasks.cpp	ASCII	ascii	1	CEO.exe@RVA A2990
colorlist.fce	ASCII	big5	1	FACE.APKG@#20
colorlist.h	ASCII	big5	1	FACE.APKG@#21
companyinfo.idx2	ASCII	big5	1	FACEPICS.APKG@#22
companyinfo.pic2	ASCII	big5	1	FACEPICS.APKG@#23
controller.vdf	ASCII	ascii	1	CEO.exe@RVA A335C
cosh	ASCII	ascii	1	CEO.exe@RVA AE6BC
cur_mgr0.idx2	ASCII	big5	1	PICS.APKG@#12
cur_mgr0.pic2	ASCII	big5	1	PICS.APKG@#13
cur_mgr1.idx2	ASCII	big5	1	PICS.APKG@#14
cur_mgr1.pic2	ASCII	big5	1	PICS.APKG@#15
cur_mgr2.idx2	ASCII	big5	1	PICS.APKG@#16
cur_mgr2.pic2	ASCII	big5	1	PICS.APKG@#17
cur_wkr0.idx2	ASCII	big5	1	PICS.APKG@#18
cur_wkr0.pic2	ASCII	big5	1	PICS.APKG@#19
cur_wkr1.idx2	ASCII	big5	1	PICS.APKG@#20
cur_wkr1.pic2	ASCII	big5	1	PICS.APKG@#21
cur_wkr2.idx2	ASCII	big5	1	PICS.APKG@#22
cur_wkr2.pic2	ASCII	big5	1	PICS.APKG@#23
c~NU	ASCII	ascii	1	stage/stage02.stg@seg598+0xB
d = 0 ~ 100 拉霸	中文	big5	1	data/formula.csv@L78
d"-W	ASCII	ascii	1	stage/stage08.stg@seg436+0xB
d$(%	ASCII	ascii	1	stage/stage03.stg@seg471+0xB
d$f$	ASCII	ascii	1	stage/stage03.stg@seg462+0xB
d$n"	ASCII	ascii	1	stage/stage03.stg@seg457+0xB
d*T9*	ASCII	ascii	1	CEO.exe@RVA 35C90
d-\t%	ASCII	ascii	1	stage/stage10.stg@seg1684+0xB
d-2 	ASCII	ascii	1	stage/stage10.stg@seg1704+0xB
d->(	ASCII	ascii	1	stage/stage10.stg@seg1675+0xB
d-H%	ASCII	ascii	1	stage/stage10.stg@seg1635+0xB
d-Y&	ASCII	ascii	1	stage/stage10.stg@seg1671+0xB
d-p%	ASCII	ascii	1	stage/stage10.stg@seg1702+0xB
d0{a	ASCII	ascii	1	stage/stage11.stg@seg674+0xB
d;0%	ASCII	ascii	1	stage/stage10.stg@seg1674+0xB
d<%u	ASCII	ascii	1	CEO.exe@RVA 95285
d>tZ	ASCII	ascii	1	stage/stage08.stg@seg433+0xB
d? cf>\t	ASCII	ascii	1	CEO.exe@RVA ABFB6
d@"^	ASCII	ascii	1	stage/stage08.stg@seg435+0xB
dB%Y	ASCII	ascii	1	stage/stage08.stg@seg444+0xB
dBg\	ASCII	ascii	1	stage/stage08.stg@seg437+0xB
dT\[	ASCII	ascii	1	stage/stage11.stg@seg670+0xB
dYxN	ASCII	ascii	1	stage/stage02.stg@seg599+0xB
data	ASCII	ascii	1	CEO.exe@RVA 6F725
data error	ASCII	ascii	1	CEO.exe@RVA A5C1C
data.7z	ASCII	big5	1	DATA.APKG@#5
data\AI_style.csv	ASCII	ascii	1	CEO.exe@RVA A2770
data\AIinfo.csv	ASCII	ascii	1	CEO.exe@RVA A4464
data\Machine_group.csv	ASCII	ascii	1	CEO.exe@RVA A2FD4
data\Machine_type.csv	ASCII	ascii	1	CEO.exe@RVA A2FEC
data\build_relation.csv	ASCII	ascii	1	CEO.exe@RVA A28E8
data\building.csv	ASCII	ascii	1	CEO.exe@RVA A2944
data\citys.csv	ASCII	ascii	1	CEO.exe@RVA A440C
data\formula.csv	ASCII	ascii	1	CEO.exe@RVA A2BFC
data\gnd32x16	ASCII	ascii	1	CEO.exe@RVA A3470
data\mapcity.csv	ASCII	ascii	1	CEO.exe@RVA A2CFC
data\maps.csv	ASCII	ascii	1	CEO.exe@RVA A2F28
data\mur.csv	ASCII	ascii	1	CEO.exe@RVA A2BE4
data\news.csv	ASCII	ascii	1	CEO.exe@RVA A348C
data\people_type.csv	ASCII	ascii	1	CEO.exe@RVA A34EC
data\product1.csv	ASCII	ascii	1	CEO.exe@RVA A353C
data\product2.csv	ASCII	ascii	1	CEO.exe@RVA A3550
data\road32x16	ASCII	ascii	1	CEO.exe@RVA A3460
data\smapclr.csv	ASCII	ascii	1	CEO.exe@RVA A358C
data\smapmenu.csv	ASCII	ascii	1	CEO.exe@RVA A496C
data\stages.csv	ASCII	ascii	1	CEO.exe@RVA A2F98
data\talk.csv	ASCII	ascii	1	CEO.exe@RVA A35D4
data\talk_idx.csv	ASCII	ascii	1	CEO.exe@RVA A35E4
data\txts.csv	ASCII	ascii	1	CEO.exe@RVA A2CEC
desc	ASCII	ascii	1	CEO.exe@RVA A31A0
dgp_	ASCII	ascii	1	stage/stage11.stg@seg675+0xB
dvYf	ASCII	ascii	1	CEO.exe@RVA 7DE36
dyd%	ASCII	ascii	1	stage/stage03.stg@seg460+0xB
d|7h	ASCII	ascii	1	CEO.exe@RVA 2B999
e+000	ASCII	ascii	1	CEO.exe@RVA A636C
e001.wav	ASCII	big5	1	SOUND.APKG@#0
e002.wav	ASCII	big5	1	SOUND.APKG@#1
e003.WAV	ASCII	big5	1	SOUND.APKG@#2
e004.wav	ASCII	big5	1	SOUND.APKG@#3
e005.WAV	ASCII	big5	1	SOUND.APKG@#4
e006.wav	ASCII	big5	1	SOUND.APKG@#5
e007.wav	ASCII	big5	1	SOUND.APKG@#6
e008.wav	ASCII	big5	1	SOUND.APKG@#7
e009.WAV	ASCII	big5	1	SOUND.APKG@#8
e010.WAV	ASCII	big5	1	SOUND.APKG@#9
e011.WAV	ASCII	big5	1	SOUND.APKG@#10
e012.wav	ASCII	big5	1	SOUND.APKG@#11
e013.wav	ASCII	big5	1	SOUND.APKG@#12
e014.WAV	ASCII	big5	1	SOUND.APKG@#13
e015.WAV	ASCII	big5	1	SOUND.APKG@#14
e016.WAV	ASCII	big5	1	SOUND.APKG@#15
e017.WAV	ASCII	big5	1	SOUND.APKG@#16
e018.WAV	ASCII	big5	1	SOUND.APKG@#17
e019.WAV	ASCII	big5	1	SOUND.APKG@#18
e020.WAV	ASCII	big5	1	SOUND.APKG@#19
e021.WAV	ASCII	big5	1	SOUND.APKG@#20
e022.wav	ASCII	big5	1	SOUND.APKG@#21
e023.wav	ASCII	big5	1	SOUND.APKG@#22
e024.WAV	ASCII	big5	1	SOUND.APKG@#23
e025.WAV	ASCII	big5	1	SOUND.APKG@#24
e026.WAV	ASCII	big5	1	SOUND.APKG@#25
e027.WAV	ASCII	big5	1	SOUND.APKG@#26
e028.WAV	ASCII	big5	1	SOUND.APKG@#27
e029.wav	ASCII	big5	1	SOUND.APKG@#28
e030.WAV	ASCII	big5	1	SOUND.APKG@#29
e031.WAV	ASCII	big5	1	SOUND.APKG@#30
e032.wav	ASCII	big5	1	SOUND.APKG@#31
e033.WAV	ASCII	big5	1	SOUND.APKG@#32
e034.WAV	ASCII	big5	1	SOUND.APKG@#33
e035.wav	ASCII	big5	1	SOUND.APKG@#34
e036.wav	ASCII	big5	1	SOUND.APKG@#35
e037.WAV	ASCII	big5	1	SOUND.APKG@#36
e038.WAV	ASCII	big5	1	SOUND.APKG@#37
e039.wav	ASCII	big5	1	SOUND.APKG@#38
e040.WAV	ASCII	big5	1	SOUND.APKG@#39
e041.wav	ASCII	big5	1	SOUND.APKG@#40
e042.WAV	ASCII	big5	1	SOUND.APKG@#41
e043.WAV	ASCII	big5	1	SOUND.APKG@#42
e044.WAV	ASCII	big5	1	SOUND.APKG@#43
e045.wav	ASCII	big5	1	SOUND.APKG@#44
e046.WAV	ASCII	big5	1	SOUND.APKG@#45
e047.wav	ASCII	big5	1	SOUND.APKG@#46
e048.WAV	ASCII	big5	1	SOUND.APKG@#47
e049.WAV	ASCII	big5	1	SOUND.APKG@#48
e050.WAV	ASCII	big5	1	SOUND.APKG@#49
e051.WAV	ASCII	big5	1	SOUND.APKG@#50
e052.WAV	ASCII	big5	1	SOUND.APKG@#51
e053.WAV	ASCII	big5	1	SOUND.APKG@#52
e054.WAV	ASCII	big5	1	SOUND.APKG@#53
e055.WAV	ASCII	big5	1	SOUND.APKG@#54
e056.WAV	ASCII	big5	1	SOUND.APKG@#55
e057.WAV	ASCII	big5	1	SOUND.APKG@#56
e058.WAV	ASCII	big5	1	SOUND.APKG@#57
e059.WAV	ASCII	big5	1	SOUND.APKG@#58
e060.WAV	ASCII	big5	1	SOUND.APKG@#59
e061.WAV	ASCII	big5	1	SOUND.APKG@#60
e119.WAV	ASCII	big5	1	SOUND.APKG@#83
e120.WAV	ASCII	big5	1	SOUND.APKG@#84
e121.WAV	ASCII	big5	1	SOUND.APKG@#85
e122.WAV	ASCII	big5	1	SOUND.APKG@#86
empty distance tree with lengths	ASCII	ascii	1	CEO.exe@RVA A5FF8
error	ASCII	ascii	1	CEO.exe@RVA A27E4
error function not exist	ASCII	ascii	1	CEO.exe@RVA A3698
error!! a_alloc(%d,%s,%d)	ASCII	ascii	1	CEO.exe@RVA A4B64
error!! a_free1(%x,%s,%d) size:%d	ASCII	ascii	1	CEO.exe@RVA A4BB4
error!! a_realloc1(%x,%d,%s,%d)	ASCII	ascii	1	CEO.exe@RVA A4BFC
event:	ASCII	ascii	1	CEO.exe@RVA A3628
events.idx2	ASCII	big5	1	FACEPICS.APKG@#30
events.pic2	ASCII	big5	1	FACEPICS.APKG@#31
exp10	ASCII	ascii	1	CEO.exe@RVA AD65C
extface_putland.fce	ASCII	big5	1	FACE.APKG@#32
extface_putland.h	ASCII	big5	1	FACE.APKG@#33
f#I=	ASCII	ascii	1	CEO.exe@RVA A74DC
f)H"	ASCII	ascii	1	CEO.exe@RVA 3A017
f)P"	ASCII	ascii	1	CEO.exe@RVA 3A0BD
f)X"[]	ASCII	ascii	1	CEO.exe@RVA 3906A
f+C f+C	ASCII	ascii	1	CEO.exe@RVA 7DF2
f+V\	ASCII	ascii	1	CEO.exe@RVA 706C2
f- 8f=	ASCII	ascii	1	CEO.exe@RVA 98087
f97t	ASCII	ascii	1	CEO.exe@RVA 30B25
f9<E	ASCII	ascii	1	CEO.exe@RVA 7555
f9>t	ASCII	ascii	1	CEO.exe@RVA 12248
f9T1	ASCII	ascii	1	CEO.exe@RVA F3C8
f9T7	ASCII	ascii	1	CEO.exe@RVA 7F9B8
f9\0	ASCII	ascii	1	CEO.exe@RVA 204B5
f9t9	ASCII	ascii	1	CEO.exe@RVA 15B58
f9{Xt	ASCII	ascii	1	CEO.exe@RVA 30364
f9{Xu	ASCII	ascii	1	CEO.exe@RVA 3037D
f9~ 	ASCII	ascii	1	CEO.exe@RVA 102F3
f9~"u	ASCII	ascii	1	CEO.exe@RVA 15FFC
f;CVt"	ASCII	ascii	1	CEO.exe@RVA 2606
f;F@}F	ASCII	ascii	1	CEO.exe@RVA 33053
f;K@}z	ASCII	ascii	1	CEO.exe@RVA 3EF48
f;S@}d	ASCII	ascii	1	CEO.exe@RVA 3BED4
f;S@}l	ASCII	ascii	1	CEO.exe@RVA 3EA2B
f;V@}ISW	ASCII	ascii	1	CEO.exe@RVA 3DF83
fNfIfJf	ASCII	ascii	1	CEO.exe@RVA 8479D
fabs	ASCII	ascii	1	CEO.exe@RVA AE69C
face\Bank.fce	ASCII	ascii	1	CEO.exe@RVA A4230
face\Board.fce	ASCII	ascii	1	CEO.exe@RVA A3858
face\BuildingFirm.fce	ASCII	ascii	1	CEO.exe@RVA A4118
face\BuyLandConfirm.fce	ASCII	ascii	1	CEO.exe@RVA A4100
face\CompanyInfo.fce	ASCII	ascii	1	CEO.exe@RVA A4688
face\ExitButton.fce	ASCII	ascii	1	CEO.exe@RVA A3FAC
face\FirmMachineSell.fce	ASCII	ascii	1	CEO.exe@RVA A3768
face\FirmMachineStop.fce	ASCII	ascii	1	CEO.exe@RVA A3784
face\Home.fce	ASCII	ascii	1	CEO.exe@RVA A4144
face\Load.fce	ASCII	ascii	1	CEO.exe@RVA A4290
face\LoadArea.fce	ASCII	ascii	1	CEO.exe@RVA A3894
face\LoadConfirm.fce	ASCII	ascii	1	CEO.exe@RVA A42B0
face\MainMenu.fce	ASCII	ascii	1	CEO.exe@RVA A49BC
face\MapRotate.fce	ASCII	ascii	1	CEO.exe@RVA A46FC
face\MenuConfirm.fce	ASCII	ascii	1	CEO.exe@RVA A42C8
face\MyFirmInfo.fce	ASCII	ascii	1	CEO.exe@RVA A4130
face\MyFirmManage.fce	ASCII	ascii	1	CEO.exe@RVA A41B8
face\MyFirmRemove.fce	ASCII	ascii	1	CEO.exe@RVA A41D0
face\MyFirmRename.fce	ASCII	ascii	1	CEO.exe@RVA A41E8
face\NoMoney.fce	ASCII	ascii	1	CEO.exe@RVA A4710
face\ProductBook.fce	ASCII	ascii	1	CEO.exe@RVA A4278
face\ProductBook_Board.fce	ASCII	ascii	1	CEO.exe@RVA A425C
face\ProductBook_list.fce	ASCII	ascii	1	CEO.exe@RVA A4240
face\Save.fce	ASCII	ascii	1	CEO.exe@RVA A4368
face\SaveConfirm.fce	ASCII	ascii	1	CEO.exe@RVA A4388
face\ToBuildFirm-1.fce	ASCII	ascii	1	CEO.exe@RVA A4080
face\ToBuildFirm-Mine.fce	ASCII	ascii	1	CEO.exe@RVA A4098
face\ToBuildFirm.fce	ASCII	ascii	1	CEO.exe@RVA A40B4
face\balance_info.fce	ASCII	ascii	1	CEO.exe@RVA A4210
face\buyfact.fce	ASCII	ascii	1	CEO.exe@RVA A4674
face\buystuff_confirm.fce	ASCII	ascii	1	CEO.exe@RVA A3878
face\ceo_info.fce	ASCII	ascii	1	CEO.exe@RVA A4428
face\ceo_regist.fce	ASCII	ascii	1	CEO.exe@RVA A4548
face\colorlist.fce	ASCII	ascii	1	CEO.exe@RVA A443C
face\dorm.fce	ASCII	ascii	1	CEO.exe@RVA A3868
face\extface_putland.fce	ASCII	ascii	1	CEO.exe@RVA A452C
face\face_RetailMachine.fce	ASCII	ascii	1	CEO.exe@RVA A3820
face\face_SmallMap.fce	ASCII	ascii	1	CEO.exe@RVA A4980
face\face_btn1.fce	ASCII	ascii	1	CEO.exe@RVA A3904
face\face_btn2.fce	ASCII	ascii	1	CEO.exe@RVA A3FC0
face\face_buildfact_confirm.fce	ASCII	ascii	1	CEO.exe@RVA A4154
face\face_buymachine.fce	ASCII	ascii	1	CEO.exe@RVA A383C
face\face_cancel_build_confirm.fce	ASCII	ascii	1	CEO.exe@RVA A4174
face\face_cheat.fce	ASCII	ascii	1	CEO.exe@RVA A4500
face\face_event.fce	ASCII	ascii	1	CEO.exe@RVA A46A0
face\face_fix_machine.fce	ASCII	ascii	1	CEO.exe@RVA A3FD4
face\face_hint.fce	ASCII	ascii	1	CEO.exe@RVA A46B4
face\face_license.fce	ASCII	ascii	1	CEO.exe@RVA A38A8
face\face_list.fce	ASCII	ascii	1	CEO.exe@RVA A3938
face\face_machine.fce	ASCII	ascii	1	CEO.exe@RVA A37C4
face\face_machine_introduce.fce	ASCII	ascii	1	CEO.exe@RVA A38C8
face\face_mapedit.fce	ASCII	ascii	1	CEO.exe@RVA A4514
face\face_put_machine.fce	ASCII	ascii	1	CEO.exe@RVA A38E8
face\face_salary_0.fce	ASCII	ascii	1	CEO.exe@RVA A4068
face\face_saleland_confirm.fce	ASCII	ascii	1	CEO.exe@RVA A4198
face\face_salesman.fce	ASCII	ascii	1	CEO.exe@RVA A46C8
face\face_talk.fce	ASCII	ascii	1	CEO.exe@RVA A3604
face\face_task.fce	ASCII	ascii	1	CEO.exe@RVA A2888
face\factinf.fce	ASCII	ascii	1	CEO.exe@RVA A3918
face\factinf_board.fce	ASCII	ascii	1	CEO.exe@RVA A3738
face\factinf_buy.fce	ASCII	ascii	1	CEO.exe@RVA A394C
face\factinf_chart.fce	ASCII	ascii	1	CEO.exe@RVA A3964
face\factinf_clrsel.fce	ASCII	ascii	1	CEO.exe@RVA A37AC
face\factinf_dorm.fce	ASCII	ascii	1	CEO.exe@RVA A3750
face\factinf_mine.fce	ASCII	ascii	1	CEO.exe@RVA A37DC
face\factinf_port.fce	ASCII	ascii	1	CEO.exe@RVA A37F4
face\factinf_pro.fce	ASCII	ascii	1	CEO.exe@RVA A3984
face\factinf_profit.fce	ASCII	ascii	1	CEO.exe@RVA A399C
face\factinf_retail.fce	ASCII	ascii	1	CEO.exe@RVA A39BC
face\factinf_sale.fce	ASCII	ascii	1	CEO.exe@RVA A39D4
face\famhall1.fce	ASCII	ascii	1	CEO.exe@RVA A4610
face\famhall2.fce	ASCII	ascii	1	CEO.exe@RVA A45FC
face\forsale-mine.fce	ASCII	ascii	1	CEO.exe@RVA A40CC
face\forsale.fce	ASCII	ascii	1	CEO.exe@RVA A40E4
face\freeplay.fce	ASCII	ascii	1	CEO.exe@RVA A4450
face\freeplay_menu.fce	ASCII	ascii	1	CEO.exe@RVA A4474
face\infact_name.fce	ASCII	ascii	1	CEO.exe@RVA A3FF0
face\inoutinfo.fce	ASCII	ascii	1	CEO.exe@RVA A46E8
face\list2.fce	ASCII	ascii	1	CEO.exe@RVA A4200
face\load_prograss.fce	ASCII	ascii	1	CEO.exe@RVA A4624
face\lose_face.fce	ASCII	ascii	1	CEO.exe@RVA A448C
face\main1.fce	ASCII	ascii	1	CEO.exe@RVA A289C
face\new_Option.fce	ASCII	ascii	1	CEO.exe@RVA A42E0
face\prod_info.fce	ASCII	ascii	1	CEO.exe@RVA A42FC
face\profit_info.fce	ASCII	ascii	1	CEO.exe@RVA A4340
face\save_prograss.fce	ASCII	ascii	1	CEO.exe@RVA A463C
face\score_info.fce	ASCII	ascii	1	CEO.exe@RVA A43B4
face\scroll_list1.fce	ASCII	ascii	1	CEO.exe@RVA A4328
face\sreport.fce	ASCII	ascii	1	CEO.exe@RVA A49D0
face\task_arrow.fce	ASCII	ascii	1	CEO.exe@RVA A2874
face\taskhint.fce	ASCII	ascii	1	CEO.exe@RVA A49A0
face\taskmenu.fce	ASCII	ascii	1	CEO.exe@RVA A4570
face\taskplay.fce	ASCII	ascii	1	CEO.exe@RVA A45E8
face\win_face.fce	ASCII	ascii	1	CEO.exe@RVA A44B0
face_Load.cpp	ASCII	ascii	1	CEO.exe@RVA A42A0
face_Save.cpp	ASCII	ascii	1	CEO.exe@RVA A4378
face_SmaLLMAP.idx2	ASCII	big5	1	FACEPICS.APKG@#50
face_SmaLLMAP.pic2	ASCII	big5	1	FACEPICS.APKG@#51
face_btn1.fce	ASCII	big5	1	FACE.APKG@#34
face_btn1.h	ASCII	big5	1	FACE.APKG@#35
face_btn2.fce	ASCII	big5	1	FACE.APKG@#36
face_btn2.h	ASCII	big5	1	FACE.APKG@#37
face_buildfact_confirm.fce	ASCII	big5	1	FACE.APKG@#38
face_buildfact_confirm.h	ASCII	big5	1	FACE.APKG@#39
face_buymachine.fce	ASCII	big5	1	FACE.APKG@#40
face_buymachine.h	ASCII	big5	1	FACE.APKG@#41
face_cancel_build_confirm.fce	ASCII	big5	1	FACE.APKG@#42
face_cancel_build_confirm.h	ASCII	big5	1	FACE.APKG@#43
face_cheat.fce	ASCII	big5	1	FACE.APKG@#44
face_cheat.h	ASCII	big5	1	FACE.APKG@#45
face_event.fce	ASCII	big5	1	FACE.APKG@#46
face_event.h	ASCII	big5	1	FACE.APKG@#47
face_fix_machine.fce	ASCII	big5	1	FACE.APKG@#48
face_fix_machine.h	ASCII	big5	1	FACE.APKG@#49
face_freeplay.cpp	ASCII	ascii	1	CEO.exe@RVA A43C8
face_hint.fce	ASCII	big5	1	FACE.APKG@#50
face_hint.h	ASCII	big5	1	FACE.APKG@#51
face_license.fce	ASCII	big5	1	FACE.APKG@#52
face_license.h	ASCII	big5	1	FACE.APKG@#53
face_license.idx2	ASCII	big5	1	FACEPICS.APKG@#34
face_license.pic2	ASCII	big5	1	FACEPICS.APKG@#35
face_list.fce	ASCII	big5	1	FACE.APKG@#54
face_list.h	ASCII	big5	1	FACE.APKG@#55
face_list.idx2	ASCII	big5	1	FACEPICS.APKG@#36
face_list.pic2	ASCII	big5	1	FACEPICS.APKG@#37
face_machine.fce	ASCII	big5	1	FACE.APKG@#56
face_machine.h	ASCII	big5	1	FACE.APKG@#57
face_machine.idx2	ASCII	big5	1	FACEPICS.APKG@#38
face_machine.pic2	ASCII	big5	1	FACEPICS.APKG@#39
face_machine_introduce.fce	ASCII	big5	1	FACE.APKG@#58
face_machine_introduce.h	ASCII	big5	1	FACE.APKG@#59
face_machine_introduce.idx2	ASCII	big5	1	FACEPICS.APKG@#40
face_machine_introduce.pic2	ASCII	big5	1	FACEPICS.APKG@#41
face_mapedit.fce	ASCII	big5	1	FACE.APKG@#60
face_mapedit.h	ASCII	big5	1	FACE.APKG@#61
face_profit_info.cpp	ASCII	ascii	1	CEO.exe@RVA A4310
face_prograss.fce	ASCII	big5	1	FACE.APKG@#62
face_prograss.h	ASCII	big5	1	FACE.APKG@#63
face_put_machine.fce	ASCII	big5	1	FACE.APKG@#64
face_put_machine.h	ASCII	big5	1	FACE.APKG@#65
face_put_machine.idx2	ASCII	big5	1	FACEPICS.APKG@#42
face_put_machine.pic2	ASCII	big5	1	FACEPICS.APKG@#43
face_retailmachine.fce	ASCII	big5	1	FACE.APKG@#66
face_retailmachine.h	ASCII	big5	1	FACE.APKG@#67
face_retailmachine.idx2	ASCII	big5	1	FACEPICS.APKG@#44
face_retailmachine.pic2	ASCII	big5	1	FACEPICS.APKG@#45
face_rmfact_confirm.fce	ASCII	big5	1	FACE.APKG@#68
face_rmfact_confirm.h	ASCII	big5	1	FACE.APKG@#69
face_salary_0.fce	ASCII	big5	1	FACE.APKG@#70
face_salary_0.h	ASCII	big5	1	FACE.APKG@#71
face_salary_1.idx2	ASCII	big5	1	FACEPICS.APKG@#46
face_salary_1.pic2	ASCII	big5	1	FACEPICS.APKG@#47
face_saleland_confirm.fce	ASCII	big5	1	FACE.APKG@#72
face_saleland_confirm.h	ASCII	big5	1	FACE.APKG@#73
face_salesman.fce	ASCII	big5	1	FACE.APKG@#74
face_salesman.h	ASCII	big5	1	FACE.APKG@#75
face_salesman.idx2	ASCII	big5	1	FACEPICS.APKG@#48
face_salesman.pic2	ASCII	big5	1	FACEPICS.APKG@#49
face_score_info.cpp	ASCII	ascii	1	CEO.exe@RVA A43A0
face_smallmap.fce	ASCII	big5	1	FACE.APKG@#76
face_smallmap.h	ASCII	big5	1	FACE.APKG@#77
face_sp1.fce	ASCII	big5	1	FACE.APKG@#78
face_sp1.h	ASCII	big5	1	FACE.APKG@#79
face_stage_info.fce	ASCII	big5	1	FACE.APKG@#80
face_stage_info.h	ASCII	big5	1	FACE.APKG@#81
face_talk.fce	ASCII	big5	1	FACE.APKG@#82
face_talk.h	ASCII	big5	1	FACE.APKG@#83
face_task.fce	ASCII	big5	1	FACE.APKG@#84
face_task.h	ASCII	big5	1	FACE.APKG@#85
face_taskmenu.cpp	ASCII	ascii	1	CEO.exe@RVA A4584
face_taskplay.cpp	ASCII	ascii	1	CEO.exe@RVA A45CC
fact_exit.fce	ASCII	big5	1	FACE.APKG@#110
fact_exit.h	ASCII	big5	1	FACE.APKG@#111
fact_profit_info.fce	ASCII	big5	1	FACE.APKG@#112
fact_profit_info.h	ASCII	big5	1	FACE.APKG@#113
fact_profit_info.idx2	ASCII	big5	1	FACEPICS.APKG@#68
fact_profit_info.pic2	ASCII	big5	1	FACEPICS.APKG@#69
factinf.fce	ASCII	big5	1	FACE.APKG@#86
factinf.h	ASCII	big5	1	FACE.APKG@#87
factinf.idx2	ASCII	big5	1	FACEPICS.APKG@#52
factinf.pic2	ASCII	big5	1	FACEPICS.APKG@#53
factinf_board.fce	ASCII	big5	1	FACE.APKG@#88
factinf_board.h	ASCII	big5	1	FACE.APKG@#89
factinf_board.idx2	ASCII	big5	1	FACEPICS.APKG@#54
factinf_board.pic2	ASCII	big5	1	FACEPICS.APKG@#55
factinf_buy.fce	ASCII	big5	1	FACE.APKG@#90
factinf_buy.h	ASCII	big5	1	FACE.APKG@#91
factinf_chart.fce	ASCII	big5	1	FACE.APKG@#92
factinf_chart.h	ASCII	big5	1	FACE.APKG@#93
factinf_chart.idx2	ASCII	big5	1	FACEPICS.APKG@#56
factinf_chart.pic2	ASCII	big5	1	FACEPICS.APKG@#57
factinf_clrsel.fce	ASCII	big5	1	FACE.APKG@#94
factinf_clrsel.h	ASCII	big5	1	FACE.APKG@#95
factinf_dorm.fce	ASCII	big5	1	FACE.APKG@#96
factinf_dorm.h	ASCII	big5	1	FACE.APKG@#97
factinf_dorm.idx2	ASCII	big5	1	FACEPICS.APKG@#58
factinf_dorm.pic2	ASCII	big5	1	FACEPICS.APKG@#59
factinf_mine.fce	ASCII	big5	1	FACE.APKG@#98
factinf_mine.h	ASCII	big5	1	FACE.APKG@#99
factinf_mine.idx2	ASCII	big5	1	FACEPICS.APKG@#60
factinf_mine.pic2	ASCII	big5	1	FACEPICS.APKG@#61
factinf_port.fce	ASCII	big5	1	FACE.APKG@#100
factinf_port.h	ASCII	big5	1	FACE.APKG@#101
factinf_port.idx2	ASCII	big5	1	FACEPICS.APKG@#62
factinf_port.pic2	ASCII	big5	1	FACEPICS.APKG@#63
factinf_pro.fce	ASCII	big5	1	FACE.APKG@#102
factinf_pro.h	ASCII	big5	1	FACE.APKG@#103
factinf_pro.idx2	ASCII	big5	1	FACEPICS.APKG@#64
factinf_pro.pic2	ASCII	big5	1	FACEPICS.APKG@#65
factinf_pro_clrsel.idx2	ASCII	big5	1	FACEPICS.APKG@#66
factinf_pro_clrsel.pic2	ASCII	big5	1	FACEPICS.APKG@#67
factinf_profit.fce	ASCII	big5	1	FACE.APKG@#104
factinf_profit.h	ASCII	big5	1	FACE.APKG@#105
factinf_retail.fce	ASCII	big5	1	FACE.APKG@#106
factinf_retail.h	ASCII	big5	1	FACE.APKG@#107
factinf_sale.fce	ASCII	big5	1	FACE.APKG@#108
factinf_sale.h	ASCII	big5	1	FACE.APKG@#109
failed to open MP3	ASCII	ascii	1	CEO.exe@RVA A4EB4
famehall1.dat	ASCII	ascii	1	CEO.exe@RVA A3704
famehall2.dat	ASCII	ascii	1	CEO.exe@RVA A36E4
famhall1.fce	ASCII	big5	1	FACE.APKG@#114
famhall1.h	ASCII	big5	1	FACE.APKG@#115
famhall1.idx2	ASCII	big5	1	FACEPICS.APKG@#70
famhall1.pic2	ASCII	big5	1	FACEPICS.APKG@#71
famhall2.fce	ASCII	big5	1	FACE.APKG@#116
famhall2.h	ASCII	big5	1	FACE.APKG@#117
famhall2.idx2	ASCII	big5	1	FACEPICS.APKG@#72
famhall2.pic2	ASCII	big5	1	FACEPICS.APKG@#73
file error	ASCII	ascii	1	CEO.exe@RVA A5C38
floor	ASCII	ascii	1	CEO.exe@RVA AD644
fmod	ASCII	ascii	1	CEO.exe@RVA AE67C
fmt 	ASCII	ascii	1	CEO.exe@RVA 6F5A3
foRSALE.idx2	ASCII	big5	1	FACEPICS.APKG@#96
foRSALE.pic2	ASCII	big5	1	FACEPICS.APKG@#97
font16.fts	ASCII	big5	1	FONTS.APKG@#5
font16.idx1	ASCII	big5	1	FONTS.APKG@#6
font16.pic1	ASCII	big5	1	FONTS.APKG@#7
fonts\12ns	ASCII	ascii	1	CEO.exe@RVA A3270
fonts\font16	ASCII	ascii	1	CEO.exe@RVA A3260
formula.csv	ASCII	big5	1	DATA.APKG@#6
forsale-MINE.idx2	ASCII	big5	1	FACEPICS.APKG@#94
forsale-MINE.pic2	ASCII	big5	1	FACEPICS.APKG@#95
forsale-mine.fce	ASCII	big5	1	FACE.APKG@#140
forsale-mine.h	ASCII	big5	1	FACE.APKG@#141
forsale.fce	ASCII	big5	1	FACE.APKG@#142
forsale.h	ASCII	big5	1	FACE.APKG@#143
free fail in %s %d size:%d	ASCII	ascii	1	CEO.exe@RVA A4BD8
free unknow memory %X: %s %d	ASCII	ascii	1	CEO.exe@RVA A4AFC
free unknown memory	ASCII	ascii	1	CEO.exe@RVA A4B98
free_count=%d	ASCII	ascii	1	CEO.exe@RVA A4AAB
free_size=%d	ASCII	ascii	1	CEO.exe@RVA A4A76
freeplay.fce	ASCII	big5	1	FACE.APKG@#144
freeplay.h	ASCII	big5	1	FACE.APKG@#145
freeplay.idx2	ASCII	big5	1	FACEPICS.APKG@#98
freeplay.pic2	ASCII	big5	1	FACEPICS.APKG@#99
freeplay_menu.fce	ASCII	big5	1	FACE.APKG@#146
freeplay_menu.h	ASCII	big5	1	FACE.APKG@#147
freeplay_menu.idx2	ASCII	big5	1	FACEPICS.APKG@#100
freeplay_menu.pic2	ASCII	big5	1	FACEPICS.APKG@#101
frexp	ASCII	ascii	1	CEO.exe@RVA AE674
g.tga	ASCII	ascii	1	CEO.exe@RVA A2F20
g:"(	ASCII	ascii	1	CEO.exe@RVA A6A29
game_data.cpp	ASCII	ascii	1	CEO.exe@RVA A2C3C
gnd32x16.glt	ASCII	big5	1	DATA.APKG@#7
gnd32x16.idx2	ASCII	big5	1	PICS.APKG@#24
gnd32x16.lt	ASCII	big5	1	DATA.APKG@#8
gnd32x16.pic2	ASCII	big5	1	PICS.APKG@#25
gnd64x32.idx2	ASCII	big5	1	PICS.APKG@#26
gnd64x32.pic2	ASCII	big5	1	PICS.APKG@#27
h \tJ	ASCII	ascii	1	CEO.exe@RVA 9F24A
h *J	ASCII	ascii	1	CEO.exe@RVA 11886
h 8J	ASCII	ascii	1	CEO.exe@RVA 3D692
h VD	ASCII	ascii	1	CEO.exe@RVA 45676
h `A	ASCII	ascii	1	CEO.exe@RVA 16040
h jF	ASCII	ascii	1	CEO.exe@RVA 66E46
h ~A	ASCII	ascii	1	CEO.exe@RVA 180BD
h$FJ	ASCII	ascii	1	CEO.exe@RVA 5D7C7
h(+L	ASCII	ascii	1	CEO.exe@RVA 6C7E
h(.J	ASCII	ascii	1	CEO.exe@RVA 1F139
h(1K	ASCII	ascii	1	CEO.exe@RVA 2AA47
h(@J	ASCII	ascii	1	CEO.exe@RVA 450AE
h(CJ	ASCII	ascii	1	CEO.exe@RVA 55D49
h(DJ	ASCII	ascii	1	CEO.exe@RVA 590CF
h(NJ	ASCII	ascii	1	CEO.exe@RVA 6C062
h(cJ	ASCII	ascii	1	CEO.exe@RVA 896FE
h,9J	ASCII	ascii	1	CEO.exe@RVA 405D0
h,EJ	ASCII	ascii	1	CEO.exe@RVA 5B068
h.tga	ASCII	ascii	1	CEO.exe@RVA A2F08
h0\tJ	ASCII	ascii	1	CEO.exe@RVA 9F27A
h0'B	ASCII	ascii	1	CEO.exe@RVA 228BE
h07J	ASCII	ascii	1	CEO.exe@RVA 3A8EF
h0@C	ASCII	ascii	1	CEO.exe@RVA 34070
h0AJ	ASCII	ascii	1	CEO.exe@RVA 47539
h0BJ	ASCII	ascii	1	CEO.exe@RVA 49705
h0GC	ASCII	ascii	1	CEO.exe@RVA 34B00
h0fF	ASCII	ascii	1	CEO.exe@RVA 66F8B
h0hF	ASCII	ascii	1	CEO.exe@RVA 66D9D
h41K	ASCII	ascii	1	CEO.exe@RVA 2A250
h8.J	ASCII	ascii	1	CEO.exe@RVA 1F0F9
h87J	ASCII	ascii	1	CEO.exe@RVA 3AF0F
h8@J	ASCII	ascii	1	CEO.exe@RVA 450A7
h8KJ	ASCII	ascii	1	CEO.exe@RVA 65DE3
h<8J	ASCII	ascii	1	CEO.exe@RVA 3E1EF
h<FJ	ASCII	ascii	1	CEO.exe@RVA 5D8F7
h@\tJ	ASCII	ascii	1	CEO.exe@RVA 9F29A
h@*J	ASCII	ascii	1	CEO.exe@RVA 118F6
h@1J	ASCII	ascii	1	CEO.exe@RVA 2A1D3
h@1K	ASCII	ascii	1	CEO.exe@RVA 2A290
h@8K	ASCII	ascii	1	CEO.exe@RVA 5AD2C
h@BJ	ASCII	ascii	1	CEO.exe@RVA 4A887
h@CJ	ASCII	ascii	1	CEO.exe@RVA 55C68
h@aA	ASCII	ascii	1	CEO.exe@RVA 16160
hD)J	ASCII	ascii	1	CEO.exe@RVA 10D39
hD+J	ASCII	ascii	1	CEO.exe@RVA 11C96
hDAJ	ASCII	ascii	1	CEO.exe@RVA 47A54
hDOJ	ASCII	ascii	1	CEO.exe@RVA 6D16E
hH.J	ASCII	ascii	1	CEO.exe@RVA 1F0B3
hHEJ	ASCII	ascii	1	CEO.exe@RVA 5B5C2
hHKJ	ASCII	ascii	1	CEO.exe@RVA 65DD3
hI{L[	ASCII	ascii	1	CEO.exe@RVA A9589
hL,J	ASCII	ascii	1	CEO.exe@RVA 1CD54
hL9J	ASCII	ascii	1	CEO.exe@RVA 40687
hP\tJ	ASCII	ascii	1	CEO.exe@RVA 9F2CA
hP$C	ASCII	ascii	1	CEO.exe@RVA 3258C
hP+B	ASCII	ascii	1	CEO.exe@RVA 23310
hP1J	ASCII	ascii	1	CEO.exe@RVA 2A1F3
hP5J	ASCII	ascii	1	CEO.exe@RVA 32B59
hP7J	ASCII	ascii	1	CEO.exe@RVA 3B15F
hPDJ	ASCII	ascii	1	CEO.exe@RVA 58D2C
hPJJ	ASCII	ascii	1	CEO.exe@RVA 65844
hP`A	ASCII	ascii	1	CEO.exe@RVA 16126
hPbJ	ASCII	ascii	1	CEO.exe@RVA 7BDEC
hPsB	ASCII	ascii	1	CEO.exe@RVA 27390
hT*L	ASCII	ascii	1	CEO.exe@RVA 6C6A
hT4J	ASCII	ascii	1	CEO.exe@RVA 2AAB0
hTAJ	ASCII	ascii	1	CEO.exe@RVA 47AE2
hX(J	ASCII	ascii	1	CEO.exe@RVA B6B2
hX)J	ASCII	ascii	1	CEO.exe@RVA 11686
hX.J	ASCII	ascii	1	CEO.exe@RVA 1F077
hX/J	ASCII	ascii	1	CEO.exe@RVA 25C24
hX8J	ASCII	ascii	1	CEO.exe@RVA 3E374
hX@J	ASCII	ascii	1	CEO.exe@RVA 45099
hXCJ	ASCII	ascii	1	CEO.exe@RVA 5616B
hX`J	ASCII	ascii	1	CEO.exe@RVA 6BD38
hXbJ	ASCII	ascii	1	CEO.exe@RVA 7C2A2
h\,J	ASCII	ascii	1	CEO.exe@RVA 1CD3C
h\3J	ASCII	ascii	1	CEO.exe@RVA 2AC12
h\BJ	ASCII	ascii	1	CEO.exe@RVA 4A862
h\KJ	ASCII	ascii	1	CEO.exe@RVA 65D5C
h`\tJ	ASCII	ascii	1	CEO.exe@RVA 9F2EA
h`#A	ASCII	ascii	1	CEO.exe@RVA 132FF
h`'J	ASCII	ascii	1	CEO.exe@RVA 40CB
h`1J	ASCII	ascii	1	CEO.exe@RVA 2A213
h`2J	ASCII	ascii	1	CEO.exe@RVA 2AFBE
h`4J	ASCII	ascii	1	CEO.exe@RVA 2B338
h`bJ	ASCII	ascii	1	CEO.exe@RVA 81D00
h`vH	ASCII	ascii	1	CEO.exe@RVA 87A7F
hb?O2	ASCII	ascii	1	CEO.exe@RVA A74E5
hd5J	ASCII	ascii	1	CEO.exe@RVA 346DE
hd9J	ASCII	ascii	1	CEO.exe@RVA 41310
hdcJ	ASCII	ascii	1	CEO.exe@RVA 8C6D5
hh-J	ASCII	ascii	1	CEO.exe@RVA 1F2D8
hh.J	ASCII	ascii	1	CEO.exe@RVA 1F058
hh7J	ASCII	ascii	1	CEO.exe@RVA 3B235
hh8J	ASCII	ascii	1	CEO.exe@RVA 3E404
hh@J	ASCII	ascii	1	CEO.exe@RVA 45408
hhCJ	ASCII	ascii	1	CEO.exe@RVA 56243
hh`J	ASCII	ascii	1	CEO.exe@RVA 6BD86
hint_board.idx2	ASCII	big5	1	FACEPICS.APKG@#102
hint_board.pic2	ASCII	big5	1	FACEPICS.APKG@#103
hintpos:	ASCII	ascii	1	CEO.exe@RVA A3680
hinttxt:	ASCII	ascii	1	CEO.exe@RVA A365C
hl/J	ASCII	ascii	1	CEO.exe@RVA 25BB5
hlIJ	ASCII	ascii	1	CEO.exe@RVA 61E2F
hlcJ	ASCII	ascii	1	CEO.exe@RVA 8CA98
home.fce	ASCII	big5	1	FACE.APKG@#150
home.h	ASCII	big5	1	FACE.APKG@#151
hp\tJ	ASCII	ascii	1	CEO.exe@RVA 9F30A
hp#D	ASCII	ascii	1	CEO.exe@RVA 42B33
hp'J	ASCII	ascii	1	CEO.exe@RVA 402B
hp*J	ASCII	ascii	1	CEO.exe@RVA 11976
hp1J	ASCII	ascii	1	CEO.exe@RVA 2A233
hp3J	ASCII	ascii	1	CEO.exe@RVA 2ABE7
hp4J	ASCII	ascii	1	CEO.exe@RVA 2B317
hpEJ	ASCII	ascii	1	CEO.exe@RVA 5BA17
hpOJ	ASCII	ascii	1	CEO.exe@RVA 6D15B
ht(J	ASCII	ascii	1	CEO.exe@RVA B57F
htAJ	ASCII	ascii	1	CEO.exe@RVA 47C42
htDJ	ASCII	ascii	1	CEO.exe@RVA 59A52
htFJ	ASCII	ascii	1	CEO.exe@RVA 5E2D8
hx-L	ASCII	ascii	1	CEO.exe@RVA B536
hx8J	ASCII	ascii	1	CEO.exe@RVA 3E495
hxBJ	ASCII	ascii	1	CEO.exe@RVA 4A7E9
hxWJ	ASCII	ascii	1	CEO.exe@RVA 72CDF
hx]J	ASCII	ascii	1	CEO.exe@RVA 7465B
hx^J	ASCII	ascii	1	CEO.exe@RVA 746A1
hx`J	ASCII	ascii	1	CEO.exe@RVA 6BD70
h|2J	ASCII	ascii	1	CEO.exe@RVA 2AF74
incompatible version	ASCII	ascii	1	CEO.exe@RVA A5BE0
incomplete distance tree	ASCII	ascii	1	CEO.exe@RVA A601C
incomplete dynamic bit lengths tree	ASCII	ascii	1	CEO.exe@RVA A5F68
incomplete literal/length tree	ASCII	ascii	1	CEO.exe@RVA A5FB4
incorrect data check	ASCII	ascii	1	CEO.exe@RVA A5144
incorrect header check	ASCII	ascii	1	CEO.exe@RVA A515C
infact_name.fce	ASCII	big5	1	FACE.APKG@#152
infact_name.h	ASCII	big5	1	FACE.APKG@#153
infopos:	ASCII	ascii	1	CEO.exe@RVA A3668
init_prodlist failed	ASCII	ascii	1	CEO.exe@RVA A43DC
inoutinfo.fce	ASCII	big5	1	FACE.APKG@#154
inoutinfo.h	ASCII	big5	1	FACE.APKG@#155
inoutinfo.idx2	ASCII	big5	1	FACEPICS.APKG@#106
inoutinfo.pic2	ASCII	big5	1	FACEPICS.APKG@#107
insufficient memory	ASCII	ascii	1	CEO.exe@RVA A5C08
invalid bit length repeat	ASCII	ascii	1	CEO.exe@RVA A5C9C
invalid block type	ASCII	ascii	1	CEO.exe@RVA A5CFC
invalid distance code	ASCII	ascii	1	CEO.exe@RVA A5D2C
invalid literal/length code	ASCII	ascii	1	CEO.exe@RVA A5D10
invalid stored block lengths	ASCII	ascii	1	CEO.exe@RVA A5CDC
invalid window size	ASCII	ascii	1	CEO.exe@RVA A5174
items.ch2	ASCII	big5	1	PICS.APKG@#28
j PQ	ASCII	ascii	1	CEO.exe@RVA 8B7A
j PQR	ASCII	ascii	1	CEO.exe@RVA 2214F
j PS	ASCII	ascii	1	CEO.exe@RVA 1C2F0
j QR	ASCII	ascii	1	CEO.exe@RVA 1B4E7
j SPQh	ASCII	ascii	1	CEO.exe@RVA 21F6B
j h ,J	ASCII	ascii	1	CEO.exe@RVA 1CF2F
j h,,J	ASCII	ascii	1	CEO.exe@RVA 1CF13
j hH	ASCII	ascii	1	CEO.exe@RVA 9114E
j hLLJ	ASCII	ascii	1	CEO.exe@RVA 66C7E
j$WP	ASCII	ascii	1	CEO.exe@RVA 804C6
j%PS	ASCII	ascii	1	CEO.exe@RVA 7F188
j)QRP	ASCII	ascii	1	CEO.exe@RVA 226F3
j*h$PJ	ASCII	ascii	1	CEO.exe@RVA 6DE5F
j,h0	ASCII	ascii	1	CEO.exe@RVA 96C13
j-h$PJ	ASCII	ascii	1	CEO.exe@RVA 6DE8D
j.PQR	ASCII	ascii	1	CEO.exe@RVA 22409
j0Ph	ASCII	ascii	1	CEO.exe@RVA 4BB03
j0z0	ASCII	ascii	1	CEO.exe@RVA 4FC488
j4h|bJ	ASCII	ascii	1	CEO.exe@RVA 83F86
j8RP	ASCII	ascii	1	CEO.exe@RVA 56A5C
j<QR	ASCII	ascii	1	CEO.exe@RVA 28A19
j<QV	ASCII	ascii	1	CEO.exe@RVA 396A1
j<RW	ASCII	ascii	1	CEO.exe@RVA 2D15D
j=n=r=v=	ASCII	ascii	1	CEO.exe@RVA 50343C
j@j ^V	ASCII	ascii	1	CEO.exe@RVA 937D0
jCPQR	ASCII	ascii	1	CEO.exe@RVA 22165
jCSRPh	ASCII	ascii	1	CEO.exe@RVA 21FD0
jDh|bJ	ASCII	ascii	1	CEO.exe@RVA 834D7
jFh|bJ	ASCII	ascii	1	CEO.exe@RVA 834F1
jJh|bJ	ASCII	ascii	1	CEO.exe@RVA 83516
jMh`'J	ASCII	ascii	1	CEO.exe@RVA 4279
jPRf	ASCII	ascii	1	CEO.exe@RVA 1C3CF
jVa?	ASCII	ascii	1	CEO.exe@RVA AC9FC
jWhxCJ	ASCII	ascii	1	CEO.exe@RVA 561FF
jZQR	ASCII	ascii	1	CEO.exe@RVA 31268
j\Xf	ASCII	ascii	1	CEO.exe@RVA 8A14C
jdVVj	ASCII	ascii	1	CEO.exe@RVA 422E7
jdX;	ASCII	ascii	1	CEO.exe@RVA 94765
jd_Fj	ASCII	ascii	1	CEO.exe@RVA 96FA1
jdh0RD	ASCII	ascii	1	CEO.exe@RVA 45429
jdh`	ASCII	ascii	1	CEO.exe@RVA B507
jdhp<D	ASCII	ascii	1	CEO.exe@RVA 44339
jihxCJ	ASCII	ascii	1	CEO.exe@RVA 562EE
jnh0	ASCII	ascii	1	CEO.exe@RVA 2AD8A
j}h<,J	ASCII	ascii	1	CEO.exe@RVA 1CD80
j}jd	ASCII	ascii	1	CEO.exe@RVA 1E707
k7+%	ASCII	ascii	1	CEO.exe@RVA A9C12
k:UG	ASCII	ascii	1	CEO.exe@RVA A91BB
kU'9	ASCII	ascii	1	CEO.exe@RVA B93B2
ldexp	ASCII	ascii	1	CEO.exe@RVA AE694
line%d	ASCII	ascii	1	CEO.exe@RVA A2987
list2.fce	ASCII	big5	1	FACE.APKG@#162
list2.h	ASCII	big5	1	FACE.APKG@#163
list2.idx2	ASCII	big5	1	FACEPICS.APKG@#110
list2.pic2	ASCII	big5	1	FACEPICS.APKG@#111
load city set failed	ASCII	ascii	1	CEO.exe@RVA A43F4
load task .. fail	ASCII	ascii	1	CEO.exe@RVA A36B4
load_prograss.fce	ASCII	big5	1	FACE.APKG@#172
load_prograss.h	ASCII	big5	1	FACE.APKG@#173
load_prograss.idx2	ASCII	big5	1	FACEPICS.APKG@#120
load_prograss.pic2	ASCII	big5	1	FACEPICS.APKG@#121
loading_door.idx2	ASCII	big5	1	PICS.APKG@#31
loading_door.pic2	ASCII	big5	1	PICS.APKG@#32
loadstage.cpp	ASCII	ascii	1	CEO.exe@RVA A2F88
log.txt	ASCII	ascii	1	CEO.exe@RVA A49E8
log10	ASCII	ascii	1	CEO.exe@RVA AD678
log\prod_need.csv	ASCII	ascii	1	CEO.exe@RVA A2E68
lose_do:	ASCII	ascii	1	CEO.exe@RVA A3630
lose_face.fce	ASCII	big5	1	FACE.APKG@#174
lose_face.h	ASCII	big5	1	FACE.APKG@#175
lose_face.idx2	ASCII	big5	1	FACEPICS.APKG@#122
lose_face.pic2	ASCII	big5	1	FACEPICS.APKG@#123
lose_req:	ASCII	ascii	1	CEO.exe@RVA A363C
ls1=	ASCII	ascii	1	CEO.exe@RVA A859C
m1WY$	ASCII	ascii	1	CEO.exe@RVA A98C9
machines.ch2	ASCII	big5	1	PICS.APKG@#33
main.fce	ASCII	big5	1	FACE.APKG@#178
main.h	ASCII	big5	1	FACE.APKG@#179
main1.fce	ASCII	big5	1	FACE.APKG@#180
main1.h	ASCII	big5	1	FACE.APKG@#181
mainface.idx2	ASCII	big5	1	FACEPICS.APKG@#128
mainface.pic2	ASCII	big5	1	FACEPICS.APKG@#129
map.pal	ASCII	big5	1	MAPS.APKG@#1
map00c.tga	ASCII	big5	1	MAPS.APKG@#2
map00g.tga	ASCII	big5	1	MAPS.APKG@#3
map00h.tga	ASCII	big5	1	MAPS.APKG@#4
map00r.tga	ASCII	big5	1	MAPS.APKG@#5
map00s.tga	ASCII	big5	1	MAPS.APKG@#6
map00t.tga	ASCII	big5	1	MAPS.APKG@#7
map01c.tga	ASCII	big5	1	MAPS.APKG@#8
map01g.tga	ASCII	big5	1	MAPS.APKG@#9
map01h.tga	ASCII	big5	1	MAPS.APKG@#10
map01r.tga	ASCII	big5	1	MAPS.APKG@#11
map01s.tga	ASCII	big5	1	MAPS.APKG@#12
map01t.tga	ASCII	big5	1	MAPS.APKG@#13
map02c.tga	ASCII	big5	1	MAPS.APKG@#14
map02g.tga	ASCII	big5	1	MAPS.APKG@#15
map02h.tga	ASCII	big5	1	MAPS.APKG@#16
map02r.tga	ASCII	big5	1	MAPS.APKG@#17
map02s.tga	ASCII	big5	1	MAPS.APKG@#18
map02t.tga	ASCII	big5	1	MAPS.APKG@#19
map03c.tga	ASCII	big5	1	MAPS.APKG@#20
map03g.tga	ASCII	big5	1	MAPS.APKG@#21
map03h.tga	ASCII	big5	1	MAPS.APKG@#22
map03r.tga	ASCII	big5	1	MAPS.APKG@#23
map03s.tga	ASCII	big5	1	MAPS.APKG@#24
map03t.tga	ASCII	big5	1	MAPS.APKG@#25
map04c.tga	ASCII	big5	1	MAPS.APKG@#26
map04g.tga	ASCII	big5	1	MAPS.APKG@#27
map04h.tga	ASCII	big5	1	MAPS.APKG@#28
map04r.tga	ASCII	big5	1	MAPS.APKG@#29
map04s.tga	ASCII	big5	1	MAPS.APKG@#30
map04t.tga	ASCII	big5	1	MAPS.APKG@#31
map05c.tga	ASCII	big5	1	MAPS.APKG@#32
map05g.tga	ASCII	big5	1	MAPS.APKG@#33
map05h.tga	ASCII	big5	1	MAPS.APKG@#34
map05r.tga	ASCII	big5	1	MAPS.APKG@#35
map05s.tga	ASCII	big5	1	MAPS.APKG@#36
map05t.tga	ASCII	big5	1	MAPS.APKG@#37
map06c.tga	ASCII	big5	1	MAPS.APKG@#38
map06g.tga	ASCII	big5	1	MAPS.APKG@#39
map06h.tga	ASCII	big5	1	MAPS.APKG@#40
map06r.tga	ASCII	big5	1	MAPS.APKG@#41
map06s.tga	ASCII	big5	1	MAPS.APKG@#42
map06t.tga	ASCII	big5	1	MAPS.APKG@#43
map07c.tga	ASCII	big5	1	MAPS.APKG@#44
map07g.tga	ASCII	big5	1	MAPS.APKG@#45
map07h.tga	ASCII	big5	1	MAPS.APKG@#46
map07r.tga	ASCII	big5	1	MAPS.APKG@#47
map07s.tga	ASCII	big5	1	MAPS.APKG@#48
map07t.tga	ASCII	big5	1	MAPS.APKG@#49
map08c.tga	ASCII	big5	1	MAPS.APKG@#50
map08g.tga	ASCII	big5	1	MAPS.APKG@#51
map08h.tga	ASCII	big5	1	MAPS.APKG@#52
map08r.tga	ASCII	big5	1	MAPS.APKG@#53
map08s.tga	ASCII	big5	1	MAPS.APKG@#54
map08t.tga	ASCII	big5	1	MAPS.APKG@#55
map09c.tga	ASCII	big5	1	MAPS.APKG@#56
map09g.tga	ASCII	big5	1	MAPS.APKG@#57
map09h.tga	ASCII	big5	1	MAPS.APKG@#58
map09r.tga	ASCII	big5	1	MAPS.APKG@#59
map09s.tga	ASCII	big5	1	MAPS.APKG@#60
map09t.tga	ASCII	big5	1	MAPS.APKG@#61
map10c.tga	ASCII	big5	1	MAPS.APKG@#62
map10g.tga	ASCII	big5	1	MAPS.APKG@#63
map10h.tga	ASCII	big5	1	MAPS.APKG@#64
map10r.tga	ASCII	big5	1	MAPS.APKG@#65
map10s.tga	ASCII	big5	1	MAPS.APKG@#66
map10t.tga	ASCII	big5	1	MAPS.APKG@#67
map11c.tga	ASCII	big5	1	MAPS.APKG@#68
map11g.tga	ASCII	big5	1	MAPS.APKG@#69
map11h.tga	ASCII	big5	1	MAPS.APKG@#70
map11r.tga	ASCII	big5	1	MAPS.APKG@#71
map11s.tga	ASCII	big5	1	MAPS.APKG@#72
map11t.tga	ASCII	big5	1	MAPS.APKG@#73
map12c.tga	ASCII	big5	1	MAPS.APKG@#74
map12g.tga	ASCII	big5	1	MAPS.APKG@#75
map12h.tga	ASCII	big5	1	MAPS.APKG@#76
map12r.tga	ASCII	big5	1	MAPS.APKG@#77
map12s.tga	ASCII	big5	1	MAPS.APKG@#78
map12t.tga	ASCII	big5	1	MAPS.APKG@#79
map13c.tga	ASCII	big5	1	MAPS.APKG@#80
map13g.tga	ASCII	big5	1	MAPS.APKG@#81
map13h.tga	ASCII	big5	1	MAPS.APKG@#82
map13r.tga	ASCII	big5	1	MAPS.APKG@#83
map13s.tga	ASCII	big5	1	MAPS.APKG@#84
map13t.tga	ASCII	big5	1	MAPS.APKG@#85
map14c.tga	ASCII	big5	1	MAPS.APKG@#86
map14g.tga	ASCII	big5	1	MAPS.APKG@#87
map14h.tga	ASCII	big5	1	MAPS.APKG@#88
map14r.tga	ASCII	big5	1	MAPS.APKG@#89
map14s.tga	ASCII	big5	1	MAPS.APKG@#90
map14t.tga	ASCII	big5	1	MAPS.APKG@#91
map15c.tga	ASCII	big5	1	MAPS.APKG@#92
map15g.tga	ASCII	big5	1	MAPS.APKG@#93
map15h.tga	ASCII	big5	1	MAPS.APKG@#94
map15r.tga	ASCII	big5	1	MAPS.APKG@#95
map15s.tga	ASCII	big5	1	MAPS.APKG@#96
map15t.tga	ASCII	big5	1	MAPS.APKG@#97
map16c.tga	ASCII	big5	1	MAPS.APKG@#98
map16g.tga	ASCII	big5	1	MAPS.APKG@#99
map16h.tga	ASCII	big5	1	MAPS.APKG@#100
map16r.tga	ASCII	big5	1	MAPS.APKG@#101
map16s.tga	ASCII	big5	1	MAPS.APKG@#102
map16t.tga	ASCII	big5	1	MAPS.APKG@#103
map17c.tga	ASCII	big5	1	MAPS.APKG@#104
map17g.tga	ASCII	big5	1	MAPS.APKG@#105
map17h.tga	ASCII	big5	1	MAPS.APKG@#106
map17r.tga	ASCII	big5	1	MAPS.APKG@#107
map17s.tga	ASCII	big5	1	MAPS.APKG@#108
map17t.tga	ASCII	big5	1	MAPS.APKG@#109
map18c.tga	ASCII	big5	1	MAPS.APKG@#110
map18g.tga	ASCII	big5	1	MAPS.APKG@#111
map18h.tga	ASCII	big5	1	MAPS.APKG@#112
map18r.tga	ASCII	big5	1	MAPS.APKG@#113
map18s.tga	ASCII	big5	1	MAPS.APKG@#114
map18t.tga	ASCII	big5	1	MAPS.APKG@#115
map19c.tga	ASCII	big5	1	MAPS.APKG@#116
map19g.tga	ASCII	big5	1	MAPS.APKG@#117
map19h.tga	ASCII	big5	1	MAPS.APKG@#118
map19r.tga	ASCII	big5	1	MAPS.APKG@#119
map19s.tga	ASCII	big5	1	MAPS.APKG@#120
map19t.tga	ASCII	big5	1	MAPS.APKG@#121
map20g.tga	ASCII	big5	1	MAPS.APKG@#122
map20r.tga	ASCII	big5	1	MAPS.APKG@#123
map20s.tga	ASCII	big5	1	MAPS.APKG@#124
map20t.tga	ASCII	big5	1	MAPS.APKG@#125
mapcity.csv	ASCII	big5	1	DATA.APKG@#11
maphintpos:	ASCII	ascii	1	CEO.exe@RVA A3674
maps.csv	ASCII	big5	1	DATA.APKG@#12
maps\	ASCII	ascii	1	CEO.exe@RVA A2EF8
mem_use > block_sum	ASCII	ascii	1	CEO.exe@RVA A4A1C
menu1.fce	ASCII	big5	1	FACE.APKG@#186
menu1.h	ASCII	big5	1	FACE.APKG@#187
mmioAdvance	ASCII	ascii	1	CEO.exe@RVA B0408
mmioAscend	ASCII	ascii	1	CEO.exe@RVA B03BA
mmioClose	ASCII	ascii	1	CEO.exe@RVA B03AE
mmioDescend	ASCII	ascii	1	CEO.exe@RVA B03D4
mmioGetInfo	ASCII	ascii	1	CEO.exe@RVA B0416
mmioOpenA	ASCII	ascii	1	CEO.exe@RVA B03E2
mmioRead	ASCII	ascii	1	CEO.exe@RVA B03C8
mmioSeek	ASCII	ascii	1	CEO.exe@RVA B03EE
mmioSetInfo	ASCII	ascii	1	CEO.exe@RVA B03FA
modf	ASCII	ascii	1	CEO.exe@RVA AD63C
money	ASCII	ascii	1	CEO.exe@RVA A44F8
money1	ASCII	ascii	1	CEO.exe@RVA A44F0
mpg123: Can't rewind stream by %d bits!	ASCII	ascii	1	CEO.exe@RVA A61F8
mscoree.dll	ASCII	utf16le	1	CEO.exe@RVA A6328
music\mu%d.mp3	ASCII	ascii	1	CEO.exe@RVA A35BC
name	ASCII	ascii	1	CEO.exe@RVA A31AC
need dictionary	ASCII	ascii	1	CEO.exe@RVA A5134
new_option.fce	ASCII	big5	1	FACE.APKG@#212
new_option.h	ASCII	big5	1	FACE.APKG@#213
new_option.idx2	ASCII	big5	1	FACEPICS.APKG@#154
new_option.pic2	ASCII	big5	1	FACEPICS.APKG@#155
news.cpp	ASCII	ascii	1	CEO.exe@RVA A3480
news.csv	ASCII	big5	1	DATA.APKG@#14
no more unfree memory !!	ASCII	ascii	1	CEO.exe@RVA A4B1C
nomoney.idx2	ASCII	big5	1	FACEPICS.APKG@#156
nomoney.pic2	ASCII	big5	1	FACEPICS.APKG@#157
notalk	ASCII	ascii	1	CEO.exe@RVA A44E0
np?z 	ASCII	ascii	1	CEO.exe@RVA A7585
number.idx2	ASCII	big5	1	PICS.APKG@#38
number.pic2	ASCII	big5	1	PICS.APKG@#39
n{;=	ASCII	ascii	1	CEO.exe@RVA A870C
o3fW	ASCII	ascii	1	CEO.exe@RVA AC888
oV f	ASCII	ascii	1	CEO.exe@RVA 8C730
o^0f	ASCII	ascii	1	CEO.exe@RVA 8C735
of@f	ASCII	ascii	1	CEO.exe@RVA 8C74D
ole32.dll	ASCII	ascii	1	CEO.exe@RVA B0BE4
onPf	ASCII	ascii	1	CEO.exe@RVA 8C752
operator	ASCII	ascii	1	CEO.exe@RVA AE404
option.dat	ASCII	ascii	1	CEO.exe@RVA A2E7C
ov`f	ASCII	ascii	1	CEO.exe@RVA 8C757
oversubscribed distance tree	ASCII	ascii	1	CEO.exe@RVA A6038
oversubscribed dynamic bit lengths tree	ASCII	ascii	1	CEO.exe@RVA A5F8C
oversubscribed literal/length tree	ASCII	ascii	1	CEO.exe@RVA A5FD4
ownerfact_btns.fce	ASCII	big5	1	FACE.APKG@#220
ownerfact_btns.h	ASCII	big5	1	FACE.APKG@#221
o~pf	ASCII	ascii	1	CEO.exe@RVA 8C75C
p4"%	ASCII	ascii	1	CEO.exe@RVA A7B88
pSorry, unknown layer type.	ASCII	ascii	1	CEO.exe@RVA A60A7
people_type.cpp	ASCII	ascii	1	CEO.exe@RVA A34DC
picfree_count=%d	ASCII	ascii	1	CEO.exe@RVA A4DCD
picload_count=%d	ASCII	ascii	1	CEO.exe@RVA A4DBC
pics\32X16	ASCII	ascii	1	CEO.exe@RVA A327C
pics\32x16	ASCII	ascii	1	CEO.exe@RVA A2CD4
pics\64x32	ASCII	ascii	1	CEO.exe@RVA A2CE0
pics\buildings	ASCII	ascii	1	CEO.exe@RVA A2C10
pics\cur1	ASCII	ascii	1	CEO.exe@RVA A3288
pics\cur_mgr0	ASCII	ascii	1	CEO.exe@RVA A4058
pics\cur_mgr1	ASCII	ascii	1	CEO.exe@RVA A4048
pics\cur_mgr2	ASCII	ascii	1	CEO.exe@RVA A4038
pics\cur_wkr0	ASCII	ascii	1	CEO.exe@RVA A4028
pics\cur_wkr1	ASCII	ascii	1	CEO.exe@RVA A4018
pics\cur_wkr2	ASCII	ascii	1	CEO.exe@RVA A4008
pics\gnd32x16	ASCII	ascii	1	CEO.exe@RVA A2CC4
pics\gnd64x32	ASCII	ascii	1	CEO.exe@RVA A2C5C
pics\items	ASCII	ascii	1	CEO.exe@RVA A2C20
pics\loading_door	ASCII	ascii	1	CEO.exe@RVA A28B8
pics\machines	ASCII	ascii	1	CEO.exe@RVA A2C2C
pics\num1	ASCII	ascii	1	CEO.exe@RVA A28AC
pics\road32x16	ASCII	ascii	1	CEO.exe@RVA A2CB4
pics\road64x32	ASCII	ascii	1	CEO.exe@RVA A2C4C
pics\smap	ASCII	ascii	1	CEO.exe@RVA A441C
pj`h(5J	ASCII	ascii	1	CEO.exe@RVA 326FC
pnJ=	ASCII	ascii	1	CEO.exe@RVA A6B3C
prod_INFO.idx2	ASCII	big5	1	FACEPICS.APKG@#166
prod_INFO.pic2	ASCII	big5	1	FACEPICS.APKG@#167
prod_info.fce	ASCII	big5	1	FACE.APKG@#228
prod_info.h	ASCII	big5	1	FACE.APKG@#229
product1.csv	ASCII	big5	1	DATA.APKG@#16
product2.csv	ASCII	big5	1	DATA.APKG@#17
profit_info.fce	ASCII	big5	1	FACE.APKG@#230
profit_info.h	ASCII	big5	1	FACE.APKG@#231
profit_info.idx2	ASCII	big5	1	FACEPICS.APKG@#168
profit_info.pic2	ASCII	big5	1	FACEPICS.APKG@#169
ptr:%x	ASCII	ascii	1	CEO.exe@RVA A4AD4
putobj failure	ASCII	ascii	1	CEO.exe@RVA A62D0
q\t! 	ASCII	ascii	1	CEO.exe@RVA A787B
r 8^	ASCII	ascii	1	CEO.exe@RVA 9B4A7
r+f;H	ASCII	ascii	1	CEO.exe@RVA 9B12F
r+f;p	ASCII	ascii	1	CEO.exe@RVA 9B0B8
r,9Y	ASCII	ascii	1	CEO.exe@RVA 8E2CB
r.tga	ASCII	ascii	1	CEO.exe@RVA A2F18
r7Yr7=	ASCII	ascii	1	CEO.exe@RVA A8B0A
realloc fail	ASCII	ascii	1	CEO.exe@RVA A5044
realloc fail in %s %d	ASCII	ascii	1	CEO.exe@RVA A4C1C
realloc unknow memory %X: %s %d	ASCII	ascii	1	CEO.exe@RVA A4ADC
road32x16.glt	ASCII	big5	1	DATA.APKG@#18
road32x16.idx2	ASCII	big5	1	PICS.APKG@#40
road32x16.lt	ASCII	big5	1	DATA.APKG@#19
road32x16.pic2	ASCII	big5	1	PICS.APKG@#41
road64x32.idx2	ASCII	big5	1	PICS.APKG@#42
road64x32.pic2	ASCII	big5	1	PICS.APKG@#43
runtime error 	ASCII	utf16le	1	CEO.exe@RVA A9E6C
s\t;{	ASCII	ascii	1	CEO.exe@RVA ECE4
s ;=	ASCII	ascii	1	CEO.exe@RVA B1D9
s!;S	ASCII	ascii	1	CEO.exe@RVA ED54
s*A;	ASCII	ascii	1	CEO.exe@RVA 742E2
s.tga	ASCII	ascii	1	CEO.exe@RVA A2F10
s3;q	ASCII	ascii	1	CEO.exe@RVA 182EE
s9SWQ	ASCII	ascii	1	CEO.exe@RVA 2C481
sJ;=	ASCII	ascii	1	CEO.exe@RVA 1066A
sU0&?W	ASCII	ascii	1	CEO.exe@RVA A8BE3
save	ASCII	ascii	1	CEO.exe@RVA A2C84
save.fce	ASCII	big5	1	FACE.APKG@#244
save.h	ASCII	big5	1	FACE.APKG@#245
save\slot	ASCII	ascii	1	CEO.exe@RVA A4564
save_prograss.fce	ASCII	big5	1	FACE.APKG@#248
save_prograss.h	ASCII	big5	1	FACE.APKG@#249
save_prograss.idx2	ASCII	big5	1	FACEPICS.APKG@#184
save_prograss.pic2	ASCII	big5	1	FACEPICS.APKG@#185
score_info.fce	ASCII	big5	1	FACE.APKG@#250
score_info.h	ASCII	big5	1	FACE.APKG@#251
score_info.idx2	ASCII	big5	1	FACEPICS.APKG@#186
score_info.pic2	ASCII	big5	1	FACEPICS.APKG@#187
script error , company_val 	ASCII	ascii	1	CEO.exe@RVA A2AAC
script error , fact_sum 	ASCII	ascii	1	CEO.exe@RVA A2A70
script error , land_sum 	ASCII	ascii	1	CEO.exe@RVA A2AF4
script error , loan 	ASCII	ascii	1	CEO.exe@RVA A2AD4
script error , money 	ASCII	ascii	1	CEO.exe@RVA A2A20
script error , selected_factory 	ASCII	ascii	1	CEO.exe@RVA A2B18
scroll_list1.fce	ASCII	big5	1	FACE.APKG@#252
scroll_list1.h	ASCII	big5	1	FACE.APKG@#253
scroll_list1.idx2	ASCII	big5	1	FACEPICS.APKG@#188
scroll_list1.pic2	ASCII	big5	1	FACEPICS.APKG@#189
selectWindowClass	ASCII	ascii	1	CEO.exe@RVA A332C
shop.cpp	ASCII	ascii	1	CEO.exe@RVA A3580
show_objs realloc %X -> %X	ASCII	ascii	1	CEO.exe@RVA A6298
showpic2.exe	ASCII	big5	1	FACEPICS.APKG@#190
sinh	ASCII	ascii	1	CEO.exe@RVA AE6C4
size=%d an=%d as=%d	ASCII	ascii	1	CEO.exe@RVA A4B48
smap.idx2	ASCII	big5	1	PICS.APKG@#44
smap.pic2	ASCII	big5	1	PICS.APKG@#45
smapclr.csv	ASCII	big5	1	DATA.APKG@#20
smapmenu.csv	ASCII	big5	1	DATA.APKG@#21
sound\e%s.wav	ASCII	ascii	1	CEO.exe@RVA A35AC
sounds.cpp	ASCII	ascii	1	CEO.exe@RVA A35A0
sreport.fce	ASCII	big5	1	FACE.APKG@#256
sreport.h	ASCII	big5	1	FACE.APKG@#257
sreport.idx2	ASCII	big5	1	FACEPICS.APKG@#193
sreport.pic2	ASCII	big5	1	FACEPICS.APKG@#194
stage00.stg	ASCII	big5	1	STAGE.APKG@#0
stage01.stg	ASCII	big5	1	STAGE.APKG@#1
stage02.stg	ASCII	big5	1	STAGE.APKG@#2
stage03.stg	ASCII	big5	1	STAGE.APKG@#3
stage04.stg	ASCII	big5	1	STAGE.APKG@#4
stage05.stg	ASCII	big5	1	STAGE.APKG@#5
stage06.stg	ASCII	big5	1	STAGE.APKG@#6
stage07.stg	ASCII	big5	1	STAGE.APKG@#7
stage08.stg	ASCII	big5	1	STAGE.APKG@#8
stage09.stg	ASCII	big5	1	STAGE.APKG@#9
stage10.stg	ASCII	big5	1	STAGE.APKG@#10
stage11.stg	ASCII	big5	1	STAGE.APKG@#11
stage12.stg	ASCII	big5	1	STAGE.APKG@#12
stage13.stg	ASCII	big5	1	STAGE.APKG@#13
stage14.stg	ASCII	big5	1	STAGE.APKG@#14
stage\	ASCII	ascii	1	CEO.exe@RVA A35CC
staget0.stg	ASCII	big5	1	STAGE.APKG@#15
staget1.stg	ASCII	big5	1	STAGE.APKG@#16
staget2.stg	ASCII	big5	1	STAGE.APKG@#17
staget3.stg	ASCII	big5	1	STAGE.APKG@#18
staget4.stg	ASCII	big5	1	STAGE.APKG@#19
staget5.stg	ASCII	big5	1	STAGE.APKG@#20
steam_api.dll	ASCII	ascii	1	CEO.exe@RVA B0150
stream end	ASCII	ascii	1	CEO.exe@RVA A5C44
stream error	ASCII	ascii	1	CEO.exe@RVA A5C28
sy;=	ASCII	ascii	1	CEO.exe@RVA D718
t\t9]	ASCII	ascii	1	CEO.exe@RVA 9B164
t\t;E	ASCII	ascii	1	CEO.exe@RVA 8A27F
t\tC;	ASCII	ascii	1	CEO.exe@RVA 11427
t\tF;	ASCII	ascii	1	CEO.exe@RVA 11547
t htcJ	ASCII	ascii	1	CEO.exe@RVA 90EA1
t!9u	ASCII	ascii	1	CEO.exe@RVA 8BB59
t!@P	ASCII	ascii	1	CEO.exe@RVA 7A4F7
t!G;=	ASCII	ascii	1	CEO.exe@RVA 5EC34
t!Ht	ASCII	ascii	1	CEO.exe@RVA 911BF
t!HuU	ASCII	ascii	1	CEO.exe@RVA 21BDF
t!PV	ASCII	ascii	1	CEO.exe@RVA 96CB8
t"Ou	ASCII	ascii	1	CEO.exe@RVA 9963B
t"SS9] u	ASCII	ascii	1	CEO.exe@RVA 99BB1
t#Ht	ASCII	ascii	1	CEO.exe@RVA 81B29
t#hC	ASCII	ascii	1	CEO.exe@RVA 6F8DB
t#hx	ASCII	ascii	1	CEO.exe@RVA 5AC9F
t#jCh`bJ	ASCII	ascii	1	CEO.exe@RVA 7E2B2
t$<"u\t3	ASCII	ascii	1	CEO.exe@RVA 933C4
t$C;	ASCII	ascii	1	CEO.exe@RVA 44608
t$SS	ASCII	ascii	1	CEO.exe@RVA 1E0A7
t$WV	ASCII	ascii	1	CEO.exe@RVA 96474
t$hy	ASCII	ascii	1	CEO.exe@RVA 1DE8D
t$j?h	ASCII	ascii	1	CEO.exe@RVA 2B907
t%HHt	ASCII	ascii	1	CEO.exe@RVA 901E7
t%Hu]	ASCII	ascii	1	CEO.exe@RVA 21B67
t&:Q	ASCII	ascii	1	CEO.exe@RVA 9C434
t&:a	ASCII	ascii	1	CEO.exe@RVA 929E8
t'Ou	ASCII	ascii	1	CEO.exe@RVA 998FA
t(9}	ASCII	ascii	1	CEO.exe@RVA 97F85
t)SV	ASCII	ascii	1	CEO.exe@RVA 8DC4E
t)VW	ASCII	ascii	1	CEO.exe@RVA 6D283
t*9u	ASCII	ascii	1	CEO.exe@RVA 8B95F
t*=RCC	ASCII	ascii	1	CEO.exe@RVA 8DDE0
t*VV	ASCII	ascii	1	CEO.exe@RVA 93783
t*Vj	ASCII	ascii	1	CEO.exe@RVA 3F778
t,QP	ASCII	ascii	1	CEO.exe@RVA 6A620
t,h(	ASCII	ascii	1	CEO.exe@RVA 570A5
t-h0]	ASCII	ascii	1	CEO.exe@RVA 5F5DD
t.SW	ASCII	ascii	1	CEO.exe@RVA 6B090
t.tga	ASCII	ascii	1	CEO.exe@RVA A2F00
t/9U	ASCII	ascii	1	CEO.exe@RVA 8B200
t/9u	ASCII	ascii	1	CEO.exe@RVA 8B95A
t/Ht	ASCII	ascii	1	CEO.exe@RVA 9C710
t/Vj	ASCII	ascii	1	CEO.exe@RVA 57A42
t0Ht	ASCII	ascii	1	CEO.exe@RVA 3F98E
t1SW	ASCII	ascii	1	CEO.exe@RVA 9D07E
t28X\tt-	ASCII	ascii	1	CEO.exe@RVA 4169A
t2;5	ASCII	ascii	1	CEO.exe@RVA 39367
t3Hum9^8th9E	ASCII	ascii	1	CEO.exe@RVA 806C8
t4Ht	ASCII	ascii	1	CEO.exe@RVA 607AD
t6Wj	ASCII	ascii	1	CEO.exe@RVA 251CC
t6h(	ASCII	ascii	1	CEO.exe@RVA 475BD
t7j$h	ASCII	ascii	1	CEO.exe@RVA 11864
t7j)h	ASCII	ascii	1	CEO.exe@RVA 118D4
t7j2h	ASCII	ascii	1	CEO.exe@RVA 11954
t7jPh	ASCII	ascii	1	CEO.exe@RVA 11A74
t7jUh	ASCII	ascii	1	CEO.exe@RVA 11AF4
t7jZh	ASCII	ascii	1	CEO.exe@RVA 11B64
t7jnh	ASCII	ascii	1	CEO.exe@RVA 11C04
t7jvh	ASCII	ascii	1	CEO.exe@RVA 11C74
t8hH	ASCII	ascii	1	CEO.exe@RVA 3C489
t<958-L	ASCII	ascii	1	CEO.exe@RVA 3966F
t<:Q	ASCII	ascii	1	CEO.exe@RVA 9C428
t=9=,	ASCII	ascii	1	CEO.exe@RVA 1E73F
t=VW	ASCII	ascii	1	CEO.exe@RVA 1AD0D
t?,&	ASCII	ascii	1	CEO.exe@RVA A75D6
t?VSP	ASCII	ascii	1	CEO.exe@RVA 9346C
t@Hu;	ASCII	ascii	1	CEO.exe@RVA 443F9
tAHt(Ht	ASCII	ascii	1	CEO.exe@RVA 756FE
tBHt#H	ASCII	ascii	1	CEO.exe@RVA 614D8
tCC;]	ASCII	ascii	1	CEO.exe@RVA 26424
tCHt(Ht 	ASCII	ascii	1	CEO.exe@RVA 97832
tCVV	ASCII	ascii	1	CEO.exe@RVA 9CDA1
tDG;	ASCII	ascii	1	CEO.exe@RVA 655CD
tDG;~	ASCII	ascii	1	CEO.exe@RVA D454
tD~?	ASCII	ascii	1	CEO.exe@RVA 43BE9
tEHt0	ASCII	ascii	1	CEO.exe@RVA 93E6B
tG9]	ASCII	ascii	1	CEO.exe@RVA 9B0F4
tG;8|Cj	ASCII	ascii	1	CEO.exe@RVA 7F12D
tH;8|Dj	ASCII	ascii	1	CEO.exe@RVA 7E812
tH;}	ASCII	ascii	1	CEO.exe@RVA 1241E
tHSV	ASCII	ascii	1	CEO.exe@RVA 2EC69
tKSV	ASCII	ascii	1	CEO.exe@RVA 2F04C
tLVv	ASCII	ascii	1	CEO.exe@RVA A68E2
tM;E	ASCII	ascii	1	CEO.exe@RVA 2E1F8
tOSW	ASCII	ascii	1	CEO.exe@RVA 34461
tPNt(Num	ASCII	ascii	1	CEO.exe@RVA 4B888
tPVV	ASCII	ascii	1	CEO.exe@RVA 9D463
tQHup9	ASCII	ascii	1	CEO.exe@RVA 60CB9
tR99u2	ASCII	ascii	1	CEO.exe@RVA 8E2C1
tR:Q	ASCII	ascii	1	CEO.exe@RVA 9C41C
tRHtC	ASCII	ascii	1	CEO.exe@RVA 93DDE
tRHtCHt4Ht%HtFHHt	ASCII	ascii	1	CEO.exe@RVA 98FFE
tSj=V	ASCII	ascii	1	CEO.exe@RVA 9D2E0
tU@;E	ASCII	ascii	1	CEO.exe@RVA 6455B
tVPV	ASCII	ascii	1	CEO.exe@RVA 8B1E1
tWItHIt9It 	ASCII	ascii	1	CEO.exe@RVA 98E5D
tX9H tS9H$tN	ASCII	ascii	1	CEO.exe@RVA 70982
tXWWj	ASCII	ascii	1	CEO.exe@RVA 302E3
t_Pj	ASCII	ascii	1	CEO.exe@RVA 21842
taPj	ASCII	ascii	1	CEO.exe@RVA 6D3EB
taSV	ASCII	ascii	1	CEO.exe@RVA 8DC16
talk	ASCII	ascii	1	CEO.exe@RVA A44D8
talk.idx2	ASCII	big5	1	FACEPICS.APKG@#195
talk.pic2	ASCII	big5	1	FACEPICS.APKG@#196
tanh	ASCII	ascii	1	CEO.exe@RVA AE6B4
task.cpp	ASCII	ascii	1	CEO.exe@RVA A3618
task_arrow.fce	ASCII	big5	1	FACE.APKG@#264
task_arrow.h	ASCII	big5	1	FACE.APKG@#265
task_arrow.idx2	ASCII	big5	1	FACEPICS.APKG@#203
task_arrow.pic2	ASCII	big5	1	FACEPICS.APKG@#204
taskhint.fce	ASCII	big5	1	FACE.APKG@#258
taskhint.h	ASCII	big5	1	FACE.APKG@#259
taskhint.idx2	ASCII	big5	1	FACEPICS.APKG@#197
taskhint.pic2	ASCII	big5	1	FACEPICS.APKG@#198
taskmenu.fce	ASCII	big5	1	FACE.APKG@#260
taskmenu.h	ASCII	big5	1	FACE.APKG@#261
taskmenu.idx2	ASCII	big5	1	FACEPICS.APKG@#199
taskmenu.pic2	ASCII	big5	1	FACEPICS.APKG@#200
taskname:	ASCII	ascii	1	CEO.exe@RVA A368C
taskplay.fce	ASCII	big5	1	FACE.APKG@#262
taskplay.h	ASCII	big5	1	FACE.APKG@#263
taskplay.idx2	ASCII	big5	1	FACEPICS.APKG@#201
taskplay.pic2	ASCII	big5	1	FACEPICS.APKG@#202
tbVW%	ASCII	ascii	1	CEO.exe@RVA 27A39
tdSj	ASCII	ascii	1	CEO.exe@RVA 5808
tdWj	ASCII	ascii	1	CEO.exe@RVA 57AEB
te9]	ASCII	ascii	1	CEO.exe@RVA 9B05F
test task	ASCII	ascii	1	CEO.exe@RVA A2A98
tfHt'Hu"Pj>	ASCII	ascii	1	CEO.exe@RVA 47EA9
tff;	ASCII	ascii	1	CEO.exe@RVA 2FE66
tfh0	ASCII	ascii	1	CEO.exe@RVA 3E2ED
thPj	ASCII	ascii	1	CEO.exe@RVA 60CC4
tj958t	ASCII	ascii	1	CEO.exe@RVA 43940
tj95Pq	ASCII	ascii	1	CEO.exe@RVA 43210
tj95hn	ASCII	ascii	1	CEO.exe@RVA 42AF0
tl95	ASCII	ascii	1	CEO.exe@RVA 5EF0E
tn@;	ASCII	ascii	1	CEO.exe@RVA 2672
to=`	ASCII	ascii	1	CEO.exe@RVA 91F1B
toJ@	ASCII	ascii	1	CEO.exe@RVA 33AD3
too many length or distance symbols	ASCII	ascii	1	CEO.exe@RVA A5CB8
tuPQR	ASCII	ascii	1	CEO.exe@RVA 86F75
txts.csv	ASCII	big5	1	DATA.APKG@#25
tx~?j	ASCII	ascii	1	CEO.exe@RVA 9D037
tz+4	ASCII	ascii	1	CEO.exe@RVA 72080
t|Wj	ASCII	ascii	1	CEO.exe@RVA 49501
t}VW	ASCII	ascii	1	CEO.exe@RVA 2EF15
u\t9E	ASCII	ascii	1	CEO.exe@RVA 9BB7C
u\t9^ 	ASCII	ascii	1	CEO.exe@RVA 84341
u\t9p	ASCII	ascii	1	CEO.exe@RVA 9B8E5
u\t;M	ASCII	ascii	1	CEO.exe@RVA 85A37
u\t;}	ASCII	ascii	1	CEO.exe@RVA 8595B
u\t[_3	ASCII	ascii	1	CEO.exe@RVA 653B3
u 8B	ASCII	ascii	1	CEO.exe@RVA 26F98
u!K=	ASCII	ascii	1	CEO.exe@RVA A88CC
u!_^	ASCII	ascii	1	CEO.exe@RVA 43EC6
u!f9~	ASCII	ascii	1	CEO.exe@RVA 15FF4
u!f;	ASCII	ascii	1	CEO.exe@RVA 9B15F
u"9U	ASCII	ascii	1	CEO.exe@RVA 9B75B
u$h`KC	ASCII	ascii	1	CEO.exe@RVA 9153
u%\tU	ASCII	ascii	1	CEO.exe@RVA 93EA4
u%8A	ASCII	ascii	1	CEO.exe@RVA 27038
u%f9	ASCII	ascii	1	CEO.exe@RVA 619A
u&Vh	ASCII	ascii	1	CEO.exe@RVA 5CA65
u(+L	ASCII	ascii	1	CEO.exe@RVA 6283
u(9U	ASCII	ascii	1	CEO.exe@RVA 8FB78
u)Pj	ASCII	ascii	1	CEO.exe@RVA 473CE
u+9u	ASCII	ascii	1	CEO.exe@RVA 8D5A7
u,j2j	ASCII	ascii	1	CEO.exe@RVA 3D871
u-hD	ASCII	ascii	1	CEO.exe@RVA 9B750
u09E	ASCII	ascii	1	CEO.exe@RVA 9CBEB
u1Pj	ASCII	ascii	1	CEO.exe@RVA 5D00E
u1_^[	ASCII	ascii	1	CEO.exe@RVA 8608E
u1hh	ASCII	ascii	1	CEO.exe@RVA 1DF5A
u3j%h|bJ	ASCII	ascii	1	CEO.exe@RVA 83473
u4SWP	ASCII	ascii	1	CEO.exe@RVA 6A27D
u58X	ASCII	ascii	1	CEO.exe@RVA 41557
u5Vhp	ASCII	ascii	1	CEO.exe@RVA 49EC7
u5h<4J	ASCII	ascii	1	CEO.exe@RVA 2AB70
u:9U	ASCII	ascii	1	CEO.exe@RVA 8FAF2
u?^p?o4	ASCII	ascii	1	CEO.exe@RVA A75F6
u@9U	ASCII	ascii	1	CEO.exe@RVA 8FB31
u@RQ	ASCII	ascii	1	CEO.exe@RVA 3B88A
uAPj	ASCII	ascii	1	CEO.exe@RVA 30000
uGC;]	ASCII	ascii	1	CEO.exe@RVA 64F0A
uH95	ASCII	ascii	1	CEO.exe@RVA 451DF
uNSW	ASCII	ascii	1	CEO.exe@RVA 93CB9
uO9D	ASCII	ascii	1	CEO.exe@RVA 339C2
uP95	ASCII	ascii	1	CEO.exe@RVA 451D7
uR;E	ASCII	ascii	1	CEO.exe@RVA 6A9EC
uTVWhl	ASCII	ascii	1	CEO.exe@RVA 897E4
uU9D	ASCII	ascii	1	CEO.exe@RVA 339BC
uU9U	ASCII	ascii	1	CEO.exe@RVA 8FBA5
uX95 	ASCII	ascii	1	CEO.exe@RVA 451CF
uXO=	ASCII	ascii	1	CEO.exe@RVA A6A9C
u`95	ASCII	ascii	1	CEO.exe@RVA 451C7
u`9]	ASCII	ascii	1	CEO.exe@RVA 9D31D
uahXt	ASCII	ascii	1	CEO.exe@RVA 59979
ugF;	ASCII	ascii	1	CEO.exe@RVA 445CE
uk8F	ASCII	ascii	1	CEO.exe@RVA 7D866
unfree memory %X: %s line:%d	ASCII	ascii	1	CEO.exe@RVA A4A30
unknown compression method	ASCII	ascii	1	CEO.exe@RVA A5188
unknown memory block	ASCII	ascii	1	CEO.exe@RVA A4ABC
unputobj failure	ASCII	ascii	1	CEO.exe@RVA A62BC
upWj	ASCII	ascii	1	CEO.exe@RVA 110AD
uqVj	ASCII	ascii	1	CEO.exe@RVA 520B2
v*V+	ASCII	ascii	1	CEO.exe@RVA 7F855
v4;5	ASCII	ascii	1	CEO.exe@RVA 9A133
vH7Bmachine_type.cpp	ASCII	ascii	1	CEO.exe@RVA A2FBC
vL;5	ASCII	ascii	1	CEO.exe@RVA 9A231
wF;u	ASCII	ascii	1	CEO.exe@RVA 64FDB
water_soil.fce	ASCII	big5	1	FACE.APKG@#272
water_soil.h	ASCII	big5	1	FACE.APKG@#273
wf93t	ASCII	ascii	1	CEO.exe@RVA 93741
win_do:	ASCII	ascii	1	CEO.exe@RVA A3648
win_face.fce	ASCII	big5	1	FACE.APKG@#274
win_face.h	ASCII	big5	1	FACE.APKG@#275
win_face.idx2	ASCII	big5	1	FACEPICS.APKG@#211
win_face.pic2	ASCII	big5	1	FACEPICS.APKG@#212
win_req:	ASCII	ascii	1	CEO.exe@RVA A3650
wkrfill	ASCII	ascii	1	CEO.exe@RVA A44E8
woVW	ASCII	ascii	1	CEO.exe@RVA 8B035
wrong objid	ASCII	ascii	1	CEO.exe@RVA A628C
wwxwwx0	ASCII	ascii	1	CEO.exe@RVA 4F8297
w}?0	ASCII	ascii	1	CEO.exe@RVA A76A5
x%BG	ASCII	ascii	1	CEO.exe@RVA 7BE8A
x7;M	ASCII	ascii	1	CEO.exe@RVA 85A09
x;;M	ASCII	ascii	1	CEO.exe@RVA 85929
x=%d y=%d  Cycle=%d Turbo=%d	ASCII	ascii	1	CEO.exe@RVA A27EC
x=%d y=%d  mx=%d my=%d vx=%d vy=%d Cycle=%d Turbo=%d fisht0=%d	ASCII	ascii	1	CEO.exe@RVA A280C
xQ;}	ASCII	ascii	1	CEO.exe@RVA 858A2
xR;5	ASCII	ascii	1	CEO.exe@RVA 879D9
xR;}	ASCII	ascii	1	CEO.exe@RVA 85918
xV;U	ASCII	ascii	1	CEO.exe@RVA D082
xj;E	ASCII	ascii	1	CEO.exe@RVA 85812
xppwpp	ASCII	ascii	1	CEO.exe@RVA ABE29
xq;E	ASCII	ascii	1	CEO.exe@RVA 85773
y\t_^3	ASCII	ascii	1	CEO.exe@RVA 855CA
y$_^]	ASCII	ascii	1	CEO.exe@RVA 68827
y$c~	ASCII	ascii	1	CEO.exe@RVA 2C23C
y1~?|"	ASCII	ascii	1	CEO.exe@RVA A76B4
y:hQ	ASCII	ascii	1	CEO.exe@RVA 85FFC
z1}B	ASCII	ascii	1	CEO.exe@RVA A6FB2
z=SV	ASCII	ascii	1	CEO.exe@RVA 52B3
z?aUY	ASCII	ascii	1	CEO.exe@RVA B94DE
zAQj	ASCII	ascii	1	CEO.exe@RVA 30090
zc%C1	ASCII	ascii	1	CEO.exe@RVA B9520
zyC7	ASCII	ascii	1	CEO.exe@RVA A9B49
{4Wf	ASCII	ascii	1	CEO.exe@RVA A7A23
{4_^3	ASCII	ascii	1	CEO.exe@RVA 74B1C
{^C=	ASCII	ascii	1	CEO.exe@RVA A85DC
|\t_[3	ASCII	ascii	1	CEO.exe@RVA 88289
|)P!?Ua0	ASCII	ascii	1	CEO.exe@RVA A7423
|-;E	ASCII	ascii	1	CEO.exe@RVA 8D1E0
|-;M	ASCII	ascii	1	CEO.exe@RVA 6E9B5
|0 1	ASCII	ascii	1	CEO.exe@RVA 4FA224
|4;E	ASCII	ascii	1	CEO.exe@RVA 6DA8E
|5;U	ASCII	ascii	1	CEO.exe@RVA 6DB9E
|6;M	ASCII	ascii	1	CEO.exe@RVA 6ECDC
|6;U	ASCII	ascii	1	CEO.exe@RVA 6E883
|8;~ }3;^$}.	ASCII	ascii	1	CEO.exe@RVA 86CB6
|9;w	ASCII	ascii	1	CEO.exe@RVA 68B18
|:;O	ASCII	ascii	1	CEO.exe@RVA 68C08
|:hn	ASCII	ascii	1	CEO.exe@RVA 1D510
|<;~ }7;F$}2	ASCII	ascii	1	CEO.exe@RVA 86FAE
|A;5D	ASCII	ascii	1	CEO.exe@RVA 24AE2
|I;=@	ASCII	ascii	1	CEO.exe@RVA 24ADA
|I;E	ASCII	ascii	1	CEO.exe@RVA 85495
|S;]	ASCII	ascii	1	CEO.exe@RVA 6E411
|SVW	ASCII	ascii	1	CEO.exe@RVA 25243
|U;]	ASCII	ascii	1	CEO.exe@RVA 6E15F
|W8A=	ASCII	ascii	1	CEO.exe@RVA A756B
|^;E	ASCII	ascii	1	CEO.exe@RVA 6AC47
|g;^ }b	ASCII	ascii	1	CEO.exe@RVA 6913A
|pSh-	ASCII	ascii	1	CEO.exe@RVA 650F2
|u?!u$	ASCII	ascii	1	CEO.exe@RVA ABF95
|x;]	ASCII	ascii	1	CEO.exe@RVA 6E298
|x;^4u	ASCII	ascii	1	CEO.exe@RVA 803F4
} h`y	ASCII	ascii	1	CEO.exe@RVA 7F5BA
}$@PV	ASCII	ascii	1	CEO.exe@RVA CB99
}/W3	ASCII	ascii	1	CEO.exe@RVA 82DE7
}3;^	ASCII	ascii	1	CEO.exe@RVA 85254
}4;G }/	ASCII	ascii	1	CEO.exe@RVA 68B1D
}5;_ }0	ASCII	ascii	1	CEO.exe@RVA 68C0D
}8h%	ASCII	ascii	1	CEO.exe@RVA 699D8
}9;=H	ASCII	ascii	1	CEO.exe@RVA 24AEA
}AG;~	ASCII	ascii	1	CEO.exe@RVA 64F10
}S;U	ASCII	ascii	1	CEO.exe@RVA D0E3
}U;5	ASCII	ascii	1	CEO.exe@RVA 8797D
}\S3	ASCII	ascii	1	CEO.exe@RVA 83107
}~:f	ASCII	ascii	1	CEO.exe@RVA A75B9
~\t[^3	ASCII	ascii	1	CEO.exe@RVA D12A
~%9M	ASCII	ascii	1	CEO.exe@RVA 9B477
~&h^	ASCII	ascii	1	CEO.exe@RVA 675E1
~(9~$u	ASCII	ascii	1	CEO.exe@RVA 70D10
~*L=	ASCII	ascii	1	CEO.exe@RVA A889C
~,WPV	ASCII	ascii	1	CEO.exe@RVA 8B119
~/;V	ASCII	ascii	1	CEO.exe@RVA 670C0
~/W3	ASCII	ascii	1	CEO.exe@RVA 2F30A
~1W3	ASCII	ascii	1	CEO.exe@RVA 6586A
~;f9N	ASCII	ascii	1	CEO.exe@RVA 3E8F
~@9=	ASCII	ascii	1	CEO.exe@RVA 8346B
~A;L	ASCII	ascii	1	CEO.exe@RVA 8DA5B
~JVW	ASCII	ascii	1	CEO.exe@RVA 2B752
~J_^3	ASCII	ascii	1	CEO.exe@RVA 6F017
~LSVW	ASCII	ascii	1	CEO.exe@RVA 68F7C
~M_^3	ASCII	ascii	1	CEO.exe@RVA 6F0E7
~P;X	ASCII	ascii	1	CEO.exe@RVA 66CD3
~SSV	ASCII	ascii	1	CEO.exe@RVA 8D8E0
~]VS	ASCII	ascii	1	CEO.exe@RVA 2967E
~^Vj	ASCII	ascii	1	CEO.exe@RVA 10D70
~_Sj	ASCII	ascii	1	CEO.exe@RVA 2E63D
~_Vj	ASCII	ascii	1	CEO.exe@RVA 2E432
~`Vj	ASCII	ascii	1	CEO.exe@RVA 114F0
~b;7r	ASCII	ascii	1	CEO.exe@RVA 6A8D4
~c;X	ASCII	ascii	1	CEO.exe@RVA 66E03
~iSV	ASCII	ascii	1	CEO.exe@RVA 7292F
~mVj	ASCII	ascii	1	CEO.exe@RVA 32B91
~p;Y	ASCII	ascii	1	CEO.exe@RVA 67013
~pVj	ASCII	ascii	1	CEO.exe@RVA 57A0F
~u;Y	ASCII	ascii	1	CEO.exe@RVA 66EB7
~uVW	ASCII	ascii	1	CEO.exe@RVA A0D2
~xSW3	ASCII	ascii	1	CEO.exe@RVA 1EDCD
~zSV	ASCII	ascii	1	CEO.exe@RVA B191
「小型採礦機」需要３位工人，按下工人薪資預算旁的	中文	big5	1	CEO.exe@RVA A3EC0
「採礦機」做出的木材需要「紅色棧板」來存放，點選右下的「齒輪」進入購買設備選單購買「紅色棧板」。	中文	big5	1	CEO.exe@RVA A3DE0
一開始持有的礦產	中文	big5	1	data/AI_style.csv@L1
上年度淨利為正	中文	big5	1	data/Talk_idx.csv@L11
上年度淨利為負	中文	big5	1	data/Talk_idx.csv@L12
上海	中文	big5	1	data/Citys.csv@L8
不 採 購	中文	big5	1	data/txts.csv@L1
不 銷 售	中文	big5	1	data/txts.csv@L1
不 零 售	中文	big5	1	data/txts.csv@L1
不用說轉虧為盈這種小事了，只要微硬想要，任何生意都是難不倒的，因為微硬就是這麼有辦法！	中文	big5	1	data/Talk.csv@L98
不管你們同不同意，我—鐵男克勞斯，決定在此設廠，身為萊因騎士的我，就算傾家蕩產我也絕不後悔！	中文	big5	1	data/Talk.csv@L8
不要用那種充滿敵意的眼神看我，七十一企業永遠是各位的好朋友，希望和大家一起共創財富！	中文	big5	1	data/Talk.csv@L6
不！我不信微硬倒了，微硬這麼有辦法，絕不會就這麼倒了！	中文	big5	1	data/Talk.csv@L105
世界	中文	big5	1	data/maps.csv@L21
主力產品	中文	big5	1	data/AIInfo.csv@L1
主體	中文	big5	1	data/Mur.csv@L2
事件圖出現機率, 每月發生機率=(n/1000)	中文	big5	1	data/formula.csv@L138
人力成本= 生產該箱產品所耗時間 * (工人時薪*工人數 + 管理者時薪*管理人數)	中文	big5	1	data/formula.csv@L64
人口分布	中文	big5	1	data/smapmenu.csv@L1
人口總數	中文	big5	1	data/Stages.csv@L1
人氣商場 2x2	中文	big5	1	data/build_relation.csv@L34
人氣商場 4x4	中文	big5	1	data/build_relation.csv@L35
人氣商場地板	中文	big5	1	data/smapclr.csv@L15
人氣商場已成為微利時代企業競爭的有力工具，您受總公司任命，擔任遠東地區總裁，目標是在10年內，為公司在這個地區設立3間大型人氣商場。	中文	big5	1	data/Stages.csv@L15
人氣商場目標	中文	big5	1	data/Stages.csv@L1
什麼都賣難道也有錯，為什麼我的財產越來越少？	中文	big5	1	data/Talk.csv@L90
以速度取勝的晶圓製造機，雖然犧牲了品質，且耗材略多，但能迅速量產，在市場上搶得先機。	中文	big5	1	data/Machine_type.csv@L195
以速度取勝的電腦製造機，雖然犧牲了品質，且耗材略多，但能迅速量產，在市場上搶得先機。	中文	big5	1	data/Machine_type.csv@L180
以速度取勝的高速加工機，雖然犧牲了品質，耗材略多，但能快速將產品堆滿您的庫房。	中文	big5	1	data/Machine_type.csv@L330
以速度取勝的高速化工機，雖然犧牲了品質，耗材略多，但能快速將產品堆滿您的庫房。	中文	big5	1	data/Machine_type.csv@L210
以速度取勝的高速塑化機，雖然犧牲了品質，耗材略多，但能快速將產品堆滿您的庫房。	中文	big5	1	data/Machine_type.csv@L105
以速度取勝的高速採礦機，雖然犧牲了品質，但能快速將礦產堆滿您的庫房。	中文	big5	1	data/Machine_type.csv@L34
以速度取勝的高速木工機，雖然犧牲了品質，耗材略多，但能快速將產品堆滿您的庫房。	中文	big5	1	data/Machine_type.csv@L80
以速度取勝的高速燒窯機，雖然犧牲了品質，耗材略多，但能快速將產品堆滿您的庫房。	中文	big5	1	data/Machine_type.csv@L235
以速度取勝的高速紡織機，雖然犧牲了品質，耗材略多，但能快速將產品堆滿您的庫房。	中文	big5	1	data/Machine_type.csv@L55
以速度取勝的高速輪車機，雖然犧牲了品質，耗材略多，但能快速將產品堆滿您的庫房。	中文	big5	1	data/Machine_type.csv@L260
以速度取勝的高速重電機，雖然犧牲了品質，耗材略多，但能快速將產品堆滿您的庫房。	中文	big5	1	data/Machine_type.csv@L155
以速度取勝的高速電子機，雖然犧牲了品質，耗材略多，但能快速將產品堆滿您的庫房。	中文	big5	1	data/Machine_type.csv@L130
以速度取勝的高速食品機，雖然犧牲了品質，耗材略多，但能快速將產品堆滿您的庫房。	中文	big5	1	data/Machine_type.csv@L305
以高速生產為目標的精工機，雖然降低了品質，且耗材較多，但傲人的生產速度，絕對能解決您供貨不及的困擾。	中文	big5	1	data/Machine_type.csv@L353
任務目標:	中文	big5	1	data/txts.csv@L10
任務說明	中文	big5	1	data/Stages.csv@L1
企業	中文	big5	1	data/Talk.csv@L1
企業名稱	中文	big5	1	data/AIInfo.csv@L1
企業淨值 = 現金 + 地皮 + 機器 + 商品 - 貸款	中文	big5	1	data/formula.csv@L115
企業開始營運時	中文	big5	1	data/Talk_idx.csv@L2
低薪政策優勢	中文	big5	1	data/AIInfo.csv@L5
你們這些專門剝削消費者的臭男人小心點，我賈美女也要開始零售 %s ，你們等著被消費者唾棄吧！	中文	big5	1	data/Talk.csv@L79
你可以按幾次	中文	big5	1	CEO.exe@RVA A47F9
你的 %s 遲早會被市場淘汰的，為什麼？因為微硬就是有辦法！	中文	big5	1	data/Talk.csv@L41
你知道的，微硬的作風一向溫和，這次投入 %s 生產，也是希望藉由市場競爭機制，讓貴公司被自然淘汰！	中文	big5	1	data/Talk.csv@L55
你知道的，賣和微硬一樣的產品等於找死，勸你還是放棄 %s 的生意吧！	中文	big5	1	data/Talk.csv@L69
你能生產出媲美敗耳產品的 %s 確實不是凡人，不過身為萊因騎士的我，絕不會就此罷休的！	中文	big5	1	data/Talk.csv@L43
你這個臭男人為什麼偏偏和我過不去？竟然抄襲我賣起 %s 來了，等著接我的律師函吧！	中文	big5	1	data/Talk.csv@L64
你這個臭男人究竟想幹什麼？ %s 是屬於我的市場，誰也別想搶走！	中文	big5	1	data/Talk.csv@L36
使用更多飼料，並注射生長激素加快牲畜的生長速度，雖然品質略受影響，但能達到量產目標。	中文	big5	1	data/Machine_type.csv@L3
使用標準程序的精工機，精品製造業使用廣泛的實用型機種，如果您對產品沒什麼特別要求，標準型就是最佳選擇了。	中文	big5	1	data/Machine_type.csv@L352
依分數高低排出所有有該項商品的零售點, 依序造訪, 購買所需物資	中文	big5	1	data/formula.csv@L21
保守程度(分數越高會保留越多現金)	中文	big5	1	data/AI_style.csv@L1
修理費用	中文	big5	1	data/Machine_type.csv@L1
個「紅色棧板」喔。	中文	big5	1	CEO.exe@RVA A3DCC
倒閉時	中文	big5	1	data/Talk_idx.csv@L10
倫敦	中文	big5	1	data/Citys.csv@L10
停工圖	中文	big5	1	data/Machine_type.csv@L1
停止	中文	big5	1	data/txts.csv@L6
備註	中文	big5	1	data/news.csv@L1
價格優先:	中文	big5	1	data/formula.csv@L92
價錢 = 單箱價格 + 攤分的運費	中文	big5	1	data/formula.csv@L93
價錢: 單箱價格 + 攤分的運費	中文	big5	1	data/formula.csv@L76
元素: 品質, 價格, 價位(標準價), 距離, 消費人吸引力(魅力), 平均收入	中文	big5	1	data/formula.csv@L9
先利用小地圖找出有「木材資源」的地方。	中文	big5	1	CEO.exe@RVA A4944
克勞斯	中文	big5	1	data/AIInfo.csv@L7
入口X	中文	big5	1	data/Machine_type.csv@L1
入口Y	中文	big5	1	data/Machine_type.csv@L1
內部	中文	big5	1	data/txts.csv@L5
內部採購	中文	big5	1	data/txts.csv@L2
內部採購:	中文	big5	1	data/formula.csv@L97
內部銷售	中文	big5	1	data/txts.csv@L2
其他用色	中文	big5	1	data/news.csv@L1
其它貨物的 標準價 = 約略成本 * C1/C2	中文	big5	1	data/formula.csv@L3
出口X	中文	big5	1	data/Machine_type.csv@L1
出口Y	中文	big5	1	data/Machine_type.csv@L1
出現年代	中文	big5	1	data/People_type.csv@L1
出現機會1	中文	big5	1	data/building.csv@L69
出現機會2	中文	big5	1	data/building.csv@L69
別以為生產出 %s 就能擊敗我，就算你得到我的錢，也得不到我的人！	中文	big5	1	data/Talk.csv@L37
別以為開始賣 %s 就能讓我屈服，你可以打聽打聽，我賈美女在業界打滾了二十年，可不是省油的燈！	中文	big5	1	data/Talk.csv@L65
創業王	中文	big5	1	CEO.exe@RVA A3310
創業王音效.xls	中文	big5	1	SOUND.APKG@#87
創業資本雄厚	中文	big5	1	data/AIInfo.csv@L2
劃時代的科技產品，提升了小型晶圓機的生產效能，不僅能節省您寶貴的空間，售價及維修費用低廉更是它迷人之處，不過效能方面就差強人意了。	中文	big5	1	data/Machine_type.csv@L198
劃時代的科技產品，提升了小型電腦機的生產效能，不僅能節省您寶貴的空間，售價及維修費用低廉更是它迷人之處，不過效能方面就差強人意了。	中文	big5	1	data/Machine_type.csv@L183
劃時代的科技產品，提升了省料晶圓機的生產效能，體積雖然大了些，且需要四名員工才能操作，不過您的每分原料都將充分被運用，降低原料供應不足的風險。	中文	big5	1	data/Machine_type.csv@L199
劃時代的科技產品，提升了省料電腦機的生產效能，體積雖然大了些，且需要四名員工才能操作，不過您的每分原料都將充分被運用，降低原料供應不足的風險。	中文	big5	1	data/Machine_type.csv@L184
劃時代的科技產品，提升了自動晶圓機的生產效能，只要一個管理者就能輕鬆操作，讓您不必再為員工薪資煩惱了，不過生產時間略長，售價也不便宜。	中文	big5	1	data/Machine_type.csv@L201
劃時代的科技產品，提升了自動電腦機的生產效能，只要一個管理者就能輕鬆操作，讓您不必再為員工薪資煩惱了，不過生產時間略長，售價也不便宜。	中文	big5	1	data/Machine_type.csv@L186
劃時代的科技產品，提升了重型晶圓機的生產效能，能在各種環境中維持基本獲利空間，如果您沒有特殊偏好，重型就是最佳選擇了。	中文	big5	1	data/Machine_type.csv@L197
劃時代的科技產品，提升了重型電腦機的生產效能，能在各種環境中維持基本獲利空間，如果您沒有特殊偏好，重型就是最佳選擇了。	中文	big5	1	data/Machine_type.csv@L182
劃時代的科技產品，提升了高速晶圓機的生產效能，雖然犧牲了品質，且耗材略多，但能迅速量產，在市場上搶得先機。	中文	big5	1	data/Machine_type.csv@L200
劃時代的科技產品，提升了高速電腦機的生產效能，雖然犧牲了品質，且耗材略多，但能迅速量產，在市場上搶得先機。	中文	big5	1	data/Machine_type.csv@L185
加工機的實用型機種，如果您對產品沒什麼特別要求，重型就是最佳選擇了。	中文	big5	1	data/Machine_type.csv@L327
化價	中文	big5	1	data/maps.csv@L1
化工機的實用型機種，如果您對產品沒什麼特別要求，重型就是最佳選擇了。	中文	big5	1	data/Machine_type.csv@L207
化工類	中文	big5	1	data/AIInfo.csv@L7
化指	中文	big5	1	data/maps.csv@L1
北京	中文	big5	1	data/Citys.csv@L7
印刷機的實用型機種，出版業不可或缺的生財工具，如果您對產品沒什麼特別要求，重型就是最佳選擇了。	中文	big5	1	data/Machine_type.csv@L282
原始需求	中文	big5	1	CEO.exe@RVA A2DAC
原料1ID	中文	big5	1	data/product2.csv@L1
原料1品質	中文	big5	1	data/product2.csv@L1
原料1需求量	中文	big5	1	data/product2.csv@L1
原料2ID	中文	big5	1	data/product2.csv@L1
原料2品質	中文	big5	1	data/product2.csv@L1
原料2需求量	中文	big5	1	data/product2.csv@L1
原料3ID	中文	big5	1	data/product2.csv@L1
原料3品質	中文	big5	1	data/product2.csv@L1
原料3需求量	中文	big5	1	data/product2.csv@L1
原料4ID	中文	big5	1	data/product2.csv@L1
原料4品質	中文	big5	1	data/product2.csv@L1
原料4需求量	中文	big5	1	data/product2.csv@L1
原料成本 + 人力成本 + 機器成本 + 運費	中文	big5	1	data/formula.csv@L62
原料成本可直接取得	中文	big5	1	data/formula.csv@L63
取消	中文	big5	1	data/Talk_idx.csv@L13
只看距離, 選最近的	中文	big5	1	data/formula.csv@L98
台北	中文	big5	1	data/Citys.csv@L3
史上第一台實用型畜牧機，採用標準生產程序，是您生產各種肉製品的最佳選擇。	中文	big5	1	data/Machine_type.csv@L2
向某個零售點買的數量 N1 = Sum * S / 所有零售點S的加總	中文	big5	1	data/formula.csv@L26
呂薔芢	中文	big5	1	data/AIInfo.csv@L3
品控畜牧機	中文	big5	1	data/Machine_type.csv@L4
品控畜牧機的次世代機種，優質的生產程序，讓您的牲畜在古典樂的環境中快樂成長，雖然多花點時間，旦品質卻大幅提升。	中文	big5	1	data/Machine_type.csv@L13
品控精工機	中文	big5	1	data/Machine_type.csv@L354
品質 = (Match水 * C1 + C2)*C3 + (Match土 * C4 + C5)*C6	中文	big5	1	data/formula.csv@L50
品質: 該廠隨機抽樣	中文	big5	1	data/formula.csv@L77
品質適合土壤	中文	big5	1	data/product1.csv@L1
品質適合水質	中文	big5	1	data/product1.csv@L1
員工不足人數最多之廠房	中文	big5	1	data/Talk_idx.csv@L16
商場 2x2	中文	big5	1	data/build_relation.csv@L31
商場 3x3	中文	big5	1	data/build_relation.csv@L32
商場 4x4	中文	big5	1	data/build_relation.csv@L33
商場地板	中文	big5	1	data/smapclr.csv@L14
商場就像是危機四伏的叢林，果然不適合美麗的小白兔生存，看來本小姐得開始考慮找個好男人嫁掉算了！	中文	big5	1	data/Talk.csv@L102
喂！你真的要與我為敵嗎？ %s 的銷售策略必須與藝術及人性充分結合，像你這種大男人是不會懂的啦！	中文	big5	1	data/Talk.csv@L62
喂！你知道嗎？貴公司所生產的 %s 有嚴重瑕疵，就是那裡，有一個用顯微鏡就能看到的污點，美麗是不容有任何瑕疵的！	中文	big5	1	data/Talk.csv@L34
喂！告訴你一個秘密，我要開始零售 %s 了，而且你的生意一定會被我搶走，你不會一個人偷偷生悶氣這麼沒風度吧！	中文	big5	1	data/Talk.csv@L76
喂！最近手頭有點緊，剛好情人節快到了，本小姐願意接受你用現金當禮物………，已經暗示你囉！	中文	big5	1	data/Talk.csv@L88
喂！貴公司的 %s 造型真是有礙觀瞻，本小姐實在看不下去了，今天開始就由耐急來生產吧！	中文	big5	1	data/Talk.csv@L48
喜歡採礦的程度(礦場)	中文	big5	1	data/AI_style.csv@L1
喜歡生產的程度(工廠)	中文	big5	1	data/AI_style.csv@L1
喜歡畜牧類產品的程度	中文	big5	1	data/AI_style.csv@L1
喜歡種田的程度(農場)	中文	big5	1	data/AI_style.csv@L1
喜歡零售的程度(商場)	中文	big5	1	data/AI_style.csv@L1
單菱商社正式宣佈成立，想到我公司上班嗎，寄履歷來吧，哈哈哈！	中文	big5	1	data/Talk.csv@L3
單菱的 %s 即將問世，你不必太驚訝，老子就是有錢，和你這個窮鬼玩玩尋開心而已，哈哈哈！	中文	big5	1	data/Talk.csv@L46
單菱的 %s 開始正式發賣了，壞消息是貴公司可能撐不久了，好消息是你如果失業的話，可以來單菱應徵作業員，哈哈哈！	中文	big5	1	data/Talk.csv@L74
四層公寓	中文	big5	1	data/building.csv@L85
國民住宅大樓(5層)	中文	big5	1	data/smapclr.csv@L48
圖書玩具零售機	中文	big5	1	data/product1.csv@L1
圖片編號	中文	big5	1	data/news.csv@L1
土價	中文	big5	1	data/maps.csv@L1
土壤水質:	中文	big5	1	data/formula.csv@L49
土指	中文	big5	1	data/maps.csv@L1
土種類	中文	big5	1	data/txts.csv@L1
在大地圖上點選「木材礦」查詢地價，找一個買得起的買下去！	中文	big5	1	CEO.exe@RVA A48CD
在左上人員薪資界面中，「車子」那行就是外務員，調整薪資僱用一名外務員。	中文	big5	1	CEO.exe@RVA A3B4B
在左上人員薪資界面中，發現外務員報到時，按右下角「退出箭頭」回到世界地圖。	中文	big5	1	CEO.exe@RVA A3AAF
地中海	中文	big5	1	data/maps.csv@L12
地價 = (A + C1) * 面積 * C2/C3 + 礦藏量*礦標準價 *C4/C5 * (品質+100)/200	中文	big5	1	data/formula.csv@L104
地圖名稱	中文	big5	1	data/maps.csv@L1
地圖尺寸請調整為	中文	big5	1	CEO.exe@RVA A2F6C
地圖編號	中文	big5	1	data/Stages.csv@L1
地皮售價:	中文	big5	1	data/formula.csv@L101
城市名稱	中文	big5	1	data/Citys.csv@L1
城市Ｘ	中文	big5	1	data/Stages.csv@L1
城市Ｙ	中文	big5	1	data/Stages.csv@L1
基本分數	中文	big5	1	data/Stages.csv@L1
基本工人日薪 = C4	中文	big5	1	data/formula.csv@L6
基本工資:	中文	big5	1	data/formula.csv@L4
基本管理人日薪 = C3	中文	big5	1	data/formula.csv@L5
塑化機的實用型機種，如果您對產品沒什麼特別要求，重型就是最佳選擇了。	中文	big5	1	data/Machine_type.csv@L102
增加日照時間，大量施肥以縮短農作物的生長期，雖然品質略受影響，但傲人的生長速度讓您能提前豐收。	中文	big5	1	data/Machine_type.csv@L18
增加產能	中文	big5	1	data/AIInfo.csv@L7
墨斯科	中文	big5	1	data/Citys.csv@L17
大膽！你居然敢搶單菱的生意，我武田一定會讓你栽在 %s 中，哈哈哈！	中文	big5	1	data/Talk.csv@L60
太平洋地區	中文	big5	1	data/maps.csv@L20
失業已成為歐洲各國政府最頭痛的問題了，連帶使得生產力及消費能力衰退，為了響應歐盟所提出的「產業升級經濟起飛計畫」，您決定投入電子產業，帶動整體經濟發展，只要在15年內讓電子產品（由電子機所生產出來的產品）年營收到達1億元，就能讓這個計劃實現！	中文	big5	1	data/Stages.csv@L18
奈米品控畜牧機	中文	big5	1	data/Machine_type.csv@L16
奈米品控精工機	中文	big5	1	data/Machine_type.csv@L366
奈米小型加工機	中文	big5	1	data/Machine_type.csv@L348
奈米小型化工機	中文	big5	1	data/Machine_type.csv@L228
奈米小型印刷機	中文	big5	1	data/Machine_type.csv@L299
奈米小型塑化機	中文	big5	1	data/Machine_type.csv@L123
奈米小型採礦機	中文	big5	1	data/Machine_type.csv@L49
奈米小型晶圓機	中文	big5	1	data/Machine_type.csv@L203
奈米小型木工機	中文	big5	1	data/Machine_type.csv@L98
奈米小型燒窯機	中文	big5	1	data/Machine_type.csv@L253
奈米小型紡織機	中文	big5	1	data/Machine_type.csv@L73
奈米小型輪車機	中文	big5	1	data/Machine_type.csv@L278
奈米小型重電機	中文	big5	1	data/Machine_type.csv@L173
奈米小型電子機	中文	big5	1	data/Machine_type.csv@L148
奈米小型電腦機	中文	big5	1	data/Machine_type.csv@L188
奈米小型食品機	中文	big5	1	data/Machine_type.csv@L323
奈米有機農田機	中文	big5	1	data/Machine_type.csv@L31
奈米標準畜牧機	中文	big5	1	data/Machine_type.csv@L14
奈米標準精工機	中文	big5	1	data/Machine_type.csv@L364
奈米標準農田機	中文	big5	1	data/Machine_type.csv@L29
奈米省料加工機	中文	big5	1	data/Machine_type.csv@L349
奈米省料化工機	中文	big5	1	data/Machine_type.csv@L229
奈米省料印刷機	中文	big5	1	data/Machine_type.csv@L300
奈米省料塑化機	中文	big5	1	data/Machine_type.csv@L124
奈米省料晶圓機	中文	big5	1	data/Machine_type.csv@L204
奈米省料木工機	中文	big5	1	data/Machine_type.csv@L99
奈米省料燒窯機	中文	big5	1	data/Machine_type.csv@L254
奈米省料紡織機	中文	big5	1	data/Machine_type.csv@L74
奈米省料輪車機	中文	big5	1	data/Machine_type.csv@L279
奈米省料重電機	中文	big5	1	data/Machine_type.csv@L174
奈米省料電子機	中文	big5	1	data/Machine_type.csv@L149
奈米省料電腦機	中文	big5	1	data/Machine_type.csv@L189
奈米省料食品機	中文	big5	1	data/Machine_type.csv@L324
奈米自動加工機	中文	big5	1	data/Machine_type.csv@L351
奈米自動化工機	中文	big5	1	data/Machine_type.csv@L231
奈米自動印刷機	中文	big5	1	data/Machine_type.csv@L301
奈米自動塑化機	中文	big5	1	data/Machine_type.csv@L126
奈米自動採礦機	中文	big5	1	data/Machine_type.csv@L51
奈米自動晶圓機	中文	big5	1	data/Machine_type.csv@L206
奈米自動木工機	中文	big5	1	data/Machine_type.csv@L101
奈米自動燒窯機	中文	big5	1	data/Machine_type.csv@L256
奈米自動紡織機	中文	big5	1	data/Machine_type.csv@L76
奈米自動輪車機	中文	big5	1	data/Machine_type.csv@L281
奈米自動重電機	中文	big5	1	data/Machine_type.csv@L176
奈米自動電子機	中文	big5	1	data/Machine_type.csv@L151
奈米自動電腦機	中文	big5	1	data/Machine_type.csv@L191
奈米自動食品機	中文	big5	1	data/Machine_type.csv@L326
奈米重型加工機	中文	big5	1	data/Machine_type.csv@L347
奈米重型化工機	中文	big5	1	data/Machine_type.csv@L227
奈米重型印刷機	中文	big5	1	data/Machine_type.csv@L298
奈米重型塑化機	中文	big5	1	data/Machine_type.csv@L122
奈米重型採礦機	中文	big5	1	data/Machine_type.csv@L48
奈米重型晶圓機	中文	big5	1	data/Machine_type.csv@L202
奈米重型木工機	中文	big5	1	data/Machine_type.csv@L97
奈米重型燒窯機	中文	big5	1	data/Machine_type.csv@L252
奈米重型紡織機	中文	big5	1	data/Machine_type.csv@L72
奈米重型輪車機	中文	big5	1	data/Machine_type.csv@L277
奈米重型重電機	中文	big5	1	data/Machine_type.csv@L172
奈米重型電子機	中文	big5	1	data/Machine_type.csv@L147
奈米重型電腦機	中文	big5	1	data/Machine_type.csv@L187
奈米重型食品機	中文	big5	1	data/Machine_type.csv@L322
奈米高速加工機	中文	big5	1	data/Machine_type.csv@L350
奈米高速化工機	中文	big5	1	data/Machine_type.csv@L230
奈米高速塑化機	中文	big5	1	data/Machine_type.csv@L125
奈米高速採礦機	中文	big5	1	data/Machine_type.csv@L50
奈米高速晶圓機	中文	big5	1	data/Machine_type.csv@L205
奈米高速木工機	中文	big5	1	data/Machine_type.csv@L100
奈米高速燒窯機	中文	big5	1	data/Machine_type.csv@L255
奈米高速畜牧機	中文	big5	1	data/Machine_type.csv@L15
奈米高速精工機	中文	big5	1	data/Machine_type.csv@L365
奈米高速紡織機	中文	big5	1	data/Machine_type.csv@L75
奈米高速輪車機	中文	big5	1	data/Machine_type.csv@L280
奈米高速農田機	中文	big5	1	data/Machine_type.csv@L30
奈米高速重電機	中文	big5	1	data/Machine_type.csv@L175
奈米高速電子機	中文	big5	1	data/Machine_type.csv@L150
奈米高速電腦機	中文	big5	1	data/Machine_type.csv@L190
奈米高速食品機	中文	big5	1	data/Machine_type.csv@L325
女性主導消費市場的時代已經來臨了，你的 %s 居然完全漠視這項變革，看來只有本小姐親自出馬才能搞定了！	中文	big5	1	data/Talk.csv@L49
如果你的 %s 能賣的贏耐急，本小姐就答應陪你吃頓飯，不過瞧你一臉痴呆樣，看來這頓飯你可以省了！	中文	big5	1	data/Talk.csv@L63
如果品質是您所追求的目標，那麼品控型精工機所提供的優質生產程序，絕對是您夢寐以求的功能，當然，這得多花您一些生產時間。	中文	big5	1	data/Machine_type.csv@L354
孟買	中文	big5	1	data/Citys.csv@L5
學生人口*學生人口消耗該產品量) * sqrt(平均收入/25000) / C1	中文	big5	1	data/formula.csv@L13
學生人口需求	中文	big5	1	data/product1.csv@L1
家庭用品零售機	中文	big5	1	data/product1.csv@L1
宿舍售價	中文	big5	1	data/formula.csv@L160
實現精緻農業的生產利器，採用標準生產程序的實用型農田機，從此人類不會再為缺糧所苦。	中文	big5	1	data/Machine_type.csv@L17
實際想買的數量 Sum = Desire * (平均S) /100	中文	big5	1	data/formula.csv@L24
對品質的要求	中文	big5	1	data/AI_style.csv@L1
對話數量	中文	big5	1	data/Talk_idx.csv@L1
對速度的要求	中文	big5	1	data/AI_style.csv@L1
小地圖上的白點就是有木材的地方。點選小地圖上的每個白點可以切換大地圖位置。	中文	big5	1	CEO.exe@RVA A4880
小型加工機	中文	big5	1	data/Machine_type.csv@L328
小型化工機	中文	big5	1	data/Machine_type.csv@L208
小型印刷機	中文	big5	1	data/Machine_type.csv@L283
小型塑化機	中文	big5	1	data/Machine_type.csv@L103
小型採礦機	中文	big5	1	data/Machine_type.csv@L33
小型晶圓機	中文	big5	1	data/Machine_type.csv@L193
小型木工機	中文	big5	1	data/Machine_type.csv@L78
小型燒窯機	中文	big5	1	data/Machine_type.csv@L233
小型紡織機	中文	big5	1	data/Machine_type.csv@L53
小型輪車機	中文	big5	1	data/Machine_type.csv@L258
小型辦公樓(3層)	中文	big5	1	data/smapclr.csv@L52
小型重電機	中文	big5	1	data/Machine_type.csv@L153
小型電子機	中文	big5	1	data/Machine_type.csv@L128
小型電腦機	中文	big5	1	data/Machine_type.csv@L178
小型食品機	中文	big5	1	data/Machine_type.csv@L303
就是你這個沒良心的臭男人騙光了我的錢，害我什麼都沒有了，既然做出這種虧心事，你就得負起責任養我一輩子！	中文	big5	1	data/Talk.csv@L103
就算你零售賣的 %s 在市場上屢創佳績，不過身為萊因騎士，我必將超越你的成就！	中文	big5	1	data/Talk.csv@L85
就算負債累累，身為萊因騎士的我，絕不會輕言放棄！	中文	big5	1	data/Talk.csv@L92
居住人口需求	中文	big5	1	data/product1.csv@L1
工人:	中文	big5	1	data/formula.csv@L42
工人數	中文	big5	1	data/Machine_type.csv@L1
工人罷工一個月	中文	big5	1	data/formula.csv@L141
工作人口*工作人口消耗該產品量 + 活動人口*活動人口消耗該產品量 +	中文	big5	1	data/formula.csv@L12
工作人口需求	中文	big5	1	data/product1.csv@L1
工作人吸引力	中文	big5	1	data/building.csv@L93
工廠(現代)地板	中文	big5	1	data/smapclr.csv@L13
工廠名	中文	big5	1	data/txts.csv@L35
工廠地板	中文	big5	1	data/smapclr.csv@L12
工操1X	中文	big5	1	data/Machine_type.csv@L1
工操1Y	中文	big5	1	data/Machine_type.csv@L1
工操1時間	中文	big5	1	data/Machine_type.csv@L1
工操2X	中文	big5	1	data/Machine_type.csv@L1
工操2Y	中文	big5	1	data/Machine_type.csv@L1
工操2時間	中文	big5	1	data/Machine_type.csv@L1
工操3X	中文	big5	1	data/Machine_type.csv@L1
工操3Y	中文	big5	1	data/Machine_type.csv@L1
工操3時間	中文	big5	1	data/Machine_type.csv@L1
工操4X	中文	big5	1	data/Machine_type.csv@L1
工操4Y	中文	big5	1	data/Machine_type.csv@L1
工操4時間	中文	big5	1	data/Machine_type.csv@L1
工操5X	中文	big5	1	data/Machine_type.csv@L1
工操5Y	中文	big5	1	data/Machine_type.csv@L1
工操5時間	中文	big5	1	data/Machine_type.csv@L1
工操6X	中文	big5	1	data/Machine_type.csv@L1
工操6Y	中文	big5	1	data/Machine_type.csv@L1
工操6時間	中文	big5	1	data/Machine_type.csv@L1
工操7X	中文	big5	1	data/Machine_type.csv@L1
工操7Y	中文	big5	1	data/Machine_type.csv@L1
工操7時間	中文	big5	1	data/Machine_type.csv@L1
工操8X	中文	big5	1	data/Machine_type.csv@L1
工操8Y	中文	big5	1	data/Machine_type.csv@L1
工操8時間	中文	big5	1	data/Machine_type.csv@L1
平均所得	中文	big5	1	data/building.csv@L69
年度首次資產小於負債時	中文	big5	1	data/Talk_idx.csv@L8
年度首次轉虧為盈時	中文	big5	1	data/Talk_idx.csv@L9
年獲利到達 %s	中文	big5	1	data/txts.csv@L13
年獲利目標	中文	big5	1	data/Stages.csv@L1
底特律	中文	big5	1	data/Citys.csv@L12
廠房(橙)	中文	big5	1	data/smapclr.csv@L25
廠房(灰)	中文	big5	1	data/smapclr.csv@L31
廠房(紅)	中文	big5	1	data/smapclr.csv@L24
廠房(紫)	中文	big5	1	data/smapclr.csv@L30
廠房(綠)	中文	big5	1	data/smapclr.csv@L27
廠房(藍)	中文	big5	1	data/smapclr.csv@L28
廠房(靛)	中文	big5	1	data/smapclr.csv@L29
廠房(黃)	中文	big5	1	data/smapclr.csv@L26
廠房中某項貨物批售價格低於(成本+平均批售價)/2	中文	big5	1	data/Talk_idx.csv@L23
廠房中某項貨物批售價格高於平均批售價	中文	big5	1	data/Talk_idx.csv@L22
廠房中某項貨物零售價格低於(成本+平均零售價)/2	中文	big5	1	data/Talk_idx.csv@L25
廠房中某項貨物零售價格高於平均零售價	中文	big5	1	data/Talk_idx.csv@L24
廠房及機器全部毀損	中文	big5	1	data/formula.csv@L139
廠房搜尋	中文	big5	1	data/smapmenu.csv@L1
廠房棧板已滿，排除無棧板	中文	big5	1	data/Talk_idx.csv@L17
廠房種類	中文	big5	1	data/building.csv@L93
廠房興建快速	中文	big5	1	data/AIInfo.csv@L7
建材來源選擇:	中文	big5	1	data/formula.csv@L85
建材需求	中文	big5	1	CEO.exe@RVA A2DD8
強勢作風	中文	big5	1	data/AIInfo.csv@L2
從今天起，耐急將在本小姐的領軍之下進入 %s 的零售市場，考慮一下加盟耐急吧！	中文	big5	1	data/Talk.csv@L77
微硬是消費者心目中的最佳品牌，除了微硬，還有誰有資格在 %s 的零售市場中稱霸？	中文	big5	1	data/Talk.csv@L83
徵人公式:	中文	big5	1	data/formula.csv@L29
快速擴張	中文	big5	1	data/AIInfo.csv@L5
您的%s上下貨區擁塞，%4d輛貨車無法卸載貨物。	中文	big5	1	data/news.csv@L40
您的%s中%s已全部開採殆盡。	中文	big5	1	data/news.csv@L41
您的%s中棧板已被堆滿，機器無法正常出貨。	中文	big5	1	data/news.csv@L37
您的%s所生產的%s，因原料不足而造成生產線停擺。	中文	big5	1	data/news.csv@L39
您的%s有工人離職了。	中文	big5	1	data/news.csv@L35
您的%s有管理者離職了。	中文	big5	1	data/news.csv@L36
您的%s有貨車等太久，憤而丟棄整車%s。	中文	big5	1	data/news.csv@L42
您的%s貨車無法卸貨，憤而丟棄整車%s。	中文	big5	1	data/news.csv@L43
您的公司股票即將上市，公司營業額的高低將是成功的關鍵，但是戰爭導致當地油田嚴重毀損，而您企業原有生產線卻完全仰賴石油，在石油供應即將中斷的情況下，您要如何衝高營業額呢？	中文	big5	1	data/Stages.csv@L16
您的老闆跑路了，留下的是一間負債累累的中型商場，所幸身邊還有一點錢可以運用，選擇合適的商品進貨販售，只要將貸款還清就能開創美麗人生！	中文	big5	1	data/Stages.csv@L10
您被派往一個風光明媚的渡假勝地創業，當地由於資源匱乏，只能買到木材及砂土兩種原料，想達到獲利目標的話，可得多費腦筋了！	中文	big5	1	data/Stages.csv@L19
想知道我的芳名？不用急，耐急已經開始營運，很快你們就會對本小姐的名字倒背如流了！	中文	big5	1	data/Talk.csv@L4
想買%s，你那窮樣拿得出%s元嗎？拿出來就賣你！	中文	big5	1	data/txts.csv@L32
憑什麼你能賣 %s 我就不能，就算賠錢，我也要為全世界的女人爭這口氣！	中文	big5	1	data/Talk.csv@L78
成本:	中文	big5	1	data/formula.csv@L61
我—鐵男克勞斯在此公開宣示，三個月內就要關閉你的 %s 生產線，身為萊因騎士的我，必定展現實力將你打敗！	中文	big5	1	data/Talk.csv@L42
我—鐵男克勞斯，身為萊因騎士的我，決定以 %s 與你一決勝負！	中文	big5	1	data/Talk.csv@L56
我—鐵男克勞斯，身為這世上最後的騎士，任何困境都無法擊倒我！	中文	big5	1	data/Talk.csv@L99
我—鐵男克勞斯，身為這世上最後的騎士，決定帶著敗耳一同退出這道德淪喪的商場！	中文	big5	1	data/Talk.csv@L106
我一向行事低調，要不是你把 %s 賣的太貴，嚴重影響消費者權益，我也不會出來搶生意！	中文	big5	1	data/Talk.csv@L82
我們還需要蓋「紅色上下貨區」，並指定一些工人給「紅色上下貨區」，這樣鋁送到時才能順利卸貨。	中文	big5	1	CEO.exe@RVA A3A08
我可不是故意學你喔！生產 %s 原本就是我童年時的夢想，我只是現在開始實現！	中文	big5	1	data/Talk.csv@L50
我是不是花太多錢在女人身上了，怎麼最近總覺得錢不太夠用？	中文	big5	1	data/Talk.csv@L87
我用OfficeXP中的試算表仔細算過了，貴公司若是賣 %s 鐵定賠錢，你若不信也可以用視窗XP中的小算盤自己算算！	中文	big5	1	data/Talk.csv@L68
我的錢呢？我的七十一呢？是誰這麼陰險狡詐狠心搶走我的一切，我還有好幾棟別墅的貸款要繳啊！	中文	big5	1	data/Talk.csv@L104
我知道 %s 生產難度很高，對你來說簡直是不人道的折磨，現在開始讓七十一來為你受苦吧！	中文	big5	1	data/Talk.csv@L53
我知道 %s 零售獲利的空間很小，你也苦撐了這麼久，現在開始讓七十一來背負這項重任吧！	中文	big5	1	data/Talk.csv@L81
所有人口	中文	big5	1	data/smapmenu.csv@L2
所有廠房	中文	big5	1	data/smapmenu.csv@L2
所有競爭對手	中文	big5	1	data/txts.csv@L1
所有資源	中文	big5	1	data/smapmenu.csv@L2
手錶(優質)	中文	big5	1	data/product2.csv@L120
技術決定一切！只有靠微硬企業的頂尖技術，才能讓景氣復甦！從今天起，微硬將責無旁貸的創造繁榮！	中文	big5	1	data/Talk.csv@L7
把「鋁」的採購策略設為「正常採購」後，我們還需要外務員去與採購對象連絡。	中文	big5	1	CEO.exe@RVA A3B00
把右上的小地圖切到「產品供需」，篩選出「鋁」的供應廠，在大地圖上找到它。	中文	big5	1	CEO.exe@RVA A4760
把右下閃動的「車子」丟到生產「鋁」的工廠上面。	中文	big5	1	CEO.exe@RVA A47AB
把木材送入「加工機」就能做出「紙」，「加工機」也在「礦料」分頁中，讓我們先買一台「加工機」！	中文	big5	1	CEO.exe@RVA A3D10
把業務員派到鋁工廠後，找到我們的工廠，雙擊它回到工廠界面。	中文	big5	1	CEO.exe@RVA A4724
把真實人力成本也紀錄在貨箱上, 便於計算參考價及閒置人力	中文	big5	1	data/formula.csv@L69
持有現金 %s	中文	big5	1	data/txts.csv@L15
按下小地圖上「所有資源」旁的「眼睛符號」，再選擇「木材」。	中文	big5	1	CEO.exe@RVA A4908
採用劃時代頂級奈米技術的品控型精工機，它所提供的優質生產程序，絕對是您夢寐以求的功能，當然，這得多花您一些生產時間。	中文	big5	1	data/Machine_type.csv@L366
採用劃時代頂級奈米技術的品控畜牧機，優質的生產程序，讓您的牲畜在古典樂的環境中快樂成長，雖然多花點時間，旦品質卻大幅提升。	中文	big5	1	data/Machine_type.csv@L16
採用劃時代頂級奈米技術的有機農田機，採用有機的生產程序，完全不需施肥的農田機，只是生長時間較長，且農作物品質深受當地水土影響。	中文	big5	1	data/Machine_type.csv@L31
採用劃時代頂級奈米技術的標準型精工機，精品製造業使用廣泛的實用型機種，如果您對產品沒什麼特別要求，標準型就是最佳選擇了。	中文	big5	1	data/Machine_type.csv@L364
採用劃時代頂級奈米技術的標準畜牧機，擁有實用性較高的標準生產程序，是您生產各種肉製品的最佳選擇。	中文	big5	1	data/Machine_type.csv@L14
採用劃時代頂級奈米技術的標準農田機，實現精緻農業的生產利器，採用標準生產程序，從此人類不會再為缺糧所苦。	中文	big5	1	data/Machine_type.csv@L29
採用劃時代頂級奈米技術的高速畜牧機，使用更多飼料，並注射生長激素加快牲畜的生長速度，雖然品質略受影響，但能達到量產目標。	中文	big5	1	data/Machine_type.csv@L15
採用劃時代頂級奈米技術的高速精工機，雖然降低了品質，且耗材較多，但傲人的生產速度，絕對能解決您供貨不及的困擾。	中文	big5	1	data/Machine_type.csv@L365
採用劃時代頂級奈米技術的高速農田機，增加日照時間，大量施肥以縮短農作物的生長期，雖然品質略受影響，但傲人的生長速度讓您能提前豐收。	中文	big5	1	data/Machine_type.csv@L30
採用有機的生產程序，完全不需施肥的農田機，只是生長時間較長，且農作物品質深受當地水土影響。	中文	big5	1	data/Machine_type.csv@L19
採礦機的實用型機種，如果您對採礦沒什麼特別要求，重型就是最佳選擇了。	中文	big5	1	data/Machine_type.csv@L32
採購二十箱鋁	中文	big5	1	data/txts.csv@L27
接下來交給你了，如現金足夠，可以再蓋其他機器來提高產能。	中文	big5	1	CEO.exe@RVA A3C0C
接下來就交給你了，加油！	中文	big5	1	CEO.exe@RVA A39EC
接下來就交給你囉！	中文	big5	1	CEO.exe@RVA A3D70
提升居民平均滿意度到達%d	中文	big5	1	data/txts.csv@L23
提升效能後的標準型精工機，精品製造業使用廣泛的實用型機種，如果您對產品沒什麼特別要求，標準型就是最佳選擇了。	中文	big5	1	data/Machine_type.csv@L355
提昇效能後的品控型精工機，它所提供的優質生產程序，絕對是您夢寐以求的功能，當然，這得多花您一些生產時間。	中文	big5	1	data/Machine_type.csv@L357
提昇效能後的高速精工機，雖然降低了品質，且耗材較多，但傲人的生產速度，絕對能解決您供貨不及的困擾。	中文	big5	1	data/Machine_type.csv@L356
提昇紐約市民的滿意度到60	中文	big5	1	data/Stages.csv@L21
損失現金5%-15%	中文	big5	1	data/formula.csv@L140
搶手度 += (S0*need*10)/C4	中文	big5	1	data/formula.csv@L33
摩天住宅大樓(8層)	中文	big5	1	data/smapclr.csv@L50
摩天辦公大廈(8層)	中文	big5	1	data/smapclr.csv@L54
擁有%d台機器	中文	big5	1	data/txts.csv@L21
擁有%d間大型人氣商場	中文	big5	1	data/txts.csv@L20
擁有1000箱%s	中文	big5	1	data/txts.csv@L22
擅長產業	中文	big5	1	data/AIInfo.csv@L1
擊敗%s	中文	big5	1	data/txts.csv@L11
操作簡易的加工機，只要一個管理者就能輕鬆操作，節省您的人事開銷，不過生產時間略長，售價也不便宜。	中文	big5	1	data/Machine_type.csv@L331
操作簡易的化工機，只要一個管理者就能輕鬆操作，節省您的人事開銷，不過生產時間略長，售價也不便宜。	中文	big5	1	data/Machine_type.csv@L211
操作簡易的印刷機，只要一個管理者就能輕鬆操作，節省您的人事開銷，不過生產時間略長，售價也不便宜。	中文	big5	1	data/Machine_type.csv@L285
操作簡易的塑化機，只要一個管理者就能輕鬆操作，節省您的人事開銷，不過生產時間略長，售價也不便宜。	中文	big5	1	data/Machine_type.csv@L106
操作簡易的採礦機，只要一個工人就能輕鬆操作，大幅節省您的人事開銷，不過售價可不便宜。	中文	big5	1	data/Machine_type.csv@L35
操作簡易的木工機，只要一個管理者就能輕鬆操作，節省您的人事開銷，不過生產時間略長，售價也不便宜。	中文	big5	1	data/Machine_type.csv@L81
操作簡易的燒窯機，只要一個管理者就能輕鬆操作，節省您的人事開銷，不過生產時間略長，售價也不便宜。	中文	big5	1	data/Machine_type.csv@L236
操作簡易的紡織機，只要一個管理者就能輕鬆操作，節省您的人事開銷，不過生產時間略長，售價也不便宜。	中文	big5	1	data/Machine_type.csv@L56
操作簡易的輪車機，只要一個管理者就能輕鬆操作，節省您的人事開銷，不過生產時間略長，售價也不便宜。	中文	big5	1	data/Machine_type.csv@L261
操作簡易的重電機，只要一個管理者就能輕鬆操作，節省您的人事開銷，不過生產時間略長，售價也不便宜。	中文	big5	1	data/Machine_type.csv@L156
操作簡易的電子機，只要一個管理者就能輕鬆操作，節省您的人事開銷，不過生產時間略長，售價也不便宜。	中文	big5	1	data/Machine_type.csv@L131
操作簡易的食品機，只要一個管理者就能輕鬆操作，節省您的人事開銷，不過生產時間略長，售價也不便宜。	中文	big5	1	data/Machine_type.csv@L306
支付機器維修費用	中文	big5	1	data/Talk_idx.csv@L27
支付貸款利息	中文	big5	1	data/Talk_idx.csv@L26
改良品控畜牧機	中文	big5	1	data/Machine_type.csv@L7
改良品控精工機	中文	big5	1	data/Machine_type.csv@L357
改良小型加工機	中文	big5	1	data/Machine_type.csv@L333
改良小型化工機	中文	big5	1	data/Machine_type.csv@L213
改良小型印刷機	中文	big5	1	data/Machine_type.csv@L287
改良小型塑化機	中文	big5	1	data/Machine_type.csv@L108
改良小型採礦機	中文	big5	1	data/Machine_type.csv@L37
改良小型木工機	中文	big5	1	data/Machine_type.csv@L83
改良小型燒窯機	中文	big5	1	data/Machine_type.csv@L238
改良小型紡織機	中文	big5	1	data/Machine_type.csv@L58
改良小型輪車機	中文	big5	1	data/Machine_type.csv@L263
改良小型重電機	中文	big5	1	data/Machine_type.csv@L158
改良小型電子機	中文	big5	1	data/Machine_type.csv@L133
改良小型食品機	中文	big5	1	data/Machine_type.csv@L308
改良有機農田機	中文	big5	1	data/Machine_type.csv@L22
改良標準畜牧機	中文	big5	1	data/Machine_type.csv@L5
改良標準精工機	中文	big5	1	data/Machine_type.csv@L355
改良標準農田機	中文	big5	1	data/Machine_type.csv@L20
改良省料加工機	中文	big5	1	data/Machine_type.csv@L334
改良省料化工機	中文	big5	1	data/Machine_type.csv@L214
改良省料印刷機	中文	big5	1	data/Machine_type.csv@L288
改良省料塑化機	中文	big5	1	data/Machine_type.csv@L109
改良省料木工機	中文	big5	1	data/Machine_type.csv@L84
改良省料燒窯機	中文	big5	1	data/Machine_type.csv@L239
改良省料紡織機	中文	big5	1	data/Machine_type.csv@L59
改良省料輪車機	中文	big5	1	data/Machine_type.csv@L264
改良省料重電機	中文	big5	1	data/Machine_type.csv@L159
改良省料電子機	中文	big5	1	data/Machine_type.csv@L134
改良省料食品機	中文	big5	1	data/Machine_type.csv@L309
改良自動加工機	中文	big5	1	data/Machine_type.csv@L336
改良自動化工機	中文	big5	1	data/Machine_type.csv@L216
改良自動印刷機	中文	big5	1	data/Machine_type.csv@L289
改良自動塑化機	中文	big5	1	data/Machine_type.csv@L111
改良自動採礦機	中文	big5	1	data/Machine_type.csv@L39
改良自動木工機	中文	big5	1	data/Machine_type.csv@L86
改良自動燒窯機	中文	big5	1	data/Machine_type.csv@L241
改良自動紡織機	中文	big5	1	data/Machine_type.csv@L61
改良自動輪車機	中文	big5	1	data/Machine_type.csv@L266
改良自動重電機	中文	big5	1	data/Machine_type.csv@L161
改良自動電子機	中文	big5	1	data/Machine_type.csv@L136
改良自動食品機	中文	big5	1	data/Machine_type.csv@L311
改良重型加工機	中文	big5	1	data/Machine_type.csv@L332
改良重型化工機	中文	big5	1	data/Machine_type.csv@L212
改良重型印刷機	中文	big5	1	data/Machine_type.csv@L286
改良重型塑化機	中文	big5	1	data/Machine_type.csv@L107
改良重型採礦機	中文	big5	1	data/Machine_type.csv@L36
改良重型木工機	中文	big5	1	data/Machine_type.csv@L82
改良重型燒窯機	中文	big5	1	data/Machine_type.csv@L237
改良重型紡織機	中文	big5	1	data/Machine_type.csv@L57
改良重型輪車機	中文	big5	1	data/Machine_type.csv@L262
改良重型重電機	中文	big5	1	data/Machine_type.csv@L157
改良重型電子機	中文	big5	1	data/Machine_type.csv@L132
改良重型食品機	中文	big5	1	data/Machine_type.csv@L307
改良高速加工機	中文	big5	1	data/Machine_type.csv@L335
改良高速化工機	中文	big5	1	data/Machine_type.csv@L215
改良高速塑化機	中文	big5	1	data/Machine_type.csv@L110
改良高速採礦機	中文	big5	1	data/Machine_type.csv@L38
改良高速木工機	中文	big5	1	data/Machine_type.csv@L85
改良高速燒窯機	中文	big5	1	data/Machine_type.csv@L240
改良高速畜牧機	中文	big5	1	data/Machine_type.csv@L6
改良高速精工機	中文	big5	1	data/Machine_type.csv@L356
改良高速紡織機	中文	big5	1	data/Machine_type.csv@L60
改良高速輪車機	中文	big5	1	data/Machine_type.csv@L265
改良高速農田機	中文	big5	1	data/Machine_type.csv@L21
改良高速重電機	中文	big5	1	data/Machine_type.csv@L160
改良高速電子機	中文	big5	1	data/Machine_type.csv@L135
改良高速食品機	中文	big5	1	data/Machine_type.csv@L310
改進效能後採礦機的實用型機種，如果您對採礦沒什麼特別要求，重型就是最佳選擇了。	中文	big5	1	data/Machine_type.csv@L36
改進效能後的實用型加工機機種，如果您對產品沒什麼特別要求，重型就是最佳選擇了。	中文	big5	1	data/Machine_type.csv@L332
改進效能後的實用型化工機機種，如果您對產品沒什麼特別要求，重型就是最佳選擇了。	中文	big5	1	data/Machine_type.csv@L212
改進效能後的實用型塑化機機種，如果您對產品沒什麼特別要求，重型就是最佳選擇了。	中文	big5	1	data/Machine_type.csv@L107
改進效能後的實用型木工機機種，製作傢俱的好幫手，如果您對產品沒什麼特別要求，重型就是最佳選擇了。	中文	big5	1	data/Machine_type.csv@L82
改進效能後的實用型燒窯機機種，如果您對產品沒什麼特別要求，重型就是最佳選擇了。	中文	big5	1	data/Machine_type.csv@L237
改進效能後的實用型紡織機機種，如果您對產品沒什麼特別要求，重型就是最佳選擇了。	中文	big5	1	data/Machine_type.csv@L57
改進效能後的實用型輪車機機種，造車工業的最佳良伴，如果您對產品沒什麼特別要求，重型就是最佳選擇了。	中文	big5	1	data/Machine_type.csv@L262
改進效能後的實用型重電機機種，如果您對產品沒什麼特別要求，重型就是最佳選擇了。	中文	big5	1	data/Machine_type.csv@L157
改進效能後的實用型電子機機種，如果您對產品沒什麼特別要求，重型就是最佳選擇了。	中文	big5	1	data/Machine_type.csv@L132
改進效能後的實用型食品機機種，食品業不可或缺的生財工具，如果您對產品沒什麼特別要求，重型就是最佳選擇了。	中文	big5	1	data/Machine_type.csv@L307
改進效能後的小型加工機，不僅能節省您寶貴的空間，售價及維修費用低廉更是它迷人之處，不過效能方面就差強人意了。	中文	big5	1	data/Machine_type.csv@L333
改進效能後的小型化工機，不僅能節省您寶貴的空間，售價及維修費用低廉更是它迷人之處，不過效能方面就差強人意了。	中文	big5	1	data/Machine_type.csv@L213
改進效能後的小型印刷機，不僅能節省您寶貴的空間，售價及維修費用低廉更是它迷人之處，不過效能方面就差強人意了。	中文	big5	1	data/Machine_type.csv@L287
改進效能後的小型塑化機，不僅能節省您寶貴的空間，售價及維修費用低廉更是它迷人之處，不過效能方面就差強人意了。	中文	big5	1	data/Machine_type.csv@L108
改進效能後的小型採礦機，不僅能節省您寶貴的空間，售價及維修費用低廉更是它迷人之處，不過效能方面就差強人意了。	中文	big5	1	data/Machine_type.csv@L37
改進效能後的小型木工機，不僅能節省您寶貴的空間，售價及維修費用低廉更是它迷人之處，不過效能方面就差強人意了。	中文	big5	1	data/Machine_type.csv@L83
改進效能後的小型燒窯機，不僅能節省您寶貴的空間，售價及維修費用低廉更是它迷人之處，不過效能方面就差強人意了。	中文	big5	1	data/Machine_type.csv@L238
改進效能後的小型紡織機，不僅能節省您寶貴的空間，售價及維修費用低廉更是它迷人之處，不過效能方面就差強人意了。	中文	big5	1	data/Machine_type.csv@L58
改進效能後的小型輪車機，不僅能節省您寶貴的空間，售價及維修費用低廉更是它迷人之處，不過效能方面就差強人意了。	中文	big5	1	data/Machine_type.csv@L263
改進效能後的小型重電機，不僅能節省您寶貴的空間，售價及維修費用低廉更是它迷人之處，不過效能方面就差強人意了。	中文	big5	1	data/Machine_type.csv@L158
改進效能後的小型電子機，不僅能節省您寶貴的空間，售價及維修費用低廉更是它迷人之處，不過效能方面就差強人意了。	中文	big5	1	data/Machine_type.csv@L133
改進效能後的小型食品機，不僅能節省您寶貴的空間，售價及維修費用低廉更是它迷人之處，不過效能方面就差強人意了。	中文	big5	1	data/Machine_type.csv@L308
改進效能後的省料加工機，體積雖然大了些，且需要四名員工才能操作，不過它能善用您的每分原料，讓缺料不再成為惡夢。	中文	big5	1	data/Machine_type.csv@L334
改進效能後的省料化工機，體積雖然大了些，且需要四名員工才能操作，不過它能善用您的每分原料，讓缺料不再成為惡夢。	中文	big5	1	data/Machine_type.csv@L214
改進效能後的省料印刷機，體積雖然大了些，且需要四名員工才能操作，不過它能善用您的每分原料，讓缺料不再成為惡夢。	中文	big5	1	data/Machine_type.csv@L288
改進效能後的省料塑化機，體積雖然大了些，且需要四名員工才能操作，不過它能善用您的每分原料，讓缺料不再成為惡夢。	中文	big5	1	data/Machine_type.csv@L109
改進效能後的省料木工機，體積雖然大了些，且需要四名員工才能操作，不過它能善用您的每分原料，讓缺料不再成為惡夢。	中文	big5	1	data/Machine_type.csv@L84
改進效能後的省料燒窯機，體積雖然大了些，且需要四名員工才能操作，不過它能善用您的每分原料，讓缺料不再成為惡夢。	中文	big5	1	data/Machine_type.csv@L239
改進效能後的省料紡織機，體積雖然大了些，且需要四名員工才能操作，不過它能善用您的每分原料，讓缺料不再成為惡夢。	中文	big5	1	data/Machine_type.csv@L59
改進效能後的省料輪車機，體積雖然大，且需要六名員工才能操作，不過它能善用您的每分原料，讓缺料不再成為惡夢。	中文	big5	1	data/Machine_type.csv@L264
改進效能後的省料重電機，體積雖然大了些，且需要四名員工才能操作，不過它能善用您的每分原料，讓缺料不再成為惡夢。	中文	big5	1	data/Machine_type.csv@L159
改進效能後的省料電子機，體積雖然大了些，且需要四名員工才能操作，不過它能善用您的每分原料，讓缺料不再成為惡夢。	中文	big5	1	data/Machine_type.csv@L134
改進效能後的省料食品機，體積雖然大了些，且需要四名員工才能操作，不過它能善用您的每分原料，讓缺料不再成為惡夢。	中文	big5	1	data/Machine_type.csv@L309
改進效能後的自動加工機，只要一個管理者就能輕鬆操作，節省您的人事開銷，不過生產時間略長，售價也不便宜。	中文	big5	1	data/Machine_type.csv@L336
改進效能後的自動化工機，只要一個管理者就能輕鬆操作，節省您的人事開銷，不過生產時間略長，售價也不便宜。	中文	big5	1	data/Machine_type.csv@L216
改進效能後的自動印刷機，只要一個管理者就能輕鬆操作，節省您的人事開銷，不過生產時間略長，售價也不便宜。	中文	big5	1	data/Machine_type.csv@L289
改進效能後的自動塑化機，只要一個管理者就能輕鬆操作，節省您的人事開銷，不過生產時間略長，售價也不便宜。	中文	big5	1	data/Machine_type.csv@L111
改進效能後的自動採礦機，只要一個工人就能輕鬆操作，大幅節省您的人事開銷，不過售價可不便宜。	中文	big5	1	data/Machine_type.csv@L39
改進效能後的自動木工機，只要一個管理者就能輕鬆操作，節省您的人事開銷，不過生產時間略長，售價也不便宜。	中文	big5	1	data/Machine_type.csv@L86
改進效能後的自動燒窯機，只要一個管理者就能輕鬆操作，節省您的人事開銷，不過生產時間略長，售價也不便宜。	中文	big5	1	data/Machine_type.csv@L241
改進效能後的自動紡織機，只要一個管理者就能輕鬆操作，節省您的人事開銷，不過生產時間略長，售價也不便宜。	中文	big5	1	data/Machine_type.csv@L61
改進效能後的自動輪車機，只要一個管理者就能輕鬆操作，節省您的人事開銷，不過生產時間略長，售價也不便宜。	中文	big5	1	data/Machine_type.csv@L266
改進效能後的自動重電機，只要一個管理者就能輕鬆操作，節省您的人事開銷，不過生產時間略長，售價也不便宜。	中文	big5	1	data/Machine_type.csv@L161
改進效能後的自動電子機，只要一個管理者就能輕鬆操作，節省您的人事開銷，不過生產時間略長，售價也不便宜。	中文	big5	1	data/Machine_type.csv@L136
改進效能後的自動食品機，只要一個管理者就能輕鬆操作，節省您的人事開銷，不過生產時間略長，售價也不便宜。	中文	big5	1	data/Machine_type.csv@L311
改進效能後的重型印刷機，出版業不可或缺的生財工具，如果您對產品沒什麼特別要求，重型就是最佳選擇了。	中文	big5	1	data/Machine_type.csv@L286
改進效能後的高速加工機，雖然犧牲了品質，耗材略多，但能快速將產品堆滿您的庫房。	中文	big5	1	data/Machine_type.csv@L335
改進效能後的高速化工機，雖然犧牲了品質，耗材略多，但能快速將產品堆滿您的庫房。	中文	big5	1	data/Machine_type.csv@L215
改進效能後的高速塑化機，雖然犧牲了品質，耗材略多，但能快速將產品堆滿您的庫房。	中文	big5	1	data/Machine_type.csv@L110
改進效能後的高速採礦機，雖然犧牲了品質，但能快速將礦產堆滿您的庫房。	中文	big5	1	data/Machine_type.csv@L38
改進效能後的高速木工機，雖然犧牲了品質，耗材略多，但能快速將產品堆滿您的庫房。	中文	big5	1	data/Machine_type.csv@L85
改進效能後的高速燒窯機，雖然犧牲了品質，耗材略多，但能快速將產品堆滿您的庫房。	中文	big5	1	data/Machine_type.csv@L240
改進效能後的高速紡織機，雖然犧牲了品質，耗材略多，但能快速將產品堆滿您的庫房。	中文	big5	1	data/Machine_type.csv@L60
改進效能後的高速輪車機，雖然犧牲了品質，耗材略多，但能快速將產品堆滿您的庫房。	中文	big5	1	data/Machine_type.csv@L265
改進效能後的高速重電機，雖然犧牲了品質，耗材略多，但能快速將產品堆滿您的庫房。	中文	big5	1	data/Machine_type.csv@L160
改進效能後的高速電子機，雖然犧牲了品質，耗材略多，但能快速將產品堆滿您的庫房。	中文	big5	1	data/Machine_type.csv@L135
改進效能後的高速食品機，雖然犧牲了品質，耗材略多，但能快速將產品堆滿您的庫房。	中文	big5	1	data/Machine_type.csv@L310
改進效能的品控畜牧機，優質的生產程序，讓您的牲畜在古典樂的環境中快樂成長，雖然多花點時間，旦品質卻大幅提升。	中文	big5	1	data/Machine_type.csv@L7
改進效能的有機農田機，採用有機的生產程序，完全不需施肥的農田機，只是生長時間較長，且農作物品質深受當地水土影響。	中文	big5	1	data/Machine_type.csv@L22
改進效能的標準畜牧機，採用實用性較高的標準生產程序，是您生產各種肉製品的最佳選擇。	中文	big5	1	data/Machine_type.csv@L5
改進效能的標準農田機，實現精緻農業的生產利器，採用標準生產程序，從此人類不會再為缺糧所苦。	中文	big5	1	data/Machine_type.csv@L20
改進效能的高速畜牧機，使用更多飼料，並注射生長激素加快牲畜的生長速度，雖然品質略受影響，但能達到量產目標。	中文	big5	1	data/Machine_type.csv@L6
改進效能的高速農田機，增加日照時間，大量施肥以縮短農作物的生長期，雖然品質略受影響，但傲人的生長速度讓您能提前豐收。	中文	big5	1	data/Machine_type.csv@L21
政府向閒置礦地最多者徵收特別稅，%s繳納稅金 %d元。	中文	big5	1	data/news.csv@L59
政府向閒置空地最多者徵收特別稅，%s繳納稅金 %d元。	中文	big5	1	data/news.csv@L58
政府獎勵%s廠商，%s月產量 %d箱最多，獲 %d元獎金。	中文	big5	1	data/news.csv@L57
政府獎勵人氣商場最多者，%s獲得 %d元獎勵金。	中文	big5	1	data/news.csv@L55
政府獎勵員工最多者，%s獲得 %d元獎勵金。	中文	big5	1	data/news.csv@L56
政府獎勵商場最多者，%s獲得 %d元獎勵金。	中文	big5	1	data/news.csv@L54
政府獎勵工廠最多者，%s獲得 %d元獎勵金。	中文	big5	1	data/news.csv@L51
政府獎勵礦場最多者，%s獲得 %d元獎勵金。	中文	big5	1	data/news.csv@L50
政府獎勵科技農場最多者，%s獲得 %d元獎勵金。	中文	big5	1	data/news.csv@L53
政府獎勵農場最多者，%s獲得 %d元獎勵金。	中文	big5	1	data/news.csv@L52
教學	中文	big5	1	data/Stages.csv@L1
數量 / 箱	中文	big5	1	data/product1.csv@L1
新加坡	中文	big5	1	data/Citys.csv@L4
新工廠 2x2	中文	big5	1	data/build_relation.csv@L28
新工廠 3x3	中文	big5	1	data/build_relation.csv@L29
新工廠 4x4	中文	big5	1	data/build_relation.csv@L30
新式品控畜牧機	中文	big5	1	data/Machine_type.csv@L10
新式品控精工機	中文	big5	1	data/Machine_type.csv@L360
新式小型加工機	中文	big5	1	data/Machine_type.csv@L338
新式小型化工機	中文	big5	1	data/Machine_type.csv@L218
新式小型印刷機	中文	big5	1	data/Machine_type.csv@L291
新式小型塑化機	中文	big5	1	data/Machine_type.csv@L113
新式小型採礦機	中文	big5	1	data/Machine_type.csv@L41
新式小型木工機	中文	big5	1	data/Machine_type.csv@L88
新式小型燒窯機	中文	big5	1	data/Machine_type.csv@L243
新式小型紡織機	中文	big5	1	data/Machine_type.csv@L63
新式小型輪車機	中文	big5	1	data/Machine_type.csv@L268
新式小型重電機	中文	big5	1	data/Machine_type.csv@L163
新式小型電子機	中文	big5	1	data/Machine_type.csv@L138
新式小型食品機	中文	big5	1	data/Machine_type.csv@L313
新式有機農田機	中文	big5	1	data/Machine_type.csv@L25
新式有機農田機的次世代機種，採用有機的生產程序，完全不需施肥的農田機，只是生長時間較長，且農作物品質深受當地水土影響。	中文	big5	1	data/Machine_type.csv@L28
新式標準畜牧機	中文	big5	1	data/Machine_type.csv@L8
新式標準精工機	中文	big5	1	data/Machine_type.csv@L358
新式標準農田機	中文	big5	1	data/Machine_type.csv@L23
新式標準農田機的次世代機種，實現精緻農業的生產利器，採用標準生產程序，從此人類不會再為缺糧所苦。	中文	big5	1	data/Machine_type.csv@L26
新式省料加工機	中文	big5	1	data/Machine_type.csv@L339
新式省料化工機	中文	big5	1	data/Machine_type.csv@L219
新式省料印刷機	中文	big5	1	data/Machine_type.csv@L292
新式省料塑化機	中文	big5	1	data/Machine_type.csv@L114
新式省料木工機	中文	big5	1	data/Machine_type.csv@L89
新式省料燒窯機	中文	big5	1	data/Machine_type.csv@L244
新式省料紡織機	中文	big5	1	data/Machine_type.csv@L64
新式省料輪車機	中文	big5	1	data/Machine_type.csv@L269
新式省料重電機	中文	big5	1	data/Machine_type.csv@L164
新式省料電子機	中文	big5	1	data/Machine_type.csv@L139
新式省料食品機	中文	big5	1	data/Machine_type.csv@L314
新式自動加工機	中文	big5	1	data/Machine_type.csv@L341
新式自動化工機	中文	big5	1	data/Machine_type.csv@L221
新式自動印刷機	中文	big5	1	data/Machine_type.csv@L293
新式自動塑化機	中文	big5	1	data/Machine_type.csv@L116
新式自動採礦機	中文	big5	1	data/Machine_type.csv@L43
新式自動木工機	中文	big5	1	data/Machine_type.csv@L91
新式自動燒窯機	中文	big5	1	data/Machine_type.csv@L246
新式自動紡織機	中文	big5	1	data/Machine_type.csv@L66
新式自動輪車機	中文	big5	1	data/Machine_type.csv@L271
新式自動重電機	中文	big5	1	data/Machine_type.csv@L166
新式自動電子機	中文	big5	1	data/Machine_type.csv@L141
新式自動食品機	中文	big5	1	data/Machine_type.csv@L316
新式重型加工機	中文	big5	1	data/Machine_type.csv@L337
新式重型化工機	中文	big5	1	data/Machine_type.csv@L217
新式重型印刷機	中文	big5	1	data/Machine_type.csv@L290
新式重型塑化機	中文	big5	1	data/Machine_type.csv@L112
新式重型採礦機	中文	big5	1	data/Machine_type.csv@L40
新式重型木工機	中文	big5	1	data/Machine_type.csv@L87
新式重型燒窯機	中文	big5	1	data/Machine_type.csv@L242
新式重型紡織機	中文	big5	1	data/Machine_type.csv@L62
新式重型輪車機	中文	big5	1	data/Machine_type.csv@L267
新式重型重電機	中文	big5	1	data/Machine_type.csv@L162
新式重型電子機	中文	big5	1	data/Machine_type.csv@L137
新式重型食品機	中文	big5	1	data/Machine_type.csv@L312
新式高速加工機	中文	big5	1	data/Machine_type.csv@L340
新式高速化工機	中文	big5	1	data/Machine_type.csv@L220
新式高速塑化機	中文	big5	1	data/Machine_type.csv@L115
新式高速採礦機	中文	big5	1	data/Machine_type.csv@L42
新式高速木工機	中文	big5	1	data/Machine_type.csv@L90
新式高速燒窯機	中文	big5	1	data/Machine_type.csv@L245
新式高速畜牧機	中文	big5	1	data/Machine_type.csv@L9
新式高速精工機	中文	big5	1	data/Machine_type.csv@L359
新式高速紡織機	中文	big5	1	data/Machine_type.csv@L65
新式高速輪車機	中文	big5	1	data/Machine_type.csv@L270
新式高速農田機	中文	big5	1	data/Machine_type.csv@L24
新式高速農田機的次世代機種，增加日照時間，大量施肥以縮短農作物的生長期，雖然品質略受影響，但傲人的生長速度讓您能提前豐收。	中文	big5	1	data/Machine_type.csv@L27
新式高速重電機	中文	big5	1	data/Machine_type.csv@L165
新式高速電子機	中文	big5	1	data/Machine_type.csv@L140
新式高速食品機	中文	big5	1	data/Machine_type.csv@L315
方向數不符	中文	big5	1	CEO.exe@RVA A62FC
是你！就是你這個沒良心的臭男人害的！快把原本應該屬於我的錢還來！	中文	big5	1	data/Talk.csv@L89
普吉島	中文	big5	1	data/Citys.csv@L19
智慧型晶圓製造機，只要一個管理者就能輕鬆操作，讓您不必再為員工薪資煩惱了，不過生產時間略長，售價也不便宜。	中文	big5	1	data/Machine_type.csv@L196
智慧型電腦製造機，只要一個管理者就能輕鬆操作，讓您不必再為員工薪資煩惱了，不過生產時間略長，售價也不便宜。	中文	big5	1	data/Machine_type.csv@L181
最先進的小型晶圓機，不僅能節省您寶貴的空間，售價及維修費用低廉更是它迷人之處，不過效能方面就差強人意了。	中文	big5	1	data/Machine_type.csv@L203
最先進的小型電腦機，不僅能節省您寶貴的空間，售價及維修費用低廉更是它迷人之處，不過效能方面就差強人意了。	中文	big5	1	data/Machine_type.csv@L188
最先進的省料晶圓機，體積雖然大了些，且需要四名員工才能操作，不過您的每分原料都將充分被運用，降低原料供應不足的風險。	中文	big5	1	data/Machine_type.csv@L204
最先進的省料電腦機，體積雖然大了些，且需要四名員工才能操作，不過您的每分原料都將充分被運用，降低原料供應不足的風險。	中文	big5	1	data/Machine_type.csv@L189
最先進的自動晶圓機，只要一個管理者就能輕鬆操作，讓您不必再為員工薪資煩惱了，不過生產時間略長，售價也不便宜。	中文	big5	1	data/Machine_type.csv@L206
最先進的自動電腦機，只要一個管理者就能輕鬆操作，讓您不必再為員工薪資煩惱了，不過生產時間略長，售價也不便宜。	中文	big5	1	data/Machine_type.csv@L191
最先進的重型晶圓機，能在各種環境中維持基本獲利空間，如果您沒有特殊偏好，重型就是最佳選擇了。	中文	big5	1	data/Machine_type.csv@L202
最先進的重型電腦機，能在各種環境中維持基本獲利空間，如果您沒有特殊偏好，重型就是最佳選擇了。	中文	big5	1	data/Machine_type.csv@L187
最先進的高速晶圓機，雖然犧牲了品質，且耗材略多，但能迅速量產，在市場上搶得先機。	中文	big5	1	data/Machine_type.csv@L205
最先進的高速電腦機，雖然犧牲了品質，且耗材略多，但能迅速量產，在市場上搶得先機。	中文	big5	1	data/Machine_type.csv@L190
最頂級的小型加工機，不僅能節省您寶貴的空間，售價及維修費用低廉更是它迷人之處，不過效能方面就差強人意了。	中文	big5	1	data/Machine_type.csv@L348
最頂級的小型化工機，不僅能節省您寶貴的空間，售價及維修費用低廉更是它迷人之處，不過效能方面就差強人意了。	中文	big5	1	data/Machine_type.csv@L228
最頂級的小型印刷機，不僅能節省您寶貴的空間，售價及維修費用低廉更是它迷人之處，不過效能方面就差強人意了。	中文	big5	1	data/Machine_type.csv@L299
最頂級的小型塑化機，不僅能節省您寶貴的空間，售價及維修費用低廉更是它迷人之處，不過效能方面就差強人意了。	中文	big5	1	data/Machine_type.csv@L123
最頂級的小型採礦機，不僅能節省您寶貴的空間，售價及維修費用低廉更是它迷人之處，不過效能方面就差強人意了。	中文	big5	1	data/Machine_type.csv@L49
最頂級的小型木工機，不僅能節省您寶貴的空間，售價及維修費用低廉更是它迷人之處，不過效能方面就差強人意了。	中文	big5	1	data/Machine_type.csv@L98
最頂級的小型燒窯機，不僅能節省您寶貴的空間，售價及維修費用低廉更是它迷人之處，不過效能方面就差強人意了。	中文	big5	1	data/Machine_type.csv@L253
最頂級的小型紡織機，不僅能節省您寶貴的空間，售價及維修費用低廉更是它迷人之處，不過效能方面就差強人意了。	中文	big5	1	data/Machine_type.csv@L73
最頂級的小型輪車機，不僅能節省您寶貴的空間，售價及維修費用低廉更是它迷人之處，不過效能方面就差強人意了。	中文	big5	1	data/Machine_type.csv@L278
最頂級的小型重電機，不僅能節省您寶貴的空間，售價及維修費用低廉更是它迷人之處，不過效能方面就差強人意了。	中文	big5	1	data/Machine_type.csv@L173
最頂級的小型電子機，不僅能節省您寶貴的空間，售價及維修費用低廉更是它迷人之處，不過效能方面就差強人意了。	中文	big5	1	data/Machine_type.csv@L148
最頂級的小型食品機，不僅能節省您寶貴的空間，售價及維修費用低廉更是它迷人之處，不過效能方面就差強人意了。	中文	big5	1	data/Machine_type.csv@L323
最頂級的省料加工機，體積雖然大了些，且需要四名員工才能操作，不過它能善用您的每分原料，讓缺料不再成為惡夢。	中文	big5	1	data/Machine_type.csv@L349
最頂級的省料化工機，體積雖然大了些，且需要四名員工才能操作，不過它能善用您的每分原料，讓缺料不再成為惡夢。	中文	big5	1	data/Machine_type.csv@L229
最頂級的省料印刷機，體積雖然大了些，且需要四名員工才能操作，不過它能善用您的每分原料，讓缺料不再成為惡夢。	中文	big5	1	data/Machine_type.csv@L300
最頂級的省料塑化機，體積雖然大了些，且需要四名員工才能操作，不過它能善用您的每分原料，讓缺料不再成為惡夢。	中文	big5	1	data/Machine_type.csv@L124
最頂級的省料木工機，體積雖然大了些，且需要四名員工才能操作，不過它能善用您的每分原料，讓缺料不再成為惡夢。	中文	big5	1	data/Machine_type.csv@L99
最頂級的省料燒窯機，體積雖然大了些，且需要四名員工才能操作，不過它能善用您的每分原料，讓缺料不再成為惡夢。	中文	big5	1	data/Machine_type.csv@L254
最頂級的省料紡織機，體積雖然大了些，且需要四名員工才能操作，不過它能善用您的每分原料，讓缺料不再成為惡夢。	中文	big5	1	data/Machine_type.csv@L74
最頂級的省料輪車機，體積雖然大，且需要六名員工才能操作，不過它能善用您的每分原料，讓缺料不再成為惡夢。	中文	big5	1	data/Machine_type.csv@L279
最頂級的省料重電機，體積雖然大了些，且需要四名員工才能操作，不過它能善用您的每分原料，讓缺料不再成為惡夢。	中文	big5	1	data/Machine_type.csv@L174
最頂級的省料電子機，體積雖然大了些，且需要四名員工才能操作，不過它能善用您的每分原料，讓缺料不再成為惡夢。	中文	big5	1	data/Machine_type.csv@L149
最頂級的省料食品機，體積雖然大了些，且需要四名員工才能操作，不過它能善用您的每分原料，讓缺料不再成為惡夢。	中文	big5	1	data/Machine_type.csv@L324
最頂級的自動印刷機，只要一個管理者就能輕鬆操作，節省您的人事開銷，不過生產時間略長，售價也不便宜。	中文	big5	1	data/Machine_type.csv@L301
最頂級的自動採礦機，只要一個工人就能輕鬆操作，大幅節省您的人事開銷，不過售價可不便宜。	中文	big5	1	data/Machine_type.csv@L51
最頂級的重型加工機，如果您對產品沒什麼特別要求，重型就是最佳選擇了。	中文	big5	1	data/Machine_type.csv@L347
最頂級的重型化工機，如果您對產品沒什麼特別要求，重型就是最佳選擇了。	中文	big5	1	data/Machine_type.csv@L227
最頂級的重型印刷機，出版業不可或缺的生財工具，如果您對產品沒什麼特別要求，重型就是最佳選擇了。	中文	big5	1	data/Machine_type.csv@L298
最頂級的重型塑化機，如果您對產品沒什麼特別要求，重型就是最佳選擇了。	中文	big5	1	data/Machine_type.csv@L122
最頂級的重型採礦機，如果您對採礦沒什麼特別要求，重型就是最佳選擇了。	中文	big5	1	data/Machine_type.csv@L48
最頂級的重型木工機，製作傢俱的好幫手，如果您對產品沒什麼特別要求，重型就是最佳選擇了。	中文	big5	1	data/Machine_type.csv@L97
最頂級的重型燒窯機，如果您對產品沒什麼特別要求，重型就是最佳選擇了。	中文	big5	1	data/Machine_type.csv@L252
最頂級的重型紡織機，如果您對產品沒什麼特別要求，重型就是最佳選擇了。	中文	big5	1	data/Machine_type.csv@L72
最頂級的重型輪車機，造車工業的最佳良伴，如果您對產品沒什麼特別要求，重型就是最佳選擇了。	中文	big5	1	data/Machine_type.csv@L277
最頂級的重型重電機，如果您對產品沒什麼特別要求，重型就是最佳選擇了。	中文	big5	1	data/Machine_type.csv@L172
最頂級的重型電子機，如果您對產品沒什麼特別要求，重型就是最佳選擇了。	中文	big5	1	data/Machine_type.csv@L147
最頂級的重型食品機，食品業不可或缺的生財工具，如果您對產品沒什麼特別要求，重型就是最佳選擇了。	中文	big5	1	data/Machine_type.csv@L322
最頂級的高速加工機，只要一個管理者就能輕鬆操作，節省您的人事開銷，不過生產時間略長，售價也不便宜。	中文	big5	1	data/Machine_type.csv@L351
最頂級的高速加工機，雖然犧牲了品質，耗材略多，但能快速將產品堆滿您的庫房。	中文	big5	1	data/Machine_type.csv@L350
最頂級的高速化工機，只要一個管理者就能輕鬆操作，節省您的人事開銷，不過生產時間略長，售價也不便宜。	中文	big5	1	data/Machine_type.csv@L231
最頂級的高速化工機，雖然犧牲了品質，耗材略多，但能快速將產品堆滿您的庫房。	中文	big5	1	data/Machine_type.csv@L230
最頂級的高速塑化機，只要一個管理者就能輕鬆操作，節省您的人事開銷，不過生產時間略長，售價也不便宜。	中文	big5	1	data/Machine_type.csv@L126
最頂級的高速塑化機，雖然犧牲了品質，耗材略多，但能快速將產品堆滿您的庫房。	中文	big5	1	data/Machine_type.csv@L125
最頂級的高速採礦機，雖然犧牲了品質，但能快速將礦產堆滿您的庫房。	中文	big5	1	data/Machine_type.csv@L50
最頂級的高速木工機，只要一個管理者就能輕鬆操作，節省您的人事開銷，不過生產時間略長，售價也不便宜。	中文	big5	1	data/Machine_type.csv@L101
最頂級的高速木工機，雖然犧牲了品質，耗材略多，但能快速將產品堆滿您的庫房。	中文	big5	1	data/Machine_type.csv@L100
最頂級的高速燒窯機，只要一個管理者就能輕鬆操作，節省您的人事開銷，不過生產時間略長，售價也不便宜。	中文	big5	1	data/Machine_type.csv@L256
最頂級的高速燒窯機，雖然犧牲了品質，耗材略多，但能快速將產品堆滿您的庫房。	中文	big5	1	data/Machine_type.csv@L255
最頂級的高速紡織機，只要一個管理者就能輕鬆操作，節省您的人事開銷，不過生產時間略長，售價也不便宜。	中文	big5	1	data/Machine_type.csv@L76
最頂級的高速紡織機，雖然犧牲了品質，耗材略多，但能快速將產品堆滿您的庫房。	中文	big5	1	data/Machine_type.csv@L75
最頂級的高速輪車機，只要一個管理者就能輕鬆操作，節省您的人事開銷，不過生產時間略長，售價也不便宜。	中文	big5	1	data/Machine_type.csv@L281
最頂級的高速輪車機，雖然犧牲了品質，耗材略多，但能快速將產品堆滿您的庫房。	中文	big5	1	data/Machine_type.csv@L280
最頂級的高速重電機，只要一個管理者就能輕鬆操作，節省您的人事開銷，不過生產時間略長，售價也不便宜。	中文	big5	1	data/Machine_type.csv@L176
最頂級的高速重電機，雖然犧牲了品質，耗材略多，但能快速將產品堆滿您的庫房。	中文	big5	1	data/Machine_type.csv@L175
最頂級的高速電子機，只要一個管理者就能輕鬆操作，節省您的人事開銷，不過生產時間略長，售價也不便宜。	中文	big5	1	data/Machine_type.csv@L151
最頂級的高速電子機，雖然犧牲了品質，耗材略多，但能快速將產品堆滿您的庫房。	中文	big5	1	data/Machine_type.csv@L150
最頂級的高速食品機，只要一個管理者就能輕鬆操作，節省您的人事開銷，不過生產時間略長，售價也不便宜。	中文	big5	1	data/Machine_type.csv@L326
最頂級的高速食品機，雖然犧牲了品質，耗材略多，但能快速將產品堆滿您的庫房。	中文	big5	1	data/Machine_type.csv@L325
最高率時生產一箱所需時間 * (工人時薪*預設工人數 + 管理者時薪*預設管理人數)	中文	big5	1	data/formula.csv@L72
有機農田機	中文	big5	1	data/Machine_type.csv@L19
服飾精品零售機	中文	big5	1	data/product1.csv@L1
木價	中文	big5	1	data/maps.csv@L1
木工機的實用型機種，製作傢俱的好幫手，如果您對產品沒什麼特別要求，重型就是最佳選擇了。	中文	big5	1	data/Machine_type.csv@L77
木指	中文	big5	1	data/maps.csv@L1
本來想買的數量 N = Desire/10000	中文	big5	1	data/formula.csv@L23
本小姐以實力證明，我可不是擺著好看的花瓶喔！我不但讓耐急開始賺錢，而且要不了多久，你們就會全部拜倒在本小姐的石榴裙下！	中文	big5	1	data/Talk.csv@L95
本廠宿舍提供人數 = 宿舍數 * S0 /C2	中文	big5	1	data/formula.csv@L40
本廠宿舍提供人數 = 宿舍數 * S0 /C5	中文	big5	1	data/formula.csv@L47
本月利息	中文	big5	1	data/Talk_idx.csv@L26
本月累計維修費	中文	big5	1	data/Talk_idx.csv@L27
本關主要在學習如何零售產品，只要零售的年營收達到300萬就過關。提示：先在市中心選購一塊小空地興建商場，完工後將紙與書桌加入採購項目中，並擺放零售機、上下貨區及棧板，招募及配置工人，然後調整工廠的銷售項目，讓紙與書桌能運到商場銷售。	中文	big5	1	data/Stages.csv@L7
本關主要目的在於學習如何利用採購的原料進行加工，只要生產15箱書桌就能完成任務。提示：在廠房內放置一台木工機，設好生產項目及棧板顏色，並在廠房中擺設足夠的棧板、為木工機配置足夠的人員，只要持續供應木材和鋁，就能生產出15箱書桌。	中文	big5	1	data/Stages.csv@L6
本關主要目的在於學習如何向其他企業進貨，只要順利購入20箱鋁就能完成任務。提示：在工廠調整採購項目，將鋁設為正常採購，同時擺上足夠的棧板，接著調整薪資增加一名外務員，在主地圖中將外務員放在鋁礦場附近，將著廠房就會開始採購鋁了。	中文	big5	1	data/Stages.csv@L5
本關主要目的在於學習如何採礦，只要生產出30箱木材就能完成任務。提示：在礦苗旁邊擺上採礦機後，僱用工人，並且分配工人到採礦機上工作，同時在廠房內擺上足夠的棧板，工人會開始採礦，並且將採出的礦放在棧板上。	中文	big5	1	data/Stages.csv@L3
本關主要目的在於學習如何蓋礦場，只要蓋好一座木材礦場就能完成任務。提示：您必須利用縮圖功能找出地圖中所有木材礦，考慮手中的現金後，購買其中一座木材礦，並且將木材礦興建成為礦場。	中文	big5	1	data/Stages.csv@L2
本關主要目的在於學習如何進行加工，只要生產出20箱的紙就能完成任務。提示：購買一台加工機，僱用管理者及工人，並且分配到加工機上，擺上合適的棧板後，機器就會開始運作，生產出來的紙將會放在您所指定顏色的棧板上。	中文	big5	1	data/Stages.csv@L4
東京	中文	big5	1	data/Citys.csv@L2
東印度群島	中文	big5	1	data/maps.csv@L7
棉花(有機)	中文	big5	1	data/product2.csv@L108
標準價	中文	big5	1	CEO.exe@RVA A2DCC
標準價公式: 在遊戲 init() 的時候就算好’ 此為批發價	中文	big5	1	data/formula.csv@L1
標準價調整:  標準價= 標準價*C5/100	中文	big5	1	data/formula.csv@L7
標準畜牧機	中文	big5	1	data/Machine_type.csv@L2
標準畜牧機的次世代機種，採用實用性較高的標準生產程序，是您生產各種肉製品的最佳選擇。	中文	big5	1	data/Machine_type.csv@L11
標準精工機	中文	big5	1	data/Machine_type.csv@L352
標準視窗	中文	big5	1	data/smapmenu.csv@L1
標準農田機	中文	big5	1	data/Machine_type.csv@L17
機器	中文	big5	1	data/smapclr.csv@L2
機器入口座標錯誤	中文	big5	1	CEO.exe@RVA A34C0
機器售價	中文	big5	1	data/Machine_type.csv@L1
機器成本= 每箱折損*維修費 /C1	中文	big5	1	data/formula.csv@L65
機器折舊:	中文	big5	1	data/formula.csv@L107
機器無法出貨累計三日	中文	big5	1	data/news.csv@L37
機器目標	中文	big5	1	data/Stages.csv@L1
橡樹(有機)	中文	big5	1	data/product2.csv@L109
檔名	中文	big5	1	data/maps.csv@L1
欠缺該原料累計三日	中文	big5	1	data/news.csv@L39
正常	中文	big5	1	data/txts.csv@L4
正常採購	中文	big5	1	data/txts.csv@L3
正常銷售	中文	big5	1	data/txts.csv@L3
武田光	中文	big5	1	data/AIInfo.csv@L2
每個「棧板」只能放一箱木材，任務目標需要做出	中文	big5	1	CEO.exe@RVA A3D88
每個空地皮或礦地每天有1/100的機率消失掉	中文	big5	1	data/formula.csv@L130
每小時 scan 一次周遭, 5x5 個 block	中文	big5	1	data/formula.csv@L30
每日增加 = (居住人口*居住人口消耗該產品量 +	中文	big5	1	data/formula.csv@L11
每日重算一次, 實際使用的是前一日的搶手度和	中文	big5	1	data/formula.csv@L32
比改良式加工機更先進的實用型機種，如果您對產品沒什麼特別要求，重型就是最佳選擇了。	中文	big5	1	data/Machine_type.csv@L337
比改良式化工機更先進的實用型機種，如果您對產品沒什麼特別要求，重型就是最佳選擇了。	中文	big5	1	data/Machine_type.csv@L217
比改良式塑化機更先進的實用型機種，如果您對產品沒什麼特別要求，重型就是最佳選擇了。	中文	big5	1	data/Machine_type.csv@L112
比改良式採礦機更先進的實用型機種，如果您對採礦沒什麼特別要求，重型就是最佳選擇了。	中文	big5	1	data/Machine_type.csv@L40
比改良式更先進的品控畜牧機，優質的生產程序，讓您的牲畜在古典樂的環境中快樂成長，雖然多花點時間，旦品質卻大幅提升。	中文	big5	1	data/Machine_type.csv@L10
比改良式更先進的品控精工機，它所提供的優質生產程序，絕對是您夢寐以求的功能，當然，這得多花您一些生產時間。	中文	big5	1	data/Machine_type.csv@L360
比改良式更先進的小型加工機，不僅能節省您寶貴的空間，售價及維修費用低廉更是它迷人之處，不過效能方面就差強人意了。	中文	big5	1	data/Machine_type.csv@L338
比改良式更先進的小型化工機，不僅能節省您寶貴的空間，售價及維修費用低廉更是它迷人之處，不過效能方面就差強人意了。	中文	big5	1	data/Machine_type.csv@L218
比改良式更先進的小型印刷機，不僅能節省您寶貴的空間，售價及維修費用低廉更是它迷人之處，不過效能方面就差強人意了。	中文	big5	1	data/Machine_type.csv@L291
比改良式更先進的小型塑化機，不僅能節省您寶貴的空間，售價及維修費用低廉更是它迷人之處，不過效能方面就差強人意了。	中文	big5	1	data/Machine_type.csv@L113
比改良式更先進的小型採礦機，不僅能節省您寶貴的空間，售價及維修費用低廉更是它迷人之處，不過效能方面就差強人意了。	中文	big5	1	data/Machine_type.csv@L41
比改良式更先進的小型木工機，不僅能節省您寶貴的空間，售價及維修費用低廉更是它迷人之處，不過效能方面就差強人意了。	中文	big5	1	data/Machine_type.csv@L88
比改良式更先進的小型燒窯機，不僅能節省您寶貴的空間，售價及維修費用低廉更是它迷人之處，不過效能方面就差強人意了。	中文	big5	1	data/Machine_type.csv@L243
比改良式更先進的小型紡織機，不僅能節省您寶貴的空間，售價及維修費用低廉更是它迷人之處，不過效能方面就差強人意了。	中文	big5	1	data/Machine_type.csv@L63
比改良式更先進的小型輪車機，不僅能節省您寶貴的空間，售價及維修費用低廉更是它迷人之處，不過效能方面就差強人意了。	中文	big5	1	data/Machine_type.csv@L268
比改良式更先進的小型重電機，不僅能節省您寶貴的空間，售價及維修費用低廉更是它迷人之處，不過效能方面就差強人意了。	中文	big5	1	data/Machine_type.csv@L163
比改良式更先進的小型電子機，不僅能節省您寶貴的空間，售價及維修費用低廉更是它迷人之處，不過效能方面就差強人意了。	中文	big5	1	data/Machine_type.csv@L138
比改良式更先進的小型食品機，不僅能節省您寶貴的空間，售價及維修費用低廉更是它迷人之處，不過效能方面就差強人意了。	中文	big5	1	data/Machine_type.csv@L313
比改良式更先進的有機農田機，採用有機的生產程序，完全不需施肥的農田機，只是生長時間較長，且農作物品質深受當地水土影響。	中文	big5	1	data/Machine_type.csv@L25
比改良式更先進的標準畜牧機，採用實用性較高的標準生產程序，是您生產各種肉製品的最佳選擇。	中文	big5	1	data/Machine_type.csv@L8
比改良式更先進的標準精工機，精品製造業使用廣泛的實用型機種，如果您對產品沒什麼特別要求，標準型就是最佳選擇了。	中文	big5	1	data/Machine_type.csv@L358
比改良式更先進的標準農田機，實現精緻農業的生產利器，採用標準生產程序，從此人類不會再為缺糧所苦。	中文	big5	1	data/Machine_type.csv@L23
比改良式更先進的省料加工機，體積雖然大了些，且需要四名員工才能操作，不過它能善用您的每分原料，讓缺料不再成為惡夢。	中文	big5	1	data/Machine_type.csv@L339
比改良式更先進的省料化工機，體積雖然大了些，且需要四名員工才能操作，不過它能善用您的每分原料，讓缺料不再成為惡夢。	中文	big5	1	data/Machine_type.csv@L219
比改良式更先進的省料印刷機，體積雖然大了些，且需要四名員工才能操作，不過它能善用您的每分原料，讓缺料不再成為惡夢。	中文	big5	1	data/Machine_type.csv@L292
比改良式更先進的省料塑化機，體積雖然大了些，且需要四名員工才能操作，不過它能善用您的每分原料，讓缺料不再成為惡夢。	中文	big5	1	data/Machine_type.csv@L114
比改良式更先進的省料木工機，體積雖然大了些，且需要四名員工才能操作，不過它能善用您的每分原料，讓缺料不再成為惡夢。	中文	big5	1	data/Machine_type.csv@L89
比改良式更先進的省料燒窯機，體積雖然大了些，且需要四名員工才能操作，不過它能善用您的每分原料，讓缺料不再成為惡夢。	中文	big5	1	data/Machine_type.csv@L244
比改良式更先進的省料紡織機，體積雖然大了些，且需要四名員工才能操作，不過它能善用您的每分原料，讓缺料不再成為惡夢。	中文	big5	1	data/Machine_type.csv@L64
比改良式更先進的省料輪車機，體積雖然大，且需要六名員工才能操作，不過它能善用您的每分原料，讓缺料不再成為惡夢。	中文	big5	1	data/Machine_type.csv@L269
比改良式更先進的省料重電機，體積雖然大了些，且需要四名員工才能操作，不過它能善用您的每分原料，讓缺料不再成為惡夢。	中文	big5	1	data/Machine_type.csv@L164
比改良式更先進的省料電子機，體積雖然大了些，且需要四名員工才能操作，不過它能善用您的每分原料，讓缺料不再成為惡夢。	中文	big5	1	data/Machine_type.csv@L139
比改良式更先進的省料食品機，體積雖然大了些，且需要四名員工才能操作，不過它能善用您的每分原料，讓缺料不再成為惡夢。	中文	big5	1	data/Machine_type.csv@L314
比改良式更先進的自動加工機，只要一個管理者就能輕鬆操作，節省您的人事開銷，不過生產時間略長，售價也不便宜。	中文	big5	1	data/Machine_type.csv@L341
比改良式更先進的自動化工機，只要一個管理者就能輕鬆操作，節省您的人事開銷，不過生產時間略長，售價也不便宜。	中文	big5	1	data/Machine_type.csv@L221
比改良式更先進的自動印刷機，只要一個管理者就能輕鬆操作，節省您的人事開銷，不過生產時間略長，售價也不便宜。	中文	big5	1	data/Machine_type.csv@L293
比改良式更先進的自動塑化機，只要一個管理者就能輕鬆操作，節省您的人事開銷，不過生產時間略長，售價也不便宜。	中文	big5	1	data/Machine_type.csv@L116
比改良式更先進的自動採礦機，只要一個工人就能輕鬆操作，大幅節省您的人事開銷，不過售價可不便宜。	中文	big5	1	data/Machine_type.csv@L43
比改良式更先進的自動木工機，只要一個管理者就能輕鬆操作，節省您的人事開銷，不過生產時間略長，售價也不便宜。	中文	big5	1	data/Machine_type.csv@L91
比改良式更先進的自動燒窯機，只要一個管理者就能輕鬆操作，節省您的人事開銷，不過生產時間略長，售價也不便宜。	中文	big5	1	data/Machine_type.csv@L246
比改良式更先進的自動紡織機，只要一個管理者就能輕鬆操作，節省您的人事開銷，不過生產時間略長，售價也不便宜。	中文	big5	1	data/Machine_type.csv@L66
比改良式更先進的自動輪車機，只要一個管理者就能輕鬆操作，節省您的人事開銷，不過生產時間略長，售價也不便宜。	中文	big5	1	data/Machine_type.csv@L271
比改良式更先進的自動重電機，只要一個管理者就能輕鬆操作，節省您的人事開銷，不過生產時間略長，售價也不便宜。	中文	big5	1	data/Machine_type.csv@L166
比改良式更先進的自動電子機，只要一個管理者就能輕鬆操作，節省您的人事開銷，不過生產時間略長，售價也不便宜。	中文	big5	1	data/Machine_type.csv@L141
比改良式更先進的自動食品機，只要一個管理者就能輕鬆操作，節省您的人事開銷，不過生產時間略長，售價也不便宜。	中文	big5	1	data/Machine_type.csv@L316
比改良式更先進的重型印刷機，出版業不可或缺的生財工具，如果您對產品沒什麼特別要求，重型就是最佳選擇了。	中文	big5	1	data/Machine_type.csv@L290
比改良式更先進的高速加工機，雖然犧牲了品質，耗材略多，但能快速將產品堆滿您的庫房。	中文	big5	1	data/Machine_type.csv@L340
比改良式更先進的高速化工機，雖然犧牲了品質，耗材略多，但能快速將產品堆滿您的庫房。	中文	big5	1	data/Machine_type.csv@L220
比改良式更先進的高速塑化機，雖然犧牲了品質，耗材略多，但能快速將產品堆滿您的庫房。	中文	big5	1	data/Machine_type.csv@L115
比改良式更先進的高速採礦機，雖然犧牲了品質，但能快速將礦產堆滿您的庫房。	中文	big5	1	data/Machine_type.csv@L42
比改良式更先進的高速木工機，雖然犧牲了品質，耗材略多，但能快速將產品堆滿您的庫房。	中文	big5	1	data/Machine_type.csv@L90
比改良式更先進的高速燒窯機，雖然犧牲了品質，耗材略多，但能快速將產品堆滿您的庫房。	中文	big5	1	data/Machine_type.csv@L245
比改良式更先進的高速畜牧機，使用更多飼料，並注射生長激素加快牲畜的生長速度，雖然品質略受影響，但能達到量產目標。	中文	big5	1	data/Machine_type.csv@L9
比改良式更先進的高速精工機，雖然降低了品質，且耗材較多，但傲人的生產速度，絕對能解決您供貨不及的困擾。	中文	big5	1	data/Machine_type.csv@L359
比改良式更先進的高速紡織機，雖然犧牲了品質，耗材略多，但能快速將產品堆滿您的庫房。	中文	big5	1	data/Machine_type.csv@L65
比改良式更先進的高速輪車機，雖然犧牲了品質，耗材略多，但能快速將產品堆滿您的庫房。	中文	big5	1	data/Machine_type.csv@L270
比改良式更先進的高速農田機，增加日照時間，大量施肥以縮短農作物的生長期，雖然品質略受影響，但傲人的生長速度讓您能提前豐收。	中文	big5	1	data/Machine_type.csv@L24
比改良式更先進的高速重電機，雖然犧牲了品質，耗材略多，但能快速將產品堆滿您的庫房。	中文	big5	1	data/Machine_type.csv@L165
比改良式更先進的高速電子機，雖然犧牲了品質，耗材略多，但能快速將產品堆滿您的庫房。	中文	big5	1	data/Machine_type.csv@L140
比改良式更先進的高速食品機，雖然犧牲了品質，耗材略多，但能快速將產品堆滿您的庫房。	中文	big5	1	data/Machine_type.csv@L315
比改良式木工機更先進的實用型機種，製作傢俱的好幫手，如果您對產品沒什麼特別要求，重型就是最佳選擇了。	中文	big5	1	data/Machine_type.csv@L87
比改良式燒窯機更先進的實用型機種，如果您對產品沒什麼特別要求，重型就是最佳選擇了。	中文	big5	1	data/Machine_type.csv@L242
比改良式紡織機更先進的實用型機種，如果您對產品沒什麼特別要求，重型就是最佳選擇了。	中文	big5	1	data/Machine_type.csv@L62
比改良式輪車機更先進的實用型機種，造車工業的最佳良伴，如果您對產品沒什麼特別要求，重型就是最佳選擇了。	中文	big5	1	data/Machine_type.csv@L267
比改良式重電機更先進的實用型機種，如果您對產品沒什麼特別要求，重型就是最佳選擇了。	中文	big5	1	data/Machine_type.csv@L162
比改良式電子機更先進的實用型機種，如果您對產品沒什麼特別要求，重型就是最佳選擇了。	中文	big5	1	data/Machine_type.csv@L137
比改良式食品機更先進的實用型機種，食品業不可或缺的生財工具，如果您對產品沒什麼特別要求，重型就是最佳選擇了。	中文	big5	1	data/Machine_type.csv@L312
比爾XP	中文	big5	1	data/AIInfo.csv@L6
毛料(優質)	中文	big5	1	data/product2.csv@L116
民房種類	中文	big5	1	data/building.csv@L69
民房總數 = sqrt(sqrt(整個城市各企業的總不動產)) * 地圖面積 / C3 + C1	中文	big5	1	data/formula.csv@L132
水土分布	中文	big5	1	data/smapmenu.csv@L1
水濕度	中文	big5	1	data/txts.csv@L1
沒利潤	中文	big5	1	CEO.exe@RVA A2D68
沒想到你這個窮鬼也生產出了 %s ，不過比財力我武田光可不會輸你，等著關門大吉吧，哈哈哈！	中文	big5	1	data/Talk.csv@L33
沒想到我武田光家財萬貫，竟然也會遭到倒閉的命運，我不甘心啊！	中文	big5	1	data/Talk.csv@L101
沒錯！風力富已經開始營運了，我是正當生意人，你們這些油膩的臭男人別想用骯髒手段陷害我！	中文	big5	1	data/Talk.csv@L5
沙地	中文	big5	1	data/smapclr.csv@L21
油價	中文	big5	1	data/maps.csv@L1
油指	中文	big5	1	data/maps.csv@L1
洛杉磯	中文	big5	1	data/Citys.csv@L15
活動人口需求	中文	big5	1	data/product1.csv@L1
海水	中文	big5	1	data/smapclr.csv@L58
消失年代	中文	big5	1	data/People_type.csv@L1
消費人吸引力	中文	big5	1	data/building.csv@L93
消費導向	中文	big5	1	data/AIInfo.csv@L3
消費指數	中文	big5	1	data/Stages.csv@L1
消費者的聲音我聽到了，除了微硬，他們找不到值得信賴的品牌，你說微硬能不加入 %s 的生產行列嗎？	中文	big5	1	data/Talk.csv@L54
淡水	中文	big5	1	data/smapclr.csv@L57
清償所有貸款	中文	big5	1	data/txts.csv@L18
清償貸款目標	中文	big5	1	data/Stages.csv@L1
準備開始採木材礦，讓我們先買一台「採礦機」。點選右下的「齒輪」進入購買設備選單。	中文	big5	1	CEO.exe@RVA A3F58
滿意度目標	中文	big5	1	data/Stages.csv@L1
澎湖群島	中文	big5	1	data/maps.csv@L2
澳洲	中文	big5	1	data/maps.csv@L10
煤價	中文	big5	1	data/maps.csv@L1
煤指	中文	big5	1	data/maps.csv@L1
燒窯機的實用型機種，如果您對產品沒什麼特別要求，重型就是最佳選擇了。	中文	big5	1	data/Machine_type.csv@L232
營造	中文	big5	1	data/txts.csv@L5
獲得獎勵金人氣商場數量*10000	中文	big5	1	data/formula.csv@L150
獲得獎勵金員工數量*1000	中文	big5	1	data/formula.csv@L151
獲得獎勵金商場數量*10000	中文	big5	1	data/formula.csv@L149
獲得獎勵金工廠數量*10000	中文	big5	1	data/formula.csv@L146
獲得獎勵金礦場數量*10000	中文	big5	1	data/formula.csv@L145
獲得獎勵金科技農場數量*10000	中文	big5	1	data/formula.csv@L148
獲得獎勵金該產品月產量*1000	中文	big5	1	data/formula.csv@L152
獲得獎勵金農場數量*10000	中文	big5	1	data/formula.csv@L147
玩家廠房缺料	中文	big5	1	data/Talk_idx.csv@L20
玩家用色	中文	big5	1	data/news.csv@L1
玩家資金	中文	big5	1	data/Stages.csv@L1
玩家開始生產某項AI已有生產的產品時	中文	big5	1	data/Talk_idx.csv@L4
玩家開始銷售某項AI已在銷售的產品時	中文	big5	1	data/Talk_idx.csv@L6
現金目標	中文	big5	1	data/Stages.csv@L1
生奶(優質)	中文	big5	1	data/product2.csv@L115
生產三十箱木材	中文	big5	1	data/txts.csv@L25
生產二十箱紙	中文	big5	1	data/txts.csv@L26
生產出%s	中文	big5	1	data/txts.csv@L12
生產十五箱書桌	中文	big5	1	data/txts.csv@L28
生產技術先進	中文	big5	1	data/AIInfo.csv@L6
生產目標	中文	big5	1	data/product1.csv@L1
產品(機器)系列	中文	big5	1	data/Machine_type.csv@L1
產品10品控	中文	big5	1	data/Machine_type.csv@L1
產品10用料	中文	big5	1	data/Machine_type.csv@L1
產品10維修	中文	big5	1	data/Machine_type.csv@L1
產品10難度	中文	big5	1	data/Machine_type.csv@L1
產品11品控	中文	big5	1	data/Machine_type.csv@L1
產品11用料	中文	big5	1	data/Machine_type.csv@L1
產品11維修	中文	big5	1	data/Machine_type.csv@L1
產品11難度	中文	big5	1	data/Machine_type.csv@L1
產品12品控	中文	big5	1	data/Machine_type.csv@L1
產品12用料	中文	big5	1	data/Machine_type.csv@L1
產品12維修	中文	big5	1	data/Machine_type.csv@L1
產品12難度	中文	big5	1	data/Machine_type.csv@L1
產品13品控	中文	big5	1	data/Machine_type.csv@L1
產品13用料	中文	big5	1	data/Machine_type.csv@L1
產品13維修	中文	big5	1	data/Machine_type.csv@L1
產品13難度	中文	big5	1	data/Machine_type.csv@L1
產品14品控	中文	big5	1	data/Machine_type.csv@L1
產品14用料	中文	big5	1	data/Machine_type.csv@L1
產品14維修	中文	big5	1	data/Machine_type.csv@L1
產品14難度	中文	big5	1	data/Machine_type.csv@L1
產品15品控	中文	big5	1	data/Machine_type.csv@L1
產品15用料	中文	big5	1	data/Machine_type.csv@L1
產品15維修	中文	big5	1	data/Machine_type.csv@L1
產品15難度	中文	big5	1	data/Machine_type.csv@L1
產品16品控	中文	big5	1	data/Machine_type.csv@L1
產品16用料	中文	big5	1	data/Machine_type.csv@L1
產品16維修	中文	big5	1	data/Machine_type.csv@L1
產品16難度	中文	big5	1	data/Machine_type.csv@L1
產品17品控	中文	big5	1	data/Machine_type.csv@L1
產品17用料	中文	big5	1	data/Machine_type.csv@L1
產品17維修	中文	big5	1	data/Machine_type.csv@L1
產品17難度	中文	big5	1	data/Machine_type.csv@L1
產品18品控	中文	big5	1	data/Machine_type.csv@L1
產品18用料	中文	big5	1	data/Machine_type.csv@L1
產品18維修	中文	big5	1	data/Machine_type.csv@L1
產品18難度	中文	big5	1	data/Machine_type.csv@L1
產品19品控	中文	big5	1	data/Machine_type.csv@L1
產品19用料	中文	big5	1	data/Machine_type.csv@L1
產品19維修	中文	big5	1	data/Machine_type.csv@L1
產品19難度	中文	big5	1	data/Machine_type.csv@L1
產品1品控	中文	big5	1	data/Machine_type.csv@L1
產品1用料	中文	big5	1	data/Machine_type.csv@L1
產品1維修	中文	big5	1	data/Machine_type.csv@L1
產品1難度	中文	big5	1	data/Machine_type.csv@L1
產品20品控	中文	big5	1	data/Machine_type.csv@L1
產品20用料	中文	big5	1	data/Machine_type.csv@L1
產品20維修	中文	big5	1	data/Machine_type.csv@L1
產品20難度	中文	big5	1	data/Machine_type.csv@L1
產品2品控	中文	big5	1	data/Machine_type.csv@L1
產品2用料	中文	big5	1	data/Machine_type.csv@L1
產品2維修	中文	big5	1	data/Machine_type.csv@L1
產品2難度	中文	big5	1	data/Machine_type.csv@L1
產品3品控	中文	big5	1	data/Machine_type.csv@L1
產品3用料	中文	big5	1	data/Machine_type.csv@L1
產品3維修	中文	big5	1	data/Machine_type.csv@L1
產品3難度	中文	big5	1	data/Machine_type.csv@L1
產品4品控	中文	big5	1	data/Machine_type.csv@L1
產品4用料	中文	big5	1	data/Machine_type.csv@L1
產品4維修	中文	big5	1	data/Machine_type.csv@L1
產品4難度	中文	big5	1	data/Machine_type.csv@L1
產品5品控	中文	big5	1	data/Machine_type.csv@L1
產品5用料	中文	big5	1	data/Machine_type.csv@L1
產品5維修	中文	big5	1	data/Machine_type.csv@L1
產品5難度	中文	big5	1	data/Machine_type.csv@L1
產品6品控	中文	big5	1	data/Machine_type.csv@L1
產品6用料	中文	big5	1	data/Machine_type.csv@L1
產品6維修	中文	big5	1	data/Machine_type.csv@L1
產品6難度	中文	big5	1	data/Machine_type.csv@L1
產品7品控	中文	big5	1	data/Machine_type.csv@L1
產品7用料	中文	big5	1	data/Machine_type.csv@L1
產品7維修	中文	big5	1	data/Machine_type.csv@L1
產品7難度	中文	big5	1	data/Machine_type.csv@L1
產品8品控	中文	big5	1	data/Machine_type.csv@L1
產品8用料	中文	big5	1	data/Machine_type.csv@L1
產品8維修	中文	big5	1	data/Machine_type.csv@L1
產品8難度	中文	big5	1	data/Machine_type.csv@L1
產品9品控	中文	big5	1	data/Machine_type.csv@L1
產品9用料	中文	big5	1	data/Machine_type.csv@L1
產品9維修	中文	big5	1	data/Machine_type.csv@L1
產品9難度	中文	big5	1	data/Machine_type.csv@L1
產品供需	中文	big5	1	data/smapmenu.csv@L1
產品問世目標	中文	big5	1	data/Stages.csv@L1
產品目標	中文	big5	1	data/Stages.csv@L1
產品編號	中文	big5	1	data/product2.csv@L1
產業年營收	中文	big5	1	data/Stages.csv@L1
產業目標	中文	big5	1	data/Stages.csv@L1
當地汽車工業一直受到歐美及日本的強勢壟斷而難有進展，您的企業受到政府大力贊助，目標是在本世紀結束前，設法從無到有，生產出第一輛品質90以上的國產汽車！	中文	big5	1	data/Stages.csv@L13
當外務員報到時，需要離開工廠界面回到世界地圖來指派外務員的拜訪目標。	中文	big5	1	CEO.exe@RVA A3A68
當空地皮不足額時, 每天冒出0~2個空地皮	中文	big5	1	data/formula.csv@L122
當資金低於1000萬時	中文	big5	1	data/Talk_idx.csv@L13
當資金低於100萬時	中文	big5	1	data/Talk_idx.csv@L14
當資金為負時	中文	big5	1	data/Talk_idx.csv@L15
發光ICON	中文	big5	1	data/Machine_type.csv@L1
發呆圖	中文	big5	1	data/People_type.csv@L1
發生時間	中文	big5	1	data/Talk_idx.csv@L1
的倍數	中文	big5	1	CEO.exe@RVA A2F7F
皇家住宅大廈(5層)	中文	big5	1	data/smapclr.csv@L49
皮革(優質)	中文	big5	1	data/product2.csv@L114
目前總數	中文	big5	1	CEO.exe@RVA A2DE1
目標文字	中文	big5	1	data/Stages.csv@L1
相機(優質)	中文	big5	1	data/product2.csv@L121
省料加工機	中文	big5	1	data/Machine_type.csv@L329
省料化工機	中文	big5	1	data/Machine_type.csv@L209
省料印刷機	中文	big5	1	data/Machine_type.csv@L284
省料塑化機	中文	big5	1	data/Machine_type.csv@L104
省料晶圓機	中文	big5	1	data/Machine_type.csv@L194
省料木工機	中文	big5	1	data/Machine_type.csv@L79
省料燒窯機	中文	big5	1	data/Machine_type.csv@L234
省料紡織機	中文	big5	1	data/Machine_type.csv@L54
省料輪車機	中文	big5	1	data/Machine_type.csv@L259
省料重電機	中文	big5	1	data/Machine_type.csv@L154
省料電子機	中文	big5	1	data/Machine_type.csv@L129
省料電腦機	中文	big5	1	data/Machine_type.csv@L179
省料食品機	中文	big5	1	data/Machine_type.csv@L304
看你這麼辛苦，我決定幫你一把，就從 %s 開始，建立企業之間的互助關係吧！	中文	big5	1	data/Talk.csv@L52
看你開始賣起 %s 真是為你擔心啊！憑我們的交情在此奉勸你，千萬別一錯再錯啦！	中文	big5	1	data/Talk.csv@L66
看看你生產的 %s ，和單菱的產品比起來簡直像是玩具，這樣也敢拿出來獻寶，哈哈哈！	中文	big5	1	data/Talk.csv@L32
看過今天報紙了嗎？單菱也開始生產 %s 了，憑我武田的財力魄力，你等著關門大吉吧，哈哈哈！	中文	big5	1	data/Talk.csv@L47
看過今天晚間新聞了嗎？單菱的 %s 開始零售了，憑我武田傲人的財力，你還是趕快把生意給收了吧，哈哈哈！	中文	big5	1	data/Talk.csv@L75
真實人力成本 = 機器上次產出貨物後到此次產出貨物間花掉的所有人事費用	中文	big5	1	data/formula.csv@L68
矽價	中文	big5	1	data/maps.csv@L1
矽指	中文	big5	1	data/maps.csv@L1
礦地	中文	big5	1	data/smapclr.csv@L56
礦地管理	中文	big5	1	data/formula.csv@L126
礦場 2x2	中文	big5	1	data/build_relation.csv@L41
礦場 3x3	中文	big5	1	data/build_relation.csv@L42
礦場 4x4	中文	big5	1	data/build_relation.csv@L43
礦場名	中文	big5	1	data/txts.csv@L34
礦場地板	中文	big5	1	data/smapclr.csv@L18
礦場礦源採完	中文	big5	1	data/Talk_idx.csv@L18
礦源	中文	big5	1	data/smapclr.csv@L9
礦源增加10%-30%	中文	big5	1	data/formula.csv@L143
礦源減少10%-30%	中文	big5	1	data/formula.csv@L144
礦物與植物的 標準價 = 給定的數值 , 每關可不同	中文	big5	1	data/formula.csv@L2
礦的名稱	中文	big5	1	data/Talk_idx.csv@L18
禽流感風暴終於遠離，但雞蛋缺乏已成為當地孩童營養不良的主因，特區政府提供了廠房及資金，希望您能夠盡快生產出1000箱雞蛋，協助孩童們恢復昔日笑容！	中文	big5	1	data/Stages.csv@L14
科技品控畜牧機	中文	big5	1	data/Machine_type.csv@L13
科技品控精工機	中文	big5	1	data/Machine_type.csv@L363
科技小型加工機	中文	big5	1	data/Machine_type.csv@L343
科技小型化工機	中文	big5	1	data/Machine_type.csv@L223
科技小型印刷機	中文	big5	1	data/Machine_type.csv@L295
科技小型塑化機	中文	big5	1	data/Machine_type.csv@L118
科技小型採礦機	中文	big5	1	data/Machine_type.csv@L45
科技小型晶圓機	中文	big5	1	data/Machine_type.csv@L198
科技小型木工機	中文	big5	1	data/Machine_type.csv@L93
科技小型燒窯機	中文	big5	1	data/Machine_type.csv@L248
科技小型紡織機	中文	big5	1	data/Machine_type.csv@L68
科技小型輪車機	中文	big5	1	data/Machine_type.csv@L273
科技小型重電機	中文	big5	1	data/Machine_type.csv@L168
科技小型電子機	中文	big5	1	data/Machine_type.csv@L143
科技小型電腦機	中文	big5	1	data/Machine_type.csv@L183
科技小型食品機	中文	big5	1	data/Machine_type.csv@L318
科技智慧化工機	中文	big5	1	data/Machine_type.csv@L226
科技有機農田機	中文	big5	1	data/Machine_type.csv@L28
科技標準畜牧機	中文	big5	1	data/Machine_type.csv@L11
科技標準精工機	中文	big5	1	data/Machine_type.csv@L361
科技標準農田機	中文	big5	1	data/Machine_type.csv@L26
科技省料加工機	中文	big5	1	data/Machine_type.csv@L344
科技省料化工機	中文	big5	1	data/Machine_type.csv@L224
科技省料印刷機	中文	big5	1	data/Machine_type.csv@L296
科技省料塑化機	中文	big5	1	data/Machine_type.csv@L119
科技省料晶圓機	中文	big5	1	data/Machine_type.csv@L199
科技省料木工機	中文	big5	1	data/Machine_type.csv@L94
科技省料燒窯機	中文	big5	1	data/Machine_type.csv@L249
科技省料紡織機	中文	big5	1	data/Machine_type.csv@L69
科技省料輪車機	中文	big5	1	data/Machine_type.csv@L274
科技省料重電機	中文	big5	1	data/Machine_type.csv@L169
科技省料電子機	中文	big5	1	data/Machine_type.csv@L144
科技省料電腦機	中文	big5	1	data/Machine_type.csv@L184
科技省料食品機	中文	big5	1	data/Machine_type.csv@L319
科技自動加工機	中文	big5	1	data/Machine_type.csv@L346
科技自動印刷機	中文	big5	1	data/Machine_type.csv@L297
科技自動塑化機	中文	big5	1	data/Machine_type.csv@L121
科技自動採礦機	中文	big5	1	data/Machine_type.csv@L47
科技自動晶圓機	中文	big5	1	data/Machine_type.csv@L201
科技自動木工機	中文	big5	1	data/Machine_type.csv@L96
科技自動燒窯機	中文	big5	1	data/Machine_type.csv@L251
科技自動紡織機	中文	big5	1	data/Machine_type.csv@L71
科技自動輪車機	中文	big5	1	data/Machine_type.csv@L276
科技自動重電機	中文	big5	1	data/Machine_type.csv@L171
科技自動電子機	中文	big5	1	data/Machine_type.csv@L146
科技自動電腦機	中文	big5	1	data/Machine_type.csv@L186
科技自動食品機	中文	big5	1	data/Machine_type.csv@L321
科技農場 2x2	中文	big5	1	data/build_relation.csv@L39
科技農場 4x4	中文	big5	1	data/build_relation.csv@L40
科技農場地板	中文	big5	1	data/smapclr.csv@L17
科技農廠	中文	big5	1	data/smapmenu.csv@L6
科技重型加工機	中文	big5	1	data/Machine_type.csv@L342
科技重型化工機	中文	big5	1	data/Machine_type.csv@L222
科技重型印刷機	中文	big5	1	data/Machine_type.csv@L294
科技重型塑化機	中文	big5	1	data/Machine_type.csv@L117
科技重型採礦機	中文	big5	1	data/Machine_type.csv@L44
科技重型晶圓機	中文	big5	1	data/Machine_type.csv@L197
科技重型木工機	中文	big5	1	data/Machine_type.csv@L92
科技重型燒窯機	中文	big5	1	data/Machine_type.csv@L247
科技重型紡織機	中文	big5	1	data/Machine_type.csv@L67
科技重型輪車機	中文	big5	1	data/Machine_type.csv@L272
科技重型重電機	中文	big5	1	data/Machine_type.csv@L167
科技重型電子機	中文	big5	1	data/Machine_type.csv@L142
科技重型電腦機	中文	big5	1	data/Machine_type.csv@L182
科技重型食品機	中文	big5	1	data/Machine_type.csv@L317
科技高速加工機	中文	big5	1	data/Machine_type.csv@L345
科技高速化工機	中文	big5	1	data/Machine_type.csv@L225
科技高速塑化機	中文	big5	1	data/Machine_type.csv@L120
科技高速採礦機	中文	big5	1	data/Machine_type.csv@L46
科技高速晶圓機	中文	big5	1	data/Machine_type.csv@L200
科技高速木工機	中文	big5	1	data/Machine_type.csv@L95
科技高速燒窯機	中文	big5	1	data/Machine_type.csv@L250
科技高速畜牧機	中文	big5	1	data/Machine_type.csv@L12
科技高速精工機	中文	big5	1	data/Machine_type.csv@L362
科技高速紡織機	中文	big5	1	data/Machine_type.csv@L70
科技高速輪車機	中文	big5	1	data/Machine_type.csv@L275
科技高速農田機	中文	big5	1	data/Machine_type.csv@L27
科技高速重電機	中文	big5	1	data/Machine_type.csv@L170
科技高速電子機	中文	big5	1	data/Machine_type.csv@L145
科技高速電腦機	中文	big5	1	data/Machine_type.csv@L185
科技高速食品機	中文	big5	1	data/Machine_type.csv@L320
程序編號	中文	big5	1	data/product2.csv@L1
程序編號1	中文	big5	1	data/Machine_group.csv@L1
程序編號10	中文	big5	1	data/Machine_group.csv@L1
程序編號11	中文	big5	1	data/Machine_group.csv@L1
程序編號12	中文	big5	1	data/Machine_group.csv@L1
程序編號13	中文	big5	1	data/Machine_group.csv@L1
程序編號14	中文	big5	1	data/Machine_group.csv@L1
程序編號15	中文	big5	1	data/Machine_group.csv@L1
程序編號16	中文	big5	1	data/Machine_group.csv@L1
程序編號17	中文	big5	1	data/Machine_group.csv@L1
程序編號18	中文	big5	1	data/Machine_group.csv@L1
程序編號19	中文	big5	1	data/Machine_group.csv@L1
程序編號2	中文	big5	1	data/Machine_group.csv@L1
程序編號20	中文	big5	1	data/Machine_group.csv@L1
程序編號3	中文	big5	1	data/Machine_group.csv@L1
程序編號4	中文	big5	1	data/Machine_group.csv@L1
程序編號5	中文	big5	1	data/Machine_group.csv@L1
程序編號6	中文	big5	1	data/Machine_group.csv@L1
程序編號7	中文	big5	1	data/Machine_group.csv@L1
程序編號8	中文	big5	1	data/Machine_group.csv@L1
程序編號9	中文	big5	1	data/Machine_group.csv@L1
種類	中文	big5	1	data/People_type.csv@L1
稻米(有機)	中文	big5	1	data/product2.csv@L113
空地皮管理	中文	big5	1	data/formula.csv@L119
競爭優勢	中文	big5	1	data/AIInfo.csv@L1
競爭策略	中文	big5	1	data/AIInfo.csv@L1
等級	中文	big5	1	data/news.csv@L1
管操1X	中文	big5	1	data/Machine_type.csv@L1
管操1Y	中文	big5	1	data/Machine_type.csv@L1
管操1時間	中文	big5	1	data/Machine_type.csv@L1
管操2X	中文	big5	1	data/Machine_type.csv@L1
管操2Y	中文	big5	1	data/Machine_type.csv@L1
管操2時間	中文	big5	1	data/Machine_type.csv@L1
管操3X	中文	big5	1	data/Machine_type.csv@L1
管操3Y	中文	big5	1	data/Machine_type.csv@L1
管操3時間	中文	big5	1	data/Machine_type.csv@L1
管操4X	中文	big5	1	data/Machine_type.csv@L1
管操4Y	中文	big5	1	data/Machine_type.csv@L1
管操4時間	中文	big5	1	data/Machine_type.csv@L1
管理人:	中文	big5	1	data/formula.csv@L35
管理人數	中文	big5	1	data/Machine_type.csv@L1
管理者吸引力調整	中文	big5	1	data/formula.csv@L157
管理者罷工一個月	中文	big5	1	data/formula.csv@L142
箱木材，所以至少需要	中文	big5	1	CEO.exe@RVA A3DB6
節省原料的加工機，體積雖然大了些，且需要四名員工才能操作，不過它能善用您的每分原料，讓缺料不再成為惡夢。	中文	big5	1	data/Machine_type.csv@L329
節省原料的化工機，體積雖然大了些，且需要四名員工才能操作，不過它能善用您的每分原料，讓缺料不再成為惡夢。	中文	big5	1	data/Machine_type.csv@L209
節省原料的印刷機，體積雖然大了些，且需要四名員工才能操作，不過它能善用您的每分原料，讓缺料不再成為惡夢。	中文	big5	1	data/Machine_type.csv@L284
節省原料的塑化機，體積雖然大了些，且需要四名員工才能操作，不過它能善用您的每分原料，讓缺料不再成為惡夢。	中文	big5	1	data/Machine_type.csv@L104
節省原料的晶圓製造機，體積雖然大了些，且需要四名員工才能操作，不過您的每分原料都將充分被運用，降低原料供應不足的風險。	中文	big5	1	data/Machine_type.csv@L194
節省原料的木工機，體積雖然大了些，且需要四名員工才能操作，不過它能善用您的每分原料，讓缺料不再成為惡夢。	中文	big5	1	data/Machine_type.csv@L79
節省原料的燒窯機，體積雖然大了些，且需要四名員工才能操作，不過它能善用您的每分原料，讓缺料不再成為惡夢。	中文	big5	1	data/Machine_type.csv@L234
節省原料的紡織機，體積雖然大了些，且需要四名員工才能操作，不過它能善用您的每分原料，讓缺料不再成為惡夢。	中文	big5	1	data/Machine_type.csv@L54
節省原料的輪車機，體積雖然大，且需要六名員工才能操作，不過它能善用您的每分原料，讓缺料不再成為惡夢。	中文	big5	1	data/Machine_type.csv@L259
節省原料的重電機，體積雖然大了些，且需要四名員工才能操作，不過它能善用您的每分原料，讓缺料不再成為惡夢。	中文	big5	1	data/Machine_type.csv@L154
節省原料的電子機，體積雖然大了些，且需要四名員工才能操作，不過它能善用您的每分原料，讓缺料不再成為惡夢。	中文	big5	1	data/Machine_type.csv@L129
節省原料的電腦製造機，體積雖然大了些，且需要四名員工才能操作，不過您的每分原料都將充分被運用，降低原料供應不足的風險。	中文	big5	1	data/Machine_type.csv@L179
節省原料的食品機，體積雖然大了些，且需要四名員工才能操作，不過它能善用您的每分原料，讓缺料不再成為惡夢。	中文	big5	1	data/Machine_type.csv@L304
紅土	中文	big5	1	data/txts.csv@L3
紐約	中文	big5	1	data/Citys.csv@L6
紡織機的實用型機種，如果您對產品沒什麼特別要求，重型就是最佳選擇了。	中文	big5	1	data/Machine_type.csv@L52
紡織類	中文	big5	1	data/AIInfo.csv@L3
累計需求	中文	big5	1	CEO.exe@RVA A2DBC
細明體	中文	big5	1	CEO.exe@RVA B3988
結帳時間	中文	big5	1	data/product1.csv@L1
結束	中文	big5	1	data/Stages.csv@L1
結束年代	中文	big5	1	data/Machine_type.csv@L1
經理， %s 內的 %d 已全部開採完畢了，是不是該去處理礦場內採礦機，並找尋新的礦源呢？	中文	big5	1	data/Talk.csv@L137
經理， %s 內的 %d 已全部開採完畢了，現在該去重新調整進出貨流程，以免造成其他相關生產線的中斷喔！	中文	big5	1	data/Talk.csv@L138
經理， %s 向外採購 %s 的價格似乎偏低，是否要提高批售價格以增加產品的獲利？	中文	big5	1	data/Talk.csv@L151
經理， %s 向外採購 %s 的價格似乎偏高，是否要降低批售價格以增加產品的競爭力？	中文	big5	1	data/Talk.csv@L149
經理， %s 因原料不足而影響生產，如果不儘速處理，可能會造成虧損喔！	中文	big5	1	data/Talk.csv@L142
經理， %s 因原料不足而影響生產，是否應前往調整該廠房的進出貨設定？	中文	big5	1	data/Talk.csv@L141
經理， %s 已順利完工，公司的實力必將因此而獲得提昇！	中文	big5	1	data/Talk.csv@L147
經理， %s 已順利完工，可以開始啟用新廠房了！	中文	big5	1	data/Talk.csv@L143
經理， %s 已順利完工，就讓新廠房為公司獲取更多利益吧！	中文	big5	1	data/Talk.csv@L146
經理， %s 已順利完工，現在就讓新廠房開始運作吧！	中文	big5	1	data/Talk.csv@L144
經理， %s 已順利完工，相信對於公司的運作將大有助益！	中文	big5	1	data/Talk.csv@L145
經理， %s 廠房內的棧板已全部堆滿了，員工無法繼續工作，是不是該增加新棧板或忍痛移除一些貨物呢？	中文	big5	1	data/Talk.csv@L135
經理， %s 廠房內的棧板已全部堆滿了，如果不設法增加新棧板或移除貨物，可能會影響廠房的運作喔！	中文	big5	1	data/Talk.csv@L136
經理， %s 所設定的 %s 批售價似乎偏低，這樣會減少產品的獲利喔！	中文	big5	1	data/Talk.csv@L150
經理， %s 所設定的 %s 批售價似乎偏高，這樣會降低產品在市場中的競爭力喔！	中文	big5	1	data/Talk.csv@L148
經理， %s 所購買的 %s 被等的不耐煩的貨車司機丟棄了，可能是卸貨人手不足或上下貨區不敷使用，請設法處理！	中文	big5	1	data/Talk.csv@L140
經理， %s 所購買的 %s 被等的不耐煩的貨車司機丟棄了，或許應該增設新的上下貨區了！	中文	big5	1	data/Talk.csv@L139
經理， %s 所零售的 %s 似乎賣的太便宜了，這樣會不會不敷成本呢？	中文	big5	1	data/Talk.csv@L154
經理， %s 所零售的 %s 似乎賣的太便宜了，雖然消費者很滿意，但是公司獲益可能會因此而減少喔！	中文	big5	1	data/Talk.csv@L155
經理， %s 所零售的 %s 價格似乎偏高，客服部門已經接到很多消費者打來的抗議電話了！	中文	big5	1	data/Talk.csv@L153
經理， %s 所零售的 %s 價格似乎偏高，這樣會降低消費者的購買意願喔！	中文	big5	1	data/Talk.csv@L152
經理， %s 的員工人數不足，如果不設法調高員工薪資或設置員工宿舍，可能會一直徵不到人。	中文	big5	1	data/Talk.csv@L134
經理， %s 的員工人數不足，已嚴重影響廠房運作，是不是該調高員工薪資或設置員工宿舍設法解決？	中文	big5	1	data/Talk.csv@L133
經理，報告您一個好消息，我們開發出了新產品 %s ，看來今年的業績將會突飛猛進！	中文	big5	1	data/Talk.csv@L11
經理，我們上年度的淨利結算結果為 %d 元，人家可不可以先預支下個月的薪水呢？	中文	big5	1	data/Talk.csv@L118
經理，我們上年度的淨利結算結果為 %d 元，如果您上班時間能和您待在酒店一樣長，說不定就能轉虧為贏了！	中文	big5	1	data/Talk.csv@L124
經理，我們上年度的淨利結算結果為 %d 元，您再不想想辦法，我…可能就得開始找其他工作了！	中文	big5	1	data/Talk.csv@L117
經理，我們上年度的淨利結算結果為 %d 元，我會不會被列在第一波資遣名單中啊？	中文	big5	1	data/Talk.csv@L120
經理，我們上年度的淨利結算結果為 %d 元，沒想到公司的財務狀況會變成現在這樣！	中文	big5	1	data/Talk.csv@L122
經理，我們上年度的淨利結算結果為 %d 元，聽說董事會已經開始派人調查您特支費的使用狀況了！	中文	big5	1	data/Talk.csv@L121
經理，我們上年度的淨利結算結果為 %d 元，聽說董事會正試圖從其他企業挖角過來取代您的位置！	中文	big5	1	data/Talk.csv@L126
經理，我們上年度的淨利結算結果為 %d 元，董事會要求您今天下午五點以前對財務報告提出說明！	中文	big5	1	data/Talk.csv@L119
經理，我們上年度的淨利結算結果為 %d 元，這只是小小挫折，我相信您一定有辦法解決的！	中文	big5	1	data/Talk.csv@L123
經理，我們上年度的淨利結算結果為 %d 元，雖然可以暫時對外宣稱是因為國際景氣不佳造成的，不過一直找藉口總不是辦法啊！	中文	big5	1	data/Talk.csv@L125
經理，我們上年度的淨利總計盈餘 %d 元，今年年終看來不會少於六個月喔！	中文	big5	1	data/Talk.csv@L110
經理，我們上年度的淨利總計盈餘 %d 元，您到酒店的特支費或許可以輕易核消囉！	中文	big5	1	data/Talk.csv@L111
經理，我們上年度的淨利總計盈餘 %d 元，您可以安心向董事會提交財務報告了！	中文	big5	1	data/Talk.csv@L109
經理，我們上年度的淨利總計盈餘 %d 元，您是不是該買小禮物送人家了呢？	中文	big5	1	data/Talk.csv@L108
經理，我們上年度的淨利總計盈餘 %d 元，您禁慾一週的偉大犧牲總算沒白費了！	中文	big5	1	data/Talk.csv@L114
經理，我們上年度的淨利總計盈餘 %d 元，看您這陣子工作這麼辛苦，我陪您一起出國度個假吧？	中文	big5	1	data/Talk.csv@L113
經理，我們上年度的淨利總計盈餘 %d 元，董事會想撤換您的念頭看來只能打消囉！	中文	big5	1	data/Talk.csv@L116
經理，我們上年度的淨利總計盈餘 %d 元，距離勝利目標越來越接近了！	中文	big5	1	data/Talk.csv@L107
經理，我們上年度的淨利總計盈餘 %d 元，這樣亮麗的表現，真是不可思議啊！	中文	big5	1	data/Talk.csv@L112
經理，我們上年度的淨利總計盈餘 %d 元，雖然國內景氣亮起藍燈，卻絲毫沒有影響我們的業績！	中文	big5	1	data/Talk.csv@L115
經理，我們可用資金不足 100萬元，您得確實壓抑各種花錢的慾望了！	中文	big5	1	data/Talk.csv@L130
經理，我們可用資金不足 100萬元，是該考慮向銀行貸款的時機了！	中文	big5	1	data/Talk.csv@L129
經理，我們可用資金不足1000萬元，您似乎該盡量避免不必要的開銷！	中文	big5	1	data/Talk.csv@L128
經理，我們可用資金不足1000萬元，是不是該減緩各種投資的策略了？	中文	big5	1	data/Talk.csv@L127
經理，我們工廠已成功開發出了 %s 這項新產品，這項傲人的成就，將打響本公司在業界的名聲！	中文	big5	1	data/Talk.csv@L9
經理，我們的資金已經用盡，必須立刻向銀行貸款或者變賣廠房設備，否則三個月後就會倒閉！	中文	big5	1	data/Talk.csv@L131
經理，我們的資金已經用盡，究竟要向銀行貸款還是變賣廠房設備，您得盡快做出決定了！	中文	big5	1	data/Talk.csv@L132
經理，新產品 %s ，在您的領導及所有員工的努力下已正式問世，這真是一件值得慶祝的事！	中文	big5	1	data/Talk.csv@L10
經理，本月份的機器維修費共支付 %d 元！	中文	big5	1	data/Talk.csv@L157
經理，本月份繳付銀行貸款利息共 %d 元！	中文	big5	1	data/Talk.csv@L156
維也納	中文	big5	1	data/Citys.csv@L20
維修費:  損耗值達 100000 時需維修一次, 維修費用為表定	中文	big5	1	data/formula.csv@L112
維修費用低廉	中文	big5	1	data/AIInfo.csv@L3
總批售利潤	中文	big5	1	CEO.exe@RVA A2E10
總資產到達 %s	中文	big5	1	data/txts.csv@L14
總零售利潤	中文	big5	1	CEO.exe@RVA A2DF8
繳納稅金閒置礦地數量*10000	中文	big5	1	data/formula.csv@L154
繳納稅金閒置空地數量*10000	中文	big5	1	data/formula.csv@L153
聖保羅	中文	big5	1	data/Citys.csv@L9
聖地牙哥	中文	big5	1	data/Citys.csv@L21
肉品(優質)	中文	big5	1	data/product2.csv@L117
能想到賣 %s 賺錢，你果然不是凡人，不過身為身為萊因騎士的我，一定會將你打敗的！	中文	big5	1	data/Talk.csv@L70
自動加工機	中文	big5	1	data/Machine_type.csv@L331
自動化工機	中文	big5	1	data/Machine_type.csv@L211
自動印刷機	中文	big5	1	data/Machine_type.csv@L285
自動塑化機	中文	big5	1	data/Machine_type.csv@L106
自動採礦機	中文	big5	1	data/Machine_type.csv@L35
自動晶圓機	中文	big5	1	data/Machine_type.csv@L196
自動木工機	中文	big5	1	data/Machine_type.csv@L81
自動燒窯機	中文	big5	1	data/Machine_type.csv@L236
自動紡織機	中文	big5	1	data/Machine_type.csv@L56
自動輪車機	中文	big5	1	data/Machine_type.csv@L261
自動重電機	中文	big5	1	data/Machine_type.csv@L156
自動電子機	中文	big5	1	data/Machine_type.csv@L131
自動電腦機	中文	big5	1	data/Machine_type.csv@L181
自動食品機	中文	big5	1	data/Machine_type.csv@L306
自己單打獨鬥實在太辛苦了，讓七十一陪你一起來零售 %s 吧！我知道你想說什麼，「有七十一真好」對吧？	中文	big5	1	data/Talk.csv@L80
興建商場, 零售年營收達 300 萬	中文	big5	1	data/txts.csv@L29
興建廠房竣工	中文	big5	1	data/Talk_idx.csv@L21
舊工廠 2x2	中文	big5	1	data/build_relation.csv@L25
舊工廠 3x3	中文	big5	1	data/build_relation.csv@L26
舊工廠 4x4	中文	big5	1	data/build_relation.csv@L27
舊金山	中文	big5	1	data/Citys.csv@L14
草地	中文	big5	1	data/smapclr.csv@L20
莫札特音樂及電動按摩器等貼心服務，提供牲畜生長的絕佳環境，多花點時間，讓品質大大提升。	中文	big5	1	data/Machine_type.csv@L4
菸草(有機)	中文	big5	1	data/product2.csv@L110
蓋好一座木材礦場	中文	big5	1	data/txts.csv@L24
蓋廠房需要等建材送到。	中文	big5	1	CEO.exe@RVA A47E0
蔬果(有機)	中文	big5	1	data/product2.csv@L111
蘇黎世	中文	big5	1	data/Citys.csv@L16
號把遊戲速度加到最快，稍等一下就過關囉！	中文	big5	1	CEO.exe@RVA A4808
號３次把預計要僱用的工人數提昇到３。	中文	big5	1	CEO.exe@RVA A3EF3
製造	中文	big5	1	data/txts.csv@L6
製造出品質90以上的%s	中文	big5	1	data/txts.csv@L19
製造晶圓的實用型機種，能在各種環境中維持基本獲利空間，如果您沒有特殊偏好，重型就是最佳選擇了。	中文	big5	1	data/Machine_type.csv@L192
製造業、零售業	中文	big5	1	data/AIInfo.csv@L3
要不要預蓋民房	中文	big5	1	CEO.exe@RVA A2858
要向其他企業採購鋁，需要先在工廠選單（就是右邊那張）中增加「鋁」為採購項目。	中文	big5	1	CEO.exe@RVA A3B98
要秀的資料1	中文	big5	1	data/Talk_idx.csv@L1
要秀的資料2	中文	big5	1	data/Talk_idx.csv@L1
計算標準價時的人力成本:	中文	big5	1	data/formula.csv@L71
訊息	中文	big5	1	data/news.csv@L1
記得把新到的工人或管理者抓到機器上。	中文	big5	1	CEO.exe@RVA A3C84
設好預算要稍等一下，工人來報到時，人員表單中的工人按鈕會閃爍，按下工人按鈕把工人抓到「採礦機」上就完成了工人指派。	中文	big5	1	CEO.exe@RVA A3E48
語法錯誤	中文	big5	1	CEO.exe@RVA A36CC
說明	中文	big5	1	data/Machine_type.csv@L1
誰說微硬的經營策略有BUG，負債增加有可能只是一種錯覺！	中文	big5	1	data/Talk.csv@L91
調整「鋁」的採購策略為「正常採購」。	中文	big5	1	CEO.exe@RVA A3BE7
謹慎發展	中文	big5	1	data/AIInfo.csv@L4
負責人	中文	big5	1	data/AIInfo.csv@L1
貨源選擇:	中文	big5	1	data/formula.csv@L75
貨物	中文	big5	1	data/smapclr.csv@L6
貨車	中文	big5	1	data/smapclr.csv@L23
貨車因無法停靠而拋棄貨物	中文	big5	1	data/Talk_idx.csv@L19
貨車廠內投影	中文	big5	1	data/smapclr.csv@L10
販售地	中文	big5	1	data/smapclr.csv@L55
買廠房對話:	中文	big5	1	data/txts.csv@L28
貸款功能	中文	big5	1	data/Stages.csv@L1
貸款額度 = 企業淨值 * C1/100	中文	big5	1	data/formula.csv@L117
資源分布	中文	big5	1	data/smapmenu.csv@L1
資產目標	中文	big5	1	data/Stages.csv@L1
賈美女	中文	big5	1	data/AIInfo.csv@L4
購買分類編號	中文	big5	1	data/Machine_group.csv@L1
贊濟摛	中文	big5	1	CEO.exe@RVA 8F5FD
走路成本 r=max(0,距離-50)*收入/10000*C7	中文	big5	1	data/formula.csv@L18
起始年代	中文	big5	1	data/Machine_type.csv@L1
起始資金	中文	big5	1	data/AI_style.csv@L1
身無分文的您莫名其妙從遠房親戚那兒繼承了兩間廠房，在手邊沒有任何資金的情況下，您能否讓廠房開始運作，為自己的人生開創美好前程呢？	中文	big5	1	data/Stages.csv@L9
輪車機的實用型機種，造車工業的最佳良伴，如果您對產品沒什麼特別要求，重型就是最佳選擇了。	中文	big5	1	data/Machine_type.csv@L257
輪車產品零售機	中文	big5	1	data/product1.csv@L1
輪車類	中文	big5	1	data/AIInfo.csv@L2
輸出品ID	中文	big5	1	data/product1.csv@L1
轉售價 = 機器定價 * (C1-B) / 100	中文	big5	1	data/formula.csv@L111
辦公大樓(5層)	中文	big5	1	data/smapclr.csv@L53
農場 2x2	中文	big5	1	data/build_relation.csv@L36
農場 3x3	中文	big5	1	data/build_relation.csv@L37
農場 4x4	中文	big5	1	data/build_relation.csv@L38
農場名	中文	big5	1	data/txts.csv@L35
農場地板	中文	big5	1	data/smapclr.csv@L16
農廠	中文	big5	1	data/smapmenu.csv@L5
農業技術頂尖	中文	big5	1	data/AIInfo.csv@L4
農牧業、製造業	中文	big5	1	data/AIInfo.csv@L4
農產品真實操作時間 = 操作時間 * 加工難度 /8 *S1/128	中文	big5	1	data/formula.csv@L52
追求技術	中文	big5	1	data/AIInfo.csv@L6
這是一個充滿希望、迅速發展中的都市，雖然居民的消費力有限，但未來的前景是相當被看好的，想在此處獲利得有精準的投資策略！	中文	big5	1	data/Stages.csv@L11
這是一個對產品品質要求極高的國家，劣質品休想在此獲利，您的企業能否生產出滿足當地居民需求的產品，創造驚人的利潤呢？	中文	big5	1	data/Stages.csv@L17
這次能夠轉虧為盈全靠各位同行幫忙，不過賺的非常有限，國稅局沒事別來查我啊？	中文	big5	1	data/Talk.csv@L97
速度優先:	中文	big5	1	data/formula.csv@L86
速度適合土壤	中文	big5	1	data/product1.csv@L1
速度適合水質	中文	big5	1	data/product1.csv@L1
造價	中文	big5	1	data/building.csv@L93
造型輕巧的加工機，不僅能節省您寶貴的空間，售價及維修費用低廉更是它迷人之處，不過效能方面就差強人意了。	中文	big5	1	data/Machine_type.csv@L328
造型輕巧的化工機，不僅能節省您寶貴的空間，售價及維修費用低廉更是它迷人之處，不過效能方面就差強人意了。	中文	big5	1	data/Machine_type.csv@L208
造型輕巧的印刷機，不僅能節省您寶貴的空間，售價及維修費用低廉更是它迷人之處，不過效能方面就差強人意了。	中文	big5	1	data/Machine_type.csv@L283
造型輕巧的塑化機，不僅能節省您寶貴的空間，售價及維修費用低廉更是它迷人之處，不過效能方面就差強人意了。	中文	big5	1	data/Machine_type.csv@L103
造型輕巧的採礦機，不僅能節省您寶貴的空間，售價及維修費用低廉更是它迷人之處，不過效能方面就差強人意了。	中文	big5	1	data/Machine_type.csv@L33
造型輕巧的晶圓製造機，不僅能節省您寶貴的空間，售價及維修費用低廉更是它迷人之處，不過效能方面就差強人意了。	中文	big5	1	data/Machine_type.csv@L193
造型輕巧的木工機，不僅能節省您寶貴的空間，售價及維修費用低廉更是它迷人之處，不過效能方面就差強人意了。	中文	big5	1	data/Machine_type.csv@L78
造型輕巧的燒窯機，不僅能節省您寶貴的空間，售價及維修費用低廉更是它迷人之處，不過效能方面就差強人意了。	中文	big5	1	data/Machine_type.csv@L233
造型輕巧的紡織機，不僅能節省您寶貴的空間，售價及維修費用低廉更是它迷人之處，不過效能方面就差強人意了。	中文	big5	1	data/Machine_type.csv@L53
造型輕巧的輪車機，不僅能節省您寶貴的空間，售價及維修費用低廉更是它迷人之處，不過效能方面就差強人意了。	中文	big5	1	data/Machine_type.csv@L258
造型輕巧的重電機，不僅能節省您寶貴的空間，售價及維修費用低廉更是它迷人之處，不過效能方面就差強人意了。	中文	big5	1	data/Machine_type.csv@L153
造型輕巧的電子機，不僅能節省您寶貴的空間，售價及維修費用低廉更是它迷人之處，不過效能方面就差強人意了。	中文	big5	1	data/Machine_type.csv@L128
造型輕巧的電腦製造機，不僅能節省您寶貴的空間，售價及維修費用低廉更是它迷人之處，不過效能方面就差強人意了。	中文	big5	1	data/Machine_type.csv@L178
造型輕巧的食品機，不僅能節省您寶貴的空間，售價及維修費用低廉更是它迷人之處，不過效能方面就差強人意了。	中文	big5	1	data/Machine_type.csv@L303
週邊道路	中文	big5	1	data/smapclr.csv@L11
運費 : sqrt(距離*C2) , 平均分配給各箱貨物	中文	big5	1	data/formula.csv@L66
運轉圖	中文	big5	1	data/Machine_type.csv@L1
道路	中文	big5	1	data/smapclr.csv@L22
選擇「礦料」分頁，買一台「小型採礦機」，緊鄰木材礦擺放。	中文	big5	1	CEO.exe@RVA A3F18
邁阿密	中文	big5	1	data/Citys.csv@L18
那麼多賺錢的商品，何必非要做 %s 呢？說實話，七十一已經賠了很多錢在這項產品上了，勸你別重蹈覆轍！	中文	big5	1	data/Talk.csv@L38
郝贏先	中文	big5	1	data/AIInfo.csv@L5
重型加工機	中文	big5	1	data/Machine_type.csv@L327
重型化工機	中文	big5	1	data/Machine_type.csv@L207
重型印刷機	中文	big5	1	data/Machine_type.csv@L282
重型塑化機	中文	big5	1	data/Machine_type.csv@L102
重型採礦機	中文	big5	1	data/Machine_type.csv@L32
重型晶圓機	中文	big5	1	data/Machine_type.csv@L192
重型木工機	中文	big5	1	data/Machine_type.csv@L77
重型燒窯機	中文	big5	1	data/Machine_type.csv@L232
重型紡織機	中文	big5	1	data/Machine_type.csv@L52
重型輪車機	中文	big5	1	data/Machine_type.csv@L257
重型重電機	中文	big5	1	data/Machine_type.csv@L152
重型電子機	中文	big5	1	data/Machine_type.csv@L127
重型電腦機	中文	big5	1	data/Machine_type.csv@L177
重型食品機	中文	big5	1	data/Machine_type.csv@L302
重電機的實用型機種，如果您對產品沒什麼特別要求，重型就是最佳選擇了。	中文	big5	1	data/Machine_type.csv@L152
金價	中文	big5	1	data/maps.csv@L1
金指	中文	big5	1	data/maps.csv@L1
銀價	中文	big5	1	data/maps.csv@L1
銀指	中文	big5	1	data/maps.csv@L1
銀行貸款	中文	big5	1	data/Stages.csv@L1
鋁價	中文	big5	1	data/maps.csv@L1
鋁指	中文	big5	1	data/maps.csv@L1
錢算什麼？只要我武田光想要，要賺多少都不是問題，哈哈哈！	中文	big5	1	data/Talk.csv@L94
鐵價	中文	big5	1	data/maps.csv@L1
鐵指	中文	big5	1	data/maps.csv@L1
長房長地功能	中文	big5	1	data/Stages.csv@L1
長民房參數	中文	big5	1	data/formula.csv@L133
長礦功能	中文	big5	1	data/Stages.csv@L1
開始	中文	big5	1	data/Stages.csv@L1
開始編號	中文	big5	1	data/Talk_idx.csv@L1
開發出新產品時	中文	big5	1	data/Talk_idx.csv@L3
關卡名稱	中文	big5	1	data/Stages.csv@L1
關卡存檔	中文	big5	1	data/Stages.csv@L1
附加說明	中文	big5	1	data/product2.csv@L1
除了微硬，你說還有誰能夠把 %s 做得這麼完美，當然有競爭才有進步，我原則上歡迎你暫時加入生產行列。	中文	big5	1	data/Talk.csv@L40
隨時注意棧板是否足夠，不要讓生產線因為無棧板可堆放而停住。	中文	big5	1	CEO.exe@RVA A3C48
雅典	中文	big5	1	data/Citys.csv@L13
雖然你的 %s 市場評價還不錯，不過身為真正的騎士，我必定能夠取而代之！	中文	big5	1	data/Talk.csv@L57
雖然當地擁有豐沛的廉價勞力，但是前任廠長的配置不當已造成企業的虧損，身為新任廠長的您要如何改善此一現象呢？	中文	big5	1	data/Stages.csv@L8
雖然貴公司開始跨足這個領域，但耐急可是領導品牌， %s 這項產品只有本小姐說了算！	中文	big5	1	data/Talk.csv@L35
雞蛋(優質)	中文	big5	1	data/product2.csv@L118
難度	中文	big5	1	data/Stages.csv@L1
雪梨	中文	big5	1	data/Citys.csv@L11
零 售	中文	big5	1	data/txts.csv@L2
零售	中文	big5	1	data/txts.csv@L1
零售倍數限制	中文	big5	1	data/Stages.csv@L1
零售公式:	中文	big5	1	data/formula.csv@L8
零售機	中文	big5	1	data/smapclr.csv@L8
零售機售價	中文	big5	1	data/formula.csv@L159
零售機的世界座標計算錯誤	中文	big5	1	CEO.exe@RVA A3564
電子機的實用型機種，如果您對產品沒什麼特別要求，重型就是最佳選擇了。	中文	big5	1	data/Machine_type.csv@L127
電子玩具	中文	big5	1	data/product2.csv@L98
電腦產業的實用型機種，能在各種環境中維持基本獲利空間，如果您沒有特殊偏好，重型就是最佳選擇了。	中文	big5	1	data/Machine_type.csv@L177
需求分類	中文	big5	1	data/product1.csv@L1
需求指數	中文	big5	1	data/product1.csv@L1
需調整需求指數	中文	big5	1	CEO.exe@RVA A2D70
靈活運用策略創造企業財富，確實令人欽佩不已，但身為真正的騎士，我有信心在 %s 產品上將你徹底擊倒！	中文	big5	1	data/Talk.csv@L71
音效編號	中文	big5	1	data/news.csv@L1
預定地	中文	big5	1	data/txts.csv@L2
頻率	中文	big5	1	data/Talk_idx.csv@L1
風力富能夠開始賺錢，靠的就是我賈美女的靈活手腕，和你們這些骯髒油膩臭男人慣用的卑鄙手段完全不同！	中文	big5	1	data/Talk.csv@L96
風力富開始生產 %s ，這只是我祈求世界和平的第一步，未來還有很長的路要走！	中文	big5	1	data/Talk.csv@L51
食品機的實用型機種，食品業不可或缺的生財工具，如果您對產品沒什麼特別要求，重型就是最佳選擇了。	中文	big5	1	data/Machine_type.csv@L302
食品零售機	中文	big5	1	data/product1.csv@L1
食物及各種物資的匱乏，使得已進入二十一世紀的非洲居民們，仍如同身在黑暗大陸一般，在消費能力不足的情況下，您必須設法提供各種物美價廉的食品，解決當地嚴重的飢荒問題，只要讓食品產業﹙由食品機所生產出來的產品﹚年營收到達2億元就能過關。	中文	big5	1	data/Stages.csv@L20
飾品(優質)	中文	big5	1	data/product2.csv@L119
高科技產品，新式品控精工機的次世代機種，它所提供的優質生產程序，絕對是您夢寐以求的功能，當然，這得多花您一些生產時間。	中文	big5	1	data/Machine_type.csv@L363
高科技產品，新式小型加工機的次世代機種，不僅能節省您寶貴的空間，售價及維修費用低廉更是它迷人之處，不過效能方面就差強人意了。	中文	big5	1	data/Machine_type.csv@L343
高科技產品，新式小型化工機的次世代機種，不僅能節省您寶貴的空間，售價及維修費用低廉更是它迷人之處，不過效能方面就差強人意了。	中文	big5	1	data/Machine_type.csv@L223
高科技產品，新式小型印刷機的次世代機種，不僅能節省您寶貴的空間，售價及維修費用低廉更是它迷人之處，不過效能方面就差強人意了。	中文	big5	1	data/Machine_type.csv@L295
高科技產品，新式小型塑化機的次世代機種，不僅能節省您寶貴的空間，售價及維修費用低廉更是它迷人之處，不過效能方面就差強人意了。	中文	big5	1	data/Machine_type.csv@L118
高科技產品，新式小型採礦機的次世代機種，不僅能節省您寶貴的空間，售價及維修費用低廉更是它迷人之處，不過效能方面就差強人意了。	中文	big5	1	data/Machine_type.csv@L45
高科技產品，新式小型木工機的次世代機種，不僅能節省您寶貴的空間，售價及維修費用低廉更是它迷人之處，不過效能方面就差強人意了。	中文	big5	1	data/Machine_type.csv@L93
高科技產品，新式小型燒窯機的次世代機種，不僅能節省您寶貴的空間，售價及維修費用低廉更是它迷人之處，不過效能方面就差強人意了。	中文	big5	1	data/Machine_type.csv@L248
高科技產品，新式小型紡織機的次世代機種，不僅能節省您寶貴的空間，售價及維修費用低廉更是它迷人之處，不過效能方面就差強人意了。	中文	big5	1	data/Machine_type.csv@L68
高科技產品，新式小型輪車機的次世代機種，不僅能節省您寶貴的空間，售價及維修費用低廉更是它迷人之處，不過效能方面就差強人意了。	中文	big5	1	data/Machine_type.csv@L273
高科技產品，新式小型重電機的次世代機種，不僅能節省您寶貴的空間，售價及維修費用低廉更是它迷人之處，不過效能方面就差強人意了。	中文	big5	1	data/Machine_type.csv@L168
高科技產品，新式小型電子機的次世代機種，不僅能節省您寶貴的空間，售價及維修費用低廉更是它迷人之處，不過效能方面就差強人意了。	中文	big5	1	data/Machine_type.csv@L143
高科技產品，新式小型食品機的次世代機種，不僅能節省您寶貴的空間，售價及維修費用低廉更是它迷人之處，不過效能方面就差強人意了。	中文	big5	1	data/Machine_type.csv@L318
高科技產品，新式標準精工機的次世代機種，精品製造業使用廣泛的實用型機種，如果您對產品沒什麼特別要求，標準型就是最佳選擇了。	中文	big5	1	data/Machine_type.csv@L361
高科技產品，新式省料加工機的次世代機種，體積雖然大了些，且需要四名員工才能操作，不過它能善用您的每分原料，讓缺料不再成為惡夢。	中文	big5	1	data/Machine_type.csv@L344
高科技產品，新式省料化工機的次世代機種，體積雖然大了些，且需要四名員工才能操作，不過它能善用您的每分原料，讓缺料不再成為惡夢。	中文	big5	1	data/Machine_type.csv@L224
高科技產品，新式省料印刷機的次世代機種，體積雖然大了些，且需要四名員工才能操作，不過它能善用您的每分原料，讓缺料不再成為惡夢。	中文	big5	1	data/Machine_type.csv@L296
高科技產品，新式省料塑化機的次世代機種，體積雖然大了些，且需要四名員工才能操作，不過它能善用您的每分原料，讓缺料不再成為惡夢。	中文	big5	1	data/Machine_type.csv@L119
高科技產品，新式省料木工機的次世代機種，體積雖然大了些，且需要四名員工才能操作，不過它能善用您的每分原料，讓缺料不再成為惡夢。	中文	big5	1	data/Machine_type.csv@L94
高科技產品，新式省料燒窯機的次世代機種，體積雖然大了些，且需要四名員工才能操作，不過它能善用您的每分原料，讓缺料不再成為惡夢。	中文	big5	1	data/Machine_type.csv@L249
高科技產品，新式省料紡織機的次世代機種，體積雖然大了些，且需要四名員工才能操作，不過它能善用您的每分原料，讓缺料不再成為惡夢。	中文	big5	1	data/Machine_type.csv@L69
高科技產品，新式省料輪車機的次世代機種，體積雖然大，且需要六名員工才能操作，不過它能善用您的每分原料，讓缺料不再成為惡夢。	中文	big5	1	data/Machine_type.csv@L274
高科技產品，新式省料重電機的次世代機種，體積雖然大了些，且需要四名員工才能操作，不過它能善用您的每分原料，讓缺料不再成為惡夢。	中文	big5	1	data/Machine_type.csv@L169
高科技產品，新式省料電子機的次世代機種，體積雖然大了些，且需要四名員工才能操作，不過它能善用您的每分原料，讓缺料不再成為惡夢。	中文	big5	1	data/Machine_type.csv@L144
高科技產品，新式省料食品機的次世代機種，體積雖然大了些，且需要四名員工才能操作，不過它能善用您的每分原料，讓缺料不再成為惡夢。	中文	big5	1	data/Machine_type.csv@L319
高科技產品，新式自動加工機的次世代機種，只要一個管理者就能輕鬆操作，節省您的人事開銷，不過生產時間略長，售價也不便宜。	中文	big5	1	data/Machine_type.csv@L346
高科技產品，新式自動化工機的次世代機種，只要一個管理者就能輕鬆操作，節省您的人事開銷，不過生產時間略長，售價也不便宜。	中文	big5	1	data/Machine_type.csv@L226
高科技產品，新式自動印刷機的次世代機種，只要一個管理者就能輕鬆操作，節省您的人事開銷，不過生產時間略長，售價也不便宜。	中文	big5	1	data/Machine_type.csv@L297
高科技產品，新式自動塑化機的次世代機種，只要一個管理者就能輕鬆操作，節省您的人事開銷，不過生產時間略長，售價也不便宜。	中文	big5	1	data/Machine_type.csv@L121
高科技產品，新式自動採礦機的次世代機種，只要一個工人就能輕鬆操作，大幅節省您的人事開銷，不過售價可不便宜。	中文	big5	1	data/Machine_type.csv@L47
高科技產品，新式自動木工機的次世代機種，只要一個管理者就能輕鬆操作，節省您的人事開銷，不過生產時間略長，售價也不便宜。	中文	big5	1	data/Machine_type.csv@L96
高科技產品，新式自動燒窯機的次世代機種，只要一個管理者就能輕鬆操作，節省您的人事開銷，不過生產時間略長，售價也不便宜。	中文	big5	1	data/Machine_type.csv@L251
高科技產品，新式自動紡織機的次世代機種，只要一個管理者就能輕鬆操作，節省您的人事開銷，不過生產時間略長，售價也不便宜。	中文	big5	1	data/Machine_type.csv@L71
高科技產品，新式自動輪車機的次世代機種，只要一個管理者就能輕鬆操作，節省您的人事開銷，不過生產時間略長，售價也不便宜。	中文	big5	1	data/Machine_type.csv@L276
高科技產品，新式自動重電機的次世代機種，只要一個管理者就能輕鬆操作，節省您的人事開銷，不過生產時間略長，售價也不便宜。	中文	big5	1	data/Machine_type.csv@L171
高科技產品，新式自動電子機的次世代機種，只要一個管理者就能輕鬆操作，節省您的人事開銷，不過生產時間略長，售價也不便宜。	中文	big5	1	data/Machine_type.csv@L146
高科技產品，新式自動食品機的次世代機種，只要一個管理者就能輕鬆操作，節省您的人事開銷，不過生產時間略長，售價也不便宜。	中文	big5	1	data/Machine_type.csv@L321
高科技產品，新式重型加工機的次世代機種，如果您對產品沒什麼特別要求，重型就是最佳選擇了。	中文	big5	1	data/Machine_type.csv@L342
高科技產品，新式重型化工機的次世代機種，如果您對產品沒什麼特別要求，重型就是最佳選擇了。	中文	big5	1	data/Machine_type.csv@L222
高科技產品，新式重型印刷機的次世代機種，出版業不可或缺的生財工具，如果您對產品沒什麼特別要求，重型就是最佳選擇了。	中文	big5	1	data/Machine_type.csv@L294
高科技產品，新式重型塑化機的次世代機種，如果您對產品沒什麼特別要求，重型就是最佳選擇了。	中文	big5	1	data/Machine_type.csv@L117
高科技產品，新式重型採礦機的次世代機種，如果您對採礦沒什麼特別要求，重型就是最佳選擇了。	中文	big5	1	data/Machine_type.csv@L44
高科技產品，新式重型木工機的次世代機種，製作傢俱的好幫手，如果您對產品沒什麼特別要求，重型就是最佳選擇了。	中文	big5	1	data/Machine_type.csv@L92
高科技產品，新式重型燒窯機的次世代機種，如果您對產品沒什麼特別要求，重型就是最佳選擇了。	中文	big5	1	data/Machine_type.csv@L247
高科技產品，新式重型紡織機的次世代機種，如果您對產品沒什麼特別要求，重型就是最佳選擇了。	中文	big5	1	data/Machine_type.csv@L67
高科技產品，新式重型輪車機的次世代機種，造車工業的最佳良伴，如果您對產品沒什麼特別要求，重型就是最佳選擇了。	中文	big5	1	data/Machine_type.csv@L272
高科技產品，新式重型重電機的次世代機種，如果您對產品沒什麼特別要求，重型就是最佳選擇了。	中文	big5	1	data/Machine_type.csv@L167
高科技產品，新式重型電子機的次世代機種，如果您對產品沒什麼特別要求，重型就是最佳選擇了。	中文	big5	1	data/Machine_type.csv@L142
高科技產品，新式重型食品機的次世代機種，食品業不可或缺的生財工具，如果您對產品沒什麼特別要求，重型就是最佳選擇了。	中文	big5	1	data/Machine_type.csv@L317
高科技產品，新式高速加工機的次世代機種，雖然犧牲了品質，耗材略多，但能快速將產品堆滿您的庫房。	中文	big5	1	data/Machine_type.csv@L345
高科技產品，新式高速化工機的次世代機種，雖然犧牲了品質，耗材略多，但能快速將產品堆滿您的庫房。	中文	big5	1	data/Machine_type.csv@L225
高科技產品，新式高速塑化機的次世代機種，雖然犧牲了品質，耗材略多，但能快速將產品堆滿您的庫房。	中文	big5	1	data/Machine_type.csv@L120
高科技產品，新式高速採礦機的次世代機種，雖然犧牲了品質，但能快速將礦產堆滿您的庫房。	中文	big5	1	data/Machine_type.csv@L46
高科技產品，新式高速木工機的次世代機種，雖然犧牲了品質，耗材略多，但能快速將產品堆滿您的庫房。	中文	big5	1	data/Machine_type.csv@L95
高科技產品，新式高速燒窯機的次世代機種，雖然犧牲了品質，耗材略多，但能快速將產品堆滿您的庫房。	中文	big5	1	data/Machine_type.csv@L250
高科技產品，新式高速精工機的次世代機種，雖然降低了品質，且耗材較多，但傲人的生產速度，絕對能解決您供貨不及的困擾。	中文	big5	1	data/Machine_type.csv@L362
高科技產品，新式高速紡織機的次世代機種，雖然犧牲了品質，耗材略多，但能快速將產品堆滿您的庫房。	中文	big5	1	data/Machine_type.csv@L70
高科技產品，新式高速輪車機的次世代機種，雖然犧牲了品質，耗材略多，但能快速將產品堆滿您的庫房。	中文	big5	1	data/Machine_type.csv@L275
高科技產品，新式高速重電機的次世代機種，雖然犧牲了品質，耗材略多，但能快速將產品堆滿您的庫房。	中文	big5	1	data/Machine_type.csv@L170
高科技產品，新式高速電子機的次世代機種，雖然犧牲了品質，耗材略多，但能快速將產品堆滿您的庫房。	中文	big5	1	data/Machine_type.csv@L145
高科技產品，新式高速食品機的次世代機種，雖然犧牲了品質，耗材略多，但能快速將產品堆滿您的庫房。	中文	big5	1	data/Machine_type.csv@L320
高速加工機	中文	big5	1	data/Machine_type.csv@L330
高速化工機	中文	big5	1	data/Machine_type.csv@L210
高速塑化機	中文	big5	1	data/Machine_type.csv@L105
高速採礦機	中文	big5	1	data/Machine_type.csv@L34
高速晶圓機	中文	big5	1	data/Machine_type.csv@L195
高速木工機	中文	big5	1	data/Machine_type.csv@L80
高速燒窯機	中文	big5	1	data/Machine_type.csv@L235
高速畜牧機	中文	big5	1	data/Machine_type.csv@L3
高速畜牧機的次世代機種，使用更多飼料，並注射生長激素加快牲畜的生長速度，雖然品質略受影響，但能達到量產目標。	中文	big5	1	data/Machine_type.csv@L12
高速精工機	中文	big5	1	data/Machine_type.csv@L353
高速紡織機	中文	big5	1	data/Machine_type.csv@L55
高速輪車機	中文	big5	1	data/Machine_type.csv@L260
高速農田機	中文	big5	1	data/Machine_type.csv@L18
高速重電機	中文	big5	1	data/Machine_type.csv@L155
高速電子機	中文	big5	1	data/Machine_type.csv@L130
高速電腦機	中文	big5	1	data/Machine_type.csv@L180
高速食品機	中文	big5	1	data/Machine_type.csv@L305
麥(有機)	中文	big5	1	data/product2.csv@L112
黃土	中文	big5	1	data/txts.csv@L4
黑土	中文	big5	1	data/txts.csv@L2
點選剛買下的木材礦，蓋一座「礦場」。	中文	big5	1	CEO.exe@RVA A4840
點選每台機器可以查詢這台機器的資料，特別注意「加工機」除了工人外還需要管理者（黑帽子）。	中文	big5	1	CEO.exe@RVA A3CB0
龜毛程度(獲利不夠高的事不做)	中文	big5	1	data/AI_style.csv@L1
（強調一下：「礦場」）	中文	big5	1	CEO.exe@RVA A4867
３Ｃ產品零售機	中文	big5	1	data/product1.csv@L1
